timestamp,tilt,gravity,piezo,label,state
2026-01-01 00:00:00,2.2483570765056164,0.0044427102153148405,4.940379093895065,0,NORMAL
2026-01-01 00:00:10,1.9308678494144076,0.011232523892160024,4.678205702567174,0,NORMAL
2026-01-01 00:00:20,2.3238442690503462,0.012491108742483926,8.660848689253152,0,NORMAL
2026-01-01 00:00:30,2.761514928204013,0.015700745192606332,1.769962617586959,0,NORMAL
2026-01-01 00:00:40,1.882923312638332,0.01790270343284187,2.7124422825602053,0,NORMAL
2026-01-01 00:00:50,1.8829315215254097,0.004924529040860657,8.108908676217439,0,NORMAL
2026-01-01 00:01:00,2.7896064077536957,0.005945712443948309,3.213395194448422,0,NORMAL
2026-01-01 00:01:10,2.3837173645764542,0.003712110705426919,7.701599231994775,0,NORMAL
2026-01-01 00:01:20,1.765262807032524,0.008829900704465094,10.098307949026129,0,NORMAL
2026-01-01 00:01:30,2.2712800217929825,0.01233179187223167,3.794614919175099,0,NORMAL
2026-01-01 00:01:40,1.7682911535937689,0.01493667258294551,7.0440869797259165,0,NORMAL
2026-01-01 00:01:50,1.7671351232148715,0.009620244881787386,1.5389231559804246,0,NORMAL
2026-01-01 00:02:00,2.1209811357830173,0.008400762383725781,7.264199894203427,0,NORMAL
2026-01-01 00:02:10,1.043359877671101,0.010758789961243702,5.598271957960302,0,NORMAL
2026-01-01 00:02:20,1.1375410837434836,0.005824285491849885,6.419114846480646,0,NORMAL
2026-01-01 00:02:30,1.7188562353795136,0.020447693608473868,3.063283783893815,0,NORMAL
2026-01-01 00:02:40,1.4935844398327882,0.0019616948644097065,0.016749753298482384,0,NORMAL
2026-01-01 00:02:50,2.157123666297637,0.010923702894478622,6.5097561942485145,0,NORMAL
2026-01-01 00:03:00,1.5459879622393944,0.0201180310961482,0.0,0,NORMAL
2026-01-01 00:03:10,1.2938481493323541,0.010033999222799989,4.047948523272396,0,NORMAL
2026-01-01 00:03:20,2.732824384460777,0.009049804824992527,7.8235455992599094,0,NORMAL
2026-01-01 00:03:30,1.887111849756732,0.008212772885947864,5.575693207619108,0,NORMAL
2026-01-01 00:03:40,2.033764102343962,0.00909804159118796,10.845027934369439,0,NORMAL
2026-01-01 00:03:50,1.2876259068932716,0.016864242373382653,8.07532745774532,0,NORMAL
2026-01-01 00:04:00,1.7278086377374087,0.0,3.0383048350232706,0,NORMAL
2026-01-01 00:04:10,2.055461294854933,0.017667168506481628,5.081940139554316,0,NORMAL
2026-01-01 00:04:20,1.4245032112888487,0.0028802142377492746,4.857887892366692,0,NORMAL
2026-01-01 00:04:30,2.1878490091728358,0.008666738353827926,0.25346970996161833,0,NORMAL
2026-01-01 00:04:40,1.6996806550405976,0.00785377789850669,2.1788032505469404,0,NORMAL
2026-01-01 00:04:50,1.8541531251033616,0.012942766348853598,3.3177172790604192,0,NORMAL
2026-01-01 00:05:00,1.6991466938853015,0.002009378240581262,0.0,0,NORMAL
2026-01-01 00:05:10,2.926139092254469,0.012310863330409715,5.142480404754929,0,NORMAL
2026-01-01 00:05:20,1.993251387631033,0.020121548116434265,4.252784466040878,0,NORMAL
2026-01-01 00:05:30,1.47114453552205,0.0031841299770359478,0.0,0,NORMAL
2026-01-01 00:05:40,2.4112724560515946,0.010948530838051978,6.212638595831995,0,NORMAL
2026-01-01 00:05:50,1.3895781750144889,0.006690089111016955,7.147618234072878,0,NORMAL
2026-01-01 00:06:00,2.104431797502378,0.012129436030965179,5.681103436594666,0,NORMAL
2026-01-01 00:06:10,1.020164938060112,0.010095738887078761,4.0277954743730895,0,NORMAL
2026-01-01 00:06:20,1.3359069755507846,0.006792565454778452,6.774326455255565,0,NORMAL
2026-01-01 00:06:30,2.0984306179345618,0.01243936142435537,7.040661081430073,0,NORMAL
2026-01-01 00:06:40,2.3692332899977053,0.019021740548933717,5.9222107091590654,0,NORMAL
2026-01-01 00:06:50,2.085684140594985,0.009045481041363507,2.5261632486957173,0,NORMAL
2026-01-01 00:07:00,1.9421758588058797,0.01359878971074091,5.829802296533542,0,NORMAL
2026-01-01 00:07:10,1.8494481522053556,0.0035336352106441816,8.586441952476436,0,NORMAL
2026-01-01 00:07:20,1.2607390048162863,0.005217818115909956,3.2101128241648094,0,NORMAL
2026-01-01 00:07:30,1.6400778958026456,0.012362031389401886,11.293818017397294,0,NORMAL
2026-01-01 00:07:40,1.7696806145201063,0.017420580142679824,3.423107198043847,0,NORMAL
2026-01-01 00:07:50,2.5285611131094576,0.0117780667439283,5.0972210400204085,0,NORMAL
2026-01-01 00:08:00,2.1718091447842305,0.008434709847384229,2.9825432119809916,0,NORMAL
2026-01-01 00:08:10,1.118479922318633,0.009996457027116771,5.669812507760783,0,NORMAL
2026-01-01 00:08:20,2.1620419846973977,0.0037479613301514125,0.0,0,NORMAL
2026-01-01 00:08:30,1.8074588597918417,0.013022576631776833,3.361874603549836,0,NORMAL
2026-01-01 00:08:40,1.6615389998470207,0.014411665311617045,1.7236363989542984,0,NORMAL
2026-01-01 00:08:50,2.305838144420434,0.007739548335834599,5.406015043676873,0,NORMAL
2026-01-01 00:09:00,2.5154997612479755,0.0076497892612024925,7.983342126526722,0,NORMAL
2026-01-01 00:09:10,2.4656400595580994,0.011329391148260242,6.938018561343655,0,NORMAL
2026-01-01 00:09:20,1.5803912383886807,0.007816401319797023,0.0,0,NORMAL
2026-01-01 00:09:30,1.8453938120743927,0.009669336926870888,11.126208958783641,0,NORMAL
2026-01-01 00:09:40,2.165631715701782,0.020498608945832577,5.885839821862605,0,NORMAL
2026-01-01 00:09:50,2.4877725635611796,0.008764871496270017,2.670502578520999,0,NORMAL
2026-01-01 00:10:00,1.760412881077355,0.008208299239893888,5.471383756972822,0,NORMAL
2026-01-01 00:10:10,1.9071705116680915,0.006762290971824203,5.528569467508076,0,NORMAL
2026-01-01 00:10:20,1.446832512996986,0.013720959857499684,2.999453849145309,0,NORMAL
2026-01-01 00:10:30,1.4018966879596646,0.009093879133909485,5.593750002026226,0,NORMAL
2026-01-01 00:10:40,2.406262911197099,0.00675313480839287,3.177583137139078,0,NORMAL
2026-01-01 00:10:50,2.6781200142854114,0.01660652016136506,3.7869140219299315,0,NORMAL
2026-01-01 00:11:00,1.963994939209833,0.017098015022568188,2.9411625927347465,0,NORMAL
2026-01-01 00:11:10,2.501766448946012,0.006997882171306475,0.7019861307810418,0,NORMAL
2026-01-01 00:11:20,2.180818012523817,0.0006673002431969189,5.437509410646152,0,NORMAL
2026-01-01 00:11:30,1.6774401226974378,0.01503756844918461,6.755898309549014,0,NORMAL
2026-01-01 00:11:40,2.180697802754207,0.006576850871199981,6.5446507882291165,0,NORMAL
2026-01-01 00:11:50,2.7690182832329846,0.013953127995813844,7.459775757905702,0,NORMAL
2026-01-01 00:12:00,1.9820869804450243,0.00014948091144082132,5.973020630044605,0,NORMAL
2026-01-01 00:12:10,2.782321827907003,0.014462986691496546,3.4018235053492893,0,NORMAL
2026-01-01 00:12:20,0.6901274479551278,0.003944140353596094,7.518991593293566,0,NORMAL
2026-01-01 00:12:30,2.410951252187612,0.013653820595332622,0.927447380474195,0,NORMAL
2026-01-01 00:12:40,2.043523534119086,0.01007136533918217,2.29798585246256,0,NORMAL
2026-01-01 00:12:50,1.850496324767066,0.005230302903016775,2.1073997857302658,0,NORMAL
2026-01-01 00:13:00,2.045880388267751,0.007964818435366098,8.240168177417932,0,NORMAL
2026-01-01 00:13:10,1.0062155426995536,0.013431592284783505,7.828365542420227,0,NORMAL
2026-01-01 00:13:20,1.890164056081244,0.010529472265576172,6.461915711134985,0,NORMAL
2026-01-01 00:13:30,2.178556285755873,0.012922064902362421,8.215789595635393,0,NORMAL
2026-01-01 00:13:40,2.738947022370758,0.01988220292257743,2.3621516527640356,0,NORMAL
2026-01-01 00:13:50,1.7408648908631763,0.002178791941444743,6.045785359582942,0,NORMAL
2026-01-01 00:14:00,1.5957531985534061,0.01808606287484312,4.624476714850507,0,NORMAL
2026-01-01 00:14:10,1.7491214782077318,0.010521779687616065,7.540646311654742,0,NORMAL
2026-01-01 00:14:20,2.457701058851037,0.005506079758384359,4.6543273023434075,0,NORMAL
2026-01-01 00:14:30,2.1643755548298422,0.003348431871305051,3.8451713347697565,0,NORMAL
2026-01-01 00:14:40,1.7351198981164806,0.009054398046114832,6.62272555568297,0,NORMAL
2026-01-01 00:14:50,2.256633716556678,0.014608250559622296,7.628507501573699,0,NORMAL
2026-01-01 00:15:00,2.0485387746740202,0.00936225439811233,2.994964415459595,0,NORMAL
2026-01-01 00:15:10,2.4843224952664444,0.017555774651236738,4.816772985942872,0,NORMAL
2026-01-01 00:15:20,1.6489734530613238,0.0027441215497422057,1.8246780990750417,0,NORMAL
2026-01-01 00:15:30,1.8361689267011159,0.009939555260769728,0.0,0,NORMAL
2026-01-01 00:15:40,1.8039459234339212,0.003738032777934405,5.601378894241187,0,NORMAL
2026-01-01 00:15:50,1.2682425259339407,0.01181815941312484,6.826716068763896,0,NORMAL
2026-01-01 00:16:00,2.148060138532288,0.014434436950486502,5.786200427260177,0,NORMAL
2026-01-01 00:16:10,2.1305276360899446,0.007896191031594734,0.0,0,NORMAL
2026-01-01 00:16:20,2.0025567283212307,0.0,3.947451709770576,0,NORMAL
2026-01-01 00:16:30,1.8827064333124264,0.010994740733982473,0.0,0,NORMAL
2026-01-01 00:16:40,1.2923146289747929,0.012183692758667547,9.109103322962556,0,NORMAL
2026-01-01 00:16:50,1.7896773386173206,0.012021473774808488,1.7418362536457412,0,NORMAL
2026-01-01 00:17:00,1.8286427417366153,0.01617891095911077,8.76621082837969,0,NORMAL
2026-01-01 00:17:10,1.5988613653891905,0.004644731601754755,7.837608931052436,0,NORMAL
2026-01-01 00:17:20,1.9193571441669954,0.013401080527252248,2.2982289423918143,0,NORMAL
2026-01-01 00:17:30,2.202025428407269,0.015962537562389877,1.6016451461967642,0,NORMAL
2026-01-01 00:17:40,2.943092950605265,0.0011070620799674157,6.051110649159015,0,NORMAL
2026-01-01 00:17:50,2.0872889064159197,0.011598259129594887,2.4670278884507857,0,NORMAL
2026-01-01 00:18:00,2.128775195361382,0.007479100844961643,5.307453926474623,0,NORMAL
2026-01-01 00:18:10,1.9627770421169164,0.009592386634491771,3.551517227579245,0,NORMAL
2026-01-01 00:18:20,1.0406143923504794,0.011738382417691682,0.0,0,NORMAL
2026-01-01 00:18:30,1.9867430622753917,0.007563857179432238,0.0,0,NORMAL
2026-01-01 00:18:40,2.030115104970513,0.006621459604191941,5.680052745483792,0,NORMAL
2026-01-01 00:18:50,3.231621056242643,0.010170762087440123,3.315326761008124,0,NORMAL
2026-01-01 00:19:00,1.9038195176094388,0.004563770305685988,3.340730549257603,0,NORMAL
2026-01-01 00:19:10,2.150773671166806,0.004570874355574073,7.087591517281356,0,NORMAL
2026-01-01 00:19:20,1.9826441151473784,0.013396866414782518,8.520326829897334,0,NORMAL
2026-01-01 00:19:30,1.4156609811902339,0.00425602982420672,4.182365835914572,0,NORMAL
2026-01-01 00:19:40,2.5714114072575103,0.01333156250454606,3.9782038792704153,0,NORMAL
2026-01-01 00:19:50,2.375966516343387,0.012312956464269756,6.500429099341652,0,NORMAL
2026-01-01 00:20:00,2.3955159735215235,0.0013709663560470165,0.9291932909012741,0,NORMAL
2026-01-01 00:20:10,1.5453062726026305,0.006612176738321725,5.669459164243091,0,NORMAL
2026-01-01 00:20:20,2.7013971554680496,0.015970547015236862,6.655657915466462,0,NORMAL
2026-01-01 00:20:30,1.2990744686038596,0.005094172344301592,7.040690625252887,0,NORMAL
2026-01-01 00:20:40,2.293428546900135,0.007677978688453062,0.0,0,NORMAL
2026-01-01 00:20:50,3.095227812904989,0.012310304466259483,2.715934190573178,0,NORMAL
2026-01-01 00:21:00,1.5047318374346559,0.013916952546412977,2.3652102415296,0,NORMAL
2026-01-01 00:21:10,1.716851135198614,0.00874230556977752,5.299660863227639,0,NORMAL
2026-01-01 00:21:20,2.049825682543821,0.007012449026541793,6.442233739303952,0,NORMAL
2026-01-01 00:21:30,1.7482621729419003,0.01711184930849254,9.490131222337943,0,NORMAL
2026-01-01 00:21:40,1.2246682844669337,0.018694498318987895,3.51510355889578,0,NORMAL
2026-01-01 00:21:50,2.0342814874030135,0.014894290253908978,3.5072825050723577,0,NORMAL
2026-01-01 00:22:00,1.4688481431369476,0.010426590712825121,8.449016056636241,0,NORMAL
2026-01-01 00:22:10,2.236796215317591,0.005958671391795368,5.889730815590915,0,NORMAL
2026-01-01 00:22:20,1.5402878828830984,0.005847777967217174,8.802954533563922,0,NORMAL
2026-01-01 00:22:30,2.77496720250877,0.012612570526328788,5.866184009029509,0,NORMAL
2026-01-01 00:22:40,1.6083733538318814,0.012091991104443419,1.5286501438601874,0,NORMAL
2026-01-01 00:22:50,1.8389692418971622,0.017007992964732148,1.0006149356665803,0,NORMAL
2026-01-01 00:23:00,2.406758608684835,0.013252250462680696,0.3454632528232122,0,NORMAL
2026-01-01 00:23:10,1.3845678417830225,0.002484598491200909,6.98615550427542,0,NORMAL
2026-01-01 00:23:20,2.113729967302065,0.015259738088614593,8.565790469261024,0,NORMAL
2026-01-01 00:23:30,2.653571377141214,0.005009696863427935,10.548086424159143,0,NORMAL
2026-01-01 00:23:40,1.1962583827193862,0.008080143640238242,7.5293159969697205,0,NORMAL
2026-01-01 00:23:50,2.0923169292661523,0.011251001031258473,8.488515732604958,0,NORMAL
2026-01-01 00:24:00,2.129941397124212,0.019978337448919824,3.259951002038946,0,NORMAL
2026-01-01 00:24:10,2.390911435888655,0.025549592780026803,1.5307525497684298,0,NORMAL
2026-01-01 00:24:20,1.381524644560959,0.013033615295680914,7.55023799725266,0,NORMAL
2026-01-01 00:24:30,1.3397716934578618,0.009084016906398061,6.253042256718202,0,NORMAL
2026-01-01 00:24:40,2.2609707828084487,0.012672528242402751,5.322333123022678,0,NORMAL
2026-01-01 00:24:50,2.148492336616593,0.014438277129369181,6.16211444189897,0,NORMAL
2026-01-01 00:25:00,2.1252464251729384,0.008396661872214042,5.969556447374618,0,NORMAL
2026-01-01 00:25:10,2.173224104748488,0.01897605677956161,8.851450579560684,0,NORMAL
2026-01-01 00:25:20,1.6599876392107547,0.01115035379595701,8.884956754450867,0,NORMAL
2026-01-01 00:25:30,2.116126848580502,0.01248871544545697,6.632661057021041,0,NORMAL
2026-01-01 00:25:40,2.146536236649341,0.013329621260272307,7.537408617688785,0,NORMAL
2026-01-01 00:25:50,1.642824290986816,0.012107933053072279,6.542187657274328,0,NORMAL
2026-01-01 00:26:00,2.9328872555723784,0.014194702502348062,3.616490803896143,0,NORMAL
2026-01-01 00:26:10,2.2369164604558938,0.006913734067265383,7.269694024739421,0,NORMAL
2026-01-01 00:26:20,1.4043482513986758,0.0072084912302698475,0.816514793422215,0,NORMAL
2026-01-01 00:26:30,2.328276804316915,0.0044992288351415255,8.16167465688765,0,NORMAL
2026-01-01 00:26:40,1.5126591648863392,0.012197506153101133,1.4164311807018948,0,NORMAL
2026-01-01 00:26:50,2.393542301871226,0.013894682517560571,5.857409860384199,0,NORMAL
2026-01-01 00:27:00,2.579297789503702,0.012288864330759429,2.464538124721523,0,NORMAL
2026-01-01 00:27:10,1.5896588408241448,0.018372462166737685,6.66016694922328,0,NORMAL
2026-01-01 00:27:20,2.481688064622161,0.009972019905854767,4.898224322216273,0,NORMAL
2026-01-01 00:27:30,2.206390463468249,0.013343708277962564,0.21573212551000154,0,NORMAL
2026-01-01 00:27:40,2.411030079997245,0.004541495619303428,6.262098893055437,0,NORMAL
2026-01-01 00:27:50,2.9483964913269736,0.008064501487627995,3.2662376695018684,0,NORMAL
2026-01-01 00:28:00,1.8773059419985647,0.013477688787828887,7.643440162440108,0,NORMAL
2026-01-01 00:28:10,1.6231319178212553,0.01424551055371572,5.0039770662032215,0,NORMAL
2026-01-01 00:28:20,1.5552427851872384,0.008530165261679089,6.186262956164115,0,NORMAL
2026-01-01 00:28:30,1.5920948575172809,0.009642003740709667,2.127293134954363,0,NORMAL
2026-01-01 00:28:40,1.961449145292948,0.002410631266595953,3.2320033057179143,0,NORMAL
2026-01-01 00:28:50,2.1705759874083217,0.008214853995966952,3.6240840916967465,0,NORMAL
2026-01-01 00:29:00,2.1383453996650097,0.01445191581759893,7.570107440727667,0,NORMAL
2026-01-01 00:29:10,2.413591624518012,0.012876025080532831,10.032131263416467,0,NORMAL
2026-01-01 00:29:20,2.0065009459389533,0.012503328606906049,2.5844847447713715,0,NORMAL
2026-01-01 00:29:30,2.726767038578658,0.010248868435904801,8.23054443397304,0,NORMAL
2026-01-01 00:29:40,1.867671583381022,0.010035315793140882,0.0,0,NORMAL
2026-01-01 00:29:50,3.3600845832948094,0.006698394302632765,1.417431796723132,0,NORMAL
2026-01-01 00:30:00,2.312833673882503,0.013494142101012675,2.123664631439676,0,NORMAL
2026-01-01 00:30:10,1.5714212217918586,0.01210486472194695,0.9424739316778337,0,NORMAL
2026-01-01 00:30:20,1.464553750969444,0.012460094239963996,0.24923483063726004,0,NORMAL
2026-01-01 00:30:30,2.2412362076215926,0.007369825786662098,6.238996736413393,0,NORMAL
2026-01-01 00:30:40,1.8882686073370745,0.0,4.357796906816416,0,NORMAL
2026-01-01 00:30:50,2.357000247046046,0.015485763558768479,6.138216192815329,0,NORMAL
2026-01-01 00:31:00,2.2366188122867725,0.0076058127199579795,7.071418058364539,0,NORMAL
2026-01-01 00:31:10,1.9635855436715637,0.005686121179784397,5.7968509795176,0,NORMAL
2026-01-01 00:31:20,1.5766031409657975,0.013467394559569969,6.973289528451121,0,NORMAL
2026-01-01 00:31:30,1.2425763876570677,0.008039936800404351,4.791403141273192,0,NORMAL
2026-01-01 00:31:40,1.7767425239664894,0.01529968192023311,1.4390198350827654,0,NORMAL
2026-01-01 00:31:50,2.428199397161736,0.013085029747883488,8.17344254246239,0,NORMAL
2026-01-01 00:32:00,2.107046872065102,0.013417846616002389,3.2326636016566193,0,NORMAL
2026-01-01 00:32:10,1.377130610644006,0.003170221443997329,2.193211103712722,0,NORMAL
2026-01-01 00:32:20,2.086590462925591,0.016059719926932003,4.466246372586806,0,NORMAL
2026-01-01 00:32:30,2.1926586898644183,0.01130625265616928,2.261567242110461,0,NORMAL
2026-01-01 00:32:40,1.5580712818994336,0.008153614303768984,3.7477088540317034,0,NORMAL
2026-01-01 00:32:50,2.076862552972764,0.010716942336711256,6.032161764690399,0,NORMAL
2026-01-01 00:33:00,2.029104359223,0.0011188238355084002,6.045025217738381,0,NORMAL
2026-01-01 00:33:10,1.4285148510846883,0.012043264057403354,2.306509800723111,0,NORMAL
2026-01-01 00:33:20,2.1788936801741414,0.0048531424590896426,3.5368838811537664,0,NORMAL
2026-01-01 00:33:30,2.280392263184117,0.003236648570782328,8.222999014310732,0,NORMAL
2026-01-01 00:33:40,2.5415256215876383,0.0023882040689105445,6.489200353201824,0,NORMAL
2026-01-01 00:33:50,2.5269010260174514,0.015563441874949626,11.225195118045626,0,NORMAL
2026-01-01 00:34:00,1.3111653160214545,0.006853683031536057,8.540384521224583,0,NORMAL
2026-01-01 00:34:10,1.5310874800424386,0.017668638549582498,8.432879205679818,0,NORMAL
2026-01-01 00:34:20,2.25751763360433,0.007320992684738511,0.8363943486325942,0,NORMAL
2026-01-01 00:34:30,2.2568929754561045,0.0014632102120352665,7.291581054900268,0,NORMAL
2026-01-01 00:34:40,2.257523843153024,0.004417377800256705,4.840679594909268,0,NORMAL
2026-01-01 00:34:50,3.9263657453273604,0.016179058100034692,3.3470545893852512,0,NORMAL
2026-01-01 00:35:00,2.2854452553465836,0.009220509110316662,5.504046021597585,0,NORMAL
2026-01-01 00:35:10,2.5677828200902995,0.007258563517546996,7.83563460383445,0,NORMAL
2026-01-01 00:35:20,2.4770008817466014,0.01080009112926394,6.502494773012635,0,NORMAL
2026-01-01 00:35:30,2.325695625652899,0.012508913680837725,2.3645785959738213,0,NORMAL
2026-01-01 00:35:40,1.8423653776798272,0.015586994079512303,7.227376740777861,0,NORMAL
2026-01-01 00:35:50,2.3794846102466334,0.01724249614946463,3.0872373737721084,0,NORMAL
2026-01-01 00:36:00,1.613587392731214,0.008201156771054572,5.6500493568928585,0,NORMAL
2026-01-01 00:36:10,1.8815906966299956,0.003369761569589808,4.089949797568598,0,NORMAL
2026-01-01 00:36:20,1.7573182260854483,0.00793267419438362,4.343401244793123,0,NORMAL
2026-01-01 00:36:30,2.0409370696931615,0.011301402532914432,7.298728925121528,0,NORMAL
2026-01-01 00:36:40,3.1573292833367543,0.005181205368946945,1.8794188405523062,0,NORMAL
2026-01-01 00:36:50,1.0663674037041257,0.005214245425524786,10.8355852228308,0,NORMAL
2026-01-01 00:37:00,2.3431300951872567,0.011718939407749427,0.0,0,NORMAL
2026-01-01 00:37:10,1.1936420644051742,0.009756738242147744,3.2069969502354287,0,NORMAL
2026-01-01 00:37:20,1.7640340671052832,0.010163984977057932,6.110635669825222,0,NORMAL
2026-01-01 00:37:30,2.5444752984836834,0.006207523326499653,6.752942499305929,0,NORMAL
2026-01-01 00:37:40,2.0321400095477316,0.008847996428971163,4.698572838284882,0,NORMAL
2026-01-01 00:37:50,1.461127611035347,0.005378834278658478,4.827827890995371,0,NORMAL
2026-01-01 00:38:00,1.642348145370016,0.014450992055623934,6.231650255982849,0,NORMAL
2026-01-01 00:38:10,2.3397988744673377,0.015176246673618764,4.306791567626959,0,NORMAL
2026-01-01 00:38:20,1.6348166841414318,0.0007690606888095308,9.179543773804717,0,NORMAL
2026-01-01 00:38:30,2.1082292947909873,0.00535244569903795,7.518047342694807,0,NORMAL
2026-01-01 00:38:40,2.022785919951907,0.0025173537245496047,7.6184730530169045,0,NORMAL
2026-01-01 00:38:50,1.6741998261970916,0.006749880327965509,2.1015298298887486,0,NORMAL
2026-01-01 00:39:00,3.0719720446626626,0.009582810151048195,4.761834726782891,0,NORMAL
2026-01-01 00:39:10,2.3169595111590056,0.0027517739015073496,4.098602153837889,0,NORMAL
2026-01-01 00:39:20,0.9874287066711964,0.005390700934373435,1.9831958729316028,0,NORMAL
2026-01-01 00:39:30,2.093227157384714,0.004980213139592508,6.080492551837301,0,NORMAL
2026-01-01 00:39:40,1.669106767615806,0.01103633664699472,3.3870627266605506,0,NORMAL
2026-01-01 00:39:50,2.426216667398112,0.010346721685181252,6.9662114895507115,0,NORMAL
2026-01-01 00:40:00,1.6037396307836498,0.0063913122333137335,1.7894253113170049,0,NORMAL
2026-01-01 00:40:10,1.9426317792665504,0.01088410436069699,10.157121838525462,0,NORMAL
2026-01-01 00:40:20,2.2524936394902286,0.007266599577063673,2.3110020242238147,0,NORMAL
2026-01-01 00:40:30,2.432877597085061,0.008641724448369734,5.657907011601308,0,NORMAL
2026-01-01 00:40:40,1.3998517964721118,0.018367260451492687,7.3755779311642025,0,NORMAL
2026-01-01 00:40:50,1.8327493820795258,0.01670230525895174,3.2880787093996617,0,NORMAL
2026-01-01 00:41:00,1.762527344419522,0.003502093815362012,7.557405930298851,0,NORMAL
2026-01-01 00:41:10,1.6733353837131442,0.014148662089395872,1.3124492065987514,0,NORMAL
2026-01-01 00:41:20,2.882727120140548,0.014056982772457961,9.35635309754768,0,NORMAL
2026-01-01 00:41:30,2.2024908554804776,0.004258683556236909,5.042447794897275,0,NORMAL
2026-01-01 00:41:40,1.3695580228324773,0.014093888218774303,3.21076577609336,0,NORMAL
2026-01-01 00:41:50,2.458930973527388,0.017689659592062763,4.102454682717696,0,NORMAL
2026-01-01 00:42:00,3.0610780985063166,0.004387275968777931,7.4267578081781584,0,NORMAL
2026-01-01 00:42:10,2.5162326302755735,0.005412485894928682,3.2466341244486854,0,NORMAL
2026-01-01 00:42:20,1.2403150170229933,0.015088307334217512,2.751926931731667,0,NORMAL
2026-01-01 00:42:30,1.7578829635668742,0.01135747655412824,4.3353902072487855,0,NORMAL
2026-01-01 00:42:40,2.6334555745933113,0.012757381376197616,1.4691136616900957,0,NORMAL
2026-01-01 00:42:50,1.6461652671906095,0.011702946082002483,10.461631723825446,0,NORMAL
2026-01-01 00:43:00,2.221909714073114,0.01195347960464072,3.3008162263558303,0,NORMAL
2026-01-01 00:43:10,2.387317026714668,0.003367639358444585,7.4948503585412105,0,NORMAL
2026-01-01 00:43:20,1.5365347642109586,0.015236588533107241,5.628410250943317,0,NORMAL
2026-01-01 00:43:30,1.9702373219691,0.01584794996213887,2.0463978485540957,0,NORMAL
2026-01-01 00:43:40,0.3793663299654637,0.008853046279659861,4.982135872361812,0,NORMAL
2026-01-01 00:43:50,1.4878061793328552,0.009782615250930687,7.352008337932244,0,NORMAL
2026-01-01 00:44:00,1.8737159243034198,0.002344462487221387,4.43521599474108,0,NORMAL
2026-01-01 00:44:10,1.3761084090175753,0.012571273780089175,8.579338837553085,0,NORMAL
2026-01-01 00:44:20,2.8162056519658174,0.012860287208570721,8.06454617834559,0,NORMAL
2026-01-01 00:44:30,1.2849293110196838,0.009689044915003445,7.756744563974988,0,NORMAL
2026-01-01 00:44:40,1.779977756651508,0.015621766799352513,3.621029683181009,0,NORMAL
2026-01-01 00:44:50,2.0653702886430456,0.008329613845100298,1.760472656655539,0,NORMAL
2026-01-01 00:45:00,2.720636644533058,0.012823029629468002,3.1592371839116167,0,NORMAL
2026-01-01 00:45:10,1.2820689244102803,0.004901678306539422,5.588722822000161,0,NORMAL
2026-01-01 00:45:20,2.58158187607748,0.00988223924562881,6.637360140597067,0,NORMAL
2026-01-01 00:45:30,2.0051165305097935,0.009128228710485822,0.0,0,NORMAL
2026-01-01 00:45:40,1.5092456744760245,0.011126539610204707,4.975660395164749,0,NORMAL
2026-01-01 00:45:50,2.231051737131635,0.008152365355833208,5.474267675969553,0,NORMAL
2026-01-01 00:46:00,2.099529847786735,0.009342637021641662,4.167367231053345,0,NORMAL
2026-01-01 00:46:10,1.6998915614206027,0.014130235857207532,8.873821517047636,0,NORMAL
2026-01-01 00:46:20,2.0349010424950094,0.007816178813808913,6.265340222752613,0,NORMAL
2026-01-01 00:46:30,1.80734320156912,0.0019671144963066033,8.930575724242692,0,NORMAL
2026-01-01 00:46:40,2.056758672625624,0.018747919521027105,4.3521184389493035,0,NORMAL
2026-01-01 00:46:50,2.3310653372605232,0.016907270393452432,7.812432477520774,0,NORMAL
2026-01-01 00:47:00,2.793008408072676,0.003538686524471907,9.905199183582559,0,NORMAL
2026-01-01 00:47:10,1.3810922505865755,0.013448539026225972,8.935080347817983,0,NORMAL
2026-01-01 00:47:20,3.066516687328133,0.007485126147243284,1.7235752197138008,0,NORMAL
2026-01-01 00:47:30,1.023956100238749,0.011317436076655299,4.238971767372857,0,NORMAL
2026-01-01 00:47:40,1.9241074524822084,0.01147112064506747,3.9645058836506104,0,NORMAL
2026-01-01 00:47:50,2.294158603242288,0.00882796099841839,6.467763605228984,0,NORMAL
2026-01-01 00:48:00,2.1404959338675162,0.006081171672068017,7.059060665043599,0,NORMAL
2026-01-01 00:48:10,1.688650240089703,0.006547294738418703,2.483321977922791,0,NORMAL
2026-01-01 00:48:20,1.8959388748213624,0.005419040422593788,5.203515541750813,0,NORMAL
2026-01-01 00:48:30,1.7534995326705833,0.005840888958847776,0.0,0,NORMAL
2026-01-01 00:48:40,1.705317621527894,0.009664108549753223,9.32583501740567,0,NORMAL
2026-01-01 00:48:50,2.4248010485105125,0.006421200054446241,3.4628772779699193,0,NORMAL
2026-01-01 00:49:00,2.1785077429825237,0.0134102603285631,5.167591819533491,0,NORMAL
2026-01-01 00:49:10,1.6535452023696728,0.017436230776679638,4.071050858035817,0,NORMAL
2026-01-01 00:49:20,2.4497999377166253,0.007099733793149785,8.438082725040244,0,NORMAL
2026-01-01 00:49:30,2.1536497604383045,0.011197022502676885,0.0,0,NORMAL
2026-01-01 00:49:40,2.40643105941948,0.01249842555151467,4.950168973022273,0,NORMAL
2026-01-01 00:49:50,2.314814420961806,0.012360011354596372,4.682543727506906,0,NORMAL
2026-01-01 00:50:00,1.5855024945389637,0.010379776339580437,3.6390908372249515,0,NORMAL
2026-01-01 00:50:10,1.719909479901515,0.013713412091798612,10.178679636906898,0,NORMAL
2026-01-01 00:50:20,2.373646802561631,0.012411244763403287,2.3380116234326866,0,NORMAL
2026-01-01 00:50:30,2.3051851327167325,0.003811687888363511,7.315388531706984,0,NORMAL
2026-01-01 00:50:40,1.989549203017926,0.014345780321946366,6.068758366118251,0,NORMAL
2026-01-01 00:50:50,2.058663691654391,0.01443645418633371,8.784557757606548,0,NORMAL
2026-01-01 00:51:00,2.6388324478942122,0.006183569479107092,2.998432745667484,0,NORMAL
2026-01-01 00:51:10,1.704214305582085,0.01018968917723801,2.8010933026287232,0,NORMAL
2026-01-01 00:51:20,2.273548690585019,0.013416644964055348,8.288209722432196,0,NORMAL
2026-01-01 00:51:30,1.898903673783053,0.008953430902103193,6.275963924990331,0,NORMAL
2026-01-01 00:51:40,1.89115939838639,0.015364890238830059,0.3651879599697241,0,NORMAL
2026-01-01 00:51:50,2.549388425993595,0.021819362473096803,3.3820849566101887,0,NORMAL
2026-01-01 00:52:00,2.412708174494015,0.006070069836825088,6.159147961544183,0,NORMAL
2026-01-01 00:52:10,2.4067548180003193,0.003094776984231126,7.513292664639767,0,NORMAL
2026-01-01 00:52:20,2.6527394035771645,0.011519092978024378,2.962308040421135,0,NORMAL
2026-01-01 00:52:30,2.0105019208163797,0.013607812525630718,0.0,0,NORMAL
2026-01-01 00:52:40,2.3409764856474817,0.008845668130776155,6.5696695572111,0,NORMAL
2026-01-01 00:52:50,1.844866621703272,0.017266303316605173,1.3390379301680726,0,NORMAL
2026-01-01 00:53:00,2.162083176244221,0.003306971001383756,0.0,0,NORMAL
2026-01-01 00:53:10,1.9349284728161578,0.013464593115158055,0.0,0,NORMAL
2026-01-01 00:53:20,2.048497982496359,0.006970695896205533,7.441942580593223,0,NORMAL
2026-01-01 00:53:30,2.2975785127184567,0.018596889531036484,5.3858523512149,0,NORMAL
2026-01-01 00:53:40,1.5908896583832637,0.01996257676584059,4.3230308578632455,0,NORMAL
2026-01-01 00:53:50,3.0461936378427303,0.00616671706108326,9.167073088888285,0,NORMAL
2026-01-01 00:54:00,1.496991309250149,0.007252214320457099,6.911974049069218,0,NORMAL
2026-01-01 00:54:10,1.392905693606134,0.01429793943489901,9.848900128165749,0,NORMAL
2026-01-01 00:54:20,2.579055436750034,0.008064346751052427,0.8217935834990107,0,NORMAL
2026-01-01 00:54:30,2.395831346981468,0.009772943910338809,4.89634812813811,0,NORMAL
2026-01-01 00:54:40,2.3120599085260776,0.01012694210271205,0.14985987515595722,0,NORMAL
2026-01-01 00:54:50,2.31417275463214,0.00040163421901171837,4.3118530044335985,0,NORMAL
2026-01-01 00:55:00,1.9938766135765427,0.009930811269528814,4.254152438699968,0,NORMAL
2026-01-01 00:55:10,1.5513728142570842,0.00655136112967913,6.879840911789212,0,NORMAL
2026-01-01 00:55:20,2.0379022790968633,0.00753438588800114,5.136691643425695,0,NORMAL
2026-01-01 00:55:30,1.661419144243944,0.01721816001734407,6.8702214148397465,0,NORMAL
2026-01-01 00:55:40,2.4875598667088754,0.0037174655286037186,7.110320399416683,0,NORMAL
2026-01-01 00:55:50,1.9264713092489307,0.014066025933739887,11.464786032149426,0,NORMAL
2026-01-01 00:56:00,1.5872514016037442,0.008605185348340958,4.054110034141627,0,NORMAL
2026-01-01 00:56:10,1.8393070791735033,0.008601199157520828,2.1769318980008627,0,NORMAL
2026-01-01 00:56:20,2.2064657271378123,0.013951859480258557,5.738250845949226,0,NORMAL
2026-01-01 00:56:30,1.7181377235980126,0.011700256472844452,2.5931599185813696,0,NORMAL
2026-01-01 00:56:40,1.5888898022167843,0.012853064986097656,9.445882305309608,0,NORMAL
2026-01-01 00:56:50,2.121843605745956,0.014840923302664306,4.150345883164302,0,NORMAL
2026-01-01 00:57:00,2.1224832855543614,0.008343458084083386,3.3032708963780295,0,NORMAL
2026-01-01 00:57:10,1.7465284123144351,0.006938816327461249,3.5860528365466466,0,NORMAL
2026-01-01 00:57:20,1.7644808471908386,0.00457424736721101,7.155252270414923,0,NORMAL
2026-01-01 00:57:30,2.116024968678818,0.005872947350105224,4.526759050305544,0,NORMAL
2026-01-01 00:57:40,1.2759578292513378,0.024745472126543627,3.074999539608853,0,NORMAL
2026-01-01 00:57:50,1.2962681128117224,0.016223397903683934,9.996055752870593,0,NORMAL
2026-01-01 00:58:00,1.640777889373782,0.0032446281689598932,2.4314904780147497,0,NORMAL
2026-01-01 00:58:10,1.8932764241440765,0.0033877102162821492,5.106698222098981,0,NORMAL
2026-01-01 00:58:20,2.155453782799002,0.012409330308592457,6.956918454830691,0,NORMAL
2026-01-01 00:58:30,2.737678108474776,0.012736323986889835,0.10599466874878027,0,NORMAL
2026-01-01 00:58:40,2.42882981160101,0.012744419176586821,6.4407815042177745,0,NORMAL
2026-01-01 00:58:50,1.9200307350182864,0.008725221032231511,1.834676973558652,0,NORMAL
2026-01-01 00:59:00,1.9904918960486555,0.009372728699985499,7.468348342502008,0,NORMAL
2026-01-01 00:59:10,1.4987353176810956,0.011639397620796786,2.1120469642430706,0,NORMAL
2026-01-01 00:59:20,1.990743432003805,0.010429465031466653,7.078307095546582,0,NORMAL
2026-01-01 00:59:30,1.855670680539931,0.0,8.31749919888414,0,NORMAL
2026-01-01 00:59:40,2.161359280169045,0.008851001847124031,7.584309576898415,0,NORMAL
2026-01-01 00:59:50,1.5863845282238385,0.005742967828698432,5.753949944714307,0,NORMAL
2026-01-01 01:00:00,2.259673257120586,0.010876057094542561,4.306097171210902,0,NORMAL
2026-01-01 01:00:10,2.766369456501289,0.02492629501301705,3.270741270995468,0,NORMAL
2026-01-01 01:00:20,1.9456199257715712,0.011837408327371523,9.413104072451311,0,NORMAL
2026-01-01 01:00:30,2.2008558610494706,0.00843235156913801,2.90151433949707,0,NORMAL
2026-01-01 01:00:40,2.345071995855556,0.014609007509886262,1.8888017792900116,0,NORMAL
2026-01-01 01:00:50,1.799389764057082,0.012413439436046064,6.99610680509849,0,NORMAL
2026-01-01 01:01:00,2.1120462409052085,0.012100472452259207,2.6115895904405138,0,NORMAL
2026-01-01 01:01:10,2.0062962003908975,0.013034252966078356,2.149809507601618,0,NORMAL
2026-01-01 01:01:20,2.048838049274416,0.02028271782414771,0.6691872134907053,0,NORMAL
2026-01-01 01:01:30,1.6134951080722668,0.00434555782337042,3.551270481618447,0,NORMAL
2026-01-01 01:01:40,2.0122550871294713,0.012368160384057273,4.751854928310521,0,NORMAL
2026-01-01 01:01:50,2.248999145622725,0.005368094350092308,5.7292751829820965,0,NORMAL
2026-01-01 01:02:00,2.725571803897521,0.012777563231711241,7.8539187328984505,0,NORMAL
2026-01-01 01:02:10,2.4796354130426033,0.005406567442569528,6.580693770997381,0,NORMAL
2026-01-01 01:02:20,3.0765912287557784,0.007913165931974579,4.427383341340461,0,NORMAL
2026-01-01 01:02:30,1.6163262185559752,0.008524550428810469,4.405412970860841,0,NORMAL
2026-01-01 01:02:40,2.436160318360339,0.014879083596723545,6.530472406745551,0,NORMAL
2026-01-01 01:02:50,2.091671002869176,0.01459227221971207,8.817710488785709,0,NORMAL
2026-01-01 01:03:00,3.094901466608836,0.0037714131177680778,5.3789425984496,0,NORMAL
2026-01-01 01:03:10,1.5958508573224242,0.010274670554999244,3.5926074373687733,0,NORMAL
2026-01-01 01:03:20,1.580139078909612,0.006452100726254137,2.0214019967433634,0,NORMAL
2026-01-01 01:03:30,1.700303677277989,0.0037074754466233273,0.6643842067633234,0,NORMAL
2026-01-01 01:03:40,0.9380521378450966,0.008914914747878148,6.998809016130569,0,NORMAL
2026-01-01 01:03:50,1.7371224891596195,0.008457586057720902,6.733935570918671,0,NORMAL
2026-01-01 01:04:00,1.620433669223151,0.02213358243172761,6.732090575319985,0,NORMAL
2026-01-01 01:04:10,2.075196893238104,0.012164799126803481,4.614021660943832,0,NORMAL
2026-01-01 01:04:20,2.1708779878885798,0.0031119124962288138,9.220804237675253,0,NORMAL
2026-01-01 01:04:30,2.938085419607943,0.007176129979145289,3.5476445162455468,0,NORMAL
2026-01-01 01:04:40,2.475211919093025,0.015106916477146992,7.865807711621616,0,NORMAL
2026-01-01 01:04:50,1.7115481721687984,0.020442213864349627,4.883771315031371,0,NORMAL
2026-01-01 01:05:00,1.550792664325821,0.0020700834388102086,3.174947705961987,0,NORMAL
2026-01-01 01:05:10,2.245959585753253,0.0006003780743047748,6.777590921953284,0,NORMAL
2026-01-01 01:05:20,1.3398833964896788,0.01935482587685891,6.2289083560519805,0,NORMAL
2026-01-01 01:05:30,2.915729382927177,0.01194807088685452,6.070918277800778,0,NORMAL
2026-01-01 01:05:40,2.5897200603606434,0.005658536340618168,5.243835266168596,0,NORMAL
2026-01-01 01:05:50,1.7654121739476476,0.012673145430612176,4.886320754849508,0,NORMAL
2026-01-01 01:06:00,1.143432735454561,0.0,12.165115978611315,0,NORMAL
2026-01-01 01:06:10,2.6769361870827066,0.010016877532985805,8.552769935588518,0,NORMAL
2026-01-01 01:06:20,1.942730077373691,0.011639105864215427,7.168480684956537,0,NORMAL
2026-01-01 01:06:30,2.618908155986731,0.014621350697689148,5.335397474610165,0,NORMAL
2026-01-01 01:06:40,1.2027861706028165,0.004930520238537311,8.021471601790008,0,NORMAL
2026-01-01 01:06:50,1.7003124885231136,0.010428435807016795,6.553984329174355,0,NORMAL
2026-01-01 01:07:00,2.0026218498590915,0.005372876869702063,5.078614258322107,0,NORMAL
2026-01-01 01:07:10,2.023490296882371,0.011276918778371586,4.089307024202256,0,NORMAL
2026-01-01 01:07:20,1.7749672642603782,0.00552326838818488,4.757247987011936,0,NORMAL
2026-01-01 01:07:30,2.3114249661737496,0.007959495804198897,0.0,0,NORMAL
2026-01-01 01:07:40,1.466189785308703,0.005020923026048855,5.631802517892925,0,NORMAL
2026-01-01 01:07:50,1.9288102574893533,0.013255681209118285,3.534571759668921,0,NORMAL
2026-01-01 01:08:00,2.0601478158559496,0.014292255583283326,9.778009994848652,0,NORMAL
2026-01-01 01:08:10,2.2572194170293747,0.00882689715021293,5.058032212435263,0,NORMAL
2026-01-01 01:08:20,2.355807439044445,0.010191189974800141,1.4331097413951144,0,NORMAL
2026-01-01 01:08:30,1.4376789540810655,0.0027570429268322792,4.850359537615647,0,NORMAL
2026-01-01 01:08:40,1.2329429146321889,0.008501616759966064,1.8616367448124873,0,NORMAL
2026-01-01 01:08:50,2.6388384109492544,0.009748976914791277,6.420222247137399,0,NORMAL
2026-01-01 01:09:00,2.166157005989796,0.023103965455149877,5.872842093018456,0,NORMAL
2026-01-01 01:09:10,1.6257567317217232,0.004440164871129182,7.873518893324803,0,NORMAL
2026-01-01 01:09:20,2.7755759877612616,0.017320886193762187,2.627354624916304,0,NORMAL
2026-01-01 01:09:30,2.0578373171464293,0.01498429386732904,5.10202428868444,0,NORMAL
2026-01-01 01:09:40,2.589648592031913,0.011403182022450681,0.9049346137200942,0,NORMAL
2026-01-01 01:09:50,2.0337592407050544,0.018793102420975667,7.104484345774144,0,NORMAL
2026-01-01 01:10:00,3.0303739624409936,0.011860527363034315,6.556613541320366,0,NORMAL
2026-01-01 01:10:10,2.877670421221602,0.011945795978339644,6.487415063082713,0,NORMAL
2026-01-01 01:10:20,1.8755179257604633,0.009734396734912273,5.0048570940708235,0,NORMAL
2026-01-01 01:10:30,2.4857854754771775,0.016117844412093137,6.244318672366373,0,NORMAL
2026-01-01 01:10:40,2.322687974792574,0.015482346169054419,9.813017324925788,0,NORMAL
2026-01-01 01:10:50,2.6843157787661744,0.006871613562518938,4.144717228873958,0,NORMAL
2026-01-01 01:11:00,1.5175382697099478,0.003403764027006163,5.415935551130254,0,NORMAL
2026-01-01 01:11:10,2.3430257299992197,0.008985096813021716,1.7416211024557706,0,NORMAL
2026-01-01 01:11:20,2.529212243424794,0.005999807178011768,2.395217115205003,0,NORMAL
2026-01-01 01:11:30,1.1206302567884427,0.009682377126923224,5.293439879279922,0,NORMAL
2026-01-01 01:11:40,1.4083707436671125,0.016187190673420695,8.311800640105721,0,NORMAL
2026-01-01 01:11:50,0.9803839111199497,0.00771349172456605,4.231157527245283,0,NORMAL
2026-01-01 01:12:00,1.8652965827777213,0.009785883093442126,4.292250412063629,0,NORMAL
2026-01-01 01:12:10,2.358771127897981,0.010290113674041977,3.779344266486876,0,NORMAL
2026-01-01 01:12:20,2.751178526048014,0.014242154411026423,3.3957299874670306,0,NORMAL
2026-01-01 01:12:30,2.037047390209888,0.0,5.8849143671264645,0,NORMAL
2026-01-01 01:12:40,2.814307772785646,0.006966498526173518,0.5082270644640663,0,NORMAL
2026-01-01 01:12:50,1.3099492708925542,0.011056418461397363,8.842818730000182,0,NORMAL
2026-01-01 01:13:00,1.1483087803224228,0.016000394782134306,3.0037331056116185,0,NORMAL
2026-01-01 01:13:10,1.9722261505516907,0.0075404877624689745,7.165710456314423,0,NORMAL
2026-01-01 01:13:20,2.192032724469654,0.0006172364697906296,1.1900042078183724,0,NORMAL
2026-01-01 01:13:30,1.9836526259529534,0.01309855722983068,7.006520391638654,0,NORMAL
2026-01-01 01:13:40,0.9662789499800617,0.006823188055871853,7.015833823443493,0,NORMAL
2026-01-01 01:13:50,1.9554399802436058,0.004051666704548194,6.1526062160176895,0,NORMAL
2026-01-01 01:14:00,1.3477652497475734,0.00687827305143388,2.0167144346006234,0,NORMAL
2026-01-01 01:14:10,2.3348362744150193,0.009077373211720752,5.748644568794231,0,NORMAL
2026-01-01 01:14:20,2.183299123048424,0.006976276677308936,1.450831445796833,0,NORMAL
2026-01-01 01:14:30,1.5300601068363224,0.0,4.241710234711444,0,NORMAL
2026-01-01 01:14:40,1.7430665413316533,0.01448533098443566,8.088239302865977,0,NORMAL
2026-01-01 01:14:50,1.4703932390555243,0.01637437520639361,7.390105781212226,0,NORMAL
2026-01-01 01:15:00,1.968660451363414,0.013257609956697529,5.0455488276213,0,NORMAL
2026-01-01 01:15:10,2.477571160250619,0.004311571647875917,2.0755802722314742,0,NORMAL
2026-01-01 01:15:20,1.507136976832228,0.00899254233026241,6.93676313652258,0,NORMAL
2026-01-01 01:15:30,2.252023257758922,0.00996739342385271,5.058143713094076,0,NORMAL
2026-01-01 01:15:40,1.7348711908137795,0.012993971947809551,0.0,0,NORMAL
2026-01-01 01:15:50,1.6035635838688278,0.013341702443590404,7.347889478949554,0,NORMAL
2026-01-01 01:16:00,1.9464848200227212,0.006329131006107522,4.927301498390923,0,NORMAL
2026-01-01 01:16:10,1.482378838790313,0.010409977782067802,8.607353743949217,0,NORMAL
2026-01-01 01:16:20,1.7231753473264089,0.012286402023076206,1.714188443471586,0,NORMAL
2026-01-01 01:16:30,1.4010610537055759,0.017279111610733835,0.0,0,NORMAL
2026-01-01 01:16:40,2.9823625664581948,0.013522532699123615,5.8372515750355545,0,NORMAL
2026-01-01 01:16:50,2.017631775985864,0.013945283436877594,5.874691030045917,0,NORMAL
2026-01-01 01:17:00,1.6501372460037074,0.010419133139646805,0.0,0,NORMAL
2026-01-01 01:17:10,2.106989955367111,0.01705229572601752,2.064501362400181,0,NORMAL
2026-01-01 01:17:20,1.9438359751545853,0.012048813979797486,13.265653231159705,0,NORMAL
2026-01-01 01:17:30,1.8895152002333888,0.005694560449132148,4.08316815753859,0,NORMAL
2026-01-01 01:17:40,2.3070833500217125,0.017016849850625956,7.192876929128649,0,NORMAL
2026-01-01 01:17:50,2.3787538550236524,0.013489516362695138,3.0480205178948485,0,NORMAL
2026-01-01 01:18:00,1.7347494261947363,0.007784779894357588,0.0,0,NORMAL
2026-01-01 01:18:10,1.71209087967766,0.007602535163003784,4.489225259612283,0,NORMAL
2026-01-01 01:18:20,1.862474151424178,0.011482877725703809,4.203186319141684,0,NORMAL
2026-01-01 01:18:30,0.8490394176322076,0.012315923976337923,3.8003652839948856,0,NORMAL
2026-01-01 01:18:40,1.242404468900724,0.010986461328156033,4.656077493480822,0,NORMAL
2026-01-01 01:18:50,2.6834371337222622,0.011556543367214426,5.792804814936909,0,NORMAL
2026-01-01 01:19:00,2.822483856750642,0.018499786872881903,4.54964914623858,0,NORMAL
2026-01-01 01:19:10,1.8754819802218108,0.015357715761174428,1.2079814961579087,0,NORMAL
2026-01-01 01:19:20,2.2882784815278834,0.010953177956325123,6.458554374685817,0,NORMAL
2026-01-01 01:19:30,2.155625077271768,0.014706552903837418,0.0,0,NORMAL
2026-01-01 01:19:40,3.539440404227619,0.0048373804823623025,0.0,0,NORMAL
2026-01-01 01:19:50,2.5597874557172884,0.011989635249734044,7.217541484104704,0,NORMAL
2026-01-01 01:20:00,1.9360412042596167,0.01904653174866555,6.52106081640607,0,NORMAL
2026-01-01 01:20:10,1.5222297796997872,0.008909770523038131,4.827813904777892,0,NORMAL
2026-01-01 01:20:20,1.1967768398712137,0.005761830356904576,0.8136544857347847,0,NORMAL
2026-01-01 01:20:30,2.1017318179336115,0.0067395555570346965,2.876267177977774,0,NORMAL
2026-01-01 01:20:40,1.6218246273578483,0.004551834813288059,4.211759756940488,0,NORMAL
2026-01-01 01:20:50,1.2888731452011628,0.006076190459361483,0.21231809427765924,0,NORMAL
2026-01-01 01:21:00,1.6767135578787367,0.008147459507049854,2.7829140259303013,0,NORMAL
2026-01-01 01:21:10,1.4592259981928024,0.00297216490410679,6.95699101453004,0,NORMAL
2026-01-01 01:21:20,2.8435708175362824,0.010078091669748015,9.281916092867649,0,NORMAL
2026-01-01 01:21:30,2.4408198784747253,0.014511385868933236,3.741695742024348,0,NORMAL
2026-01-01 01:21:40,1.9960136793416914,0.005461219099265398,7.269465062948295,0,NORMAL
2026-01-01 01:21:50,2.739972069445013,0.017596419618208844,0.0,0,NORMAL
2026-01-01 01:22:00,2.038684153823809,0.012553960442637974,6.978353723340835,0,NORMAL
2026-01-01 01:22:10,1.5693578993358681,0.015152902928120287,2.588154755817557,0,NORMAL
2026-01-01 01:22:20,2.7615620386348287,0.006710827230739315,5.92203685012391,0,NORMAL
2026-01-01 01:22:30,2.2694550218423295,0.014272626135333078,4.256742745280873,0,NORMAL
2026-01-01 01:22:40,1.481376922836772,0.004540330498023435,8.961242029351503,0,NORMAL
2026-01-01 01:22:50,1.904830660958196,0.014451237504182543,2.3766930549802456,0,NORMAL
2026-01-01 01:23:00,1.5621908733076213,0.010859196698967656,6.882818892685493,0,NORMAL
2026-01-01 01:23:10,1.3086001345178317,0.01276625609992392,4.161477610110399,0,NORMAL
2026-01-01 01:23:20,2.4630887737658207,0.004122026971875742,4.525083565971009,0,NORMAL
2026-01-01 01:23:30,2.9547083202350652,0.005524650788616976,4.448438320522371,0,NORMAL
2026-01-01 01:23:40,1.3007162130904293,0.012986141091266924,2.4629806865176613,0,NORMAL
2026-01-01 01:23:50,2.2814846183452855,0.0052582599788789965,4.957703102279985,0,NORMAL
2026-01-01 01:24:00,1.6746787154390863,0.012316031460495615,4.812055333634535,0,NORMAL
2026-01-01 01:24:10,1.7564373081176519,0.0031643109676987714,5.723720745220188,0,NORMAL
2026-01-01 01:24:20,1.7038030378805655,0.01424087106333334,5.253515437078588,0,NORMAL
2026-01-01 01:24:30,1.568004615160092,0.0038373834261574546,7.393983648836709,0,NORMAL
2026-01-01 01:24:40,2.0242608139724134,0.012761499688397617,7.770525848142106,0,NORMAL
2026-01-01 01:24:50,1.5845249417944811,0.013128154668230006,1.8481300345165965,0,NORMAL
2026-01-01 01:25:00,2.1352284128899193,0.006516140907852125,7.606317501772313,0,NORMAL
2026-01-01 01:25:10,1.9748809452754315,0.012910132835423634,1.4409907186704367,0,NORMAL
2026-01-01 01:25:20,1.8805259765667952,0.01130221131666778,6.7635676644132054,0,NORMAL
2026-01-01 01:25:30,1.546218168979201,0.007305790719036309,6.859216354108606,0,NORMAL
2026-01-01 01:25:40,1.7116143347158337,0.00495722657961896,0.0,0,NORMAL
2026-01-01 01:25:50,2.377695612912878,0.00018687154163710474,5.278937739588229,0,NORMAL
2026-01-01 01:26:00,2.2504585938121906,0.011748250236498468,3.594511659919053,0,NORMAL
2026-01-01 01:26:10,1.5112223776007245,0.0021759861431897244,2.723704226193875,0,NORMAL
2026-01-01 01:26:20,2.0496661527146127,0.010476720997206541,9.052556992097017,0,NORMAL
2026-01-01 01:26:30,2.3756935616858943,0.008682758919588755,3.038962578087743,0,NORMAL
2026-01-01 01:26:40,1.1652973594393141,0.013395713877190978,2.5808692126458506,0,NORMAL
2026-01-01 01:26:50,2.2716800961899675,0.00848977250255068,5.22708482001528,0,NORMAL
2026-01-01 01:27:00,1.6686881205270767,0.008352761068264544,7.056769238895249,0,NORMAL
2026-01-01 01:27:10,2.2852993342965795,0.013659353521441478,4.575054241969619,0,NORMAL
2026-01-01 01:27:20,1.6183704217287416,0.011675290145420588,8.499111637007756,0,NORMAL
2026-01-01 01:27:30,1.0975589496677405,0.011580779785913892,6.592926985892271,0,NORMAL
2026-01-01 01:27:40,1.1862287810584187,0.012346337949042632,0.0,0,NORMAL
2026-01-01 01:27:50,2.024042473330691,0.0023221393839644713,3.411599109478975,0,NORMAL
2026-01-01 01:28:00,2.129861250860741,0.01378394339993491,3.3144737019449035,0,NORMAL
2026-01-01 01:28:10,1.5478416874477956,0.013062343970068013,6.438082860288266,0,NORMAL
2026-01-01 01:28:20,2.319296229388687,0.004916584357117514,0.0,0,NORMAL
2026-01-01 01:28:30,1.16923996886552,0.008779597631628994,12.647029126153168,0,NORMAL
2026-01-01 01:28:40,1.9669601006763417,0.009803463561861844,6.59307828468263,0,NORMAL
2026-01-01 01:28:50,1.3944919001187719,0.009327516077991337,5.446630411753073,0,NORMAL
2026-01-01 01:29:00,1.6740819460989205,0.011669299832842674,8.544703149257439,0,NORMAL
2026-01-01 01:29:10,2.023699335658207,0.017156833909155917,12.030962158437875,0,NORMAL
2026-01-01 01:29:20,1.5697933173580239,0.015408833638364143,7.61223993376521,0,NORMAL
2026-01-01 01:29:30,1.8077222278850873,0.003438904032842969,7.84643928941486,0,NORMAL
2026-01-01 01:29:40,2.5031464046072203,0.013110349951530244,5.392070073393147,0,NORMAL
2026-01-01 01:29:50,1.7115540652384256,0.01664466659767705,4.575422739899155,0,NORMAL
2026-01-01 01:30:00,2.417846056032571,0.011934042603446014,3.5726136679852964,0,NORMAL
2026-01-01 01:30:10,1.435146572671191,0.015454902125929836,2.5216640248563738,0,NORMAL
2026-01-01 01:30:20,2.2649020889576414,0.020061352228503828,2.9389577009015078,0,NORMAL
2026-01-01 01:30:30,2.72078431032895,0.015118547730534908,0.9483321069710504,0,NORMAL
2026-01-01 01:30:40,0.7641777499363553,0.011246542978208644,4.77238564794493,0,NORMAL
2026-01-01 01:30:50,1.6015523722647615,0.015225442370423769,0.0,0,NORMAL
2026-01-01 01:31:00,2.28853606359027,0.010724439165484457,5.572749572431132,0,NORMAL
2026-01-01 01:31:10,1.8984773069785037,0.010119515216424778,4.891008175872975,0,NORMAL
2026-01-01 01:31:20,2.1855729366856544,0.008242928821431338,5.4408058951600635,0,NORMAL
2026-01-01 01:31:30,1.6980074066420898,0.017817066794160542,3.4336052899400227,0,NORMAL
2026-01-01 01:31:40,2.04329489373645,0.005907856670289993,14.230581110541511,0,NORMAL
2026-01-01 01:31:50,1.9221613823039603,0.01766183862339058,9.080347700540939,0,NORMAL
2026-01-01 01:32:00,2.5838910308299035,0.012499320618701857,1.2663724997458317,0,NORMAL
2026-01-01 01:32:10,2.1272104216506067,0.0030034691259902936,5.6986042622806945,0,NORMAL
2026-01-01 01:32:20,2.168801331037601,0.011838246464957108,3.1759815711880295,0,NORMAL
2026-01-01 01:32:30,1.7940615169387664,0.0,1.9565608198777582,0,NORMAL
2026-01-01 01:32:40,1.7561968879637533,0.01312754008415518,0.9797837866281953,0,NORMAL
2026-01-01 01:32:50,1.7837209060901895,0.014426157414944955,6.296650072277762,0,NORMAL
2026-01-01 01:33:00,2.1972260711891485,0.007038220221739732,2.9558592947912783,0,NORMAL
2026-01-01 01:33:10,1.7895077595898685,0.010617738479777912,7.903478072075613,0,NORMAL
2026-01-01 01:33:20,2.1448874284482065,0.01977078716875143,7.981346643591317,0,NORMAL
2026-01-01 01:33:30,3.037700399322719,0.007471266478690316,9.121743155634348,0,NORMAL
2026-01-01 01:33:40,2.4355623517158462,0.004705462064716998,2.4428397017776895,0,NORMAL
2026-01-01 01:33:50,1.8369882339160795,0.017408317012312994,6.4260968320760306,0,NORMAL
2026-01-01 01:34:00,2.600606961081972,0.019812935952653973,6.897362649926903,0,NORMAL
2026-01-01 01:34:10,1.7959623134892242,0.010018478359239236,3.5774654746881054,0,NORMAL
2026-01-01 01:34:20,0.9809377324110731,0.015057315177041782,2.6846841278213747,0,NORMAL
2026-01-01 01:34:30,1.4959568445412978,0.016707379577654405,9.828561997327919,0,NORMAL
2026-01-01 01:34:40,1.0646040394870722,0.00628757883730808,5.682487627196161,0,NORMAL
2026-01-01 01:34:50,1.8242432579793457,0.007573470823160658,6.907903252135214,0,NORMAL
2026-01-01 01:35:00,2.0092091895947757,0.016154372565773675,2.533771964516218,0,NORMAL
2026-01-01 01:35:10,2.8382186561376415,0.018425071393542547,1.3421466004334186,0,NORMAL
2026-01-01 01:35:20,2.163463686882081,0.012814404300871773,3.291650676523669,0,NORMAL
2026-01-01 01:35:30,1.8904497355955678,0.005600928232489729,4.627935837830009,0,NORMAL
2026-01-01 01:35:40,2.4147027905917446,0.019935305558497207,1.8073399795479534,0,NORMAL
2026-01-01 01:35:50,0.8944323454960574,0.007345145510940177,4.970465574048851,0,NORMAL
2026-01-01 01:36:00,2.117807279054283,0.008324311094142741,0.0,0,NORMAL
2026-01-01 01:36:10,2.3854325969434833,0.011711689172448107,1.6398577325903834,0,NORMAL
2026-01-01 01:36:20,1.2607068771100791,0.01777080210357387,7.0127337448306255,0,NORMAL
2026-01-01 01:36:30,2.5718770216034645,0.014269879882761119,6.811371560833683,0,NORMAL
2026-01-01 01:36:40,2.169248203747207,0.012074327501809553,3.824369703839401,0,NORMAL
2026-01-01 01:36:50,1.7923560430495993,0.012316442650590531,1.946707072769141,0,NORMAL
2026-01-01 01:37:00,2.3163909330531425,0.01021757334321733,1.9177893454219672,0,NORMAL
2026-01-01 01:37:10,3.135346428902198,0.012790697572592533,3.880195262176058,0,NORMAL
2026-01-01 01:37:20,2.0909331275292478,0.0,6.933555474935874,0,NORMAL
2026-01-01 01:37:30,2.124110293150168,0.008516962704651009,7.784737074032973,0,NORMAL
2026-01-01 01:37:40,1.7703195502298779,0.011206609674583905,3.510404793554093,0,NORMAL
2026-01-01 01:37:50,1.5750778152676042,0.004244929581902464,1.5395227220456484,0,NORMAL
2026-01-01 01:38:00,2.4151679082721227,0.0119316165890578,5.803530913599,0,NORMAL
2026-01-01 01:38:10,1.5719580870455663,0.008977643895069392,2.5293950881224516,0,NORMAL
2026-01-01 01:38:20,2.035783118609696,0.018777378491577453,3.445242083416393,0,NORMAL
2026-01-01 01:38:30,1.7611712766174417,0.017865098626074286,8.975828271311112,0,NORMAL
2026-01-01 01:38:40,2.239489912873196,0.007670972154409186,7.481346285697304,0,NORMAL
2026-01-01 01:38:50,2.166831052643474,0.009245811442166523,5.473922936754355,0,NORMAL
2026-01-01 01:39:00,2.5187699721289496,0.009630262171958037,1.1842429966618315,0,NORMAL
2026-01-01 01:39:10,1.7449918005726264,0.007741702619201886,5.634189702411977,0,NORMAL
2026-01-01 01:39:20,1.8650625323533143,0.010975124920140633,8.18797187236258,0,NORMAL
2026-01-01 01:39:30,1.5106181421088463,0.0062085896555620496,3.8730990027033934,0,NORMAL
2026-01-01 01:39:40,1.7778533699619443,0.004346923325312369,9.053342269960146,0,NORMAL
2026-01-01 01:39:50,2.188650246522426,0.013113556119501343,8.87823586855462,0,NORMAL
2026-01-01 01:40:00,2.3784943083226757,0.013147647921109054,9.991198496430421,0,NORMAL
2026-01-01 01:40:10,1.5389173379111873,0.005978421201700038,5.915729379594059,0,NORMAL
2026-01-01 01:40:20,2.43480296005283,0.014476777153812998,6.7621750994180365,0,NORMAL
2026-01-01 01:40:30,2.6778189294024752,0.006842111354173343,9.24256186499327,0,NORMAL
2026-01-01 01:40:40,2.2067174516118504,0.011265826190189907,6.342181811206927,0,NORMAL
2026-01-01 01:40:50,2.938397906279033,0.014101720063062281,3.4962976766293616,0,NORMAL
2026-01-01 01:41:00,1.6131054004482135,0.009831937176481434,3.6543714904164166,0,NORMAL
2026-01-01 01:41:10,1.3776726483442916,0.012273704560705673,5.715664861321217,0,NORMAL
2026-01-01 01:41:20,1.1106398755478608,0.0074178517805621414,1.128315734161344,0,NORMAL
2026-01-01 01:41:30,2.7480221557445916,0.009017667082859514,4.570223253907422,0,NORMAL
2026-01-01 01:41:40,2.327182828177029,0.008970702845598299,8.289641354690762,0,NORMAL
2026-01-01 01:41:50,1.9722076645447724,0.006267108267298806,0.0,0,NORMAL
2026-01-01 01:42:00,2.13998431315991,0.00911612918442109,9.603446305383544,0,NORMAL
2026-01-01 01:42:10,1.4372554763508116,0.0022569085056812666,8.367122656109478,0,NORMAL
2026-01-01 01:42:20,3.222875989808413,0.007544231264289477,3.6207061525085713,0,NORMAL
2026-01-01 01:42:30,2.0646105909876136,0.008575622533151646,6.6301724836154285,0,NORMAL
2026-01-01 01:42:40,2.0546973973024465,0.008719101237523098,5.00944318071898,0,NORMAL
2026-01-01 01:42:50,2.362883311949346,0.008792512770646105,8.689971105316049,0,NORMAL
2026-01-01 01:43:00,2.240504615868357,0.009691179000699355,7.948049428309823,0,NORMAL
2026-01-01 01:43:10,2.111942012139566,0.01239720759043032,0.7997878304509725,0,NORMAL
2026-01-01 01:43:20,1.604762772277344,0.014372585370662614,6.76178724039253,0,NORMAL
2026-01-01 01:43:30,2.235734178567998,0.0067511738657586645,4.383116439070257,0,NORMAL
2026-01-01 01:43:40,2.941012248237517,0.003983995723054278,5.2484977115542994,0,NORMAL
2026-01-01 01:43:50,2.6727100230774887,0.004789777938784485,2.8154842970905536,0,NORMAL
2026-01-01 01:44:00,2.7965933133196987,0.007563985394025364,10.244411207362505,0,NORMAL
2026-01-01 01:44:10,1.7443921617844074,0.008240393410917455,8.120185459707727,0,NORMAL
2026-01-01 01:44:20,1.5051975898707095,0.006150019669012714,2.7806865080810983,0,NORMAL
2026-01-01 01:44:30,1.937106539950176,0.0035194166787505276,0.9961681792693022,0,NORMAL
2026-01-01 01:44:40,2.0278624561443475,0.007719395862629059,3.8429821070664554,0,NORMAL
2026-01-01 01:44:50,2.547095759235474,0.010907133100569857,6.303507938273917,0,NORMAL
2026-01-01 01:45:00,1.1537676851425904,0.012975147329177823,5.720617531838669,0,NORMAL
2026-01-01 01:45:10,2.764775159730307,0.007212884734458394,8.75939847430473,0,NORMAL
2026-01-01 01:45:20,1.9209960507105053,0.00793501088928283,7.369759166542557,0,NORMAL
2026-01-01 01:45:30,1.78655946502629,0.005366508455763446,7.90870707725872,0,NORMAL
2026-01-01 01:45:40,1.4939478123699161,0.009842804148126117,5.980566201831312,0,NORMAL
2026-01-01 01:45:50,1.172571664067115,0.005757856829045927,0.8321038093670285,0,NORMAL
2026-01-01 01:46:00,2.4115852919809573,0.012865639066206,4.412904406559296,0,NORMAL
2026-01-01 01:46:10,2.0366589835942017,0.0010706675403294441,8.180269219725997,0,NORMAL
2026-01-01 01:46:20,1.355019550129473,0.008201851637737689,4.845431214426061,0,NORMAL
2026-01-01 01:46:30,1.352460613968192,0.01150553669595871,6.509271105871241,0,NORMAL
2026-01-01 01:46:40,1.8321076503549358,0.010919172581612522,4.0437550542616005,0,NORMAL
2026-01-01 01:46:50,2.8345107626446966,0.023465168319902485,1.9105644543744649,0,NORMAL
2026-01-01 01:47:00,1.8702043243181976,0.011749000122839538,4.629967807861669,0,NORMAL
2026-01-01 01:47:10,1.248428523440947,0.004979727015789951,5.927142329097962,0,NORMAL
2026-01-01 01:47:20,1.877128467957028,0.009522678764554635,3.032936841615669,0,NORMAL
2026-01-01 01:47:30,1.8636382151261648,0.00111876833266774,4.2928662654299945,0,NORMAL
2026-01-01 01:47:40,0.6515566785292142,0.009597001253516195,2.181610274042052,0,NORMAL
2026-01-01 01:47:50,1.9728525667410939,0.005834719714996207,8.357734752692288,0,NORMAL
2026-01-01 01:48:00,1.884532734895661,0.01457695137780081,4.116632727235898,0,NORMAL
2026-01-01 01:48:10,2.3481031824067093,0.0072522986270223255,9.358266635378548,0,NORMAL
2026-01-01 01:48:20,2.9244780474726726,0.009416170421023768,9.586243551622726,0,NORMAL
2026-01-01 01:48:30,2.5632825147738787,0.006822210792977983,4.756862105834768,0,NORMAL
2026-01-01 01:48:40,1.8655556547225847,0.018694256759266656,1.974653802357951,0,NORMAL
2026-01-01 01:48:50,1.446737045629165,0.008393786169410443,0.0,0,NORMAL
2026-01-01 01:49:00,3.28667990162493,0.01916278521739601,0.5838887809196254,0,NORMAL
2026-01-01 01:49:10,2.029609217007244,0.014070758810591333,0.8784955253040199,0,NORMAL
2026-01-01 01:49:20,2.006964645956473,0.01241033363667693,9.135408882384514,0,NORMAL
2026-01-01 01:49:30,1.9879374564449983,0.0118436657365876,5.347473761680838,0,NORMAL
2026-01-01 01:49:40,2.0990423803839278,0.011968986491081258,6.168813572275964,0,NORMAL
2026-01-01 01:49:50,1.9278197940380286,0.0003616371032719501,0.0,0,NORMAL
2026-01-01 01:50:00,1.7131689965598818,0.008605583029246218,1.4061007123482152,0,NORMAL
2026-01-01 01:50:10,1.726570529379804,0.014225789855921609,7.661239329338861,0,NORMAL
2026-01-01 01:50:20,1.9836233648920008,0.009755514082629473,5.860322337147759,0,NORMAL
2026-01-01 01:50:30,1.7282876144331176,0.0029740507659821247,4.5583841639432086,0,NORMAL
2026-01-01 01:50:40,1.6435771086614177,0.009737977747112653,6.694527075800368,0,NORMAL
2026-01-01 01:50:50,2.0532151138459485,0.018520527581277455,9.907393418407445,0,NORMAL
2026-01-01 01:51:00,1.8725113912895723,0.016234458577673597,4.336872609388848,0,NORMAL
2026-01-01 01:51:10,2.751996494291344,0.009689979953169841,5.2081094079742085,0,NORMAL
2026-01-01 01:51:20,0.674515095803494,0.014757246385290433,5.577790756193916,0,NORMAL
2026-01-01 01:51:30,2.545753425961231,0.00816746489815974,12.176328905821977,0,NORMAL
2026-01-01 01:51:40,2.6230425962488146,0.0014806420658664055,0.0,0,NORMAL
2026-01-01 01:51:50,0.9633048837959253,0.005377670059352228,7.049669044366424,0,NORMAL
2026-01-01 01:52:00,1.8286562029598257,0.01781444384254099,4.655593253722809,0,NORMAL
2026-01-01 01:52:10,1.8142795670021044,0.008630034590853479,6.700315178552539,0,NORMAL
2026-01-01 01:52:20,1.2962441526410893,0.00878308010312491,3.027882338015827,0,NORMAL
2026-01-01 01:52:30,1.6110916562045623,0.008500809018625597,4.853104907424649,0,NORMAL
2026-01-01 01:52:40,1.4447120772670856,0.019520682947865034,7.134231738396486,0,NORMAL
2026-01-01 01:52:50,2.8761352217118112,0.018129794576810316,14.338730603131523,0,NORMAL
2026-01-01 01:53:00,2.4678391965737307,0.02109390116724067,7.424108568206214,0,NORMAL
2026-01-01 01:53:10,2.6357775474970793,0.009204773947999744,2.4558032059084742,0,NORMAL
2026-01-01 01:53:20,2.3608360320216173,0.011478122443735476,3.728720953931891,0,NORMAL
2026-01-01 01:53:30,1.4354741143913854,0.0024167872528960445,3.6397576748484384,0,NORMAL
2026-01-01 01:53:40,1.7377398668601132,0.01738467213059137,0.0,0,NORMAL
2026-01-01 01:53:50,2.244687280613959,0.004161102243660325,4.0097294248956885,0,NORMAL
2026-01-01 01:54:00,1.3889360955540273,0.011083877818813146,7.198487245465235,0,NORMAL
2026-01-01 01:54:10,2.356499215086194,0.004513487361835779,1.1773036427696146,0,NORMAL
2026-01-01 01:54:20,1.8798373009209326,0.00705566586630652,8.145447953151777,0,NORMAL
2026-01-01 01:54:30,1.8125895962252014,0.0058136878447514985,6.463324463253015,0,NORMAL
2026-01-01 01:54:40,2.3554799841017457,0.006960623696620911,2.7973000340868865,0,NORMAL
2026-01-01 01:54:50,2.22213165574302,0.007304386484255107,4.575411087986458,0,NORMAL
2026-01-01 01:55:00,1.8195169170904602,0.007258656025374614,9.794965422923099,0,NORMAL
2026-01-01 01:55:10,2.579664901682124,0.014166669558901536,7.200643440517598,0,NORMAL
2026-01-01 01:55:20,1.4594683362000513,0.004475686034687399,5.026350964694443,0,NORMAL
2026-01-01 01:55:30,2.307967803472132,0.011102707135069334,4.286950049117047,0,NORMAL
2026-01-01 01:55:40,2.2965506289841917,0.016089795761527793,5.229827211354979,0,NORMAL
2026-01-01 01:55:50,1.845226780343005,0.00743401817743302,3.4647093261730895,0,NORMAL
2026-01-01 01:56:00,2.163066511121059,0.006410405546261991,0.0,0,NORMAL
2026-01-01 01:56:10,1.3744432118073484,0.008847376874098745,11.126533731604193,0,NORMAL
2026-01-01 01:56:20,2.4620135096034503,0.015898626041803553,5.465974997598204,0,NORMAL
2026-01-01 01:56:30,1.9075489317785055,0.010970538154766788,6.194441795367611,0,NORMAL
2026-01-01 01:56:40,1.7386384897404803,0.007343928526962008,4.826276750369273,0,NORMAL
2026-01-01 01:56:50,2.5245046129184447,0.012419383255940199,2.7946495978262353,0,NORMAL
2026-01-01 01:57:00,1.6478281547286204,0.0044885392508178835,4.442226557153687,0,NORMAL
2026-01-01 01:57:10,1.2957693518182203,0.01340679755221474,0.2018157134170664,0,NORMAL
2026-01-01 01:57:20,1.2216854132380481,0.012043036538508838,11.831259494159914,0,NORMAL
2026-01-01 01:57:30,2.30300497567282,0.008460957644305581,1.296464004732812,0,NORMAL
2026-01-01 01:57:40,1.3597853237518585,0.005807071007763845,1.9041011484584616,0,NORMAL
2026-01-01 01:57:50,2.8773970909921824,0.0055665953885827135,3.6792223868407987,0,NORMAL
2026-01-01 01:58:00,0.959035296058139,0.01267408668172955,8.864227174557133,0,NORMAL
2026-01-01 01:58:10,2.848228184145019,0.01614490251244531,5.043526997787962,0,NORMAL
2026-01-01 01:58:20,2.1055087336013094,0.006813461264856025,1.2915926119086127,0,NORMAL
2026-01-01 01:58:30,1.9516434440648038,0.012291933517757422,8.763015082272018,0,NORMAL
2026-01-01 01:58:40,1.7275404565955252,0.0,7.193001880356444,0,NORMAL
2026-01-01 01:58:50,2.199568057176035,0.007076911346714002,6.615304871649357,0,NORMAL
2026-01-01 01:59:00,1.9811826487875759,0.009844705335645491,7.147202723512521,0,NORMAL
2026-01-01 01:59:10,2.551650941008261,0.005451582915090832,12.183085701747352,0,NORMAL
2026-01-01 01:59:20,2.0571138243310196,0.005317468126052021,11.555284685108337,0,NORMAL
2026-01-01 01:59:30,2.0751508807309387,0.00666110221765557,2.9398539709901144,0,NORMAL
2026-01-01 01:59:40,1.818193893893072,0.011460963641631867,9.871654978433456,0,NORMAL
2026-01-01 01:59:50,1.9715271881394663,0.009063354907968127,6.149504569276701,0,NORMAL
2026-01-01 02:00:00,2.1539008844460295,0.0,6.497287448413248,0,NORMAL
2026-01-01 02:00:10,1.1449158036716873,0.0,0.0,0,NORMAL
2026-01-01 02:00:20,1.3259072889471435,0.006965674110714124,4.488842703835412,0,NORMAL
2026-01-01 02:00:30,2.3716320470113574,0.01228843293026776,2.561529228990305,0,NORMAL
2026-01-01 02:00:40,2.085432719063971,0.0,7.484176444679928,0,NORMAL
2026-01-01 02:00:50,1.9080083318236605,0.007501349119241847,8.213241501208415,0,NORMAL
2026-01-01 02:01:00,2.0092169665326964,0.007368760717412895,0.0,0,NORMAL
2026-01-01 02:01:10,2.1737908526808356,0.01694168889104224,4.933895407987189,0,NORMAL
2026-01-01 02:01:20,1.7301201598453193,0.008074890941435682,8.365584514382757,0,NORMAL
2026-01-01 02:01:30,1.6108476372988436,0.011914944923704643,4.439963113059665,0,NORMAL
2026-01-01 02:01:40,2.097922627548841,0.010706285700437317,7.187190935007093,0,NORMAL
2026-01-01 02:01:50,1.510813611192484,0.0,6.053496402881252,0,NORMAL
2026-01-01 02:02:00,2.2041263778572358,0.013841036083158688,6.024980695857879,0,NORMAL
2026-01-01 02:02:10,1.1487081978810798,0.01107698252728144,4.186055065795108,0,NORMAL
2026-01-01 02:02:20,2.514577818662822,0.012541343198372948,1.3502575875928713,0,NORMAL
2026-01-01 02:02:30,2.2362987412065216,0.029631188532181635,1.6354095577249177,0,NORMAL
2026-01-01 02:02:40,2.1280148671569377,0.0,7.128057543365951,0,NORMAL
2026-01-01 02:02:50,2.491345491972757,0.018623483248805542,5.058374766556649,0,NORMAL
2026-01-01 02:03:00,2.8327372222312883,0.008562762402998223,4.584463266178326,0,NORMAL
2026-01-01 02:03:10,2.5071850325090654,0.011436644522015047,3.7283298730329424,0,NORMAL
2026-01-01 02:03:20,1.0795628843341774,0.00977243877349379,4.084433463557745,0,NORMAL
2026-01-01 02:03:30,1.3602115166321491,0.007878818333009782,8.140735383464419,0,NORMAL
2026-01-01 02:03:40,1.6875907111521606,0.007150835358806207,3.9942677543959197,0,NORMAL
2026-01-01 02:03:50,2.013045525105417,0.011647543677865045,0.9768058600952938,0,NORMAL
2026-01-01 02:04:00,2.2588295102345617,0.0024141315166416044,7.23095532662052,0,NORMAL
2026-01-01 02:04:10,1.6371280934232673,0.013752895837608829,4.3853700084058485,0,NORMAL
2026-01-01 02:04:20,2.0933833822385393,0.00791902797557373,5.09418759659833,0,NORMAL
2026-01-01 02:04:30,1.6223085338233387,0.004349653304798211,9.822734919198531,0,NORMAL
2026-01-01 02:04:40,1.694241098504026,0.007749935710020931,4.938318327948479,0,NORMAL
2026-01-01 02:04:50,1.2966694515758888,0.016285746084312866,5.867551019356176,0,NORMAL
2026-01-01 02:05:00,1.5383833769445479,0.007323324564918883,1.463229526105024,0,NORMAL
2026-01-01 02:05:10,1.3241576971918332,0.011792268091048103,4.340991642947119,0,NORMAL
2026-01-01 02:05:20,1.5120633735113336,0.0063452186214226335,6.828578135625803,0,NORMAL
2026-01-01 02:05:30,2.52682089830392,0.013789609249618098,0.333878798476273,0,NORMAL
2026-01-01 02:05:40,1.5253005555840284,0.013427538693951021,5.602535279347129,0,NORMAL
2026-01-01 02:05:50,3.316191032418695,0.019243044166482058,5.302373217934419,0,NORMAL
2026-01-01 02:06:00,2.2466589504404446,0.009122180272503923,5.123862366762318,0,NORMAL
2026-01-01 02:06:10,2.092418061847437,0.013343274023789533,8.11147669597473,0,NORMAL
2026-01-01 02:06:20,1.5708211099093934,0.010490337697694724,6.003315544545565,0,NORMAL
2026-01-01 02:06:30,2.3501549397044954,0.01647935890931507,9.434215695069332,0,NORMAL
2026-01-01 02:06:40,1.7121810868811131,0.0064058380619563485,2.019231453217891,0,NORMAL
2026-01-01 02:06:50,2.0610049073226806,0.013725026564386405,5.407773701655044,0,NORMAL
2026-01-01 02:07:00,3.2800422691343973,0.009026513519416591,5.253400359169842,0,NORMAL
2026-01-01 02:07:10,1.951970050137675,0.009679059114457511,1.792236518734761,0,NORMAL
2026-01-01 02:07:20,2.574636663142838,0.010458762422241865,7.868885006274038,0,NORMAL
2026-01-01 02:07:30,1.6484117874370563,0.011261201982133387,11.974019917558454,0,NORMAL
2026-01-01 02:07:40,1.9825057547515192,0.00941885478439021,4.948981776548507,0,NORMAL
2026-01-01 02:07:50,2.885400317817755,0.01107356591585263,6.5150632648213005,0,NORMAL
2026-01-01 02:08:00,1.6865164711061162,0.017890590287810922,5.253555427445981,0,NORMAL
2026-01-01 02:08:10,2.9062242789984642,0.014927248428076093,2.859245990278473,0,NORMAL
2026-01-01 02:08:20,2.353875967727738,0.014345772962484482,0.0,0,NORMAL
2026-01-01 02:08:30,1.7187666120528662,0.007722302369880646,2.8826795507139047,0,NORMAL
2026-01-01 02:08:40,2.3162038695277603,0.005553795858858378,0.8241248571448061,0,NORMAL
2026-01-01 02:08:50,2.4862772248133647,0.014776502791188766,10.112306234177353,0,NORMAL
2026-01-01 02:09:00,2.310904981108598,0.014380233962648972,4.654670918230282,0,NORMAL
2026-01-01 02:09:10,1.214887640054772,0.01736335337875491,3.962242012858488,0,NORMAL
2026-01-01 02:09:20,1.6364314120875658,0.0069800968701538525,7.667461474363417,0,NORMAL
2026-01-01 02:09:30,1.8762406822242477,0.008852256723198264,1.6347466914323368,0,NORMAL
2026-01-01 02:09:40,1.962783285449977,0.0018025791873728292,2.699407885986343,0,NORMAL
2026-01-01 02:09:50,2.310336048775339,0.008037644469695635,5.204216807745863,0,NORMAL
2026-01-01 02:10:00,2.088850500466627,0.014982852552897236,8.08630697427044,0,NORMAL
2026-01-01 02:10:10,1.3323278206449494,0.007667523103859011,6.505055135506365,0,NORMAL
2026-01-01 02:10:20,2.1900989255029817,0.013202398976004118,5.744975427547646,0,NORMAL
2026-01-01 02:10:30,2.3052928726419117,0.009047484470010943,5.234353205708049,0,NORMAL
2026-01-01 02:10:40,2.2798952239655197,0.011620285141107804,6.200707566580325,0,NORMAL
2026-01-01 02:10:50,2.540390362777311,0.004261543050921663,5.604958715387764,0,NORMAL
2026-01-01 02:11:00,2.416961077274452,0.010426047248169505,1.9100831756691927,0,NORMAL
2026-01-01 02:11:10,2.2295900396142185,0.0,5.138237664899454,0,NORMAL
2026-01-01 02:11:20,1.9649171442706765,0.009065519209190076,1.7789340232467423,0,NORMAL
2026-01-01 02:11:30,1.1695195332420045,0.0018476337814242994,5.243247628702471,0,NORMAL
2026-01-01 02:11:40,2.2148091095662927,0.01602997258273408,3.5580561755352758,0,NORMAL
2026-01-01 02:11:50,2.1038438435815556,0.013887036763822556,12.618144868348583,0,NORMAL
2026-01-01 02:12:00,2.1357894185976867,0.012333354909830405,4.880316848744864,0,NORMAL
2026-01-01 02:12:10,1.3616257120898452,0.017605031135796898,0.7872813012152338,0,NORMAL
2026-01-01 02:12:20,1.4594717297958688,0.005255417395875814,4.597459367969226,0,NORMAL
2026-01-01 02:12:30,2.526576426666452,0.01873681598957779,6.5580762369136645,0,NORMAL
2026-01-01 02:12:40,1.9802224230716725,0.014660957821301925,10.02009183845757,0,NORMAL
2026-01-01 02:12:50,2.340750348686312,0.00881722356390527,3.2316428001838444,0,NORMAL
2026-01-01 02:13:00,2.01415918806523,0.015678100735914722,0.25271607792908,0,NORMAL
2026-01-01 02:13:10,2.0148780697478714,0.004468532437941829,7.450511034292943,0,NORMAL
2026-01-01 02:13:20,2.4691419029879986,0.005877429192361633,0.8582038823010465,0,NORMAL
2026-01-01 02:13:30,1.741977635891313,0.006957051383801498,3.6915336754775447,0,NORMAL
2026-01-01 02:13:40,2.0480603884704918,0.007355111459679924,4.227138543467018,0,NORMAL
2026-01-01 02:13:50,1.7688623556474785,0.004717211786198736,4.7910996400996755,0,NORMAL
2026-01-01 02:14:00,1.7827518862838423,0.016115415335476627,7.067493371223007,0,NORMAL
2026-01-01 02:14:10,1.8454139382656802,0.008705727998150841,2.949097153140837,0,NORMAL
2026-01-01 02:14:20,2.1110668858168564,0.011762524841784397,4.178812243499718,0,NORMAL
2026-01-01 02:14:30,1.7606256891682615,0.007148243167931598,4.957188941151834,0,NORMAL
2026-01-01 02:14:40,2.6278780627867606,0.0008969834972574142,5.448793872556364,0,NORMAL
2026-01-01 02:14:50,1.552696348890248,0.01135028679195711,5.293481524123768,0,NORMAL
2026-01-01 02:15:00,1.9065641779193205,0.00043872512290111577,6.308017325667739,0,NORMAL
2026-01-01 02:15:10,1.7801344708629125,0.009656829769572658,7.531518528925211,0,NORMAL
2026-01-01 02:15:20,2.7234889421768664,0.003158424805835948,6.177902346952903,0,NORMAL
2026-01-01 02:15:30,2.0982773882557875,0.019936379996154042,6.360756570527655,0,NORMAL
2026-01-01 02:15:40,2.5159222697343173,0.014556813610873609,0.253330499760567,0,NORMAL
2026-01-01 02:15:50,1.257219813481514,0.010528768956357402,5.1506830974970415,0,NORMAL
2026-01-01 02:16:00,2.133525132934629,0.016318533388273344,6.438522644004826,0,NORMAL
2026-01-01 02:16:10,2.4448153978117184,0.005768420112671321,7.186823583711351,0,NORMAL
2026-01-01 02:16:20,2.0411419946377123,0.012717396893350465,2.9229476772986174,0,NORMAL
2026-01-01 02:16:30,2.5327401875326756,0.010999052168593568,3.022882175334065,0,NORMAL
2026-01-01 02:16:40,1.7413557749498139,0.01132010040666835,3.277697974149205,0,NORMAL
2026-01-01 02:16:50,2.70467372009279,0.01636176750053384,6.60924169967403,0,NORMAL
2026-01-01 02:17:00,3.149449061809625,0.013662460513899011,8.101643164772625,0,NORMAL
2026-01-01 02:17:10,1.8185807197801704,0.011443618314125116,3.777619678125195,0,NORMAL
2026-01-01 02:17:20,1.7772487392996141,0.0017255628188585193,7.723886940881147,0,NORMAL
2026-01-01 02:17:30,2.7266922385588503,0.005199768523602682,5.370439427493783,0,NORMAL
2026-01-01 02:17:40,2.7897860728653563,0.00938645533202138,4.6271426685126915,0,NORMAL
2026-01-01 02:17:50,1.738569986423366,0.010466861871383256,4.365847310546093,0,NORMAL
2026-01-01 02:18:00,1.7899065914520713,0.0043489813766303806,7.239834093806471,0,NORMAL
2026-01-01 02:18:10,1.8591076955697463,0.022058383377892107,5.97673345036121,0,NORMAL
2026-01-01 02:18:20,1.3277747444828614,0.017581970276267865,11.827476282942913,0,NORMAL
2026-01-01 02:18:30,1.5406740267579009,0.013010591601962418,2.443326071008028,0,NORMAL
2026-01-01 02:18:40,1.4979296166239662,0.010360184306418725,6.554305106089927,0,NORMAL
2026-01-01 02:18:50,1.6161012174479357,0.008938955150494239,3.4123969705654615,0,NORMAL
2026-01-01 02:19:00,1.9826575563066093,0.005240407699888822,2.3921390390340687,0,NORMAL
2026-01-01 02:19:10,2.11710736626826,0.010387402592594313,4.967398588895084,0,NORMAL
2026-01-01 02:19:20,2.7752502464070385,0.011288762700713753,5.412057438221108,0,NORMAL
2026-01-01 02:19:30,1.5008229796306045,0.0037911971225918785,13.754520665180276,0,NORMAL
2026-01-01 02:19:40,2.492161199238292,0.011670882086224488,4.447562552950394,0,NORMAL
2026-01-01 02:19:50,1.8930055778872454,0.009223704755876257,1.6094638115459503,0,NORMAL
2026-01-01 02:20:00,1.9752681451737835,0.0004609622106130451,5.819032152483157,0,NORMAL
2026-01-01 02:20:10,2.337409746083302,0.005698074946102491,0.0,0,NORMAL
2026-01-01 02:20:20,1.4386389892188507,0.007931972332891779,4.7241296521872025,0,NORMAL
2026-01-01 02:20:30,2.1912048730920253,0.01943843828670095,5.048075846885482,0,NORMAL
2026-01-01 02:20:40,2.083226104106528,0.012782765622668791,7.3838011488356345,0,NORMAL
2026-01-01 02:20:50,2.2462256320040743,0.0033225921545005457,7.920866748283541,0,NORMAL
2026-01-01 02:21:00,2.144584321953909,0.012430181447088184,3.489291143276847,0,NORMAL
2026-01-01 02:21:10,3.2276500699554473,0.0022634800553081725,4.548157956110201,0,NORMAL
2026-01-01 02:21:20,1.681130007874342,0.015413455269435368,2.701637508167987,0,NORMAL
2026-01-01 02:21:30,1.7345015224990912,0.007644376740910607,1.6158123355769183,0,NORMAL
2026-01-01 02:21:40,1.6884297367876178,0.009531819056304146,5.929684338141904,0,NORMAL
2026-01-01 02:21:50,1.7222614404198726,0.01662898323771095,1.1792433542102023,0,NORMAL
2026-01-01 02:22:00,1.6813064363467412,0.00356418215707875,3.7561192982844105,0,NORMAL
2026-01-01 02:22:10,2.5945082655537757,0.003014409074435044,2.014478120302287,0,NORMAL
2026-01-01 02:22:20,2.7102521239949273,0.007082003368269976,6.649049558870779,0,NORMAL
2026-01-01 02:22:30,1.714626853125262,0.015191894255096584,10.404290297799465,0,NORMAL
2026-01-01 02:22:40,1.5838222134478857,0.002403269622615787,1.095236051590007,0,NORMAL
2026-01-01 02:22:50,2.235707778193202,0.0,0.0,0,NORMAL
2026-01-01 02:23:00,1.7238884778595143,0.007744205707955006,4.625339343949798,0,NORMAL
2026-01-01 02:23:10,2.3164659088777557,0.012758703999554602,5.047093387873275,0,NORMAL
2026-01-01 02:23:20,2.1014615104256498,0.016001308748694147,5.6559779202718925,0,NORMAL
2026-01-01 02:23:30,1.242127942501384,0.0076841931895730055,3.6610384542969663,0,NORMAL
2026-01-01 02:23:40,2.7737526006650306,0.007942866964419988,4.398082103523704,0,NORMAL
2026-01-01 02:23:50,2.8979388365477607,0.015769503671278738,6.102531231621807,0,NORMAL
2026-01-01 02:24:00,1.6936056547578069,0.000651291501522897,8.121292677934516,0,NORMAL
2026-01-01 02:24:10,1.806149220032008,0.008057396124084954,0.0,0,NORMAL
2026-01-01 02:24:20,2.1429326953624526,0.010952119449625288,3.893181682905613,0,NORMAL
2026-01-01 02:24:30,2.1672283949935127,0.012246093606425172,5.64142638182319,0,NORMAL
2026-01-01 02:24:40,2.329272136336415,0.007450966534045587,2.246071686167792,0,NORMAL
2026-01-01 02:24:50,3.005102269383175,0.010172205058529208,10.193508895301898,0,NORMAL
2026-01-01 02:25:00,1.9115263862529752,0.0,3.093770359313789,0,NORMAL
2026-01-01 02:25:10,1.6008513777307731,0.006708757938330759,4.876121938978152,0,NORMAL
2026-01-01 02:25:20,1.3103403859927365,0.012267543562772338,6.668066290526872,0,NORMAL
2026-01-01 02:25:30,1.6345349800290405,0.005088529828726603,3.2261456335943164,0,NORMAL
2026-01-01 02:25:40,1.9834365135631014,0.010294921107947988,0.0,0,NORMAL
2026-01-01 02:25:50,2.897278931758894,0.01223436250401349,3.7140364192504003,0,NORMAL
2026-01-01 02:26:00,1.7411943504819143,0.008287253995711175,8.088321667781122,0,NORMAL
2026-01-01 02:26:10,2.111893975819449,0.010852318854982855,3.9893146196445843,0,NORMAL
2026-01-01 02:26:20,1.991788551963624,0.0051863371735769385,2.4606970956230643,0,NORMAL
2026-01-01 02:26:30,2.594196636724042,0.008966943601519768,7.777016628508165,0,NORMAL
2026-01-01 02:26:40,3.2634662129368106,0.013051080847946112,4.007675311930842,0,NORMAL
2026-01-01 02:26:50,1.7345656135398397,0.010784864804842172,3.4695175590493483,0,NORMAL
2026-01-01 02:27:00,1.755280278740889,0.007067343652180322,5.448368268989928,0,NORMAL
2026-01-01 02:27:10,2.522080438534536,0.011121082021453964,7.312250628856362,0,NORMAL
2026-01-01 02:27:20,2.3409457448131556,0.01357304895318309,12.145140595197638,0,NORMAL
2026-01-01 02:27:30,2.923353662868017,0.0,7.481708322972269,0,NORMAL
2026-01-01 02:27:40,2.291964092662982,0.015795370324779488,8.479519899165034,0,NORMAL
2026-01-01 02:27:50,1.8203539546064702,0.00831872630659464,3.482101403036434,0,NORMAL
2026-01-01 02:28:00,2.2953274153461547,0.012127449666201152,1.922395682091571,0,NORMAL
2026-01-01 02:28:10,2.554351790291454,0.01598623461822614,5.186994048857369,0,NORMAL
2026-01-01 02:28:20,2.410241090598682,0.0031416315138476703,5.321509745778789,0,NORMAL
2026-01-01 02:28:30,2.253637015553649,0.006452794987862267,1.7644617759062085,0,NORMAL
2026-01-01 02:28:40,2.533337344794577,0.008557256520621476,4.474116410287961,0,NORMAL
2026-01-01 02:28:50,2.5846477952228364,0.006081232394377858,6.197952805157392,0,NORMAL
2026-01-01 02:29:00,2.6910794955187636,0.018674682879184043,6.081180185054241,0,NORMAL
2026-01-01 02:29:10,2.3243549437948214,0.005716139530866036,6.512863560152818,0,NORMAL
2026-01-01 02:29:20,1.9164409598415728,0.0072222661025656675,5.872894190412329,0,NORMAL
2026-01-01 02:29:30,2.0733568432166614,0.011021945158014884,3.4789740221898326,0,NORMAL
2026-01-01 02:29:40,2.6032544832541786,0.003989252369619556,3.4582981200534704,0,NORMAL
2026-01-01 02:29:50,1.591532164506382,0.00802159644121868,1.4031458060183721,0,NORMAL
2026-01-01 02:30:00,2.1843366544364504,0.011587266306250874,10.354325117555284,0,NORMAL
2026-01-01 02:30:10,1.8033305938363196,0.008335697978087446,5.040351093857879,0,NORMAL
2026-01-01 02:30:20,2.014372411467409,0.00953306570550026,4.3254408326154445,0,NORMAL
2026-01-01 02:30:30,2.6392259313036495,0.007353339437758144,2.2136237556426237,0,NORMAL
2026-01-01 02:30:40,2.0955495340099515,0.0024276484540961653,13.806973706983335,0,NORMAL
2026-01-01 02:30:50,2.0232182740780744,0.011607966056696194,1.7800159033313134,0,NORMAL
2026-01-01 02:31:00,1.3200719295100405,0.018774665358236207,3.71345622318178,0,NORMAL
2026-01-01 02:31:10,2.3731267830136105,0.010092008153917191,6.2475105088581815,0,NORMAL
2026-01-01 02:31:20,2.3227420905705376,0.011126320586237748,6.800638897232833,0,NORMAL
2026-01-01 02:31:30,3.08162736165273,0.0134636137755843,7.873796165647052,0,NORMAL
2026-01-01 02:31:40,1.8461108825234998,0.0036533475172665043,10.42282552330779,0,NORMAL
2026-01-01 02:31:50,2.1095751638319693,0.018512573290648027,6.518472966382137,0,NORMAL
2026-01-01 02:32:00,2.1246918418553777,0.01101164398211401,1.8319076000999972,0,NORMAL
2026-01-01 02:32:10,2.7887266398817374,0.018159284495445543,4.229164624634655,0,NORMAL
2026-01-01 02:32:20,1.952352233806524,0.006334835022380053,5.923497117541655,0,NORMAL
2026-01-01 02:32:30,2.1395107628851697,0.019090309612789125,11.204678124517471,0,NORMAL
2026-01-01 02:32:40,2.3039482548582697,0.013875777470173914,0.8065835647271089,0,NORMAL
2026-01-01 02:32:50,2.093304561578179,0.012765200429261792,8.607729515675683,0,NORMAL
2026-01-01 02:33:00,1.776783192724736,0.01117012227176574,5.53974310863925,0,NORMAL
2026-01-01 02:33:10,2.0970449964491538,0.008757356909627754,7.513491605688442,0,NORMAL
2026-01-01 02:33:20,2.536815874929886,0.016002658292369364,4.694015850092204,0,NORMAL
2026-01-01 02:33:30,1.4867423502944699,0.010701799349240235,2.4727021096210215,0,NORMAL
2026-01-01 02:33:40,2.066484837073438,0.0001646514820642364,7.252618338203996,0,NORMAL
2026-01-01 02:33:50,1.6499395925304134,0.004414067691464987,6.963293081316864,0,NORMAL
2026-01-01 02:34:00,2.5975233144624212,0.009070771239036265,7.916170897219166,0,NORMAL
2026-01-01 02:34:10,1.2384065476081125,0.011549994915827774,4.960086093864094,0,NORMAL
2026-01-01 02:34:20,1.7205390763642059,0.009717057555500522,3.200533930040452,0,NORMAL
2026-01-01 02:34:30,2.1886059375322606,0.016094853948968316,0.32363901492847535,0,NORMAL
2026-01-01 02:34:40,2.78276201461717,0.00024449067980687576,7.458119804418219,0,NORMAL
2026-01-01 02:34:50,1.9671248694635062,0.0107179396825258,6.271668447331958,0,NORMAL
2026-01-01 02:35:00,1.7224002366534008,0.0009101038730642264,2.1026521014081223,0,NORMAL
2026-01-01 02:35:10,2.940578534720295,0.013798561477420842,3.3842789801101274,0,NORMAL
2026-01-01 02:35:20,1.2759930497918779,0.009527706427789986,3.5997235641456786,0,NORMAL
2026-01-01 02:35:30,0.900597021689959,0.01209804986012059,0.5510467040527463,0,NORMAL
2026-01-01 02:35:40,2.220007225026666,0.00568058519705117,2.5469528101845986,0,NORMAL
2026-01-01 02:35:50,1.7489728878236943,0.016397324658288755,1.5985089295809376,0,NORMAL
2026-01-01 02:36:00,1.4893835914346434,0.015208623320294257,3.76256296433619,0,NORMAL
2026-01-01 02:36:10,2.3541782236496767,0.012917721515059438,2.7839075050113116,0,NORMAL
2026-01-01 02:36:20,2.1219003568855994,0.009352413765682797,0.11898523739975375,0,NORMAL
2026-01-01 02:36:30,1.7179606846316358,0.012899286426475661,11.067770691708445,0,NORMAL
2026-01-01 02:36:40,1.3598478006645527,0.0064655371600632556,8.757622193087691,0,NORMAL
2026-01-01 02:36:50,2.4362286641400726,0.014277778295103561,2.662941735440043,0,NORMAL
2026-01-01 02:37:00,2.3251005889793306,0.018247404471619606,5.81726418996083,0,NORMAL
2026-01-01 02:37:10,1.9504120681103085,0.015353052799895931,6.252395269463886,0,NORMAL
2026-01-01 02:37:20,2.923318498023833,0.006351987650962953,8.57325756432043,0,NORMAL
2026-01-01 02:37:30,1.4649576168369238,0.011807086586365515,2.544184920019764,0,NORMAL
2026-01-01 02:37:40,1.2372374145376306,0.003534292281206761,8.276320351947279,0,NORMAL
2026-01-01 02:37:50,1.6540459650593777,0.01286195155587838,3.356284087379195,0,NORMAL
2026-01-01 02:38:00,1.977206991822251,0.012253017064312694,0.99241278749416,0,NORMAL
2026-01-01 02:38:10,2.121669724661346,0.0006509183023391796,7.172409677943492,0,NORMAL
2026-01-01 02:38:20,1.8793819710718351,0.004191080780438181,8.872275272367284,0,NORMAL
2026-01-01 02:38:30,2.1760276982571485,0.008584305516281164,12.763726920592054,0,NORMAL
2026-01-01 02:38:40,1.3742302879047779,0.00849570126429587,1.4008242047293595,0,NORMAL
2026-01-01 02:38:50,2.72188230203663,0.003952615322905973,7.096759055242367,0,NORMAL
2026-01-01 02:39:00,1.9589244108037156,0.01194489364676092,3.770596268619401,0,NORMAL
2026-01-01 02:39:10,2.558647915794064,0.011257368044702561,7.350076131572094,0,NORMAL
2026-01-01 02:39:20,2.171362673188852,0.009028654340107403,0.5885313463062483,0,NORMAL
2026-01-01 02:39:30,2.228376609576892,0.006221042499208186,1.2116906729043078,0,NORMAL
2026-01-01 02:39:40,2.2848836401161017,0.015243535632082817,2.6723755305005485,0,NORMAL
2026-01-01 02:39:50,2.2238542800086574,0.018277035565441475,5.236892137004253,0,NORMAL
2026-01-01 02:40:00,2.321361379933772,0.007582192580767315,3.076756200384934,0,NORMAL
2026-01-01 02:40:10,2.6645762650662155,0.006939165414225896,6.977163031740259,0,NORMAL
2026-01-01 02:40:20,2.098260584850735,0.012456038327059982,8.080683854773744,0,NORMAL
2026-01-01 02:40:30,2.354501878794256,0.008209853101265069,6.7987326237360675,0,NORMAL
2026-01-01 02:40:40,1.9551321528563865,0.00930301399668383,9.856362918982605,0,NORMAL
2026-01-01 02:40:50,2.720058607724736,0.013698265758623358,6.247479888366029,0,NORMAL
2026-01-01 02:41:00,1.661803848970365,0.000453219562463536,1.3493098689794987,0,NORMAL
2026-01-01 02:41:10,2.9004702164554077,0.016591511624263346,9.090129540615019,0,NORMAL
2026-01-01 02:41:20,1.9799210246778283,0.010363402621646707,3.184531293182008,0,NORMAL
2026-01-01 02:41:30,1.284612448940976,0.0079425342771891,7.73125549905671,0,NORMAL
2026-01-01 02:41:40,2.0640522074553944,0.009553829228892755,9.721202649665319,0,NORMAL
2026-01-01 02:41:50,1.6594741712625596,0.009812146775102594,6.370064032191197,0,NORMAL
2026-01-01 02:42:00,2.4203217744943624,0.001343993482775373,0.5115235605060509,0,NORMAL
2026-01-01 02:42:10,1.6736880103488043,0.01747469113726618,2.245363500470625,0,NORMAL
2026-01-01 02:42:20,1.7769082833926102,0.010206628161353093,8.968233400655407,0,NORMAL
2026-01-01 02:42:30,1.0552296345272345,0.012215010652236876,4.492631943071551,0,NORMAL
2026-01-01 02:42:40,1.7738468403754617,0.014757748852870217,5.238720604826497,0,NORMAL
2026-01-01 02:42:50,0.7880603366855217,0.004894187712198497,7.276473248490828,0,NORMAL
2026-01-01 02:43:00,1.2080485882571383,0.012367359495176143,7.08896858624097,0,NORMAL
2026-01-01 02:43:10,2.3802073280721485,0.008661794545506033,5.836399437156382,0,NORMAL
2026-01-01 02:43:20,2.392900079325416,0.014233853876082468,4.373994886338602,0,NORMAL
2026-01-01 02:43:30,2.2127287808924825,0.0,4.061994662802928,0,NORMAL
2026-01-01 02:43:40,1.5165119284353934,0.009504528498793656,7.573696475874029,0,NORMAL
2026-01-01 02:43:50,1.97614432192901,0.006985896721080192,6.660708593203379,0,NORMAL
2026-01-01 02:44:00,1.9981987304547157,0.012161314753170779,4.228099998146631,0,NORMAL
2026-01-01 02:44:10,1.4208176554037288,0.012350220936841011,8.246336938979422,0,NORMAL
2026-01-01 02:44:20,2.7516991508835753,0.006461870525889869,4.612897654610649,0,NORMAL
2026-01-01 02:44:30,2.438681145287836,0.006439130679119782,2.44501347699682,0,NORMAL
2026-01-01 02:44:40,1.889517913085168,0.009446673157213353,2.7230879032899664,0,NORMAL
2026-01-01 02:44:50,2.0134429194972654,0.005516788863423959,2.0637774910707027,0,NORMAL
2026-01-01 02:45:00,2.1041914039737764,0.014209918477260636,4.182769950188939,0,NORMAL
2026-01-01 02:45:10,0.9791325657878547,0.00815396399776277,8.70117283500858,0,NORMAL
2026-01-01 02:45:20,1.8764113087397016,0.0,2.5847144569084737,0,NORMAL
2026-01-01 02:45:30,1.6590078760011007,0.00812588971689097,5.565427283054309,0,NORMAL
2026-01-01 02:45:40,1.4991899950525422,0.004807280895780138,3.02993196311776,0,NORMAL
2026-01-01 02:45:50,1.8594498535570225,0.0018436209226952726,4.219072876185687,0,NORMAL
2026-01-01 02:46:00,2.8988432634247614,0.0038128668088871377,0.4698763640442434,0,NORMAL
2026-01-01 02:46:10,2.320421430633505,0.01054704235916485,4.338385312530388,0,NORMAL
2026-01-01 02:46:20,1.7144105051086016,0.016643204141241156,4.4188838605851135,0,NORMAL
2026-01-01 02:46:30,2.2862913906780795,0.0115659223693249,6.620863832107086,0,NORMAL
2026-01-01 02:46:40,2.699677718293001,0.006967483058921301,5.6698427397661115,0,NORMAL
2026-01-01 02:46:50,2.4623168414563845,0.012279520975853515,1.4048236251438648,0,NORMAL
2026-01-01 02:47:00,2.029815184960087,0.007704548448905041,8.252594732130628,0,NORMAL
2026-01-01 02:47:10,1.676531611147213,0.006526998154184277,5.6309091206659865,0,NORMAL
2026-01-01 02:47:20,2.349111656806795,0.004228186658835078,5.59518055153246,0,NORMAL
2026-01-01 02:47:30,2.196742692710875,0.0012408559662414043,4.972452939844583,0,NORMAL
2026-01-01 02:47:40,2.447596610013866,0.008050381467202774,3.446727658333341,0,NORMAL
2026-01-01 02:47:50,2.3175859008409847,0.01079026744960066,5.6534070192461785,0,NORMAL
2026-01-01 02:48:00,2.5247763576596673,0.009516881649925552,6.426765307785748,0,NORMAL
2026-01-01 02:48:10,1.732382394219716,0.007920165360263206,0.0,0,NORMAL
2026-01-01 02:48:20,2.658697032817163,0.005271269696516094,3.3837174879617127,0,NORMAL
2026-01-01 02:48:30,2.0987998023462,0.013041230958424842,4.235159088789232,0,NORMAL
2026-01-01 02:48:40,3.0376304363126327,0.003414340400267075,5.7685118170828344,0,NORMAL
2026-01-01 02:48:50,1.655406090955216,0.013880139569217378,8.579933017781377,0,NORMAL
2026-01-01 02:49:00,2.867981901582625,0.004988914905366376,2.684777556209653,0,NORMAL
2026-01-01 02:49:10,2.098955391731324,0.006237823813234825,3.506114459546474,0,NORMAL
2026-01-01 02:49:20,1.6742909981927758,0.002666074046921615,3.46239766806035,0,NORMAL
2026-01-01 02:49:30,1.7580570829728392,0.0074929892655718165,2.595417229686375,0,NORMAL
2026-01-01 02:49:40,1.8398263459028399,0.014876562292389895,3.9584405146632125,0,NORMAL
2026-01-01 02:49:50,2.212082973200958,0.012578140442219783,7.312406659963914,0,NORMAL
2026-01-01 02:50:00,2.26141774401775,0.014892110560140176,1.8384935139069631,0,NORMAL
2026-01-01 02:50:10,1.7131499980307106,0.01261071272966968,6.28344318545871,0,NORMAL
2026-01-01 02:50:20,1.9878227038695087,0.004481650857348154,0.0,0,NORMAL
2026-01-01 02:50:30,3.071135179305932,0.008346053878362214,3.3159860106733823,0,NORMAL
2026-01-01 02:50:40,2.8637715850503556,0.006099004354412687,4.0115320993460415,0,NORMAL
2026-01-01 02:50:50,2.2181618348370162,0.0166528745201952,10.024579018742195,0,NORMAL
2026-01-01 02:51:00,2.0190017390841,0.004016056767868442,4.175593085741936,0,NORMAL
2026-01-01 02:51:10,2.0600156633591307,0.014468488446945555,0.0,0,NORMAL
2026-01-01 02:51:20,2.3067589863652085,0.014464769350543846,0.0,0,NORMAL
2026-01-01 02:51:30,1.4886037174007973,0.019148101008580436,5.1020887590400426,0,NORMAL
2026-01-01 02:51:40,1.8713117312883274,0.007951567036852514,6.841312567369726,0,NORMAL
2026-01-01 02:51:50,1.165707963061205,0.013561610797900811,6.126367572881758,0,NORMAL
2026-01-01 02:52:00,2.1996115613026395,0.021408259182694213,5.502710317402971,0,NORMAL
2026-01-01 02:52:10,2.3235979698513707,0.006911791615331517,8.486778792517,0,NORMAL
2026-01-01 02:52:20,1.758406768850313,0.0023247987623382016,3.381226337788605,0,NORMAL
2026-01-01 02:52:30,2.7869933816450163,0.0005999498304611817,7.684731668080476,0,NORMAL
2026-01-01 02:52:40,1.3871171684988295,0.013563560144306657,0.10395534492074798,0,NORMAL
2026-01-01 02:52:50,1.26781255989509,0.000584248959707081,2.285156501185801,0,NORMAL
2026-01-01 02:53:00,2.112225909279986,0.008138404735310386,0.0,0,NORMAL
2026-01-01 02:53:10,2.523549151306077,0.012186565935194803,4.1754640979906235,0,NORMAL
2026-01-01 02:53:20,2.8419638457289342,0.01092587768414957,4.861216348200973,0,NORMAL
2026-01-01 02:53:30,1.7705578685655299,0.012127224320920862,5.342304476679559,0,NORMAL
2026-01-01 02:53:40,2.539340416715648,0.01111144927900427,5.185650058661405,0,NORMAL
2026-01-01 02:53:50,1.9807457652496463,0.016394329066566966,2.217340007564816,0,NORMAL
2026-01-01 02:54:00,1.9136863500295902,0.005238418096306015,4.429277466760353,0,NORMAL
2026-01-01 02:54:10,2.441829968743336,0.006615024307707344,0.5076599941827542,0,NORMAL
2026-01-01 02:54:20,2.32616143920671,0.00613670277364588,9.089686925396752,0,NORMAL
2026-01-01 02:54:30,1.2118039215078753,0.01415095905931305,4.089121781305997,0,NORMAL
2026-01-01 02:54:40,2.738270174862948,0.014501992941975319,3.533341642868926,0,NORMAL
2026-01-01 02:54:50,2.6900456770737255,0.012256126596592542,9.766820985332249,0,NORMAL
2026-01-01 02:55:00,1.6872186492452352,0.01591746833444964,1.2732603993523117,0,NORMAL
2026-01-01 02:55:10,2.1979017667187044,0.004109795663118096,1.6232386579040927,0,NORMAL
2026-01-01 02:55:20,2.2470150931413695,0.018336120557755683,1.7113390253943046,0,NORMAL
2026-01-01 02:55:30,2.1303368829119536,0.01761619310856129,4.796385854901554,0,NORMAL
2026-01-01 02:55:40,1.7248474230772899,0.013678109986228733,6.294894888912792,0,NORMAL
2026-01-01 02:55:50,1.6641883160309743,0.0189089945438553,7.219026404353501,0,NORMAL
2026-01-01 02:56:00,1.9872229645042774,0.001716883961611131,12.715985952484907,0,NORMAL
2026-01-01 02:56:10,2.586364509629682,0.007377759318686741,0.0,0,NORMAL
2026-01-01 02:56:20,2.271800077297216,0.006323482696590239,6.826206767373251,0,NORMAL
2026-01-01 02:56:30,1.814692833956947,0.013607396618786717,3.3286082822833065,0,NORMAL
2026-01-01 02:56:40,2.385849355324172,0.004749296301989272,3.2407545533336797,0,NORMAL
2026-01-01 02:56:50,0.5757286896849623,0.013787475746687428,3.140683615238367,0,NORMAL
2026-01-01 02:57:00,2.5743828501860517,0.016852680719983568,2.27369098757608,0,NORMAL
2026-01-01 02:57:10,1.13014311061095,0.013476014500419997,10.053574503810356,0,NORMAL
2026-01-01 02:57:20,1.818779529298434,0.011418755118307505,7.526891981041708,0,NORMAL
2026-01-01 02:57:30,1.440165052686928,0.005060633295496254,5.069587935672124,0,NORMAL
2026-01-01 02:57:40,1.3526592621395472,0.005765745169373177,9.053047257461001,0,NORMAL
2026-01-01 02:57:50,2.5804133936892595,0.016248094526483334,0.4624131041033732,0,NORMAL
2026-01-01 02:58:00,1.7661493993440542,0.013896745019526662,1.0078846060072215,0,NORMAL
2026-01-01 02:58:10,2.1732519408653577,0.00980490240311228,0.0,0,NORMAL
2026-01-01 02:58:20,1.976539710560408,0.007910452271170548,2.9017563796301373,0,NORMAL
2026-01-01 02:58:30,2.238520413611561,0.0,5.485095580114259,0,NORMAL
2026-01-01 02:58:40,2.038410945530128,0.004645737906577806,5.308575733797002,0,NORMAL
2026-01-01 02:58:50,1.3585038879057152,0.019557095435698616,5.448025733179642,0,NORMAL
2026-01-01 02:59:00,2.49813340972357,0.003597722144987666,0.7668295068017545,0,NORMAL
2026-01-01 02:59:10,1.7531217084193438,0.010947399106105404,7.409464227842066,0,NORMAL
2026-01-01 02:59:20,1.2217090506701245,0.015037219865975993,5.718882554716994,0,NORMAL
2026-01-01 02:59:30,1.7859424195170437,0.0037253866599885376,7.199162844397995,0,NORMAL
2026-01-01 02:59:40,2.750379895317155,0.010923552373905417,0.0,0,NORMAL
2026-01-01 02:59:50,2.4251108710567464,0.014689577687553275,5.93447257639337,0,NORMAL
2026-01-01 03:00:00,1.8256739327960705,0.010062496609536252,1.4367042802474193,0,NORMAL
2026-01-01 03:00:10,1.8253711478407857,0.024342015278333844,3.8080302423459145,0,NORMAL
2026-01-01 03:00:20,1.8391824743913088,0.0016570037056090237,6.60309469590915,0,NORMAL
2026-01-01 03:00:30,3.0383739917804204,0.015293642649419395,5.27328081876774,0,NORMAL
2026-01-01 03:00:40,2.1909677261157765,0.009135991313017679,2.4453800606620435,0,NORMAL
2026-01-01 03:00:50,2.215020823595535,0.013859600774183375,5.018819468553255,0,NORMAL
2026-01-01 03:01:00,2.515141727015921,0.012206535758496229,0.4053940542690708,0,NORMAL
2026-01-01 03:01:10,2.1193945795132567,0.006334219014450017,8.450802187694888,0,NORMAL
2026-01-01 03:01:20,1.8704789270896485,0.0111449819622967,4.384147941511246,0,NORMAL
2026-01-01 03:01:30,1.9018250754575108,0.0007104927430085639,8.355649832765979,0,NORMAL
2026-01-01 03:01:40,1.964199370292968,0.01301623750285697,3.420404938711871,0,NORMAL
2026-01-01 03:01:50,1.981388881745079,0.011490792329952629,3.429272034780251,0,NORMAL
2026-01-01 03:02:00,2.36381477181849,0.013193300843215513,2.7074396400864607,0,NORMAL
2026-01-01 03:02:10,2.0259729429036497,0.015290591625435751,7.628521795079226,0,NORMAL
2026-01-01 03:02:20,2.36632003860779,0.011838099201048554,2.8717065280145717,0,NORMAL
2026-01-01 03:02:30,1.9596417099457089,0.010740447098991381,6.933786297245531,0,NORMAL
2026-01-01 03:02:40,2.039317595158045,0.005594658316693539,3.8526428069921295,0,NORMAL
2026-01-01 03:02:50,1.0008996577339462,0.006438896181754745,0.0,0,NORMAL
2026-01-01 03:03:00,2.4581638373512407,0.015933673100886656,3.289057796640601,0,NORMAL
2026-01-01 03:03:10,2.1732442379489965,0.017181677028529893,1.4626753569114548,0,NORMAL
2026-01-01 03:03:20,2.499005054929826,0.00880944781843973,5.1017081710470125,0,NORMAL
2026-01-01 03:03:30,0.5518723109031554,0.01023001373626637,1.4287767929765294,0,NORMAL
2026-01-01 03:03:40,3.044187352390364,0.00547692812503117,7.77792530214385,0,NORMAL
2026-01-01 03:03:50,1.9302051859224132,0.015863784226337226,4.726772418940918,0,NORMAL
2026-01-01 03:04:00,2.554091408368758,0.013327084118458893,4.467212015723783,0,NORMAL
2026-01-01 03:04:10,1.4800470364372345,0.019706087182318748,6.967676413362748,0,NORMAL
2026-01-01 03:04:20,2.306386952531285,0.0056083846141013055,7.891720802227588,0,NORMAL
2026-01-01 03:04:30,1.4732922184131718,0.008109960504908914,4.9397037446910455,0,NORMAL
2026-01-01 03:04:40,1.6881155196520974,0.011157229612627861,2.6863991013521282,0,NORMAL
2026-01-01 03:04:50,2.957015676933393,0.013232447688628853,0.0,0,NORMAL
2026-01-01 03:05:00,1.9046587996183266,0.008921661812261839,2.94185072889446,0,NORMAL
2026-01-01 03:05:10,2.1087164365898614,0.005635194547731498,3.148363260056115,0,NORMAL
2026-01-01 03:05:20,2.435033865344377,0.014407037644617857,5.321172358976891,0,NORMAL
2026-01-01 03:05:30,2.247840943986302,0.013605676812727908,3.9645593565859185,0,NORMAL
2026-01-01 03:05:40,2.075209452571788,0.005418629497181375,7.063798916154284,0,NORMAL
2026-01-01 03:05:50,2.1824805012331128,0.01677721400552748,3.161050186187931,0,NORMAL
2026-01-01 03:06:00,3.2017077926191373,0.01585099354598302,4.828876499441175,0,NORMAL
2026-01-01 03:06:10,1.9711906014832072,0.010671482486238965,8.551962329590667,0,NORMAL
2026-01-01 03:06:20,2.1005495233574836,0.010397989311880183,6.025475641864899,0,NORMAL
2026-01-01 03:06:30,2.525327198003806,0.012770288855579535,4.819887374934306,0,NORMAL
2026-01-01 03:06:40,2.552762966478992,0.005691484648718709,3.1941666741944688,0,NORMAL
2026-01-01 03:06:50,2.5935151527801903,0.010150157395820411,3.100305809855069,0,NORMAL
2026-01-01 03:07:00,2.3193651110145925,0.0,2.4481602411441568,0,NORMAL
2026-01-01 03:07:10,1.4284975436347582,0.014382278227514677,3.376979402651302,0,NORMAL
2026-01-01 03:07:20,2.8167157661505478,0.002192533887790703,7.266997516232943,0,NORMAL
2026-01-01 03:07:30,1.426827303490656,0.017517099142144995,4.334335186123194,0,NORMAL
2026-01-01 03:07:40,2.1513177326195168,0.008349399530167749,0.9506807918563067,0,NORMAL
2026-01-01 03:07:50,1.622862074990321,0.008941665090344116,10.30450787917935,0,NORMAL
2026-01-01 03:08:00,1.9679308267035036,0.006861330469577472,5.959895573435489,0,NORMAL
2026-01-01 03:08:10,2.1643812051517406,0.008559805630389617,0.779169798460492,0,NORMAL
2026-01-01 03:08:20,2.1606786077251368,0.017092656725740184,3.6744532182775282,0,NORMAL
2026-01-01 03:08:30,2.2109603771176425,0.0,5.332659148485254,0,NORMAL
2026-01-01 03:08:40,2.8068556345293234,0.016384826930440938,10.11377627989213,0,NORMAL
2026-01-01 03:08:50,2.2267671507569897,0.011690117405508542,1.6756626252233922,0,NORMAL
2026-01-01 03:09:00,1.8779216823546756,0.003964891760713922,7.92812215806784,0,NORMAL
2026-01-01 03:09:10,2.482043584144179,0.004623438034753811,9.19845928091703,0,NORMAL
2026-01-01 03:09:20,2.59473524446232,0.018381965136041015,3.1140370847762893,0,NORMAL
2026-01-01 03:09:30,1.3861960924315038,0.0052724656002863446,4.1674591434193,0,NORMAL
2026-01-01 03:09:40,2.298700034924929,0.004233247447020202,1.8910722578786892,0,NORMAL
2026-01-01 03:09:50,2.3505863711554493,0.015686572711823648,4.389616576759085,0,NORMAL
2026-01-01 03:10:00,1.851218248320004,0.011692764381429572,4.890230076971206,0,NORMAL
2026-01-01 03:10:10,2.68785340665581,0.005310372117318006,6.978949994247111,0,NORMAL
2026-01-01 03:10:20,1.9249722064837365,0.011083124877023095,8.27055041306134,0,NORMAL
2026-01-01 03:10:30,2.0627882267357713,0.004871236581798614,2.7557118061350585,0,NORMAL
2026-01-01 03:10:40,1.913464087858065,0.015504106992113026,0.0,0,NORMAL
2026-01-01 03:10:50,2.0077895237907337,0.015306854824365668,4.936265662171274,0,NORMAL
2026-01-01 03:11:00,1.4518624565523992,0.012660030994109716,5.880612589905922,0,NORMAL
2026-01-01 03:11:10,1.2799745587028528,0.011808305306235084,5.748253063055125,0,NORMAL
2026-01-01 03:11:20,2.797252531612486,0.01880594062433687,4.019980257472868,0,NORMAL
2026-01-01 03:11:30,1.576519325840836,0.009998431636941127,5.374256298991804,0,NORMAL
2026-01-01 03:11:40,1.5043038252718464,0.004090629372895995,9.546334425056743,0,NORMAL
2026-01-01 03:11:50,0.9233049431981426,0.012247369564161534,6.145202506887528,0,NORMAL
2026-01-01 03:12:00,1.6805191261552488,0.020430235247685568,3.879894724990747,0,NORMAL
2026-01-01 03:12:10,1.3384551032962508,0.004926202534070739,3.499406548712013,0,NORMAL
2026-01-01 03:12:20,2.8210075800681844,0.008192686166530072,4.490442926966808,0,NORMAL
2026-01-01 03:12:30,2.5049085446713173,0.012082230190507262,9.910219885491921,0,NORMAL
2026-01-01 03:12:40,1.655924827411138,0.009730475754971305,4.450097871421408,0,NORMAL
2026-01-01 03:12:50,3.1262179026721544,0.0050884820981134254,4.940616966437876,0,NORMAL
2026-01-01 03:13:00,2.490882743495797,0.015609289281152355,3.553059287191091,0,NORMAL
2026-01-01 03:13:10,1.8375843082456889,0.021600203610086296,8.296950072325894,0,NORMAL
2026-01-01 03:13:20,0.7502971425632137,0.010980657295119538,10.879511764234024,0,NORMAL
2026-01-01 03:13:30,3.1454712862953706,0.005479658551319997,6.3518391482941645,0,NORMAL
2026-01-01 03:13:40,1.305213766618202,0.0022551973747326247,5.248318711356277,0,NORMAL
2026-01-01 03:13:50,1.177300626521554,0.011289879906105905,5.110348499522704,0,NORMAL
2026-01-01 03:14:00,2.5112852160048202,0.015519386716581289,0.0,0,NORMAL
2026-01-01 03:14:10,3.2198762031696364,0.012375838732476909,7.235452592854452,0,NORMAL
2026-01-01 03:14:20,2.692136409255259,0.009987980795405731,5.402499247987531,0,NORMAL
2026-01-01 03:14:30,2.28195456002618,0.007053641741053469,6.2850261519821755,0,NORMAL
2026-01-01 03:14:40,2.297377170832643,0.004539181836409552,2.8656134177488854,0,NORMAL
2026-01-01 03:14:50,2.4267077793901537,0.014173756631624412,3.846629363068725,0,NORMAL
2026-01-01 03:15:00,2.3794642948933826,0.014568858106927929,3.766925190490481,0,NORMAL
2026-01-01 03:15:10,2.140595711984688,0.0022713510665463344,8.064868952219117,0,NORMAL
2026-01-01 03:15:20,2.052100551975938,0.01794919489090342,3.86372049019072,0,NORMAL
2026-01-01 03:15:30,1.968703436050239,0.012870356104470007,11.247980966329393,0,NORMAL
2026-01-01 03:15:40,1.623017705566662,0.016997973225728966,6.2925872570451125,0,NORMAL
2026-01-01 03:15:50,1.859662461566613,0.0032893612575744247,1.1729520200128052,0,NORMAL
2026-01-01 03:16:00,1.1535215929023073,0.003170879222922806,4.614361120244129,0,NORMAL
2026-01-01 03:16:10,1.950830186602625,0.009255153451163515,3.044974633530753,0,NORMAL
2026-01-01 03:16:20,1.5057044464245413,0.01251392213447597,0.0,0,NORMAL
2026-01-01 03:16:30,1.4482053413921143,0.018981804114634817,9.798412820341369,0,NORMAL
2026-01-01 03:16:40,2.089947075576739,0.013530394569075658,7.109427626660012,0,NORMAL
2026-01-01 03:16:50,2.6960011431722997,0.008786593615939834,6.5996219536979375,0,NORMAL
2026-01-01 03:17:00,2.4591583030011566,0.004868153961670539,5.496210980899113,0,NORMAL
2026-01-01 03:17:10,1.2147496981884114,0.01615000286359575,0.8539472939226871,0,NORMAL
2026-01-01 03:17:20,1.5051859317148313,0.0051764728712464245,3.54914858133369,0,NORMAL
2026-01-01 03:17:30,2.470385593994108,0.018142342773861612,7.525342324352038,0,NORMAL
2026-01-01 03:17:40,1.5087563032308453,0.008578076751967454,1.8463399106524925,0,NORMAL
2026-01-01 03:17:50,1.8876834250014878,0.017952910363089252,0.0,0,NORMAL
2026-01-01 03:18:00,2.275026049512276,0.013394656450296392,4.318681976657221,0,NORMAL
2026-01-01 03:18:10,1.5158277725681824,0.009315022552787709,4.574727337917383,0,NORMAL
2026-01-01 03:18:20,2.05268775307298,0.007403018140869367,5.406690249244128,0,NORMAL
2026-01-01 03:18:30,1.3329872525408977,0.008295460613269601,7.185555930543608,0,NORMAL
2026-01-01 03:18:40,1.699316178024393,0.012141583461876188,6.912817436693626,0,NORMAL
2026-01-01 03:18:50,2.1598909670712687,0.010385782481088584,5.776309415731765,0,NORMAL
2026-01-01 03:19:00,1.2035031332341655,0.007030942959656474,8.586594164260127,0,NORMAL
2026-01-01 03:19:10,2.2202373689801993,0.00917184294841184,0.44309065756005594,0,NORMAL
2026-01-01 03:19:20,1.9901811005366594,0.01039288514859575,6.513745443432171,0,NORMAL
2026-01-01 03:19:30,2.2762449772085738,0.0,6.8796150900108275,0,NORMAL
2026-01-01 03:19:40,2.1119570670323307,0.012290840573943494,1.281313141759282,0,NORMAL
2026-01-01 03:19:50,2.682070214986922,0.005101393876415966,0.49138817395283274,0,NORMAL
2026-01-01 03:20:00,2.0626122513239538,0.004233337983971275,2.7621736205731953,0,NORMAL
2026-01-01 03:20:10,1.7852972294373735,0.0015632782644464482,3.0153756724541236,0,NORMAL
2026-01-01 03:20:20,2.061148751516142,0.0010305375106605486,7.260258390507293,0,NORMAL
2026-01-01 03:20:30,2.2716490145181942,0.003222762484438554,3.1563836489267145,0,NORMAL
2026-01-01 03:20:40,2.0244300351628524,0.006454895211847548,2.430954445156388,0,NORMAL
2026-01-01 03:20:50,2.0202958456019413,0.019766295687632843,3.1650987899163225,0,NORMAL
2026-01-01 03:21:00,1.6490041560966222,0.00737060162052398,8.355897002462635,0,NORMAL
2026-01-01 03:21:10,1.6685495412245257,0.010888750531340157,5.039130123130857,0,NORMAL
2026-01-01 03:21:20,1.2986973641001534,0.012002406932531644,4.462246923929263,0,NORMAL
2026-01-01 03:21:30,2.8747883715934694,0.010655325931079243,4.6699835038968445,0,NORMAL
2026-01-01 03:21:40,1.3780683823043574,0.009612782696370031,8.876181002979568,0,NORMAL
2026-01-01 03:21:50,1.6535474011020463,0.004023531182003777,2.7524848201902747,0,NORMAL
2026-01-01 03:22:00,1.6407963672154013,0.01725463774139606,8.946524872820312,0,NORMAL
2026-01-01 03:22:10,2.4474621884722207,0.019035983218189428,5.631488896764511,0,NORMAL
2026-01-01 03:22:20,1.852525160853986,0.0015867065293865713,4.518741854073957,0,NORMAL
2026-01-01 03:22:30,2.623871036336867,0.004879857045568103,12.502701493802844,0,NORMAL
2026-01-01 03:22:40,1.6632546878780659,0.00860094828811497,1.833081530604211,0,NORMAL
2026-01-01 03:22:50,2.139497081111901,0.005177311025449043,3.938942721298982,0,NORMAL
2026-01-01 03:23:00,1.5823264733701214,0.012529827767279327,1.3027062825079994,0,NORMAL
2026-01-01 03:23:10,3.072574563886694,0.006358638987966935,7.8573859116085085,0,NORMAL
2026-01-01 03:23:20,1.4062007904852436,0.02082528033903301,10.067566800955035,0,NORMAL
2026-01-01 03:23:30,2.154910355113514,0.01595274297171798,10.009768344213915,0,NORMAL
2026-01-01 03:23:40,2.316888440466049,0.011062870153161075,8.671846259438015,0,NORMAL
2026-01-01 03:23:50,2.2068995487257492,0.015134931316598661,4.4071385966121035,0,NORMAL
2026-01-01 03:24:00,1.907356170561146,0.015529502121786545,3.9042770675304603,0,NORMAL
2026-01-01 03:24:10,1.9350896501332868,0.007180262559708784,0.0,0,NORMAL
2026-01-01 03:24:20,2.021905735989555,0.005918913777290176,11.107620605545378,0,NORMAL
2026-01-01 03:24:30,1.9264989991857557,0.010390715314848238,6.406934234445403,0,NORMAL
2026-01-01 03:24:40,2.481939558397455,0.01430818062248972,3.5241292853915507,0,NORMAL
2026-01-01 03:24:50,3.1052615007956756,0.01069530199326709,8.984170666960903,0,NORMAL
2026-01-01 03:25:00,1.7212541074960832,0.002115017589045014,2.0817064497199973,0,NORMAL
2026-01-01 03:25:10,1.3150985102104609,0.005985877780245789,6.219866102668022,0,NORMAL
2026-01-01 03:25:20,1.9558589758243725,0.00963013568202811,4.482112597127496,0,NORMAL
2026-01-01 03:25:30,3.289854668827159,0.00962167197837085,6.916031419640903,0,NORMAL
2026-01-01 03:25:40,1.5981627160151346,0.01986271088394904,4.809279382441636,0,NORMAL
2026-01-01 03:25:50,2.8195584027220337,0.00307006028800501,0.6472163266663267,0,NORMAL
2026-01-01 03:26:00,2.8388504070382203,0.012527946209179373,5.226729118010113,0,NORMAL
2026-01-01 03:26:10,1.7232058791460028,0.017445565541641447,8.146592425626086,0,NORMAL
2026-01-01 03:26:20,2.2844915395926377,0.02135724872711398,4.912350782438044,0,NORMAL
2026-01-01 03:26:30,2.814198311564269,0.007978012884080194,7.325345364767258,0,NORMAL
2026-01-01 03:26:40,1.8104361295062565,0.012457147263600999,1.8634115429778406,0,NORMAL
2026-01-01 03:26:50,1.898209819948819,0.012848801785993234,4.921217620190443,0,NORMAL
2026-01-01 03:27:00,1.709159543025678,0.010977408657766455,3.126468634734268,0,NORMAL
2026-01-01 03:27:10,1.4926216346535666,0.00950577399380347,7.240942520314129,0,NORMAL
2026-01-01 03:27:20,1.6753612274669964,0.01217987694750023,5.094474686785987,0,NORMAL
2026-01-01 03:27:30,1.3880298666188717,0.0,7.070221029009837,0,NORMAL
2026-01-01 03:27:40,2.017041734129613,0.013410347450313156,8.263131278473598,0,NORMAL
2026-01-01 03:27:50,1.6150133844706793,0.010630889518309835,7.074855725364165,0,NORMAL
2026-01-01 03:28:00,2.116892955895374,0.008887625516108673,5.819355302880933,0,NORMAL
2026-01-01 03:28:10,1.2220521768981865,0.020234310978597788,2.005363224465784,0,NORMAL
2026-01-01 03:28:20,2.1654401161072285,0.006625329906047239,4.991641667999296,0,NORMAL
2026-01-01 03:28:30,2.416764480804462,0.007984620054674846,3.400728793952501,0,NORMAL
2026-01-01 03:28:40,1.0031321787142722,0.01995776651102367,3.9678081298873202,0,NORMAL
2026-01-01 03:28:50,2.187028284923786,0.005839693475750717,3.8763975477492476,0,NORMAL
2026-01-01 03:29:00,2.613834496236646,0.0072494235853173055,2.0602232756532666,0,NORMAL
2026-01-01 03:29:10,1.3951794906543973,0.00926487288284575,0.0,0,NORMAL
2026-01-01 03:29:20,2.836286193418852,0.014203672410647747,2.9955708550166995,0,NORMAL
2026-01-01 03:29:30,2.2095095046830227,0.011039012536766568,5.580138355772477,0,NORMAL
2026-01-01 03:29:40,1.6474940721207956,0.0035368732642386868,0.9554688637175295,0,NORMAL
2026-01-01 03:29:50,1.9721154611711469,0.0073391571843640525,5.047046709414873,0,NORMAL
2026-01-01 03:30:00,2.279163456260861,0.006963227833938943,10.700805272932893,0,NORMAL
2026-01-01 03:30:10,2.0380026957062056,0.009613894773884772,8.069169665756718,0,NORMAL
2026-01-01 03:30:20,2.2693779962231844,0.012129218293149146,9.930624527361587,0,NORMAL
2026-01-01 03:30:30,1.5396632034603168,0.01209102877943986,6.173383630798178,0,NORMAL
2026-01-01 03:30:40,2.084680412018039,0.0011199412297579893,8.502529468959338,0,NORMAL
2026-01-01 03:30:50,1.29314275154751,0.01531970493780428,2.8281058085966375,0,NORMAL
2026-01-01 03:31:00,1.94438696932565,0.011262844229983117,3.0669791989340474,0,NORMAL
2026-01-01 03:31:10,1.548046179267605,0.016922660237969532,0.0,0,NORMAL
2026-01-01 03:31:20,1.6322350287051166,0.01222099163645336,8.558436422126897,0,NORMAL
2026-01-01 03:31:30,2.618046587605219,0.015506614788678812,9.620971939459658,0,NORMAL
2026-01-01 03:31:40,2.5456550602971344,0.012332726557250635,3.340468263958191,0,NORMAL
2026-01-01 03:31:50,2.3045690604535887,0.01673112878101374,4.238144880808295,0,NORMAL
2026-01-01 03:32:00,1.4538436176637104,0.012611253180088893,2.7384136589271155,0,NORMAL
2026-01-01 03:32:10,1.841795775152599,0.00951042376778548,6.147960654432475,0,NORMAL
2026-01-01 03:32:20,2.6065488499895917,0.02136217360223441,8.374797635909722,0,NORMAL
2026-01-01 03:32:30,2.0708584568199524,0.01444518561139946,0.0,0,NORMAL
2026-01-01 03:32:40,3.1596647699908473,0.012868722105022067,6.228315591926757,0,NORMAL
2026-01-01 03:32:50,2.1966589196971857,0.0036184779173083206,4.1699846848425635,0,NORMAL
2026-01-01 03:33:00,2.096024558245016,0.0035584619126823114,5.340183175900068,0,NORMAL
2026-01-01 03:33:10,1.8454417678987494,0.011463577410709268,6.376982005022873,0,NORMAL
2026-01-01 03:33:20,2.066770452391141,0.010727605988841205,4.4353926836815365,0,NORMAL
2026-01-01 03:33:30,1.9237650818097283,0.006929387174958419,4.689239439782658,0,NORMAL
2026-01-01 03:33:40,2.3540543383442953,0.0107049134980603,4.358374497336083,0,NORMAL
2026-01-01 03:33:50,2.478351158397292,0.01794313464021798,7.910948605364844,0,NORMAL
2026-01-01 03:34:00,1.6070052697460253,0.013477012372751493,6.25627988038249,0,NORMAL
2026-01-01 03:34:10,1.334383523221111,0.004294957451236309,5.6617506132120825,0,NORMAL
2026-01-01 03:34:20,1.0818973134483518,0.009442455864285281,1.1871448367231519,0,NORMAL
2026-01-01 03:34:30,2.253995663456272,0.005975167595737196,3.8642607703605374,0,NORMAL
2026-01-01 03:34:40,1.4483166969130632,0.008061500417957194,7.6960074810175225,0,NORMAL
2026-01-01 03:34:50,0.9235547035237586,0.007931921671851786,5.113089719371769,0,NORMAL
2026-01-01 03:35:00,2.194289302265482,0.007611772086979975,6.978594408767415,0,NORMAL
2026-01-01 03:35:10,3.2464997587163955,0.0037243231401330257,10.2995354009829,0,NORMAL
2026-01-01 03:35:20,1.9969645442300534,0.00936172659240905,8.11581820762645,0,NORMAL
2026-01-01 03:35:30,2.419245387225821,0.0071969618157634516,5.279475013099227,0,NORMAL
2026-01-01 03:35:40,2.0409146792737825,0.0,3.467032489412819,0,NORMAL
2026-01-01 03:35:50,1.9505551734044286,0.020264860122508315,0.0,0,NORMAL
2026-01-01 03:36:00,2.4595382414938842,0.01544384827108336,4.494845232581443,0,NORMAL
2026-01-01 03:36:10,1.8548627279056744,0.00811849637537502,4.021962512549453,0,NORMAL
2026-01-01 03:36:20,2.1336961570359514,0.010094095248702993,6.171098583186127,0,NORMAL
2026-01-01 03:36:30,2.1608489030980067,0.004141728263412191,4.538284319075937,0,NORMAL
2026-01-01 03:36:40,1.6659547731784756,0.018478614389054328,4.038844821689617,0,NORMAL
2026-01-01 03:36:50,2.4960211747682615,0.019486443473865557,0.0,0,NORMAL
2026-01-01 03:37:00,1.9125201216522956,0.010783468641232623,2.1800965125498006,0,NORMAL
2026-01-01 03:37:10,1.6221274202535776,0.015117653220926723,6.429953122401672,0,NORMAL
2026-01-01 03:37:20,2.2682549217852017,0.01087643389466962,10.147722893398083,0,NORMAL
2026-01-01 03:37:30,1.5507660091044815,0.0033163728056203466,4.7074238487631295,0,NORMAL
2026-01-01 03:37:40,2.014090578684564,0.007940883155181714,5.98343322072237,0,NORMAL
2026-01-01 03:37:50,1.9954405016778982,0.010659639833859785,7.857434470858416,0,NORMAL
2026-01-01 03:38:00,2.542947782915789,0.007727261406282779,2.5673181913992513,0,NORMAL
2026-01-01 03:38:10,2.2373491164399764,0.00890673361282482,6.100442129856327,0,NORMAL
2026-01-01 03:38:20,1.9874865206274281,0.009543002212454424,2.7785296810035236,0,NORMAL
2026-01-01 03:38:30,2.4088831496001437,0.00959560751067269,7.594473315473035,0,NORMAL
2026-01-01 03:38:40,2.695103774508657,0.010261292452487416,5.454209143855198,0,NORMAL
2026-01-01 03:38:50,2.278905153175931,0.0046969746680169955,5.89535544194432,0,NORMAL
2026-01-01 03:39:00,2.00517630992169,0.006414919254360319,2.6522042077442327,0,NORMAL
2026-01-01 03:39:10,1.3440818838249202,0.0035770786715001537,7.121097078832355,0,NORMAL
2026-01-01 03:39:20,1.4674431684623137,0.014889077748431002,11.254138763693048,0,NORMAL
2026-01-01 03:39:30,1.847387647822666,0.0,1.9762649137153816,0,NORMAL
2026-01-01 03:39:40,1.6952438989203584,0.01576795171658463,3.9807229770574284,0,NORMAL
2026-01-01 03:39:50,1.906514348507277,0.01693174698631422,5.694822422504275,0,NORMAL
2026-01-01 03:40:00,2.0283249624485538,0.008489097065086893,7.35921863598745,0,NORMAL
2026-01-01 03:40:10,2.2648463771783653,0.0,3.3213611441315933,0,NORMAL
2026-01-01 03:40:20,1.9647506109704544,0.008193447190163548,0.0,0,NORMAL
2026-01-01 03:40:30,2.243250821913101,0.009679079193555904,9.077568482492076,0,NORMAL
2026-01-01 03:40:40,2.03223720740506,0.004947008900355432,7.281518358752428,0,NORMAL
2026-01-01 03:40:50,1.0122667168230643,0.007423908030958786,0.0,0,NORMAL
2026-01-01 03:41:00,1.5303323030906228,0.017650975994316757,3.177293624661332,0,NORMAL
2026-01-01 03:41:10,1.9279562221391924,0.013324635811508705,9.704547288581978,0,NORMAL
2026-01-01 03:41:20,1.3951526285794462,0.005377179428109501,9.343389255373598,0,NORMAL
2026-01-01 03:41:30,2.299964364998102,0.0020120041520228405,7.815920068036834,0,NORMAL
2026-01-01 03:41:40,2.7653754161718487,0.008364913411951147,4.471662698120412,0,NORMAL
2026-01-01 03:41:50,2.6093809258486584,0.00893271610324781,5.24896225643753,0,NORMAL
2026-01-01 03:42:00,1.893278564534896,0.012480995936816583,4.607222584621621,0,NORMAL
2026-01-01 03:42:10,2.745363068424976,0.007323416437161705,8.384719349806511,0,NORMAL
2026-01-01 03:42:20,2.0743337286010557,0.012557497876809307,2.3724727805146695,0,NORMAL
2026-01-01 03:42:30,1.83145701444098,0.019675770200301146,2.582601035347386,0,NORMAL
2026-01-01 03:42:40,1.6932986682295301,0.014077505112221313,8.030823760508047,0,NORMAL
2026-01-01 03:42:50,1.8487651567559358,0.009759557463346138,4.866915633465315,0,NORMAL
2026-01-01 03:43:00,1.8059115907293857,0.009084247644733527,9.135402066361424,0,NORMAL
2026-01-01 03:43:10,2.085208111187744,0.008216634329100645,2.9854633790583627,0,NORMAL
2026-01-01 03:43:20,2.0802869905249324,0.01590320456226072,4.835664918983524,0,NORMAL
2026-01-01 03:43:30,2.001523010076707,0.006863432770243487,2.2327610454681404,0,NORMAL
2026-01-01 03:43:40,2.218469084873175,0.010226113544999913,5.022088044270701,0,NORMAL
2026-01-01 03:43:50,2.5953231373931707,0.010255989509405428,0.5643591890036033,0,NORMAL
2026-01-01 03:44:00,2.474777067720662,0.00749107903594234,3.5370997371351116,0,NORMAL
2026-01-01 03:44:10,1.2575510157750482,0.003137672260579495,0.6912384052156466,0,NORMAL
2026-01-01 03:44:20,0.7230394325490226,0.011614872518088343,7.081769699573775,0,NORMAL
2026-01-01 03:44:30,2.467159955619637,0.009694980140723081,7.149768019278955,0,NORMAL
2026-01-01 03:44:40,1.3165606507922893,0.01250120234718285,0.0,0,NORMAL
2026-01-01 03:44:50,1.8876172990536582,0.007331998467804165,9.001657236501718,0,NORMAL
2026-01-01 03:45:00,1.4149434869703201,0.01610410649406524,12.492245379259561,0,NORMAL
2026-01-01 03:45:10,1.0990097812099902,0.005616131093940776,5.138019160209023,0,NORMAL
2026-01-01 03:45:20,2.270731364102394,0.01856020142008946,3.0766572193260657,0,NORMAL
2026-01-01 03:45:30,2.3795775801513233,0.001261817450858692,13.472991773009138,0,NORMAL
2026-01-01 03:45:40,1.7117447996366404,0.012173850322784455,1.0430945050924678,0,NORMAL
2026-01-01 03:45:50,0.7044788539275451,0.012377153412633117,5.060319400607296,0,NORMAL
2026-01-01 03:46:00,1.7268777758737586,0.006022214660295589,5.53886681789577,0,NORMAL
2026-01-01 03:46:10,2.1959020027012732,0.012121969689305062,9.035442861357243,0,NORMAL
2026-01-01 03:46:20,1.2605442156129358,0.016397593348800796,6.079216925380365,0,NORMAL
2026-01-01 03:46:30,2.0916799598895777,0.0,3.5040983126346457,0,NORMAL
2026-01-01 03:46:40,1.9923450754135021,0.012513724037454073,2.146446888836132,0,NORMAL
2026-01-01 03:46:50,2.289645749800544,0.0,3.9745345392615934,0,NORMAL
2026-01-01 03:47:00,2.0597901842070767,0.0051716759823839595,1.9792179171645676,0,NORMAL
2026-01-01 03:47:10,1.5134655295592223,0.018145831824504726,5.143475959354049,0,NORMAL
2026-01-01 03:47:20,2.598285750832246,0.00709108983303973,3.3074114604185403,0,NORMAL
2026-01-01 03:47:30,1.920735213486515,0.0041306001779551375,0.5178866201307482,0,NORMAL
2026-01-01 03:47:40,1.986347730245034,0.009010311355076591,8.765437365124711,0,NORMAL
2026-01-01 03:47:50,1.533366020463402,0.02033953169081776,3.506982429712882,0,NORMAL
2026-01-01 03:48:00,1.778358874404245,0.0008415887639698693,1.1955895850740623,0,NORMAL
2026-01-01 03:48:10,1.5575986429865496,0.004743450441803278,4.495222596537375,0,NORMAL
2026-01-01 03:48:20,1.9135269700382884,0.01748715841589813,5.205114697902976,0,NORMAL
2026-01-01 03:48:30,2.8558542400711717,0.019288511717688663,0.0,0,NORMAL
2026-01-01 03:48:40,1.3140494285343218,0.00948284387854858,5.994943001377289,0,NORMAL
2026-01-01 03:48:50,1.1932193010616294,0.003804736487366788,1.8585272939292063,0,NORMAL
2026-01-01 03:49:00,2.735585163746804,0.020479217509045796,10.133086427572364,0,NORMAL
2026-01-01 03:49:10,1.895338161424067,0.017972211958745984,6.5718815362302045,0,NORMAL
2026-01-01 03:49:20,1.6654636306700417,0.013394734938811164,3.800300029672051,0,NORMAL
2026-01-01 03:49:30,2.519952343698038,0.0059379882553129,2.7644966890479497,0,NORMAL
2026-01-01 03:49:40,1.6971922301315678,0.009754853295809817,4.685096877309128,0,NORMAL
2026-01-01 03:49:50,2.913004856773468,0.009198199594775849,6.838372224749869,0,NORMAL
2026-01-01 03:50:00,2.3389629356696346,0.011654256523077888,4.923517614244401,0,NORMAL
2026-01-01 03:50:10,1.7560442959271487,0.01725500719065668,4.34852357858943,0,NORMAL
2026-01-01 03:50:20,3.0786541066327517,0.014397085205687016,5.175110872453687,0,NORMAL
2026-01-01 03:50:30,1.6971425384983307,0.004613119615076209,3.1884232062891362,0,NORMAL
2026-01-01 03:50:40,2.3710476860046534,0.01688248225009769,3.970382219470887,0,NORMAL
2026-01-01 03:50:50,2.149646290203246,0.011565660700065776,0.0,0,NORMAL
2026-01-01 03:51:00,2.650870644699399,0.013435328979294581,7.9211786925571035,0,NORMAL
2026-01-01 03:51:10,2.7807555983634265,0.017332704296393015,5.896393340965286,0,NORMAL
2026-01-01 03:51:20,2.0160020745328833,0.004442098752432244,2.6796324678997094,0,NORMAL
2026-01-01 03:51:30,1.6232910648269083,0.009820872106467685,10.696204944065716,0,NORMAL
2026-01-01 03:51:40,2.229986071469558,0.007342727243203925,5.26104944117716,0,NORMAL
2026-01-01 03:51:50,1.6611423151239468,0.0021607028731727208,1.891569284074409,0,NORMAL
2026-01-01 03:52:00,3.0066936237633115,0.0117335498880246,7.570212264411375,0,NORMAL
2026-01-01 03:52:10,2.0682676655413688,0.02255778275792212,6.194144649527788,0,NORMAL
2026-01-01 03:52:20,1.8173392243439457,0.0007996112774712361,6.1837399564526585,0,NORMAL
2026-01-01 03:52:30,2.0923401529324543,0.00983859694475265,3.7227331860452284,0,NORMAL
2026-01-01 03:52:40,1.3264368552351518,0.013202714675373867,6.351487171334104,0,NORMAL
2026-01-01 03:52:50,1.5141929807446743,0.010615391008280906,4.214725129336716,0,NORMAL
2026-01-01 03:53:00,2.600206953972213,0.009434359737421297,6.667824354937527,0,NORMAL
2026-01-01 03:53:10,1.6715528605143022,0.0035039181827708787,0.0,0,NORMAL
2026-01-01 03:53:20,1.47654450865903,0.011163933714700819,3.6983796110624327,0,NORMAL
2026-01-01 03:53:30,2.268326376263643,0.006216180114920368,10.166465293424585,0,NORMAL
2026-01-01 03:53:40,2.5928520773314983,0.0,2.6987976337990993,0,NORMAL
2026-01-01 03:53:50,2.3594766553325335,0.015972961102568652,3.1884851075204406,0,NORMAL
2026-01-01 03:54:00,2.4980238429029082,0.014791929099210212,3.6561159846500746,0,NORMAL
2026-01-01 03:54:10,1.6216024557152697,0.0102583048842554,1.3555815923340702,0,NORMAL
2026-01-01 03:54:20,1.2890946666290781,0.011145373441028514,0.0,0,NORMAL
2026-01-01 03:54:30,2.7506668259777434,0.015371590063577809,4.308240804429161,0,NORMAL
2026-01-01 03:54:40,1.8386600805789322,0.011121698283890414,5.407578272244971,0,NORMAL
2026-01-01 03:54:50,1.8745834917724764,0.014520087773806572,4.842484794384044,0,NORMAL
2026-01-01 03:55:00,2.664097070924529,0.00851258899563075,4.56536431415634,0,NORMAL
2026-01-01 03:55:10,2.27811500470033,0.016559918692869734,5.129122612551163,0,NORMAL
2026-01-01 03:55:20,2.2279438860408036,0.01160392862966342,8.068524414652293,0,NORMAL
2026-01-01 03:55:30,3.082501172450542,0.01097025971802937,4.428661442212349,0,NORMAL
2026-01-01 03:55:40,1.6782408848099286,0.0036496945564398397,3.2777522687381913,0,NORMAL
2026-01-01 03:55:50,2.4639200640406185,0.011434779271508544,4.156623545335741,0,NORMAL
2026-01-01 03:56:00,2.028506562448542,0.005840225412527745,6.738040279270328,0,NORMAL
2026-01-01 03:56:10,2.134296139431629,0.006808586367357529,9.23608063562975,0,NORMAL
2026-01-01 03:56:20,2.764234213206266,0.005923121858419394,3.115568782492465,0,NORMAL
2026-01-01 03:56:30,2.253917878144812,0.004668825340503874,5.296801361086652,0,NORMAL
2026-01-01 03:56:40,2.2691480395248167,0.020623857015084807,6.015072325807878,0,NORMAL
2026-01-01 03:56:50,2.536253668654901,0.016656695309942016,2.022265979813531,0,NORMAL
2026-01-01 03:57:00,1.8175236352285573,0.019601837510721306,5.061251501638754,0,NORMAL
2026-01-01 03:57:10,1.5803951663304967,0.0038855249022221807,0.6029784279737147,0,NORMAL
2026-01-01 03:57:20,1.477595402989483,0.010356268749554462,0.0,0,NORMAL
2026-01-01 03:57:30,1.0168217053119992,0.0035324618739795213,6.100239223676771,0,NORMAL
2026-01-01 03:57:40,3.028103564970161,0.00652152561401468,3.848375776007652,0,NORMAL
2026-01-01 03:57:50,1.4483958171391584,0.005409365082917126,5.6068412228636575,0,NORMAL
2026-01-01 03:58:00,1.889373188207114,0.016197920032207807,4.9463150689749495,0,NORMAL
2026-01-01 03:58:10,1.8615933500555397,0.008018851609491201,2.070799854008608,0,NORMAL
2026-01-01 03:58:20,2.1537033489045503,0.015341896668470082,4.864237094106991,0,NORMAL
2026-01-01 03:58:30,2.4078686062696484,0.01302060444794259,1.3006960849554345,0,NORMAL
2026-01-01 03:58:40,2.4302367441798727,0.021518193760523944,9.172917074004202,0,NORMAL
2026-01-01 03:58:50,1.7084612807155308,0.00260277888430138,0.9320889654201086,0,NORMAL
2026-01-01 03:59:00,1.9164391431067942,0.016296166198933995,4.412644187094256,0,NORMAL
2026-01-01 03:59:10,2.14128997524415,0.015732204352003638,1.8731852358582555,0,NORMAL
2026-01-01 03:59:20,1.8756544369082264,0.005133105809864827,6.711263520082387,0,NORMAL
2026-01-01 03:59:30,2.8036727880099965,0.015035666682365799,4.005705886155491,0,NORMAL
2026-01-01 03:59:40,2.2454874758191257,0.011680724815131145,3.4439998411363697,0,NORMAL
2026-01-01 03:59:50,2.3674388930249086,0.008862618700232961,7.559604635154663,0,NORMAL
2026-01-01 04:00:00,2.331440634333706,0.005880322565140001,5.088291775032657,0,NORMAL
2026-01-01 04:00:10,2.5867369287426625,0.00640445274275407,6.549933337807902,0,NORMAL
2026-01-01 04:00:20,2.0905107793518534,0.02024906047892963,2.0560221904476057,0,NORMAL
2026-01-01 04:00:30,1.3515840260220768,0.010003414094787413,0.7855491682174793,0,NORMAL
2026-01-01 04:00:40,2.1998439758763206,0.013910650007657297,5.321623886120401,0,NORMAL
2026-01-01 04:00:50,1.6743215531040856,0.006045503091662234,4.0434609335158065,0,NORMAL
2026-01-01 04:01:00,1.7356916591251217,0.006100735268891806,6.879304017361832,0,NORMAL
2026-01-01 04:01:10,2.2931820093775466,0.01540992404624971,4.760274642012351,0,NORMAL
2026-01-01 04:01:20,2.619141535716818,0.0032521189422423393,5.61522601770389,0,NORMAL
2026-01-01 04:01:30,2.010635788368031,0.007923931160473642,0.12985241017626836,0,NORMAL
2026-01-01 04:01:40,2.154416506299482,0.010170137055361161,10.66531081884277,0,NORMAL
2026-01-01 04:01:50,2.851107472317619,0.010556863009200262,4.507274044903904,0,NORMAL
2026-01-01 04:02:00,2.1203765897442843,0.009104533574919218,7.0927609110175975,0,NORMAL
2026-01-01 04:02:10,3.300841557090197,0.011979098905479617,2.4917249893411206,0,NORMAL
2026-01-01 04:02:20,2.282754822815772,0.013464278779089059,5.924029706652023,0,NORMAL
2026-01-01 04:02:30,1.119618620422091,0.01367318772729665,1.091465709425764,0,NORMAL
2026-01-01 04:02:40,2.376670810552266,0.005070980956660867,6.356203514779013,0,NORMAL
2026-01-01 04:02:50,2.1905791924413887,0.008579224510356014,3.9320777468425017,0,NORMAL
2026-01-01 04:03:00,2.644876377041373,0.015973814309384687,5.087571511806702,0,NORMAL
2026-01-01 04:03:10,2.3365906756349792,0.014473235937869361,7.093922090390293,0,NORMAL
2026-01-01 04:03:20,1.930772008008113,0.0031357027425946804,1.3023790663391595,0,NORMAL
2026-01-01 04:03:30,1.387850881855317,0.01175739950176101,2.946524808161609,0,NORMAL
2026-01-01 04:03:40,1.8954883713569874,0.00010887375312594872,6.371972843260297,0,NORMAL
2026-01-01 04:03:50,1.57473977289535,0.010234674510301849,11.29466442364024,0,NORMAL
2026-01-01 04:04:00,1.7097382750976386,0.019488835083729887,4.585752996015555,0,NORMAL
2026-01-01 04:04:10,2.294289202210305,0.005260536413655069,6.7734083537717975,0,NORMAL
2026-01-01 04:04:20,2.834952252175703,0.00582838477254209,4.67908559042456,0,NORMAL
2026-01-01 04:04:30,2.1973357649114904,0.013820148907864298,10.826736784268899,0,NORMAL
2026-01-01 04:04:40,1.4020584689824078,0.0022859924239517705,0.0,0,NORMAL
2026-01-01 04:04:50,2.22230133411007,0.006836224850574805,5.283863134008074,0,NORMAL
2026-01-01 04:05:00,2.5983157433228254,0.012982205687908763,0.12336789931381698,0,NORMAL
2026-01-01 04:05:10,1.695108547840309,0.006828570761552985,0.0,0,NORMAL
2026-01-01 04:05:20,1.9329914166635411,0.008820150063945141,5.892386159353451,0,NORMAL
2026-01-01 04:05:30,2.0073440973645984,0.013720928551575173,5.418493388442377,0,NORMAL
2026-01-01 04:05:40,1.6075508434588799,0.012107730417682807,4.145489186773396,0,NORMAL
2026-01-01 04:05:50,2.3241402169219296,0.01133409198147701,4.6814177298807405,0,NORMAL
2026-01-01 04:06:00,1.9395259256961093,0.008304388603649805,14.294898302213772,0,NORMAL
2026-01-01 04:06:10,2.209766221953514,0.011850305576344778,4.225474585905697,0,NORMAL
2026-01-01 04:06:20,1.55625391109895,0.009381336599501217,6.5303730837502245,0,NORMAL
2026-01-01 04:06:30,1.7812708498382948,0.012289028049628926,3.0519055411583573,0,NORMAL
2026-01-01 04:06:40,2.3611906789138857,0.007515339874410109,5.885697725121809,0,NORMAL
2026-01-01 04:06:50,1.8135834239541164,0.009087155128102294,4.285298974833148,0,NORMAL
2026-01-01 04:07:00,2.8634819256167026,0.0050502110372399305,3.76844455181081,0,NORMAL
2026-01-01 04:07:10,1.8001819071926988,0.00982496194996882,10.456695596600975,0,NORMAL
2026-01-01 04:07:20,2.112342362875943,0.0059449956818557765,8.531554889553018,0,NORMAL
2026-01-01 04:07:30,2.466295415936545,0.004429767749190035,5.410239942197692,0,NORMAL
2026-01-01 04:07:40,1.2908171335334842,0.01129330573927694,0.0,0,NORMAL
2026-01-01 04:07:50,1.119595594009612,0.011063698879288302,3.9169723302422907,0,NORMAL
2026-01-01 04:08:00,1.2371718427149525,0.013914368674742862,13.109082693215251,0,NORMAL
2026-01-01 04:08:10,2.631292051713591,0.007844372152124504,4.308015000080876,0,NORMAL
2026-01-01 04:08:20,1.7240709270537766,0.01204026423418378,8.309652716160974,0,NORMAL
2026-01-01 04:08:30,3.279099642834126,0.012753987861368317,9.325827205857802,0,NORMAL
2026-01-01 04:08:40,1.7178762006713058,0.012223869039157974,5.656891747567926,0,NORMAL
2026-01-01 04:08:50,2.0922756515985186,0.00587173158598929,2.4745351043955433,0,NORMAL
2026-01-01 04:09:00,2.7710549762839376,0.010746817411355945,0.0,0,NORMAL
2026-01-01 04:09:10,3.0030464440795615,0.011820701480273307,7.052489625826864,0,NORMAL
2026-01-01 04:09:20,3.0307517883181987,0.01003589233453971,2.5557319915293557,0,NORMAL
2026-01-01 04:09:30,2.6041831152965713,0.0,5.528451355663076,0,NORMAL
2026-01-01 04:09:40,2.5120312629057313,0.0108024481198674,1.2505389812319077,0,NORMAL
2026-01-01 04:09:50,2.2962634746005914,0.021062655196986215,4.2042873785893935,0,NORMAL
2026-01-01 04:10:00,2.389180538083319,0.008199803656215086,5.10115716470316,0,NORMAL
2026-01-01 04:10:10,1.7244071418357332,0.0063596145107233945,5.805780743132893,0,NORMAL
2026-01-01 04:10:20,1.5909005582888465,0.011866742798556991,1.6555334379427573,0,NORMAL
2026-01-01 04:10:30,1.998312771294524,0.011561891052332858,8.590732846284057,0,NORMAL
2026-01-01 04:10:40,1.9149076887375358,0.015963675827082073,3.2093156458040863,0,NORMAL
2026-01-01 04:10:50,1.7733859753363623,0.00371065922045556,0.0,0,NORMAL
2026-01-01 04:11:00,2.348193723728358,0.013656901262874962,4.672929740109608,0,NORMAL
2026-01-01 04:11:10,2.4776526042852556,0.012952110306257317,5.10312592707938,0,NORMAL
2026-01-01 04:11:20,2.0442034431459235,0.00928926731529727,5.481768299515279,0,NORMAL
2026-01-01 04:11:30,2.738765040527631,0.011693436589608449,9.086397211055237,0,NORMAL
2026-01-01 04:11:40,1.4291554429332476,0.015147287407991787,4.290653489792422,0,NORMAL
2026-01-01 04:11:50,1.903170270360141,0.014361576900142252,4.641141126893686,0,NORMAL
2026-01-01 04:12:00,1.6415888396985976,0.004284903439631357,1.6904468563007196,0,NORMAL
2026-01-01 04:12:10,1.06673169146347,0.014100790933777422,7.461660508663691,0,NORMAL
2026-01-01 04:12:20,1.9586596570786503,0.009676556974837412,5.552927192234311,0,NORMAL
2026-01-01 04:12:30,1.9391262458083582,0.010364370490077573,3.7399168181175115,0,NORMAL
2026-01-01 04:12:40,2.7567248716210653,0.010365984955008472,0.0,0,NORMAL
2026-01-01 04:12:50,2.315405842277389,0.009248785056008704,9.333236585165263,0,NORMAL
2026-01-01 04:13:00,1.4879065878353974,0.015958537485535326,1.3169601066318284,0,NORMAL
2026-01-01 04:13:10,2.927046283167094,0.00958141020075394,3.2261659718908833,0,NORMAL
2026-01-01 04:13:20,2.6105168477626766,0.004402269358084156,6.07503353322801,0,NORMAL
2026-01-01 04:13:30,2.291048851734308,0.008032350720151356,1.4103262141499404,0,NORMAL
2026-01-01 04:13:40,1.886757950575084,0.010893473584052378,0.5194706652405696,0,NORMAL
2026-01-01 04:13:50,1.5202803816382602,0.016146073921485253,0.0,0,NORMAL
2026-01-01 04:14:00,1.8138966119644735,0.013015473424744168,7.162990858716906,0,NORMAL
2026-01-01 04:14:10,2.544374309852093,0.00574732360626478,3.3644412658210348,0,NORMAL
2026-01-01 04:14:20,2.9422931529673044,0.02242594958339446,13.78181027741999,0,NORMAL
2026-01-01 04:14:30,2.7716217641360945,0.011323876554889898,2.0169348031073797,0,NORMAL
2026-01-01 04:14:40,1.755575289106863,0.016376953689995075,2.235646929713236,0,NORMAL
2026-01-01 04:14:50,1.4401912833554944,0.009241427832113855,3.3038210891437956,0,NORMAL
2026-01-01 04:15:00,2.0704431234556018,0.012666796223527246,5.729403965415467,0,NORMAL
2026-01-01 04:15:10,1.115780317218574,0.014197342522592023,3.589389983644066,0,NORMAL
2026-01-01 04:15:20,2.1615838570923906,0.01609097355877128,6.836996642007536,0,NORMAL
2026-01-01 04:15:30,1.9261987068506656,0.015286841526891125,2.064234830034037,0,NORMAL
2026-01-01 04:15:40,1.7669817490658788,0.01436098500036489,0.8552248446092567,0,NORMAL
2026-01-01 04:15:50,1.2026484663666022,0.008424566344029457,0.0,0,NORMAL
2026-01-01 04:16:00,2.2568000532848584,0.007141269790219692,0.0,0,NORMAL
2026-01-01 04:16:10,1.7336495801690444,0.01166303755162099,3.4457929415748296,0,NORMAL
2026-01-01 04:16:20,1.4150415821448559,0.014665640361705347,4.0970590628203345,0,NORMAL
2026-01-01 04:16:30,0.5638688933591753,0.008886396496116965,3.10568891755045,0,NORMAL
2026-01-01 04:16:40,1.9862425474746819,0.015325859828571932,8.730217391561485,0,NORMAL
2026-01-01 04:16:50,2.886125798334872,0.0172630837274309,8.684090628824405,0,NORMAL
2026-01-01 04:17:00,2.830629607273935,0.005418395404632901,3.9955910376664945,0,NORMAL
2026-01-01 04:17:10,1.7714518717068641,0.0058153964810186,0.0,0,NORMAL
2026-01-01 04:17:20,1.6988939698191097,0.009298124705473318,3.299884675834841,0,NORMAL
2026-01-01 04:17:30,2.234387128037512,0.011538063340945981,3.2005358182488153,0,NORMAL
2026-01-01 04:17:40,1.5008072804058543,0.007377164931164745,3.028595113165826,0,NORMAL
2026-01-01 04:17:50,2.150895949909733,0.016761013394335722,2.9068432883052653,0,NORMAL
2026-01-01 04:18:00,2.383040139192345,0.012120334307592255,3.0396113128255786,0,NORMAL
2026-01-01 04:18:10,2.6134666119421537,0.010197235241203698,3.840375152306721,0,NORMAL
2026-01-01 04:18:20,1.9499229617600236,0.0028204523806573635,3.09337670355333,0,NORMAL
2026-01-01 04:18:30,1.898163124911517,0.0034209209178624658,5.624967525876777,0,NORMAL
2026-01-01 04:18:40,1.5610087066217195,0.011405046251409031,6.081106147714583,0,NORMAL
2026-01-01 04:18:50,1.58655982298007,0.0,2.2680647384525305,0,NORMAL
2026-01-01 04:19:00,1.8867605540492367,0.015063187048220359,8.813195978021099,0,NORMAL
2026-01-01 04:19:10,2.183682753408089,0.009209230778138398,2.0598130944781587,0,NORMAL
2026-01-01 04:19:20,2.4567923131166247,0.02621546484797366,0.1465981585539886,0,NORMAL
2026-01-01 04:19:30,1.5984105246598275,0.02153958125308055,6.142334214095155,0,NORMAL
2026-01-01 04:19:40,2.7463442844797608,0.009092754653762417,2.5477755967569804,0,NORMAL
2026-01-01 04:19:50,1.8644381994787156,0.009468314987343426,5.963874412272164,0,NORMAL
2026-01-01 04:20:00,1.989316352825782,0.014977907570010149,0.0,0,NORMAL
2026-01-01 04:20:10,1.6263941604260883,0.01851586304959019,9.177367824449203,0,NORMAL
2026-01-01 04:20:20,0.7878798698635292,0.001809854712819916,7.0168802241212065,0,NORMAL
2026-01-01 04:20:30,2.4420226981805246,0.001068122673226567,0.498570352510995,0,NORMAL
2026-01-01 04:20:40,2.368421948546217,0.006889825972228093,0.563668628461143,0,NORMAL
2026-01-01 04:20:50,1.8593362214408933,0.012913687915869321,10.016797712292583,0,NORMAL
2026-01-01 04:21:00,2.033495358612436,0.012484367952537986,2.7878602895061237,0,NORMAL
2026-01-01 04:21:10,2.25796960885205,0.015348857274919251,2.4974454538021282,0,NORMAL
2026-01-01 04:21:20,1.2187270715567287,0.004001512358173459,0.0,0,NORMAL
2026-01-01 04:21:30,1.7354736613268527,0.0,3.9476653831953374,0,NORMAL
2026-01-01 04:21:40,2.3971323398109137,0.014290070976510727,4.3168411554927415,0,NORMAL
2026-01-01 04:21:50,1.3728552884153753,0.005859018635173827,7.146479290308456,0,NORMAL
2026-01-01 04:22:00,2.1467789660833145,0.0,0.8027647154465736,0,NORMAL
2026-01-01 04:22:10,1.3217090976882975,0.010725318729796908,0.43913962327817124,0,NORMAL
2026-01-01 04:22:20,2.233214991216763,0.013965878441093387,6.352887904329431,0,NORMAL
2026-01-01 04:22:30,1.9821792588512581,0.009389714339393614,8.020190213681195,0,NORMAL
2026-01-01 04:22:40,1.1924340920472454,0.007710758069087554,0.2865429466463507,0,NORMAL
2026-01-01 04:22:50,2.5823696772285856,0.009203188839270467,8.244542258899223,0,NORMAL
2026-01-01 04:23:00,1.6327042116009756,0.008147086187996085,5.112625524460465,0,NORMAL
2026-01-01 04:23:10,1.5948737814928096,0.0032597644402991644,8.275416017223938,0,NORMAL
2026-01-01 04:23:20,2.1002845986154712,0.006426596615047841,4.78933891544715,0,NORMAL
2026-01-01 04:23:30,2.5743186747143576,0.012606399525069072,0.0,0,NORMAL
2026-01-01 04:23:40,1.4920890905108015,0.0116083927068825,4.544097853051883,0,NORMAL
2026-01-01 04:23:50,2.0308399249239857,0.010840299029834102,8.18043145601381,0,NORMAL
2026-01-01 04:24:00,2.2144082501652864,0.005024257590733103,2.318761942748857,0,NORMAL
2026-01-01 04:24:10,2.346552803631572,0.009092484189321664,3.8361050932776433,0,NORMAL
2026-01-01 04:24:20,2.088220777638613,0.0,4.471599489347065,0,NORMAL
2026-01-01 04:24:30,1.816486080458339,0.010892383319426949,0.0,0,NORMAL
2026-01-01 04:24:40,1.5862048896756402,0.017144288539067836,10.014042726312429,0,NORMAL
2026-01-01 04:24:50,2.0430719415231873,0.002629339339789472,2.2958729603084764,0,NORMAL
2026-01-01 04:25:00,1.4639304940071964,0.0070703616334112235,6.517206297418397,0,NORMAL
2026-01-01 04:25:10,0.5393247582526963,0.011645533893550648,4.7398965915553735,0,NORMAL
2026-01-01 04:25:20,2.2182799020788337,0.01626421317213742,8.77285716907808,0,NORMAL
2026-01-01 04:25:30,2.4519674205430975,0.007758876918499253,6.2181683672842425,0,NORMAL
2026-01-01 04:25:40,0.8185337822290808,0.006538748353670519,4.295227185437076,0,NORMAL
2026-01-01 04:25:50,1.4951346476450311,0.00015538428791958436,2.3194547224421593,0,NORMAL
2026-01-01 04:26:00,2.309577130502599,0.010517190646540532,7.3935521041464165,0,NORMAL
2026-01-01 04:26:10,3.028747734855849,0.02021038020071872,0.0,0,NORMAL
2026-01-01 04:26:20,2.0103968538377037,0.01138679230982338,6.937671260827678,0,NORMAL
2026-01-01 04:26:30,1.6359985293854329,0.009888605104081434,1.702865745335382,0,NORMAL
2026-01-01 04:26:40,1.90855177944758,0.011610411553834927,8.75685098586992,0,NORMAL
2026-01-01 04:26:50,2.6874382095740925,0.00994453998025699,5.4838986279880855,0,NORMAL
2026-01-01 04:27:00,1.6770179104377323,0.0059349281386993505,6.932371303550326,0,NORMAL
2026-01-01 04:27:10,1.6004039966748733,0.014116399578388526,5.245966441474158,0,NORMAL
2026-01-01 04:27:20,1.7586282389089838,0.011128807615558772,0.0,0,NORMAL
2026-01-01 04:27:30,1.5233356958706439,0.010088066259668287,2.4178125098139844,0,NORMAL
2026-01-01 04:27:40,2.061335157997398,0.00512316986360875,7.017168012834147,0,NORMAL
2026-01-01 04:27:50,2.81233922923478,0.016517539659673796,5.499967452079532,0,NORMAL
2026-01-01 04:28:00,2.1615396365580146,0.01332351372666555,8.542969715917016,0,NORMAL
2026-01-01 04:28:10,1.8738232489368563,0.00723539581316349,6.2098236891115155,0,NORMAL
2026-01-01 04:28:20,1.854094365542228,0.015009124268409686,2.0998943278920206,0,NORMAL
2026-01-01 04:28:30,1.2184045956516716,0.007512145808073964,2.611807586838098,0,NORMAL
2026-01-01 04:28:40,2.4415548885735796,0.006089982537444815,5.3087521715697115,0,NORMAL
2026-01-01 04:28:50,1.9610814014935989,0.006201484412598565,0.0,0,NORMAL
2026-01-01 04:29:00,1.9097600432046873,0.001144657234559544,10.020325656868955,0,NORMAL
2026-01-01 04:29:10,3.59655378392243,0.012357711902091029,6.325240209132672,0,NORMAL
2026-01-01 04:29:20,2.149376454182843,0.0008442756083082493,8.681103791146617,0,NORMAL
2026-01-01 04:29:30,1.6241044749524078,0.003857780843671187,0.258188177572493,0,NORMAL
2026-01-01 04:29:40,1.7868212018972283,0.0,8.733695481065768,0,NORMAL
2026-01-01 04:29:50,2.5742228545983776,0.009569651536045535,11.694496733083245,0,NORMAL
2026-01-01 04:30:00,2.0566352052688823,0.00924839769864064,1.0373649338680473,0,NORMAL
2026-01-01 04:30:10,1.2808610108413165,0.00836651893406818,7.3142053847112996,0,NORMAL
2026-01-01 04:30:20,2.4596144672876017,0.004787111526647118,5.003329834061879,0,NORMAL
2026-01-01 04:30:30,1.665927957230503,0.0041388312328168,0.3666984552552679,0,NORMAL
2026-01-01 04:30:40,2.9366488881087727,0.01232184931773287,6.478651915555609,0,NORMAL
2026-01-01 04:30:50,2.5400240328573243,0.007247240341457561,7.500809614512045,0,NORMAL
2026-01-01 04:31:00,1.7763390521706244,0.011581791607680724,3.1966203419934596,0,NORMAL
2026-01-01 04:31:10,2.640508180867556,0.005573756569378888,8.49774956076567,0,NORMAL
2026-01-01 04:31:20,2.0339277552637016,0.010905313713855412,0.0,0,NORMAL
2026-01-01 04:31:30,2.4263868375611097,0.01651639018658032,0.5157315606510675,0,NORMAL
2026-01-01 04:31:40,2.2423664086472375,0.012930829001963916,5.409792186766257,0,NORMAL
2026-01-01 04:31:50,1.5768216725045632,0.007937930908917598,5.076155833916816,0,NORMAL
2026-01-01 04:32:00,1.6782250838412691,0.011285994851779637,2.8502795347276844,0,NORMAL
2026-01-01 04:32:10,2.5149804087905805,0.008796674127348934,7.4287833079156576,0,NORMAL
2026-01-01 04:32:20,1.8326123339467295,0.010039400923473642,6.592682942647848,0,NORMAL
2026-01-01 04:32:30,1.7981757683790016,0.00837194473925748,7.574417212802048,0,NORMAL
2026-01-01 04:32:40,1.5224387103253236,0.009178323970573042,4.630590693943197,0,NORMAL
2026-01-01 04:32:50,2.2117995327967304,0.011060466765370877,6.8077408039350225,0,NORMAL
2026-01-01 04:33:00,3.0312624596215727,0.005033206502090247,3.663049090910016,0,NORMAL
2026-01-01 04:33:10,1.4662335428728634,0.004920605865050109,11.161456070259788,0,NORMAL
2026-01-01 04:33:20,2.012109728336379,0.0030572872308439448,2.5623626896340435,0,NORMAL
2026-01-01 04:33:30,2.7061102777077144,0.0019986444774814506,11.315892288374936,0,NORMAL
2026-01-01 04:33:40,1.9601793043771425,0.003913586538897603,5.104663841268225,0,NORMAL
2026-01-01 04:33:50,2.226185898124867,0.010797312534020645,0.873467331293772,0,NORMAL
2026-01-01 04:34:00,1.4688032359265601,0.005536062422540579,9.104238051465803,0,NORMAL
2026-01-01 04:34:10,2.214153548603824,0.012568072321155482,5.377704165184877,0,NORMAL
2026-01-01 04:34:20,1.9064278674977255,0.01017356874376281,7.553372295140714,0,NORMAL
2026-01-01 04:34:30,2.4928649978399315,0.00015747893280973146,8.67156775562778,0,NORMAL
2026-01-01 04:34:40,2.5936930257823754,0.013274877921108449,6.013866662435076,0,NORMAL
2026-01-01 04:34:50,3.2947818210093067,0.01405399322795855,3.2232774655615564,0,NORMAL
2026-01-01 04:35:00,2.2898165866067877,0.005030686625825734,7.92714013300775,0,NORMAL
2026-01-01 04:35:10,2.162898158291083,0.012100957714474959,5.0022665223637865,0,NORMAL
2026-01-01 04:35:20,2.097192150788668,0.005717508812954005,7.057573455825257,0,NORMAL
2026-01-01 04:35:30,1.8234168535946558,0.010488351883741677,0.0,0,NORMAL
2026-01-01 04:35:40,2.1692419217308454,0.003677507965225172,6.340945151029556,0,NORMAL
2026-01-01 04:35:50,1.8522992949304853,0.001034467737327116,3.0842425245649094,0,NORMAL
2026-01-01 04:36:00,2.084230488134807,0.008085914051935157,9.959928911535592,0,NORMAL
2026-01-01 04:36:10,2.65879876780398,0.009381355268625819,6.869262043667286,0,NORMAL
2026-01-01 04:36:20,1.4967287173601793,0.00801160153192698,5.71957323754789,0,NORMAL
2026-01-01 04:36:30,2.5699392805645225,0.004079847208887203,6.458929980050665,0,NORMAL
2026-01-01 04:36:40,2.6585575336699327,0.008000504689344315,2.004677441369845,0,NORMAL
2026-01-01 04:36:50,1.9409657365044606,0.01134647376290367,9.869770071584162,0,NORMAL
2026-01-01 04:37:00,0.9390725504957027,0.009775534849387315,10.974111255250714,0,NORMAL
2026-01-01 04:37:10,1.6960890064527838,0.010912505152996067,6.178740531644649,0,NORMAL
2026-01-01 04:37:20,2.6484972732805545,0.006649423997728835,9.771210705720916,0,NORMAL
2026-01-01 04:37:30,1.988565968850559,0.0158585895735808,3.2925554039823983,0,NORMAL
2026-01-01 04:37:40,1.5003488838525447,0.004119133317226097,2.6086593013250576,0,NORMAL
2026-01-01 04:37:50,1.7476125393858912,0.012437801485433593,5.1227742461867685,0,NORMAL
2026-01-01 04:38:00,2.4203100132522763,0.01590945546479981,6.304823115103696,0,NORMAL
2026-01-01 04:38:10,2.2733667841006895,0.012404540463744477,3.818039956270639,0,NORMAL
2026-01-01 04:38:20,1.8805339504151528,0.00898737886467585,6.613304571105451,0,NORMAL
2026-01-01 04:38:30,1.816587794092656,0.007358514766685105,5.919168446220242,0,NORMAL
2026-01-01 04:38:40,1.804120925478089,0.01518043825523128,2.005079674126835,0,NORMAL
2026-01-01 04:38:50,1.5387949077507488,0.002885125373691635,6.5563790523551635,0,NORMAL
2026-01-01 04:39:00,2.807687844734721,0.005149378698101782,7.590584727564563,0,NORMAL
2026-01-01 04:39:10,1.83883976539433,0.008012211172541393,5.5144079527711725,0,NORMAL
2026-01-01 04:39:20,2.608579260412748,0.01618826878755999,8.457944309785077,0,NORMAL
2026-01-01 04:39:30,2.7606580259612254,0.01189883818020448,1.3477886195091442,0,NORMAL
2026-01-01 04:39:40,2.4991554490739802,0.005159771207448773,6.403851266395555,0,NORMAL
2026-01-01 04:39:50,1.7841898436409758,0.008448461473075482,1.4891578808096755,0,NORMAL
2026-01-01 04:40:00,2.201865045168305,0.006928384279518528,1.6577559253007375,0,NORMAL
2026-01-01 04:40:10,1.9879021968045418,0.006451055038832324,3.10720749878663,0,NORMAL
2026-01-01 04:40:20,1.548149069634936,0.014894447792783896,2.173819449277265,0,NORMAL
2026-01-01 04:40:30,2.1621796408608014,0.0031412843536824733,3.3560125437765866,0,NORMAL
2026-01-01 04:40:40,1.4104801044200987,0.018043904278671866,4.357549067866434,0,NORMAL
2026-01-01 04:40:50,2.5938396942307818,0.014141148450923114,7.511463458994154,0,NORMAL
2026-01-01 04:41:00,1.7676913513508035,0.015454308353018491,4.036522883882893,0,NORMAL
2026-01-01 04:41:10,2.1005798279364196,0.007685302439873708,0.24312287969122193,0,NORMAL
2026-01-01 04:41:20,2.141643935773071,0.009250296404604454,8.420203539485481,0,NORMAL
2026-01-01 04:41:30,1.8705475131479614,0.002834240927376439,2.4887295991548815,0,NORMAL
2026-01-01 04:41:40,2.2933469007376375,0.007376687964665985,4.823838718686114,0,NORMAL
2026-01-01 04:41:50,1.7625481716887377,0.012468274238215754,6.339609520822134,0,NORMAL
2026-01-01 04:42:00,2.435648648728622,0.016480315308906982,5.598831255208348,0,NORMAL
2026-01-01 04:42:10,1.3270101598766257,0.004464215915987742,8.282538642564427,0,NORMAL
2026-01-01 04:42:20,2.063189789773206,0.008172470315073671,6.437009430178277,0,NORMAL
2026-01-01 04:42:30,2.9694644995291424,0.009243503898837388,2.416071260908676,0,NORMAL
2026-01-01 04:42:40,1.4998343376972127,0.003021053989037574,11.535686521974986,0,NORMAL
2026-01-01 04:42:50,1.6611275147375744,0.012956746208792003,5.5830003900147,0,NORMAL
2026-01-01 04:43:00,2.2569539248294577,0.006380048341286955,4.557979320135481,0,NORMAL
2026-01-01 04:43:10,2.089790890969799,0.00902304824411488,7.891776269166713,0,NORMAL
2026-01-01 04:43:20,2.1753150496367795,0.007740253140440612,5.748352837790216,0,NORMAL
2026-01-01 04:43:30,2.244593565073832,0.006053307471401629,6.197684578817981,0,NORMAL
2026-01-01 04:43:40,2.317360734280885,0.009964775072597227,12.47655199580206,0,NORMAL
2026-01-01 04:43:50,2.5548499209781115,0.008921952107159889,4.17463571523486,0,NORMAL
2026-01-01 04:44:00,2.2049093284642565,0.008140710588606673,4.046717317947812,0,NORMAL
2026-01-01 04:44:10,1.8793711726907287,0.006357691891598286,5.349735536037391,0,NORMAL
2026-01-01 04:44:20,2.3362868506013656,0.011597623353914777,8.214547806743116,0,NORMAL
2026-01-01 04:44:30,2.9499409674476076,0.018268086342461427,0.48039790942880267,0,NORMAL
2026-01-01 04:44:40,1.9336831268087131,0.010699436164195638,0.0,0,NORMAL
2026-01-01 04:44:50,1.5127353476646792,0.014980591074555644,3.238654188139557,0,NORMAL
2026-01-01 04:45:00,2.553540334643486,0.003048890374232687,0.09823112282213842,0,NORMAL
2026-01-01 04:45:10,1.9398094180232008,0.010788807196468847,3.725505957423085,0,NORMAL
2026-01-01 04:45:20,0.9136652269929819,0.004513158405144668,6.5074990883878705,0,NORMAL
2026-01-01 04:45:30,2.423710838575211,0.002615375362340493,2.32775340934321,0,NORMAL
2026-01-01 04:45:40,1.7323359070230386,0.006303142962704819,0.7195202696559728,0,NORMAL
2026-01-01 04:45:50,1.9547333588479197,0.015959496672067863,5.208011485146044,0,NORMAL
2026-01-01 04:46:00,2.1659901652845073,0.014750079143348228,7.587630453845511,0,NORMAL
2026-01-01 04:46:10,2.0952498398895334,0.011215023610271999,0.0,0,NORMAL
2026-01-01 04:46:20,2.35472590856952,0.002336497200550346,7.460697194917953,0,NORMAL
2026-01-01 04:46:30,1.7822568147150784,0.009018596743060317,7.451918611214978,0,NORMAL
2026-01-01 04:46:40,2.2565528990880415,0.011508500044508678,7.862255306469884,0,NORMAL
2026-01-01 04:46:50,1.8702266612080414,0.01087768114789299,8.655440644615059,0,NORMAL
2026-01-01 04:47:00,2.3694052404437516,0.0007810320825962714,11.606041773978848,0,NORMAL
2026-01-01 04:47:10,2.307683742006527,0.005548410759900641,3.9317238541428345,0,NORMAL
2026-01-01 04:47:20,1.5322806489777023,0.009679611179256416,5.328714740233575,0,NORMAL
2026-01-01 04:47:30,2.542991058087516,0.01268145454758595,3.750684700255923,0,NORMAL
2026-01-01 04:47:40,1.732018277442976,0.0,5.005930534267432,0,NORMAL
2026-01-01 04:47:50,2.4040288991405725,0.009189380122600708,9.598620066908936,0,NORMAL
2026-01-01 04:48:00,2.1836436567006703,0.010715243849394762,0.9649565482079936,0,NORMAL
2026-01-01 04:48:10,2.919091838397561,0.014248059942581066,2.4168509835032737,0,NORMAL
2026-01-01 04:48:20,1.8882670088140738,0.013464287921187184,9.131542809513684,0,NORMAL
2026-01-01 04:48:30,1.8253416019409012,0.012912856594044026,8.06010952070627,0,NORMAL
2026-01-01 04:48:40,1.9902901970561337,0.006000297466490329,3.9106050595487662,0,NORMAL
2026-01-01 04:48:50,1.8484101085828626,0.00045998931438346214,7.5632060033621595,0,NORMAL
2026-01-01 04:49:00,2.399970950971025,0.008034736214692995,6.0236475274761,0,NORMAL
2026-01-01 04:49:10,1.1918446957817062,0.015008159126042801,9.500823827002964,0,NORMAL
2026-01-01 04:49:20,1.4731587904268229,0.01696727263762216,5.223528781480318,0,NORMAL
2026-01-01 04:49:30,1.4660985392104036,0.013552745511488927,8.076896341617747,0,NORMAL
2026-01-01 04:49:40,2.4751537959867878,0.012146704114008672,12.92603573147786,0,NORMAL
2026-01-01 04:49:50,2.8553066862909624,0.011898198241929827,6.794297465142399,0,NORMAL
2026-01-01 04:50:00,1.9477753907312643,0.0072194062661960975,5.147984497384531,0,NORMAL
2026-01-01 04:50:10,1.9155891384049948,0.0093496985322319,7.167340955662938,0,NORMAL
2026-01-01 04:50:20,2.0350260815565906,0.018345347629131658,3.9041574253883455,0,NORMAL
2026-01-01 04:50:30,2.5809391513040953,0.005287209971040617,12.163903116574197,0,NORMAL
2026-01-01 04:50:40,1.5363234329047128,0.018073893953549258,5.540213113087945,0,NORMAL
2026-01-01 04:50:50,2.1191844913673927,0.008389859227539709,4.181200039323461,0,NORMAL
2026-01-01 04:51:00,2.4875988148912147,0.016627160545475392,2.4929329849398907,0,NORMAL
2026-01-01 04:51:10,2.2505470849699227,0.002965924952512309,8.291660574819316,0,NORMAL
2026-01-01 04:51:20,2.0947908082993716,0.012929521005823246,7.601562238483217,0,NORMAL
2026-01-01 04:51:30,2.5005230462835706,0.00631614932026189,3.5079368857577204,0,NORMAL
2026-01-01 04:51:40,0.6483838535003814,0.002923664040379063,6.729354035367268,0,NORMAL
2026-01-01 04:51:50,2.338937659765454,0.011092670212054729,0.47433209536143073,0,NORMAL
2026-01-01 04:52:00,1.6729621584362881,0.015047358942979844,5.554911725219469,0,NORMAL
2026-01-01 04:52:10,1.0846835515717714,0.0057752928070325185,6.358269056230084,0,NORMAL
2026-01-01 04:52:20,2.2556012997624904,0.002504920197707994,10.121989428677669,0,NORMAL
2026-01-01 04:52:30,2.6868292725814786,0.009540776178325225,2.687543591813932,0,NORMAL
2026-01-01 04:52:40,1.931275742686154,0.009562823356114095,1.164942113593027,0,NORMAL
2026-01-01 04:52:50,2.4764372736014693,0.012741598137772495,2.3137161172248746,0,NORMAL
2026-01-01 04:53:00,2.8061391289943227,0.014747972856822441,0.9902944990552403,0,NORMAL
2026-01-01 04:53:10,2.657457226792024,0.00970292409363753,9.009972073276948,0,NORMAL
2026-01-01 04:53:20,2.8199822646856965,0.019277516573971316,9.64591788507211,0,NORMAL
2026-01-01 04:53:30,2.3710637455359462,0.011121173722676458,5.960649733846487,0,NORMAL
2026-01-01 04:53:40,2.037716819450796,0.008267867469965502,8.663884837055445,0,NORMAL
2026-01-01 04:53:50,1.1990170940514158,0.0019421632044858605,5.401875141740706,0,NORMAL
2026-01-01 04:54:00,1.8769687559350259,0.008686702398419162,4.714665056897702,0,NORMAL
2026-01-01 04:54:10,1.5783767023419042,0.00831806527294432,4.000887142838715,0,NORMAL
2026-01-01 04:54:20,3.085471358748907,0.014801523981407352,4.068827025867304,0,NORMAL
2026-01-01 04:54:30,1.9120570937838317,0.01231241812033427,0.3565953310729062,0,NORMAL
2026-01-01 04:54:40,2.061602403392243,0.004103154391836914,5.792764290822016,0,NORMAL
2026-01-01 04:54:50,2.275742688020234,0.010861271932055187,4.878998269357869,0,NORMAL
2026-01-01 04:55:00,2.021801223186227,0.013357655858645267,7.236082172233627,0,NORMAL
2026-01-01 04:55:10,2.8475255202153766,0.017640156796939165,5.280570489315829,0,NORMAL
2026-01-01 04:55:20,1.688675319132774,0.014437519837070298,4.511888895292725,0,NORMAL
2026-01-01 04:55:30,2.0973037276186215,0.013804233271557389,2.386420909977109,0,NORMAL
2026-01-01 04:55:40,1.6287647071509759,0.010300429973075818,5.216459710465284,0,NORMAL
2026-01-01 04:55:50,1.3399887443896472,0.011941560027117248,7.2147116924484855,0,NORMAL
2026-01-01 04:56:00,1.6941154545473573,0.016247524503530793,1.5699830267484178,0,NORMAL
2026-01-01 04:56:10,1.9814816014757939,0.003336113012601751,5.262421261042218,0,NORMAL
2026-01-01 04:56:20,1.7853488877413701,0.00825280336391522,5.6991288545884515,0,NORMAL
2026-01-01 04:56:30,1.653789510063072,0.006137156256218796,2.8458056491452073,0,NORMAL
2026-01-01 04:56:40,1.296841268164083,0.011895765593630621,3.236431085275999,0,NORMAL
2026-01-01 04:56:50,1.9584472136856526,0.016151110878253938,5.691832546298643,0,NORMAL
2026-01-01 04:57:00,1.2476398129844988,0.007015128566394631,1.599736945122131,0,NORMAL
2026-01-01 04:57:10,2.380027981844801,0.0,6.049771145748178,0,NORMAL
2026-01-01 04:57:20,2.0412198764672516,0.00793889627487765,2.3139368790223998,0,NORMAL
2026-01-01 04:57:30,1.2712242502675348,0.014567368660087033,8.18856107909965,0,NORMAL
2026-01-01 04:57:40,1.8453954614750683,0.012688149514749399,12.0134832361649,0,NORMAL
2026-01-01 04:57:50,1.6239217972047084,0.01214093123905288,2.417729594894541,0,NORMAL
2026-01-01 04:58:00,2.15958725520959,0.008600033490627601,6.6026235871240235,0,NORMAL
2026-01-01 04:58:10,2.670225223011572,0.0036048463189010684,2.819774285353942,0,NORMAL
2026-01-01 04:58:20,1.0624137651771277,0.012576471608122338,8.122862521393369,0,NORMAL
2026-01-01 04:58:30,2.0575130395737085,0.005828590949826877,1.2042247727443542,0,NORMAL
2026-01-01 04:58:40,1.9199336022166797,0.02092048366690228,6.441760275283138,0,NORMAL
2026-01-01 04:58:50,2.3356700382252327,0.01285253604177258,2.381033099331942,0,NORMAL
2026-01-01 04:59:00,2.1065983141188447,0.0070967584872302465,4.379046232704893,0,NORMAL
2026-01-01 04:59:10,1.6240153341305905,0.006943073763056861,1.906924174558079,0,NORMAL
2026-01-01 04:59:20,1.840473032166691,0.009535278966932058,7.467051412687261,0,NORMAL
2026-01-01 04:59:30,1.6019870715982556,0.00880249038989125,2.4890589366812392,0,NORMAL
2026-01-01 04:59:40,2.538003569299299,0.015584168877649771,6.655892777995483,0,NORMAL
2026-01-01 04:59:50,2.010655824335971,0.010932080848720232,3.967705915213001,0,NORMAL
2026-01-01 05:00:00,2.950595342876504,0.00634184130545736,4.656582884603411,0,NORMAL
2026-01-01 05:00:10,1.9696695930926895,0.019452203425778913,5.443267722200385,0,NORMAL
2026-01-01 05:00:20,1.6457966165447686,0.010246541657601114,2.714525985023454,0,NORMAL
2026-01-01 05:00:30,1.2431428036935865,0.013844198379844486,5.631101340622661,0,NORMAL
2026-01-01 05:00:40,1.0984301618720274,0.006958867462776204,9.591003693063232,0,NORMAL
2026-01-01 05:00:50,1.2079320284972552,0.011815578138722617,2.665715642501857,0,NORMAL
2026-01-01 05:01:00,2.1335633255057416,0.011555549955715977,8.515430429821535,0,NORMAL
2026-01-01 05:01:10,2.254362511614967,0.0005517535395192342,9.494292900463353,0,NORMAL
2026-01-01 05:01:20,1.2094046489839334,0.0200763755523032,2.5515350329158686,0,NORMAL
2026-01-01 05:01:30,2.447519157038058,0.016453222304612734,0.6348361847283448,0,NORMAL
2026-01-01 05:01:40,1.7584694741582803,0.008014023419270062,5.905882700515294,0,NORMAL
2026-01-01 05:01:50,2.0733965059927746,0.004488651297720723,3.357777431699381,0,NORMAL
2026-01-01 05:02:00,2.806110314127712,0.011737808069017761,10.605809657489008,0,NORMAL
2026-01-01 05:02:10,2.448419657932766,0.010433488497071984,5.104422621499497,0,NORMAL
2026-01-01 05:02:20,1.8657346760470839,0.011778344742816147,2.5934017758944625,0,NORMAL
2026-01-01 05:02:30,1.5544038872923562,0.010957886980970449,1.5585214669648657,0,NORMAL
2026-01-01 05:02:40,0.9240922993353475,0.012531204946529631,8.26971487727249,0,NORMAL
2026-01-01 05:02:50,1.64042334037879,0.017236528496959034,3.2864480777474405,0,NORMAL
2026-01-01 05:03:00,1.8944348805861528,0.01284051602564323,5.131486398381285,0,NORMAL
2026-01-01 05:03:10,1.506410236424408,0.004751722505450294,7.867408235337443,0,NORMAL
2026-01-01 05:03:20,1.9343715164538478,0.01681281426356226,3.5472249442075094,0,NORMAL
2026-01-01 05:03:30,2.038425941479384,0.018203072817441435,4.862213513779518,0,NORMAL
2026-01-01 05:03:40,1.8875720090959607,0.025760283672560426,4.95029477053244,0,NORMAL
2026-01-01 05:03:50,1.6749987095882701,0.0043825298338020105,7.0499735345482755,0,NORMAL
2026-01-01 05:04:00,2.084327335983364,0.011214410065751376,6.7722330065309775,0,NORMAL
2026-01-01 05:04:10,2.2209703247847044,0.0,4.339658806235515,0,NORMAL
2026-01-01 05:04:20,1.454800461278577,0.012765745781896046,5.190947184489553,0,NORMAL
2026-01-01 05:04:30,2.705466189873135,0.007258998509166137,3.8846629654295337,0,NORMAL
2026-01-01 05:04:40,1.9507059338578692,0.019617228974124767,0.5671627792416658,0,NORMAL
2026-01-01 05:04:50,2.009424811472424,0.00612692514990709,5.772802572194388,0,NORMAL
2026-01-01 05:05:00,2.354107211628279,0.0015540848101636918,10.676575282499204,0,NORMAL
2026-01-01 05:05:10,2.116608065631751,0.007643681296487402,2.3488425779268116,0,NORMAL
2026-01-01 05:05:20,2.4765683169566226,0.0001225611439143126,2.680910871191891,0,NORMAL
2026-01-01 05:05:30,2.143562082600912,0.01375549727253655,2.387816685068776,0,NORMAL
2026-01-01 05:05:40,1.6937813126797812,0.0,7.173775336169368,0,NORMAL
2026-01-01 05:05:50,2.180751762603051,0.010142287905915795,6.34545636258932,0,NORMAL
2026-01-01 05:06:00,1.428136896339669,0.0,4.5243869227506295,0,NORMAL
2026-01-01 05:06:10,2.0542798528882615,0.008398510977316791,2.245942815083104,0,NORMAL
2026-01-01 05:06:20,1.9833850046777697,0.01821689077902267,5.277130374919773,0,NORMAL
2026-01-01 05:06:30,1.8959415713637302,0.011803239457178975,0.3061336179925871,0,NORMAL
2026-01-01 05:06:40,1.9357312442805346,0.0056825319751753305,5.43027970057248,0,NORMAL
2026-01-01 05:06:50,1.0590754772511803,0.00984398255530458,7.614573158263802,0,NORMAL
2026-01-01 05:07:00,1.7256375461295193,0.010090084360222233,1.2464025900989664,0,NORMAL
2026-01-01 05:07:10,2.0464224505705575,0.012363151729217028,0.40244516951100895,0,NORMAL
2026-01-01 05:07:20,2.0799281959987,0.003165708183595868,9.738313675084578,0,NORMAL
2026-01-01 05:07:30,1.4861624295370208,0.012962836369236654,3.1647210814862454,0,NORMAL
2026-01-01 05:07:40,2.6328539204323502,0.0,8.407843537831466,0,NORMAL
2026-01-01 05:07:50,1.5669125758927498,0.006850577238180948,4.538007004406505,0,NORMAL
2026-01-01 05:08:00,2.4847286002633684,0.007558630787742277,4.514135549176018,0,NORMAL
2026-01-01 05:08:10,2.2135971809358423,0.013166634130356193,6.315238098489935,0,NORMAL
2026-01-01 05:08:20,1.6768863450780986,0.010113154263384347,2.348003429760678,0,NORMAL
2026-01-01 05:08:30,2.887655446304756,0.002972184730718567,5.397491430486936,0,NORMAL
2026-01-01 05:08:40,1.4031815841217599,0.005075034370914925,3.855531755527722,0,NORMAL
2026-01-01 05:08:50,2.459577086805001,0.010993400047737035,1.0385196697849062,0,NORMAL
2026-01-01 05:09:00,2.500291159021489,0.009604663290677218,6.012446224179198,0,NORMAL
2026-01-01 05:09:10,1.6646898954616776,0.007104379451821266,4.210076579366252,0,NORMAL
2026-01-01 05:09:20,2.6962326500321643,0.007595831052440103,4.528925514665876,0,NORMAL
2026-01-01 05:09:30,1.8749767427005235,0.013480839985796446,1.3695171697575266,0,NORMAL
2026-01-01 05:09:40,2.1443468146399285,0.007411537135653927,9.774201103288412,0,NORMAL
2026-01-01 05:09:50,2.1301609193856104,0.009559543779854634,7.630142559158348,0,NORMAL
2026-01-01 05:10:00,1.932845629264726,0.020849682940402715,7.892467652515936,0,NORMAL
2026-01-01 05:10:10,2.4054041365798913,0.0028815868155803847,4.083665892674954,0,NORMAL
2026-01-01 05:10:20,2.3967443602761067,0.000740786342126707,0.0,0,NORMAL
2026-01-01 05:10:30,1.1257340133809097,0.013917948323993033,10.858752147468532,0,NORMAL
2026-01-01 05:10:40,2.6521701214390765,0.006606784693529483,4.816707475982396,0,NORMAL
2026-01-01 05:10:50,1.1687540059821628,0.008408812361286898,2.753600611939839,0,NORMAL
2026-01-01 05:11:00,2.5162731021708287,0.0060942181093444295,6.250404723449342,0,NORMAL
2026-01-01 05:11:10,2.5633525684137917,0.008700999296162438,8.501362364009893,0,NORMAL
2026-01-01 05:11:20,1.4545167848924008,0.017992690560481705,4.930848331743602,0,NORMAL
2026-01-01 05:11:30,1.7945928560227076,0.014010642293090597,8.835725503818123,0,NORMAL
2026-01-01 05:11:40,1.4471476657570321,0.014311117559434886,8.248999815550606,0,NORMAL
2026-01-01 05:11:50,1.8925394848556323,0.0029188647210367726,1.7708564377938243,0,NORMAL
2026-01-01 05:12:00,1.8459828579071293,0.004244231317235654,2.9786296830215706,0,NORMAL
2026-01-01 05:12:10,2.3898302661346698,0.0,7.8726114898393025,0,NORMAL
2026-01-01 05:12:20,2.6551543730598044,0.00595309589458623,0.0,0,NORMAL
2026-01-01 05:12:30,2.697841905394978,0.014783515931928294,4.551632920505034,0,NORMAL
2026-01-01 05:12:40,1.718915986710849,0.012584732578741854,0.7075063951259846,0,NORMAL
2026-01-01 05:12:50,1.8953890631277361,0.00889243368523938,3.5703385956994262,0,NORMAL
2026-01-01 05:13:00,1.158280903889525,0.009888498581409735,4.103539732912387,0,NORMAL
2026-01-01 05:13:10,1.5970649667519057,0.006555572287122971,3.925266866277476,0,NORMAL
2026-01-01 05:13:20,2.4824258165487287,0.011023794412008922,3.3432162436621744,0,NORMAL
2026-01-01 05:13:30,2.807791411774116,0.013829391397403074,1.7085690511135578,0,NORMAL
2026-01-01 05:13:40,1.382825564060039,0.0019205660629476363,11.875733800456057,0,NORMAL
2026-01-01 05:13:50,1.7037678704235528,0.011498238439186742,10.602386012484052,0,NORMAL
2026-01-01 05:14:00,1.9867971215205364,0.014662174354773336,1.5138025392311496,0,NORMAL
2026-01-01 05:14:10,2.140080579409803,0.007924498555183151,9.746350253910704,0,NORMAL
2026-01-01 05:14:20,1.5951982400391769,0.013503503060602919,3.8016035285814413,0,NORMAL
2026-01-01 05:14:30,2.2120305222320447,0.024073272222362767,5.387562419995131,0,NORMAL
2026-01-01 05:14:40,1.763080326464542,0.00947828603506554,4.810178120309253,0,NORMAL
2026-01-01 05:14:50,1.9927738645608604,0.01196653525002662,3.0207540762381027,0,NORMAL
2026-01-01 05:15:00,2.2731421240018497,0.006309714581693042,7.9515570308184405,0,NORMAL
2026-01-01 05:15:10,2.003211134905469,0.010906255813010253,5.377659591729973,0,NORMAL
2026-01-01 05:15:20,1.7818070547367157,0.012301358124911519,3.570345730342276,0,NORMAL
2026-01-01 05:15:30,1.9451950980370847,0.01097421170135069,1.0862316685985822,0,NORMAL
2026-01-01 05:15:40,1.9558185203973324,0.004901523401455716,2.3192149588426387,0,NORMAL
2026-01-01 05:15:50,1.814994485058936,0.011031808856627254,0.07585965319370946,0,NORMAL
2026-01-01 05:16:00,1.8706019686664488,0.017310979693588184,5.036670645245509,0,NORMAL
2026-01-01 05:16:10,2.7993235852523584,0.012243178822572637,1.4100032231468125,0,NORMAL
2026-01-01 05:16:20,2.2804597239706195,0.014809935945359206,4.2033184624443765,0,NORMAL
2026-01-01 05:16:30,1.8522598409854198,0.008814940149936862,9.110305560831112,0,NORMAL
2026-01-01 05:16:40,2.348477202255368,0.013749501197118551,8.597898718764757,0,NORMAL
2026-01-01 05:16:50,1.833090255121995,0.011396339191082629,4.9031693176921465,0,NORMAL
2026-01-01 05:17:00,2.5865623187933204,0.0052454463515638405,4.73874582157055,0,NORMAL
2026-01-01 05:17:10,2.184821096099047,0.011592605023994373,10.639623648263024,0,NORMAL
2026-01-01 05:17:20,1.9463489279978856,0.005041516682798447,6.562268361076134,0,NORMAL
2026-01-01 05:17:30,2.2238584629051386,0.006835598625576041,4.016580620370432,0,NORMAL
2026-01-01 05:17:40,1.2145619239657504,0.010946641536461871,0.721945648638644,0,NORMAL
2026-01-01 05:17:50,1.4366162655450974,0.01148622136690062,6.18161965449423,0,NORMAL
2026-01-01 05:18:00,1.4030374968004722,0.004053837674614354,7.487971317748587,0,NORMAL
2026-01-01 05:18:10,2.0714715473818535,0.015269928855914381,3.105045426459068,0,NORMAL
2026-01-01 05:18:20,2.866257499742546,0.012860031391502364,5.873608265414098,0,NORMAL
2026-01-01 05:18:30,3.115650073096316,0.006476357821945581,3.909280115254912,0,NORMAL
2026-01-01 05:18:40,2.3190255507203785,0.0023120760177541234,4.447902802402992,0,NORMAL
2026-01-01 05:18:50,2.2504222374722285,0.009275477104592844,0.0,0,NORMAL
2026-01-01 05:19:00,1.0994711329236306,0.0077702814306941995,4.3346557888515935,0,NORMAL
2026-01-01 05:19:10,1.728663100132989,0.010565702285265115,7.908107907224163,0,NORMAL
2026-01-01 05:19:20,1.6061081240458805,0.008184416694222168,3.1057923333003252,0,NORMAL
2026-01-01 05:19:30,1.689576200874442,0.0,5.157579104645949,0,NORMAL
2026-01-01 05:19:40,1.9159280907076053,0.00805826530849421,2.7321478799242387,0,NORMAL
2026-01-01 05:19:50,1.7639547111514364,0.008471904444658436,6.081325028878319,0,NORMAL
2026-01-01 05:20:00,1.010350094812106,0.013168305123870294,4.350430407391479,0,NORMAL
2026-01-01 05:20:10,2.3739551280587667,0.006509001626944752,2.1822753779539794,0,NORMAL
2026-01-01 05:20:20,1.4636284871300966,0.018393373366862833,8.997654402995384,0,NORMAL
2026-01-01 05:20:30,2.1196234320555747,0.00044179724674121455,7.786796040596645,0,NORMAL
2026-01-01 05:20:40,3.0370413348749867,0.016555837489013122,3.1852797082154756,0,NORMAL
2026-01-01 05:20:50,1.5403077042067883,0.008878405145609477,6.493364928253333,0,NORMAL
2026-01-01 05:21:00,0.7348562386268351,0.01429792436171778,6.612236008461142,0,NORMAL
2026-01-01 05:21:10,1.8569978890599446,0.010399007420293666,6.926903705033528,0,NORMAL
2026-01-01 05:21:20,2.5504798174992853,0.015697777680127346,0.0,0,NORMAL
2026-01-01 05:21:30,2.9791737271102967,0.008063190177235944,8.019819623097884,0,NORMAL
2026-01-01 05:21:40,1.3852252027737917,0.004506897874110939,3.2909031112228058,0,NORMAL
2026-01-01 05:21:50,2.248349611618261,0.017102521436355315,3.9265161996761995,0,NORMAL
2026-01-01 05:22:00,1.7673447716099733,0.009432596770589293,12.913645256780601,0,NORMAL
2026-01-01 05:22:10,1.9470258228479322,0.011107792368121056,5.905620142163035,0,NORMAL
2026-01-01 05:22:20,3.3221716735085174,0.016173759570223975,3.8410325736584734,0,NORMAL
2026-01-01 05:22:30,1.2485148358024234,0.004840223789527825,0.0,0,NORMAL
2026-01-01 05:22:40,2.1268698307472866,0.012977454488196287,9.169292401839067,0,NORMAL
2026-01-01 05:22:50,2.233846585882717,0.0070505262176855455,0.9643709875741924,0,NORMAL
2026-01-01 05:23:00,2.5428931624696736,0.00933915322177814,1.9896832895014895,0,NORMAL
2026-01-01 05:23:10,2.048991576735448,0.010361394826921444,4.0059431027364525,0,NORMAL
2026-01-01 05:23:20,2.154025269752051,0.00249889069276532,9.249235375100877,0,NORMAL
2026-01-01 05:23:30,1.8041757162891046,0.006105814785897826,7.319719959997277,0,NORMAL
2026-01-01 05:23:40,2.134563470622554,0.016755364462065696,4.52648747047922,0,NORMAL
2026-01-01 05:23:50,1.8284038622512948,0.014430955942923979,5.924876190916463,0,NORMAL
2026-01-01 05:24:00,2.3107859449280252,0.009686802113363827,3.1988429213866825,0,NORMAL
2026-01-01 05:24:10,1.815194831978183,0.011215617292564466,5.418961068696053,0,NORMAL
2026-01-01 05:24:20,2.1885501969510934,0.008528787471817711,5.22001023433441,0,NORMAL
2026-01-01 05:24:30,1.985368593157511,0.01678291692913991,7.906309687044059,0,NORMAL
2026-01-01 05:24:40,2.5630251253860843,0.008998237111029182,7.901534367316849,0,NORMAL
2026-01-01 05:24:50,1.974303138205757,0.011159210460674241,6.481932146616934,0,NORMAL
2026-01-01 05:25:00,1.1134837658965593,0.015730150720710327,3.9129573273616933,0,NORMAL
2026-01-01 05:25:10,2.630960750356996,0.006113142575770467,7.225466883170379,0,NORMAL
2026-01-01 05:25:20,1.5471338495686906,0.01779394592248447,4.72409460139086,0,NORMAL
2026-01-01 05:25:30,1.6731168306755901,0.002347692951283116,1.7542568938606011,0,NORMAL
2026-01-01 05:25:40,1.702169352978254,0.018148210655563993,3.790136624267184,0,NORMAL
2026-01-01 05:25:50,2.6872190465854087,0.008136622080240127,5.253580951352974,0,NORMAL
2026-01-01 05:26:00,0.932162893010652,0.008786506260873591,7.730647350994236,0,NORMAL
2026-01-01 05:26:10,3.5688742668299973,0.0005499491440852855,4.449415483528541,0,NORMAL
2026-01-01 05:26:20,2.5280284045330257,0.007726026413111536,1.3724038662811817,0,NORMAL
2026-01-01 05:26:30,2.1116194570645797,0.0048009673448655785,5.170225049890458,0,NORMAL
2026-01-01 05:26:40,1.9725529996918567,0.006961768273132637,5.340368120169657,0,NORMAL
2026-01-01 05:26:50,2.1427770374288286,0.009313445171055602,5.557512886708259,0,NORMAL
2026-01-01 05:27:00,2.260561214189669,0.014788958072364529,7.759614547863291,0,NORMAL
2026-01-01 05:27:10,2.3226077929750284,0.01103801675700313,8.056769720269696,0,NORMAL
2026-01-01 05:27:20,2.277802233001724,0.01153838326700557,3.2173673828550005,0,NORMAL
2026-01-01 05:27:30,2.044790340627624,0.0045224030557721884,3.1515696258531696,0,NORMAL
2026-01-01 05:27:40,1.901330789846337,0.00559622955198635,1.8794038671335807,0,NORMAL
2026-01-01 05:27:50,1.9243633581732442,0.018993625091756557,7.096447010841429,0,NORMAL
2026-01-01 05:28:00,1.9025458598236595,0.006323994826183767,9.346460325013146,0,NORMAL
2026-01-01 05:28:10,2.5668850484335324,0.018281041260286478,4.0547542162732295,0,NORMAL
2026-01-01 05:28:20,2.296778361140431,0.008784694005595667,4.27570830582502,0,NORMAL
2026-01-01 05:28:30,0.5298056826678599,0.010011439680717521,9.40034767069693,0,NORMAL
2026-01-01 05:28:40,2.3279503882648807,0.01535182580114965,6.516673559645023,0,NORMAL
2026-01-01 05:28:50,2.0973680973593876,0.016359462109693284,6.308707114403165,0,NORMAL
2026-01-01 05:29:00,1.9906456217770514,0.009445937198604563,1.4272504820788197,0,NORMAL
2026-01-01 05:29:10,1.805740773455557,0.008058784732392308,7.036184207838257,0,NORMAL
2026-01-01 05:29:20,2.5620563599930066,0.009720397757388935,2.2125909784707254,0,NORMAL
2026-01-01 05:29:30,2.473763231061429,0.011689787641160592,1.5979394421951256,0,NORMAL
2026-01-01 05:29:40,1.6135611660881954,0.014456518434348777,3.9596852696998637,0,NORMAL
2026-01-01 05:29:50,2.2035261435622675,0.010021149294970758,3.2426218296539293,0,NORMAL
2026-01-01 05:30:00,1.514171632729357,0.01309443149011577,4.335200916844882,0,NORMAL
2026-01-01 05:30:10,1.3101909176055349,0.018191798661354706,0.6770550964252426,0,NORMAL
2026-01-01 05:30:20,1.6866413877050175,0.011906548061323923,7.876448919403018,0,NORMAL
2026-01-01 05:30:30,2.4311967361913793,0.011558264280023892,8.383058883549287,0,NORMAL
2026-01-01 05:30:40,2.4765625226880434,0.002405445874549661,0.0,0,NORMAL
2026-01-01 05:30:50,2.2565427100486466,0.0,7.93537341699965,0,NORMAL
2026-01-01 05:31:00,2.3625478934239985,0.011941878646150842,2.5684141105351213,0,NORMAL
2026-01-01 05:31:10,2.2580891435574793,0.00952587884359564,7.570926610948359,0,NORMAL
2026-01-01 05:31:20,1.6792592023885238,0.007426086625426291,4.794660522000753,0,NORMAL
2026-01-01 05:31:30,2.2159612723369704,0.011217651020931724,5.086326692242996,0,NORMAL
2026-01-01 05:31:40,2.4002047626138414,0.009697981354015459,4.444707051736344,0,NORMAL
2026-01-01 05:31:50,2.377145664906787,0.015638901253169493,8.636387612700458,0,NORMAL
2026-01-01 05:32:00,2.5944566857373212,0.01043055434129489,1.2812359624249152,0,NORMAL
2026-01-01 05:32:10,2.354151923600532,0.006265383574649162,6.823521016205025,0,NORMAL
2026-01-01 05:32:20,2.1757241037707913,0.014950831194796446,8.303990494668652,0,NORMAL
2026-01-01 05:32:30,2.535075119158214,0.008914344625268987,7.149020241621232,0,NORMAL
2026-01-01 05:32:40,1.9867393703754699,0.012632683418361535,11.974096742970254,0,NORMAL
2026-01-01 05:32:50,1.5590626743861409,0.007612946469035998,3.4131597118259034,0,NORMAL
2026-01-01 05:33:00,1.918466518028118,0.006750865572512818,7.871914467780593,0,NORMAL
2026-01-01 05:33:10,1.6275486775967756,0.010420841150928482,4.681728093975739,0,NORMAL
2026-01-01 05:33:20,1.6624108625128091,0.010064143217718426,8.70021822905801,0,NORMAL
2026-01-01 05:33:30,1.927740664642241,0.012399135176834164,4.976933012835891,0,NORMAL
2026-01-01 05:33:40,1.6037900395000193,0.008656771233451287,3.836372654412591,0,NORMAL
2026-01-01 05:33:50,1.8460192351804798,0.0008182010811480134,8.918216611614888,0,NORMAL
2026-01-01 05:34:00,1.053192666523107,0.007836130582058056,3.52531418294321,0,NORMAL
2026-01-01 05:34:10,2.106646853686469,0.01396909233571908,0.7618227232983321,0,NORMAL
2026-01-01 05:34:20,2.000602737681112,0.008513119603784468,3.449459350478515,0,NORMAL
2026-01-01 05:34:30,1.5914556844659047,0.00876808298742726,6.857098839765596,0,NORMAL
2026-01-01 05:34:40,2.3296228342162024,0.014931882529529686,9.176116254761274,0,NORMAL
2026-01-01 05:34:50,2.468785068813279,0.0064401338637053865,5.333388125889536,0,NORMAL
2026-01-01 05:35:00,1.196220067815513,0.002285983908785502,8.954591201702076,0,NORMAL
2026-01-01 05:35:10,1.618637610716893,0.009196844402372529,0.9254752355672207,0,NORMAL
2026-01-01 05:35:20,1.6154288251063509,0.007579130243756315,3.670209605546291,0,NORMAL
2026-01-01 05:35:30,1.5300484494455677,0.00516876840123373,4.134274648537697,0,NORMAL
2026-01-01 05:35:40,2.4147374209658743,0.009123107720506547,4.656321717582439,0,NORMAL
2026-01-01 05:35:50,1.9030869306135982,0.01245752823623392,5.252283164750591,0,NORMAL
2026-01-01 05:36:00,1.8677425793446947,0.009953557192160921,7.072732872176578,0,NORMAL
2026-01-01 05:36:10,0.9980688177966233,0.01153490536343119,3.665579485488529,0,NORMAL
2026-01-01 05:36:20,2.3177090151046134,0.019067038492577116,5.4170860608593765,0,NORMAL
2026-01-01 05:36:30,1.3803708025732637,0.00828560569221218,4.864631329027845,0,NORMAL
2026-01-01 05:36:40,2.029966315133164,0.011391743173223348,2.2223302883265506,0,NORMAL
2026-01-01 05:36:50,2.138688468979096,0.007453933187004327,4.658999932755694,0,NORMAL
2026-01-01 05:37:00,2.6803292979193256,0.0057682014005651355,4.569021410308646,0,NORMAL
2026-01-01 05:37:10,1.345589800440444,0.007075461732911151,4.504758304990862,0,NORMAL
2026-01-01 05:37:20,0.49024392208958734,0.007606207142391556,5.095278369744352,0,NORMAL
2026-01-01 05:37:30,2.0919247723768475,0.011797378987735628,5.2270206218401585,0,NORMAL
2026-01-01 05:37:40,2.900255590755427,0.021745378933503787,3.7031144626780095,0,NORMAL
2026-01-01 05:37:50,2.6194731764697186,0.0064197828186207985,8.818144201913794,0,NORMAL
2026-01-01 05:38:00,2.104829707637313,0.007916873471922688,1.49155811239095,0,NORMAL
2026-01-01 05:38:10,1.7541819071839764,0.00968438493444376,2.8370896745903114,0,NORMAL
2026-01-01 05:38:20,2.403561298318655,0.011978994243548735,13.339890872670669,0,NORMAL
2026-01-01 05:38:30,1.5132269001477656,0.011317754059773925,1.8860259350323103,0,NORMAL
2026-01-01 05:38:40,2.2381788846781094,0.01642047896974059,0.9387359758707241,0,NORMAL
2026-01-01 05:38:50,2.252735079583313,0.0,7.203430235003654,0,NORMAL
2026-01-01 05:39:00,2.53010495374944,0.0,0.0,0,NORMAL
2026-01-01 05:39:10,3.3798300194555386,0.007520609139949254,4.294178270082683,0,NORMAL
2026-01-01 05:39:20,2.1962079835893835,0.015486500937718544,11.437474775229465,0,NORMAL
2026-01-01 05:39:30,1.7455181871462506,0.0021717598419720187,0.36519223353979857,0,NORMAL
2026-01-01 05:39:40,1.9872128439040029,0.0,0.0,0,NORMAL
2026-01-01 05:39:50,1.1154620475554409,0.012855897031096044,0.5024563941269053,0,NORMAL
2026-01-01 05:40:00,1.652643434455471,0.011218286118513573,7.695078705040957,0,NORMAL
2026-01-01 05:40:10,1.795358780943448,0.004548957966002852,8.374330159957438,0,NORMAL
2026-01-01 05:40:20,1.7379558010327036,0.00507230199639535,3.4622336090644734,0,NORMAL
2026-01-01 05:40:30,2.076177436016861,0.005151281401826628,7.049637212003207,0,NORMAL
2026-01-01 05:40:40,1.5887900338088996,0.0105526765873697,9.170765982535968,0,NORMAL
2026-01-01 05:40:50,2.5605153336622357,0.006868423619084965,10.362039243289477,0,NORMAL
2026-01-01 05:41:00,2.0001035324590988,0.012470319594877599,4.260994156460455,0,NORMAL
2026-01-01 05:41:10,1.9953498394306868,0.0,0.0,0,NORMAL
2026-01-01 05:41:20,1.836052641743541,0.005715740674361003,2.53736323277094,0,NORMAL
2026-01-01 05:41:30,2.0775953419294897,0.004369730195444748,3.719587415194227,0,NORMAL
2026-01-01 05:41:40,2.412549132333817,0.008718296608137539,4.223183610264829,0,NORMAL
2026-01-01 05:41:50,1.56643489214455,0.007309761207549307,4.436421796973842,0,NORMAL
2026-01-01 05:42:00,1.6709417554623718,0.013989218899478833,8.356683793792008,0,NORMAL
2026-01-01 05:42:10,1.8481369856116676,0.0007033161416997125,8.823285280062745,0,NORMAL
2026-01-01 05:42:20,1.3270645382633925,0.01022745738165376,4.48497903822565,0,NORMAL
2026-01-01 05:42:30,1.590371070139251,0.012791682116058528,8.295454628155456,0,NORMAL
2026-01-01 05:42:40,1.7618895632276705,0.019283237182809772,6.072984099893268,0,NORMAL
2026-01-01 05:42:50,2.4371945903563637,0.007591170144532624,5.193517918587715,0,NORMAL
2026-01-01 05:43:00,2.1312806645009625,0.011622293021762585,7.719632471329891,0,NORMAL
2026-01-01 05:43:10,2.096794955683772,0.0009806860371881754,5.216756144713748,0,NORMAL
2026-01-01 05:43:20,2.425448981083986,0.0,11.173433531293288,0,NORMAL
2026-01-01 05:43:30,1.9313141058003016,0.0142238718789085,0.6847664996163225,0,NORMAL
2026-01-01 05:43:40,2.195232424964445,0.009972198531759647,3.4544873027239467,0,NORMAL
2026-01-01 05:43:50,1.9483891235337518,0.015892563448992113,4.620443309138149,0,NORMAL
2026-01-01 05:44:00,2.1326811746998144,0.0031329855551512553,6.3183580713739715,0,NORMAL
2026-01-01 05:44:10,1.708620671194209,0.012599510697643763,8.803881461309267,0,NORMAL
2026-01-01 05:44:20,0.7805914208617855,0.019344089202719267,4.92680429829153,0,NORMAL
2026-01-01 05:44:30,1.932860418906848,0.01209852804178633,0.733311051481379,0,NORMAL
2026-01-01 05:44:40,2.7113740680499703,0.011382907527955245,7.5275416893650124,0,NORMAL
2026-01-01 05:44:50,2.463107701120796,0.01004278040412175,7.264876298425893,0,NORMAL
2026-01-01 05:45:00,2.4826987422955855,0.002145592714370439,0.0,0,NORMAL
2026-01-01 05:45:10,2.618065360903109,0.016777864678551743,4.988587598987602,0,NORMAL
2026-01-01 05:45:20,2.0443287954807188,0.006945711800974671,0.22957450795910628,0,NORMAL
2026-01-01 05:45:30,2.098657853702798,0.012522416281915085,3.0060467074938124,0,NORMAL
2026-01-01 05:45:40,1.691174052282825,0.0021848284671437323,2.2915732191116005,0,NORMAL
2026-01-01 05:45:50,1.841963571986475,0.004102701677461098,7.427794094725957,0,NORMAL
2026-01-01 05:46:00,2.307885574885571,0.01717543699611118,5.3504905225165516,0,NORMAL
2026-01-01 05:46:10,2.601942218584408,0.008263488555210785,1.1432269977319172,0,NORMAL
2026-01-01 05:46:20,1.9302768621595003,0.017266377380212722,7.640197888872027,0,NORMAL
2026-01-01 05:46:30,1.7749053675742943,0.009608846704707411,0.6985825282147569,0,NORMAL
2026-01-01 05:46:40,2.000263979428299,0.0007905111352107131,5.990341371412831,0,NORMAL
2026-01-01 05:46:50,2.3006033744645578,0.014460337998658604,2.5579679921253313,0,NORMAL
2026-01-01 05:47:00,1.278072591933229,0.007050538411221961,3.9029687524084404,0,NORMAL
2026-01-01 05:47:10,0.8519095234313809,0.013493444067585217,6.512812244115152,0,NORMAL
2026-01-01 05:47:20,1.7247315752542083,0.01012605433770041,6.564348197178587,0,NORMAL
2026-01-01 05:47:30,1.3896437870429206,0.0022844088602856495,9.010907220667882,0,NORMAL
2026-01-01 05:47:40,1.7459299011763445,0.010821473826852845,4.75323890098564,0,NORMAL
2026-01-01 05:47:50,1.9261098405912642,0.020981115710763994,5.919352588890023,0,NORMAL
2026-01-01 05:48:00,1.7733757954884932,0.012464932292572296,3.6867880327870264,0,NORMAL
2026-01-01 05:48:10,2.7262337672353727,0.009712411234972684,5.545969647868393,0,NORMAL
2026-01-01 05:48:20,2.16337238230116,0.015376717009784489,6.318458144025535,0,NORMAL
2026-01-01 05:48:30,2.1502371798054143,0.011053342326015554,4.705070457636872,0,NORMAL
2026-01-01 05:48:40,2.311103572021701,0.011047671151313972,0.0,0,NORMAL
2026-01-01 05:48:50,1.4305834411096154,0.004541874139204487,5.994412688992686,0,NORMAL
2026-01-01 05:49:00,2.5195558937101343,0.011169240128947992,6.093684432066371,0,NORMAL
2026-01-01 05:49:10,1.9621178567322701,0.015177217082084724,2.959479570956147,0,NORMAL
2026-01-01 05:49:20,2.335240308620606,0.005819689239499876,1.146838891782458,0,NORMAL
2026-01-01 05:49:30,1.4640713834799222,0.01712247910623474,9.427637451511895,0,NORMAL
2026-01-01 05:49:40,1.223120616991968,0.00954146987927437,6.474336532683207,0,NORMAL
2026-01-01 05:49:50,2.408944829012514,0.0055611524423072965,4.312756907234871,0,NORMAL
2026-01-01 05:50:00,2.188204763048758,0.014988160384601223,1.5889013505575378,0,NORMAL
2026-01-01 05:50:10,1.5489742228212449,0.008566028821308655,2.5345555147359624,0,NORMAL
2026-01-01 05:50:20,1.5651684593626527,0.01379757443743054,8.907771190358694,0,NORMAL
2026-01-01 05:50:30,2.562717392207385,0.008541206838707315,5.4129858226041385,0,NORMAL
2026-01-01 05:50:40,1.405294053566336,0.009700869282350482,3.348238798997881,0,NORMAL
2026-01-01 05:50:50,2.8213364766279816,0.012467801021671459,6.5290676936739676,0,NORMAL
2026-01-01 05:51:00,1.5496896326760656,0.01145448528795003,2.556805437661029,0,NORMAL
2026-01-01 05:51:10,2.3191959628041916,2.2341097741307437e-05,9.502529090841135,0,NORMAL
2026-01-01 05:51:20,1.8356907621255076,0.00439378129952804,9.058401604690175,0,NORMAL
2026-01-01 05:51:30,2.3015937155411716,0.014647049923954079,3.60027778639167,0,NORMAL
2026-01-01 05:51:40,1.7279429989429036,0.009339317055492263,3.113989258907419,0,NORMAL
2026-01-01 05:51:50,1.918603546963853,0.007381343486142891,0.0,0,NORMAL
2026-01-01 05:52:00,2.0204595876978604,0.0032071299237126285,0.5552576853458959,0,NORMAL
2026-01-01 05:52:10,1.4989062721092636,0.0046013183936207585,0.9815906751267314,0,NORMAL
2026-01-01 05:52:20,2.3704121727100627,0.0,5.4055710229621585,0,NORMAL
2026-01-01 05:52:30,1.7433932167642074,0.009493596406492336,4.02129888667592,0,NORMAL
2026-01-01 05:52:40,1.8857000423299908,0.007007812097094766,0.9639935377542757,0,NORMAL
2026-01-01 05:52:50,1.5028253126957438,0.005167060545073424,4.156507872606328,0,NORMAL
2026-01-01 05:53:00,0.7188331706023448,0.009659382874160235,6.5160114429420455,0,NORMAL
2026-01-01 05:53:10,1.9044861186999156,0.01181985315426369,6.583518049746761,0,NORMAL
2026-01-01 05:53:20,3.206307710806458,0.020465989661049726,0.0,0,NORMAL
2026-01-01 05:53:30,2.3923021439490118,0.002440582902183932,4.615209558548507,0,NORMAL
2026-01-01 05:53:40,1.9903698101328027,0.01579690521650261,0.8499776690851695,0,NORMAL
2026-01-01 05:53:50,1.868554585395866,0.01486550780507536,7.7051860914208214,0,NORMAL
2026-01-01 05:54:00,2.011232946406023,0.006104536303116498,7.352439249060495,0,NORMAL
2026-01-01 05:54:10,2.273559557587605,0.011016179772930155,2.3059183210266245,0,NORMAL
2026-01-01 05:54:20,1.4095935923455776,0.007711833753311924,2.7018643927988,0,NORMAL
2026-01-01 05:54:30,2.557160847334436,0.010928442902093695,3.6161988485050784,0,NORMAL
2026-01-01 05:54:40,2.357690657720622,0.017545655067022752,0.0,0,NORMAL
2026-01-01 05:54:50,2.3590928628539674,0.013028031163156565,6.00790452032173,0,NORMAL
2026-01-01 05:55:00,2.219237869404864,0.01254304186616721,4.181466360979607,0,NORMAL
2026-01-01 05:55:10,2.009808328846995,0.007848453400226788,7.910525247703578,0,NORMAL
2026-01-01 05:55:20,2.33643061798341,0.002579716675378324,1.704772346112342,0,NORMAL
2026-01-01 05:55:30,2.295907066870689,0.00895765894729796,3.1426311552502053,0,NORMAL
2026-01-01 05:55:40,1.8229796445294881,0.016033040774319576,0.4804242258826541,0,NORMAL
2026-01-01 05:55:50,1.7131991135515494,0.002364160717051762,1.9871283095172405,0,NORMAL
2026-01-01 05:56:00,2.0509281476309935,0.004724553159116525,1.4540540117953444,0,NORMAL
2026-01-01 05:56:10,2.774510075747594,0.010631338681170341,7.987921036539337,0,NORMAL
2026-01-01 05:56:20,1.3804464621730497,0.005076726075763688,2.905214453745823,0,NORMAL
2026-01-01 05:56:30,1.26623736712378,0.006037382764423937,5.37252705423384,0,NORMAL
2026-01-01 05:56:40,2.0823804206182586,0.007882007091359115,3.857709788414587,0,NORMAL
2026-01-01 05:56:50,2.025443850928009,0.003171912979049254,1.1916042019615611,0,NORMAL
2026-01-01 05:57:00,2.086670832185204,0.0051293907689181585,4.495098730485072,0,NORMAL
2026-01-01 05:57:10,2.1219765989542503,0.013517139583936544,6.797309995590784,0,NORMAL
2026-01-01 05:57:20,1.8883988726825975,0.00346315108884518,1.3767218223699424,0,NORMAL
2026-01-01 05:57:30,2.744931719301041,0.002010639327525812,7.427338372194137,0,NORMAL
2026-01-01 05:57:40,1.1995480107617422,0.006849875102330529,2.4508372355669112,0,NORMAL
2026-01-01 05:57:50,1.585751487609877,0.013659777512549228,3.551048221781478,0,NORMAL
2026-01-01 05:58:00,1.9483726199254763,0.009015390960015551,6.592049369030144,0,NORMAL
2026-01-01 05:58:10,1.1784055944229164,0.007677094609421908,3.009691528341536,0,NORMAL
2026-01-01 05:58:20,1.9120727977839644,0.010221793987578035,5.1127245780075965,0,NORMAL
2026-01-01 05:58:30,2.8307350828640088,0.00127146283570174,4.055927513635723,0,NORMAL
2026-01-01 05:58:40,2.010443244147981,0.012473528268875163,5.388104020111456,0,NORMAL
2026-01-01 05:58:50,2.115350452859342,0.011917175157018222,0.0,0,NORMAL
2026-01-01 05:59:00,1.36991761741371,0.007953457629521394,0.0,0,NORMAL
2026-01-01 05:59:10,1.6918192959802614,0.015029622558982084,6.847901018140514,0,NORMAL
2026-01-01 05:59:20,1.8124018098380315,0.004362519505234807,8.11154421694715,0,NORMAL
2026-01-01 05:59:30,1.841142451621883,0.015639544966267845,2.268539889405436,0,NORMAL
2026-01-01 05:59:40,2.6408218975018842,0.010772468327976256,4.267914943486597,0,NORMAL
2026-01-01 05:59:50,2.2788455303625623,0.008317237050609133,5.8841577587069045,0,NORMAL
2026-01-01 06:00:00,2.346608800829352,0.014165788833147173,3.0913288620442105,1,WATCH
2026-01-01 06:00:10,0.9971799268926715,0.006942880639642499,3.3944530859673256,1,WATCH
2026-01-01 06:00:20,1.5917727229132876,0.014592987643308748,10.983028155037825,1,WATCH
2026-01-01 06:00:30,1.8951754601334447,0.0,2.682718873275389,1,WATCH
2026-01-01 06:00:40,2.456668203584193,0.006766533950290088,13.152459626796825,1,WATCH
2026-01-01 06:00:50,3.4307356464339738,0.0058092861298671495,6.955511273777439,1,WATCH
2026-01-01 06:01:00,2.0124326988249828,0.004192776193050953,5.968156002813649,1,WATCH
2026-01-01 06:01:10,1.3979143849551123,0.009665318439031147,7.3412114362300125,1,WATCH
2026-01-01 06:01:20,2.3978834498722152,0.012908805699720027,14.275123772661496,1,WATCH
2026-01-01 06:01:30,2.9280339959204467,0.014695532953013114,2.6751072493917945,1,WATCH
2026-01-01 06:01:40,2.2835050560751977,0.012388986232147405,2.317912420143082,1,WATCH
2026-01-01 06:01:50,1.736769950904992,0.0076960402701180455,3.6397327112002262,1,WATCH
2026-01-01 06:02:00,2.811376452850402,0.013309556972754382,6.452295498687107,1,WATCH
2026-01-01 06:02:10,2.670466066458601,0.012119074117635848,0.39785326043410063,1,WATCH
2026-01-01 06:02:20,1.7195566068477814,0.016610582134403664,6.643493949538079,1,WATCH
2026-01-01 06:02:30,2.5578713800689314,0.015886193306388668,12.750040556712722,1,WATCH
2026-01-01 06:02:40,2.9453157395978273,0.011953712310461525,7.336667019639556,1,WATCH
2026-01-01 06:02:50,3.0830798297906266,0.006987106446714907,5.826806362638092,1,WATCH
2026-01-01 06:03:00,2.36232812935326,0.008418123444164248,4.721562136998632,1,WATCH
2026-01-01 06:03:10,2.2075328496622566,0.009082170580772889,10.48604939692485,1,WATCH
2026-01-01 06:03:20,3.197689852055298,0.010482178758398466,4.111235824122022,1,WATCH
2026-01-01 06:03:30,1.7222193543050959,0.013843857137372923,14.40187044519489,1,WATCH
2026-01-01 06:03:40,2.7648133571938107,0.016473465151277646,14.921517238383355,1,WATCH
2026-01-01 06:03:50,1.6529162258184453,0.012281397318740048,8.571017080815238,1,WATCH
2026-01-01 06:04:00,3.2118447312931,0.012772998098988712,7.636211524614331,1,WATCH
2026-01-01 06:04:10,2.3935965835895083,0.013609901849720695,11.89290381825693,1,WATCH
2026-01-01 06:04:20,3.399560691158004,0.009950821530946098,12.302570520119813,1,WATCH
2026-01-01 06:04:30,2.9231820453375357,0.007691876953227684,4.747765381289745,1,WATCH
2026-01-01 06:04:40,1.822746497026387,0.002978333945717403,5.972263058160879,1,WATCH
2026-01-01 06:04:50,3.5911641690008564,0.009201366858100852,2.7735357448847,1,WATCH
2026-01-01 06:05:00,3.7059989348497973,0.016114173176898533,10.059058709137098,1,WATCH
2026-01-01 06:05:10,3.2866788958558963,0.009340463631611475,11.271717453220644,1,WATCH
2026-01-01 06:05:20,2.198140080436309,0.012173818857629238,2.8363496625003974,1,WATCH
2026-01-01 06:05:30,2.528007210006801,0.016449257903112045,6.734118665369777,1,WATCH
2026-01-01 06:05:40,2.8601131918972698,0.01689683974128571,2.965800077510916,1,WATCH
2026-01-01 06:05:50,2.2926706999063495,0.007457541051297979,4.984014236811836,1,WATCH
2026-01-01 06:06:00,3.9910027644923587,0.02001027267143947,11.451131064349443,1,WATCH
2026-01-01 06:06:10,2.9288117244320877,0.020935967019574994,5.872336731419494,1,WATCH
2026-01-01 06:06:20,0.9235928714738098,0.007397278798423811,7.89629473355343,1,WATCH
2026-01-01 06:06:30,3.1151241449115887,0.009340881631794088,1.9937290523054432,1,WATCH
2026-01-01 06:06:40,2.641975514593061,0.02175555473768201,10.322743024274027,1,WATCH
2026-01-01 06:06:50,2.8615758906510758,0.013678553779995358,9.377199913117371,1,WATCH
2026-01-01 06:07:00,2.66774610837531,0.000989638927741366,6.308574654873977,1,WATCH
2026-01-01 06:07:10,3.558288548605509,0.0061248800544509395,8.919586695765847,1,WATCH
2026-01-01 06:07:20,3.818314628138974,0.013362865183981472,10.767313821371008,1,WATCH
2026-01-01 06:07:30,3.218271789518374,0.007750794590398022,6.149342665526473,1,WATCH
2026-01-01 06:07:40,2.7710800790099412,0.012541331050469293,3.055254048617159,1,WATCH
2026-01-01 06:07:50,3.018756824265633,0.015455909058449405,18.986745579367497,1,WATCH
2026-01-01 06:08:00,3.087681269717452,0.02463496634401909,7.274597367530346,1,WATCH
2026-01-01 06:08:10,2.4740974272554195,0.013625042097767154,9.999168207796297,1,WATCH
2026-01-01 06:08:20,3.5684946730485323,0.022447264583859268,15.595613659011274,1,WATCH
2026-01-01 06:08:30,3.5007594776670143,0.024877509420906625,28.323884568089458,1,WATCH
2026-01-01 06:08:40,4.379734276136309,0.025064959039674012,4.545908986872246,1,WATCH
2026-01-01 06:08:50,4.183728177045294,0.01776712473925843,13.203592793651794,1,WATCH
2026-01-01 06:09:00,2.6570148007028846,0.0032556879484223174,7.416702005340183,1,WATCH
2026-01-01 06:09:10,3.8912464531650586,0.019157346885600682,8.370029827822751,1,WATCH
2026-01-01 06:09:20,2.4784149874846615,0.02313893781106654,7.519123086506659,1,WATCH
2026-01-01 06:09:30,3.843318730658293,0.015834306232325183,5.482608659992471,1,WATCH
2026-01-01 06:09:40,2.8703877412451626,0.028029787072844526,11.262917574508739,1,WATCH
2026-01-01 06:09:50,2.469535733680032,0.022308390715900975,3.7666058508613194,1,WATCH
2026-01-01 06:10:00,3.5746747415266036,0.020497690981550708,16.765892967328824,1,WATCH
2026-01-01 06:10:10,1.1144002637586694,0.024098641639368742,12.111859387352922,1,WATCH
2026-01-01 06:10:20,1.903503913282726,0.019171567993124906,14.218907031772615,1,WATCH
2026-01-01 06:10:30,3.256606076672748,0.00018826422196436884,9.491997416293819,1,WATCH
2026-01-01 06:10:40,3.500864866918706,0.013762827787505618,10.13019064134876,1,WATCH
2026-01-01 06:10:50,3.1337444134668146,0.025422039068393194,13.856220077798824,1,WATCH
2026-01-01 06:11:00,2.1027801986000747,0.011847489432288198,5.877728593444583,1,WATCH
2026-01-01 06:11:10,2.7821224955604684,0.01595044032714282,10.474087279218905,1,WATCH
2026-01-01 06:11:20,3.863773570055249,0.010388978504635233,7.733025197995117,1,WATCH
2026-01-01 06:11:30,4.057052573433495,0.030067396748883764,7.6347475597607,1,WATCH
2026-01-01 06:11:40,3.5497900153265216,0.029516525751315248,0.7161794797623804,1,WATCH
2026-01-01 06:11:50,4.6238649265722715,0.0117606920730396,20.669629572750388,1,WATCH
2026-01-01 06:12:00,3.9674839066405942,0.0190774245278676,9.05202881545769,1,WATCH
2026-01-01 06:12:10,2.952728805764193,0.013366354747582682,19.96769891514749,1,WATCH
2026-01-01 06:12:20,3.397418515459221,0.022613994236730127,19.567463123301554,1,WATCH
2026-01-01 06:12:30,2.386751492398368,0.021996075464233284,5.750102299885385,1,WATCH
2026-01-01 06:12:40,3.5983407658671536,0.02427332180897717,6.99155524617725,1,WATCH
2026-01-01 06:12:50,4.755110352515938,0.02097684700036925,28.994978683054278,1,WATCH
2026-01-01 06:13:00,4.384279827871995,0.03978769259893398,24.308674833000538,1,WATCH
2026-01-01 06:13:10,5.085131683895933,0.0114188734253416,13.634887265208752,1,WATCH
2026-01-01 06:13:20,3.5008991685814004,0.006562953385501195,15.51585641195437,1,WATCH
2026-01-01 06:13:30,5.092234720473078,0.016195434296581563,10.15947246450449,1,WATCH
2026-01-01 06:13:40,3.647197347285884,0.007730588343261737,16.845496455176413,1,WATCH
2026-01-01 06:13:50,5.272896238789423,0.008351253778168434,9.794361089342328,1,WATCH
2026-01-01 06:14:00,3.85590980066364,0.0120294482107803,1.61230176069451,1,WATCH
2026-01-01 06:14:10,4.588893154909756,0.012696707513018164,6.139658378041844,1,WATCH
2026-01-01 06:14:20,5.368057094616646,0.012542631368246763,14.743154412300663,1,WATCH
2026-01-01 06:14:30,3.75340795282356,0.023571124045208922,7.4793125592962815,1,WATCH
2026-01-01 06:14:40,4.183039359156933,0.01605719331536914,14.399045156171477,1,WATCH
2026-01-01 06:14:50,5.27409006368338,0.018600281953468585,7.979850247250722,1,WATCH
2026-01-01 06:15:00,3.877798503209797,0.026775101015104788,9.955268002459068,1,WATCH
2026-01-01 06:15:10,2.701558340824793,0.014388070343827232,20.763218266642944,1,WATCH
2026-01-01 06:15:20,6.228803242498108,0.018276761493045256,16.912148194206498,1,WATCH
2026-01-01 06:15:30,3.599262487477501,0.02317002000606908,15.326919930054434,1,WATCH
2026-01-01 06:15:40,4.263305784061671,0.005696982972924009,21.370737138656022,1,WATCH
2026-01-01 06:15:50,5.314431455383983,0.0023613377247916297,18.84185211845537,1,WATCH
2026-01-01 06:16:00,3.514661345574648,0.023384979480988093,25.496620218563706,1,WATCH
2026-01-01 06:16:10,3.117500749631691,0.02463117154850458,12.71402869846251,1,WATCH
2026-01-01 06:16:20,4.4557304086328555,0.03692147981436083,13.014281683021546,1,WATCH
2026-01-01 06:16:30,2.3240508323660034,0.022289116633826066,7.120869286808072,1,WATCH
2026-01-01 06:16:40,3.929842449349325,0.027561658690363363,13.208663981063221,1,WATCH
2026-01-01 06:16:50,4.5177646120228205,0.019756079882567803,22.989797477722025,1,WATCH
2026-01-01 06:17:00,3.990526322670286,0.023729632661044952,25.482034651954915,1,WATCH
2026-01-01 06:17:10,2.641819516406389,0.03464152037355778,23.257340231581164,1,WATCH
2026-01-01 06:17:20,6.047337623047354,0.004829889175152098,3.9404876470109675,1,WATCH
2026-01-01 06:17:30,4.458872463369355,0.025013045171797685,24.42883078494108,1,WATCH
2026-01-01 06:17:40,5.93178904481799,0.03884475469474998,3.706897658296208,1,WATCH
2026-01-01 06:17:50,4.105602663908059,0.02420842979591821,23.407703233638763,1,WATCH
2026-01-01 06:18:00,3.442444880536727,0.035299286046028694,14.410360933763272,1,WATCH
2026-01-01 06:18:10,4.734259288662845,0.01711695254009834,22.28096820175426,1,WATCH
2026-01-01 06:18:20,4.217600381550392,0.022031795368343206,7.561396700010068,1,WATCH
2026-01-01 06:18:30,3.1612225009649877,0.022673803455103083,25.999521057965794,1,WATCH
2026-01-01 06:18:40,6.157326972880896,0.0044882959750446325,6.702616538522018,1,WATCH
2026-01-01 06:18:50,3.8211747478433846,0.013097543973959258,12.666435074787596,1,WATCH
2026-01-01 06:19:00,2.4553396128162115,0.01376021233911989,10.293540066638759,1,WATCH
2026-01-01 06:19:10,6.087206469465221,0.02960020745646824,4.696925852023499,1,WATCH
2026-01-01 06:19:20,4.013222110338022,0.03014763034013397,18.673283176965608,1,WATCH
2026-01-01 06:19:30,3.9133204814238747,0.02575180969388642,31.754507507189494,1,WATCH
2026-01-01 06:19:40,2.5904026574931867,0.03002118883704314,38.4915744023585,1,WATCH
2026-01-01 06:19:50,6.687074301427222,0.021929706005835513,19.03968395702882,1,WATCH
2026-01-01 06:20:00,3.172367692623299,0.03344630081542803,26.998157071329487,1,WATCH
2026-01-01 06:20:10,4.772645897701337,0.02359319923993356,20.314072507782654,1,WATCH
2026-01-01 06:20:20,5.8045765263536495,0.024117795482554574,22.508081139232313,1,WATCH
2026-01-01 06:20:30,5.249244962364012,0.021502542590914855,16.070816680023018,1,WATCH
2026-01-01 06:20:40,4.699797789886408,0.029647723316308314,20.385938995635506,1,WATCH
2026-01-01 06:20:50,2.7541490133930124,0.020389820104739508,23.2062565972306,1,WATCH
2026-01-01 06:21:00,3.8408061334757,0.03239697123031873,14.492545501254108,1,WATCH
2026-01-01 06:21:10,5.065132811096124,0.014512915165946981,18.572587309232397,1,WATCH
2026-01-01 06:21:20,3.9038527361889854,0.014878008653587835,18.83390860042793,1,WATCH
2026-01-01 06:21:30,5.130916435808553,0.030327582139077186,26.06156858634612,1,WATCH
2026-01-01 06:21:40,5.741020548798456,0.023760889321057237,10.907549986898026,1,WATCH
2026-01-01 06:21:50,6.113027297871075,0.02070652684336676,19.218199042930024,1,WATCH
2026-01-01 06:22:00,3.432409342147992,0.03248066912848793,35.35441335355302,1,WATCH
2026-01-01 06:22:10,7.702534900741996,0.019568001083942504,29.40692907260422,1,WATCH
2026-01-01 06:22:20,5.952690689987978,0.023221704117429725,31.089603894473967,1,WATCH
2026-01-01 06:22:30,5.014609902241872,0.037356356880512406,20.286078140468415,1,WATCH
2026-01-01 06:22:40,6.4116787680658245,0.03873826365727248,22.865728337030664,1,WATCH
2026-01-01 06:22:50,8.05455229250276,0.039186531688419644,28.683493326187577,1,WATCH
2026-01-01 06:23:00,3.2552579721204595,0.022920841584132687,33.519910954664745,1,WATCH
2026-01-01 06:23:10,4.818589308328076,0.03646266826215255,4.067483807524251,1,WATCH
2026-01-01 06:23:20,2.0790499109445317,0.017186705249770718,9.494276744164155,1,WATCH
2026-01-01 06:23:30,5.398917197069104,0.017647795533210626,31.902753131495167,1,WATCH
2026-01-01 06:23:40,5.645747301707654,0.004790605343787151,18.4976670185361,1,WATCH
2026-01-01 06:23:50,5.144663732734963,0.041024121815958846,15.206108525816074,1,WATCH
2026-01-01 06:24:00,4.364058162971479,0.01829426002090577,10.264364665317274,1,WATCH
2026-01-01 06:24:10,2.555244949462781,0.025055962127428843,16.388905470410847,1,WATCH
2026-01-01 06:24:20,5.75400660582945,0.01804873153277396,9.098917805264003,1,WATCH
2026-01-01 06:24:30,7.207878522044551,0.03275485673060407,39.71873536926849,1,WATCH
2026-01-01 06:24:40,4.523090037783854,0.02310524561300083,21.3391513420925,1,WATCH
2026-01-01 06:24:50,5.915945771352068,0.014693297763631074,21.13652594421735,1,WATCH
2026-01-01 06:25:00,3.253795737072055,0.030818630827296477,26.973618343527086,1,WATCH
2026-01-01 06:25:10,5.988601909598042,0.01365556122381633,30.441218993357047,1,WATCH
2026-01-01 06:25:20,4.8659115927076275,0.019240745947502018,30.443390718681435,1,WATCH
2026-01-01 06:25:30,4.386109759658063,0.007556223853188299,31.739575898342878,1,WATCH
2026-01-01 06:25:40,4.406991359574706,0.013961506945201027,16.514996846216576,1,WATCH
2026-01-01 06:25:50,4.926044515044297,0.028984043091805575,19.619329845586428,1,WATCH
2026-01-01 06:26:00,6.010544016773841,0.009046939308254754,29.42878528891322,1,WATCH
2026-01-01 06:26:10,3.7014065413704182,0.013640643478410708,17.72174019641107,1,WATCH
2026-01-01 06:26:20,4.981642209145008,0.02763133171126379,22.606758679213794,1,WATCH
2026-01-01 06:26:30,5.495498676911797,0.022632985170965035,26.44111849888795,1,WATCH
2026-01-01 06:26:40,4.0435179523983305,0.046740235184083954,30.14554011948767,1,WATCH
2026-01-01 06:26:50,8.11209292189716,0.04540572138682368,6.463345690592094,1,WATCH
2026-01-01 06:27:00,4.420926741701523,0.01983347598329208,29.772849055667187,1,WATCH
2026-01-01 06:27:10,4.69814066652259,0.03353466663391035,21.021290675557566,1,WATCH
2026-01-01 06:27:20,4.279323657653614,0.03550290270976681,29.98361029500828,1,WATCH
2026-01-01 06:27:30,8.244207721657268,0.02269461655976551,30.779711862929442,1,WATCH
2026-01-01 06:27:40,6.498699921269092,0.01413514441084133,38.80920496559468,1,WATCH
2026-01-01 06:27:50,4.389743856974893,0.028540355769257314,36.558614094088114,1,WATCH
2026-01-01 06:28:00,7.345556572103027,0.02709560197875708,36.65741484944937,1,WATCH
2026-01-01 06:28:10,6.066372136724441,0.024646758521067725,37.75482094394374,1,WATCH
2026-01-01 06:28:20,6.171828283678407,0.033306385111435896,26.805650875849935,1,WATCH
2026-01-01 06:28:30,5.319908866592101,0.02176660998737543,24.417927044256313,1,WATCH
2026-01-01 06:28:40,4.748758208998612,0.01792315253630505,32.7071203453267,1,WATCH
2026-01-01 06:28:50,6.361249167608006,0.030402156579975997,31.478645268742586,1,WATCH
2026-01-01 06:29:00,5.085863211710403,0.03324713527030204,21.41111036047125,1,WATCH
2026-01-01 06:29:10,8.595150078338632,0.01791809189551344,28.53798238167692,1,WATCH
2026-01-01 06:29:20,4.050297271273497,0.03886793762295625,24.317957264011465,1,WATCH
2026-01-01 06:29:30,8.242378659027056,0.012170634495857993,16.303995276954975,1,WATCH
2026-01-01 06:29:40,5.811297251098258,0.02412328198990266,37.74241062499459,1,WATCH
2026-01-01 06:29:50,6.4486286010316585,0.027419914638023908,25.55199242530089,1,WATCH
2026-01-01 06:30:00,9.073062386548276,0.03931665966868095,32.09410980586605,1,WATCH
2026-01-01 06:30:10,3.561761594700251,0.03395373681185666,23.594465144975683,1,WATCH
2026-01-01 06:30:20,5.1648318407349505,0.02687322830346724,18.687588637592995,1,WATCH
2026-01-01 06:30:30,6.0489582550363075,0.02204011089991246,30.99450686321704,1,WATCH
2026-01-01 06:30:40,7.706071646443371,0.027510263447193248,28.857108405314523,1,WATCH
2026-01-01 06:30:50,6.599204058903277,0.03314129496450666,16.90109900910592,1,WATCH
2026-01-01 06:31:00,6.465709131271127,0.026839170388770265,39.19035611367264,1,WATCH
2026-01-01 06:31:10,4.309104311168779,0.033143386831314306,27.93352036322983,1,WATCH
2026-01-01 06:31:20,4.264587904155793,0.03439150133700417,32.29819362267631,1,WATCH
2026-01-01 06:31:30,6.483756990434857,0.03833179431270182,38.91920887679919,1,WATCH
2026-01-01 06:31:40,3.9538410092724625,0.0428279496883898,25.21888821164835,1,WATCH
2026-01-01 06:31:50,5.202183374566007,0.030780074184788574,28.169520069841152,1,WATCH
2026-01-01 06:32:00,6.751375993628786,0.016922234348523392,33.10027238506117,1,WATCH
2026-01-01 06:32:10,4.526513591584836,0.0265489590318081,17.751389161999477,1,WATCH
2026-01-01 06:32:20,8.40803394354271,0.030440625674065993,25.54051662846001,1,WATCH
2026-01-01 06:32:30,7.835904516356835,0.011642312438229092,26.255485866511492,1,WATCH
2026-01-01 06:32:40,3.6428700024925496,0.04388664520102482,15.439414483166056,1,WATCH
2026-01-01 06:32:50,4.6014431352270195,0.03142377912510466,48.17636788673878,1,WATCH
2026-01-01 06:33:00,2.571334133257575,0.03381352834580285,10.927065565075974,1,WATCH
2026-01-01 06:33:10,4.8261129561778,0.04365526462526265,12.018960963128421,1,WATCH
2026-01-01 06:33:20,7.1495827148585995,0.02369857169857653,38.142265757035794,1,WATCH
2026-01-01 06:33:30,5.379157586587715,0.035740419308840296,32.13266250796542,1,WATCH
2026-01-01 06:33:40,6.691195865423952,0.02890135876898064,14.74035182519222,1,WATCH
2026-01-01 06:33:50,3.7164985225773837,0.028159131329840804,31.072890151016928,1,WATCH
2026-01-01 06:34:00,7.196962881872858,0.022278076121956206,39.6785044499731,1,WATCH
2026-01-01 06:34:10,5.167336158107475,0.04665603213686527,24.697369424030143,1,WATCH
2026-01-01 06:34:20,6.018254523424358,0.02624499959924429,50.98822900074582,1,WATCH
2026-01-01 06:34:30,5.860688247910421,0.03699464246895702,7.759381891319645,1,WATCH
2026-01-01 06:34:40,4.092677218661574,0.011249926125280635,31.938234538591022,1,WATCH
2026-01-01 06:34:50,4.270373502390327,0.04179988529689786,36.66528336221003,1,WATCH
2026-01-01 06:35:00,7.451691703505139,0.040522111559570584,33.913439016052465,1,WATCH
2026-01-01 06:35:10,6.598488236252543,0.03097434110297303,22.95644273354352,1,WATCH
2026-01-01 06:35:20,7.57507356233014,0.027730575338620757,22.095585179888506,1,WATCH
2026-01-01 06:35:30,6.486987353253777,0.03400000005613566,29.441451710872574,1,WATCH
2026-01-01 06:35:40,6.214485952213825,0.052887906608802895,33.157544866520695,1,WATCH
2026-01-01 06:35:50,3.41098407199985,0.012367633010965147,31.024734362823633,1,WATCH
2026-01-01 06:36:00,5.594449954858245,0.03782027387574127,35.40057890793389,1,WATCH
2026-01-01 06:36:10,5.958923519394384,0.020883826978460973,14.811300429332647,1,WATCH
2026-01-01 06:36:20,8.92966079740886,0.029800816037002686,22.722290208763653,1,WATCH
2026-01-01 06:36:30,7.030434948148016,0.02752119880921337,15.599840678762458,1,WATCH
2026-01-01 06:36:40,8.304091772564293,0.02571681742202244,21.138872239138582,1,WATCH
2026-01-01 06:36:50,6.896306558842093,0.029895348709472705,35.15220891814305,1,WATCH
2026-01-01 06:37:00,4.933045159575781,0.018658288547222093,26.079839207252288,1,WATCH
2026-01-01 06:37:10,6.175686324224777,0.040291804361279666,51.068591631497696,1,WATCH
2026-01-01 06:37:20,6.354335469396349,0.012058564888013995,26.93406367189717,1,WATCH
2026-01-01 06:37:30,4.591266645343977,0.03539764512828342,25.596918805797362,1,WATCH
2026-01-01 06:37:40,5.423418935110618,0.026734641474654288,26.06182919440216,1,WATCH
2026-01-01 06:37:50,5.691349509484242,0.018290751061925462,18.62191307140064,1,WATCH
2026-01-01 06:38:00,8.408429748847677,0.03202383370598695,24.421633876224064,1,WATCH
2026-01-01 06:38:10,2.8788892119135325,0.01443048913293522,36.27788027111646,1,WATCH
2026-01-01 06:38:20,7.808727631074065,0.030397138217196345,26.139706681277723,1,WATCH
2026-01-01 06:38:30,4.594807147560926,0.015771230921884455,17.065402701165286,1,WATCH
2026-01-01 06:38:40,3.941881219095579,0.03461272084317831,15.749153795213648,1,WATCH
2026-01-01 06:38:50,7.769913195057696,0.020756426663696242,20.497981083341568,1,WATCH
2026-01-01 06:39:00,7.097847103851572,0.025490059829706906,25.738634344108803,1,WATCH
2026-01-01 06:39:10,7.881778053571785,0.03293949387943162,36.93586535476262,1,WATCH
2026-01-01 06:39:20,7.201052921318365,0.02227457888157764,11.595113586335632,1,WATCH
2026-01-01 06:39:30,9.089767502606103,0.029420360003316975,21.801737221112436,1,WATCH
2026-01-01 06:39:40,6.838085755416728,0.014861694987551462,26.443100194350787,1,WATCH
2026-01-01 06:39:50,5.765283935815262,0.03630875603596156,6.66294232370565,1,WATCH
2026-01-01 06:40:00,6.514389565982014,0.04764913805550771,16.664017170335935,1,WATCH
2026-01-01 06:40:10,7.8652036925189455,0.05792208867909961,18.201114602638135,1,WATCH
2026-01-01 06:40:20,4.830937012109825,0.03091168146666439,17.040296261495016,1,WATCH
2026-01-01 06:40:30,5.022167126202929,0.03788204140797186,26.918895450216475,1,WATCH
2026-01-01 06:40:40,5.5365599781031385,0.012193743270925107,23.394403904982028,1,WATCH
2026-01-01 06:40:50,2.8431258018520014,0.04502734326305588,19.447138973989638,1,WATCH
2026-01-01 06:41:00,6.207117612626321,0.03776228504724106,29.27962626552635,1,WATCH
2026-01-01 06:41:10,3.1708069440734614,0.025160665550487668,42.2307471764625,1,WATCH
2026-01-01 06:41:20,6.0795889693989285,0.042371808002890095,41.39256516741752,1,WATCH
2026-01-01 06:41:30,7.297934634202875,0.027455239233546584,5.772282279376637,1,WATCH
2026-01-01 06:41:40,5.284685309034247,0.025419748169854435,30.770721838351395,1,WATCH
2026-01-01 06:41:50,8.515673805280306,0.03475334925427491,23.219767099361615,1,WATCH
2026-01-01 06:42:00,3.8092486508722683,0.019366455001696814,26.551553428653563,1,WATCH
2026-01-01 06:42:10,7.786891022447749,0.04021624764399948,21.017169664574514,1,WATCH
2026-01-01 06:42:20,7.012705584610381,0.019440101880731565,26.175886298872022,1,WATCH
2026-01-01 06:42:30,3.425950127533967,0.019499452101768136,26.514073960720186,1,WATCH
2026-01-01 06:42:40,10.066191448560799,0.020903102115916655,19.21048242651077,1,WATCH
2026-01-01 06:42:50,5.904382071744051,0.03759500037516122,16.036324521748192,1,WATCH
2026-01-01 06:43:00,4.6837739667665526,0.023832246384802924,20.51304317380516,1,WATCH
2026-01-01 06:43:10,3.8893692078239748,0.01652004215632831,27.342592644567656,1,WATCH
2026-01-01 06:43:20,5.669972958510489,0.02394320000064202,30.98996341684264,1,WATCH
2026-01-01 06:43:30,5.80888969141506,0.02967957629319513,33.53348977340146,1,WATCH
2026-01-01 06:43:40,6.1539682928094965,0.018190275163356143,20.058099769330873,1,WATCH
2026-01-01 06:43:50,5.55330576566406,0.018483188909656563,27.83844567302737,1,WATCH
2026-01-01 06:44:00,6.94983796517264,0.05111296334099584,34.62502591953299,1,WATCH
2026-01-01 06:44:10,5.418555251005131,0.02139434596186113,36.65594895144128,1,WATCH
2026-01-01 06:44:20,3.0975538241392933,0.026769576312269932,24.41167145868478,1,WATCH
2026-01-01 06:44:30,5.775957756525538,0.02632762999200714,22.790682750603878,1,WATCH
2026-01-01 06:44:40,2.4487835199400827,0.025786431922295582,26.911242338363923,1,WATCH
2026-01-01 06:44:50,6.530655946337085,0.03621346739969102,13.502925271025942,1,WATCH
2026-01-01 06:45:00,4.531049654576047,0.03948142950472049,23.063904889644917,1,WATCH
2026-01-01 06:45:10,6.245040532373701,0.02694045568468408,32.445863984731304,1,WATCH
2026-01-01 06:45:20,7.971112472286906,0.01763521713407651,31.41947129443701,1,WATCH
2026-01-01 06:45:30,4.5768769570979995,0.04274440227848903,22.297323956361108,1,WATCH
2026-01-01 06:45:40,7.591884387768177,0.029046589088033172,27.177182010871665,1,WATCH
2026-01-01 06:45:50,5.34991564997077,0.047303218148571684,16.753496597093125,1,WATCH
2026-01-01 06:46:00,8.629792203098377,0.00754414102434837,32.03492148225025,1,WATCH
2026-01-01 06:46:10,5.45227108020268,0.0319540322128332,24.221785638635268,1,WATCH
2026-01-01 06:46:20,4.739260521739963,0.049186063338762076,22.24048548303862,1,WATCH
2026-01-01 06:46:30,7.030857675592933,0.026467358645618416,21.382761639066135,1,WATCH
2026-01-01 06:46:40,5.346315405564546,0.02774506576665364,24.371061331001417,1,WATCH
2026-01-01 06:46:50,4.737825728806487,0.03295511691590339,20.521223550680414,1,WATCH
2026-01-01 06:47:00,5.283240223944313,0.024412041811150427,31.58143036002563,1,WATCH
2026-01-01 06:47:10,5.933090201725498,0.02687928067947267,21.047164519838194,1,WATCH
2026-01-01 06:47:20,8.013270196867282,0.02662184905808597,40.929640960273815,1,WATCH
2026-01-01 06:47:30,3.098868381810634,0.023725792655736266,39.65210503481381,1,WATCH
2026-01-01 06:47:40,6.034620988425631,0.0422885655020056,16.084565101454952,1,WATCH
2026-01-01 06:47:50,6.937355391981065,0.03461078032296435,25.6970426942928,1,WATCH
2026-01-01 06:48:00,6.290172862487694,0.03250628232103302,18.493433786638054,1,WATCH
2026-01-01 06:48:10,7.964797754150301,0.038085710068901164,21.733524368113887,1,WATCH
2026-01-01 06:48:20,5.888482005362214,0.02735644166796533,45.02427467644797,1,WATCH
2026-01-01 06:48:30,5.7231728367210835,0.022257961816470995,21.92428582884201,1,WATCH
2026-01-01 06:48:40,6.888494320520015,0.023973756953854425,28.60226037077429,1,WATCH
2026-01-01 06:48:50,6.148970722427024,0.03001783041104609,30.413212940082783,1,WATCH
2026-01-01 06:49:00,5.4143868925792935,0.019407882916270977,14.993706275167593,1,WATCH
2026-01-01 06:49:10,6.77421605937957,0.024997389834133243,16.44904525590795,1,WATCH
2026-01-01 06:49:20,5.021207560175033,0.024838833581285653,12.939776285918809,1,WATCH
2026-01-01 06:49:30,5.08323427197101,0.05124556229829014,16.14029266102223,1,WATCH
2026-01-01 06:49:40,5.20800896735158,0.002261850600660831,0.0,1,WATCH
2026-01-01 06:49:50,8.02960374024961,0.028203802785943668,30.44582400793628,1,WATCH
2026-01-01 06:50:00,1.1684754660214298,0.0472569379281477,45.5419384125607,1,WATCH
2026-01-01 06:50:10,6.593398252144413,0.03121844464132454,26.47820739036527,1,WATCH
2026-01-01 06:50:20,6.051407721300333,0.037534174734210925,10.837311406593926,1,WATCH
2026-01-01 06:50:30,3.4786943111428195,0.030998263150997678,18.57223617100052,1,WATCH
2026-01-01 06:50:40,6.464590168704003,0.023326666187835195,20.41123154975003,1,WATCH
2026-01-01 06:50:50,6.713627987747298,0.007580840654910868,14.824152227866243,1,WATCH
2026-01-01 06:51:00,6.8844588470361,0.03205455687036303,33.60182638395157,1,WATCH
2026-01-01 06:51:10,2.0222579054325767,0.022243933953976086,33.10260044375334,1,WATCH
2026-01-01 06:51:20,8.049584117781658,0.02199664593834696,13.445482061823402,1,WATCH
2026-01-01 06:51:30,4.893394942972739,0.02501012744020888,32.25081044447508,1,WATCH
2026-01-01 06:51:40,7.029851620129764,0.047448614066234934,40.26812663577265,1,WATCH
2026-01-01 06:51:50,7.1116106710234295,0.05404837542253973,44.0255820522956,1,WATCH
2026-01-01 06:52:00,4.68495437157106,0.032172079375284005,53.65212023085962,1,WATCH
2026-01-01 06:52:10,6.990689928527326,0.025352327760882722,15.980073505568026,1,WATCH
2026-01-01 06:52:20,5.421760138631463,0.01822773582548789,53.24220426395203,1,WATCH
2026-01-01 06:52:30,2.8929342309927635,0.03468540161546069,21.457936114912115,1,WATCH
2026-01-01 06:52:40,7.751612888291668,0.04782905600065144,19.075345446194856,1,WATCH
2026-01-01 06:52:50,4.83743255547564,0.02752659612974843,28.270723748778455,1,WATCH
2026-01-01 06:53:00,4.718259805892918,0.006210039592467756,19.179386659069877,1,WATCH
2026-01-01 06:53:10,5.395401197944917,0.036700496718155236,28.990441406465262,1,WATCH
2026-01-01 06:53:20,6.408355087991082,0.039853997114500495,11.799228122626984,1,WATCH
2026-01-01 06:53:30,5.914094383766846,0.014141543596141523,22.612473979365657,1,WATCH
2026-01-01 06:53:40,6.822100387060756,0.031764841836629525,37.85582234361679,1,WATCH
2026-01-01 06:53:50,3.990765950207012,0.03451226016136099,24.42938708568844,1,WATCH
2026-01-01 06:54:00,4.886420444353898,0.029268926979910615,26.415957867398827,1,WATCH
2026-01-01 06:54:10,5.826004391517699,0.022092290809146462,29.75258604717311,1,WATCH
2026-01-01 06:54:20,8.846830938988058,0.04015937223563556,36.7066162931766,1,WATCH
2026-01-01 06:54:30,5.829281192379363,0.025966202540313173,8.44775287810567,1,WATCH
2026-01-01 06:54:40,7.6278333954924475,0.015148138373000677,30.845240518374347,1,WATCH
2026-01-01 06:54:50,6.057832753176476,0.00950525514330319,22.318608607582366,1,WATCH
2026-01-01 06:55:00,5.2745120438436475,0.042608495199993095,26.666378953118386,1,WATCH
2026-01-01 06:55:10,5.629913363828339,0.036166639764711184,35.59950169762376,1,WATCH
2026-01-01 06:55:20,5.7473704319566785,0.030879735471291688,13.058133485881559,1,WATCH
2026-01-01 06:55:30,6.905468608441108,0.025597253631491967,14.873555585569104,1,WATCH
2026-01-01 06:55:40,8.061916901364832,0.02471001585796873,5.645700402861937,1,WATCH
2026-01-01 06:55:50,6.539521271529481,0.019242633515583887,19.508410582362234,1,WATCH
2026-01-01 06:56:00,7.780616518112633,0.02568544355440115,38.304323443788164,1,WATCH
2026-01-01 06:56:10,4.552815393555472,0.008799127848798254,23.794128115265305,1,WATCH
2026-01-01 06:56:20,5.378054236778954,0.022639363465314855,11.598751043452143,1,WATCH
2026-01-01 06:56:30,4.9135461986885,0.02689062483648906,20.14321255424953,1,WATCH
2026-01-01 06:56:40,6.471666886312279,0.03609880047190419,10.12138296509377,1,WATCH
2026-01-01 06:56:50,5.461562422230879,0.02960073536626636,13.748138982688383,1,WATCH
2026-01-01 06:57:00,7.094659405551293,0.03794923113875559,28.88818910263713,1,WATCH
2026-01-01 06:57:10,4.603497432551338,0.043491351051134296,13.26126673693971,1,WATCH
2026-01-01 06:57:20,6.064546459981922,0.04058170093824102,36.12634305203302,1,WATCH
2026-01-01 06:57:30,7.030286866518384,0.03470509847378557,24.28879709169664,1,WATCH
2026-01-01 06:57:40,2.9020458374390845,0.03011862679180784,25.855947039445255,1,WATCH
2026-01-01 06:57:50,9.182446960995305,0.020192119915864407,22.216270323921062,1,WATCH
2026-01-01 06:58:00,5.575272172680187,0.03739944051379316,32.728478385437235,1,WATCH
2026-01-01 06:58:10,2.9624401294857403,0.04679747382221529,32.831598877770105,1,WATCH
2026-01-01 06:58:20,6.237140847865179,0.03342106039650418,28.350543519121715,1,WATCH
2026-01-01 06:58:30,6.050165201959726,0.04917259148426123,30.64789105907648,1,WATCH
2026-01-01 06:58:40,5.87715843064126,0.014744282919389161,22.879103300795745,1,WATCH
2026-01-01 06:58:50,7.48678666939,0.018458366152204586,30.422030069090486,1,WATCH
2026-01-01 06:59:00,7.121167457140584,0.038552015077482626,21.621222245261933,1,WATCH
2026-01-01 06:59:10,6.446814286535767,0.032642902101532506,25.02231622162402,1,WATCH
2026-01-01 06:59:20,6.675233450919971,0.04313782176571807,22.253562506337026,1,WATCH
2026-01-01 06:59:30,5.843462325842871,0.029845283592732603,20.42781460680804,1,WATCH
2026-01-01 06:59:40,8.663236273860072,0.021320245774716678,18.108882022782097,1,WATCH
2026-01-01 06:59:50,3.78120597246335,0.027864067577949573,29.676901038588856,1,WATCH
2026-01-01 07:00:00,6.209477511323845,0.014673160290762658,38.10605912813463,1,WATCH
2026-01-01 07:00:10,6.09753694678317,0.018714093269029654,36.711019716695596,1,WATCH
2026-01-01 07:00:20,7.2199206090968895,0.0397244399791801,12.434346640545646,1,WATCH
2026-01-01 07:00:30,4.734219183862651,0.0387278741446961,37.892030514068736,1,WATCH
2026-01-01 07:00:40,3.384491096405196,0.033630042848060766,21.818414983820713,1,WATCH
2026-01-01 07:00:50,6.23523452414729,0.012789224790395303,31.007330151455918,1,WATCH
2026-01-01 07:01:00,6.421845738327907,0.026415964244871113,15.93784667952789,1,WATCH
2026-01-01 07:01:10,8.234399114171474,0.017750001113399493,26.419799138740053,1,WATCH
2026-01-01 07:01:20,4.09445693051237,0.041765332537877654,28.13723182896907,1,WATCH
2026-01-01 07:01:30,7.7320406500750805,0.024162778664373982,10.153952080803473,1,WATCH
2026-01-01 07:01:40,9.551121546040683,0.019142522892184505,31.082671663441893,1,WATCH
2026-01-01 07:01:50,5.433352668716284,0.030297961651214244,38.45935007838315,1,WATCH
2026-01-01 07:02:00,4.063586670760164,0.02359845543165388,23.253520543183722,1,WATCH
2026-01-01 07:02:10,5.389538450439943,0.044837439102037066,38.60168130828013,1,WATCH
2026-01-01 07:02:20,6.021007451057071,0.022651891024658092,23.103065065475924,1,WATCH
2026-01-01 07:02:30,6.845681812510372,0.016007717407753686,33.49584531046617,1,WATCH
2026-01-01 07:02:40,5.1129079052429285,0.008470864842424842,2.8143003404890043,1,WATCH
2026-01-01 07:02:50,8.332797801221012,0.02969213497586585,49.187777793134636,1,WATCH
2026-01-01 07:03:00,4.3282015274879075,0.024380698861420736,39.95458245242957,1,WATCH
2026-01-01 07:03:10,3.3911922717408,0.01571095393488273,22.15374495746321,1,WATCH
2026-01-01 07:03:20,7.660065636430976,0.04189226461255785,5.279109733561819,1,WATCH
2026-01-01 07:03:30,2.588068453190701,0.03667245147429242,27.88028368305489,1,WATCH
2026-01-01 07:03:40,5.693805346690926,0.0297178212106277,10.560744529262431,1,WATCH
2026-01-01 07:03:50,10.676521693812072,0.043643262441708665,29.44853537557488,1,WATCH
2026-01-01 07:04:00,5.981934670560102,0.036625360333986126,29.115657191642818,1,WATCH
2026-01-01 07:04:10,4.318848523955626,0.021771440984815676,15.585968309979751,1,WATCH
2026-01-01 07:04:20,5.913903804319809,0.019607798360092337,36.20967023614378,1,WATCH
2026-01-01 07:04:30,5.9237988170707,0.03817981544453861,33.05574702806174,1,WATCH
2026-01-01 07:04:40,6.240974910529674,0.03396366956467351,34.758233372885634,1,WATCH
2026-01-01 07:04:50,6.993394473239429,0.03169747767970662,25.088577036688953,1,WATCH
2026-01-01 07:05:00,4.441333247448391,0.021535021971310925,10.844759330862935,1,WATCH
2026-01-01 07:05:10,8.53132208285519,0.03607947567005754,34.778722722111375,1,WATCH
2026-01-01 07:05:20,6.3676714265589265,0.022445011168660507,22.296286008642088,1,WATCH
2026-01-01 07:05:30,7.090191069602706,0.02898013345406322,11.102198568073309,1,WATCH
2026-01-01 07:05:40,5.057775900366536,0.044469441463869795,38.52039365974326,1,WATCH
2026-01-01 07:05:50,7.9295732054933,0.02339165764189854,45.99407520502509,1,WATCH
2026-01-01 07:06:00,5.614421386780403,0.014270107429271388,24.58751871020797,1,WATCH
2026-01-01 07:06:10,6.416328770240297,0.019474528081298896,46.591211546032916,1,WATCH
2026-01-01 07:06:20,4.600340884219336,0.039942988266876235,25.913147286113496,1,WATCH
2026-01-01 07:06:30,4.50460256039681,0.032547311373802096,21.195440958336487,1,WATCH
2026-01-01 07:06:40,7.032307959679324,0.02871122621311246,18.695415458145224,1,WATCH
2026-01-01 07:06:50,5.334589754688921,0.024909061946884303,41.370824079927424,1,WATCH
2026-01-01 07:07:00,4.719265368743434,0.0348535990755319,17.198561186122284,1,WATCH
2026-01-01 07:07:10,5.035224986959454,0.021508951490097763,32.35269309974987,1,WATCH
2026-01-01 07:07:20,7.048429607576132,0.033056655686425955,19.408361649407915,1,WATCH
2026-01-01 07:07:30,5.056443208194583,0.022687454311870428,20.39693237425637,1,WATCH
2026-01-01 07:07:40,5.823517602596754,0.02102340614724946,35.30249693969567,1,WATCH
2026-01-01 07:07:50,6.022541625430645,0.023625125651749884,21.199631537106463,1,WATCH
2026-01-01 07:08:00,3.1239766709845513,0.02624592553516038,20.952046205797068,1,WATCH
2026-01-01 07:08:10,3.793310391939723,0.02951170164066297,36.32804697174807,1,WATCH
2026-01-01 07:08:20,6.5044168338713435,0.03235455795111114,40.973972932216235,1,WATCH
2026-01-01 07:08:30,4.894455958270954,0.0,31.446898032842334,1,WATCH
2026-01-01 07:08:40,7.585087366920628,0.02192349442253235,18.452302243760506,1,WATCH
2026-01-01 07:08:50,7.450210656375816,0.026084300226439604,19.893915007024205,1,WATCH
2026-01-01 07:09:00,7.0787529995331555,0.0450506203860833,25.799152637400375,1,WATCH
2026-01-01 07:09:10,8.729657680968897,0.019199973916178677,28.209300619256574,1,WATCH
2026-01-01 07:09:20,5.8753660083852255,0.031627966180999126,15.12134089860228,1,WATCH
2026-01-01 07:09:30,6.973322888855758,0.044950303097358375,32.230379395798636,1,WATCH
2026-01-01 07:09:40,5.123398535105953,0.01687031470052727,25.85513329639599,1,WATCH
2026-01-01 07:09:50,9.678554869303085,0.03393975225864402,7.842916813618704,1,WATCH
2026-01-01 07:10:00,8.975450478654029,0.021977281660654796,15.710735175392696,1,WATCH
2026-01-01 07:10:10,6.017820651776688,0.024953662577107655,19.958713263483364,1,WATCH
2026-01-01 07:10:20,6.579879344857789,0.021968891660466852,24.27142311158945,1,WATCH
2026-01-01 07:10:30,8.038946399047209,0.02268142691584114,43.892787955039964,1,WATCH
2026-01-01 07:10:40,5.77929074277884,0.05721912147906493,27.381713061396283,1,WATCH
2026-01-01 07:10:50,5.015063893800443,0.03844455872071666,16.59228110101375,1,WATCH
2026-01-01 07:11:00,7.310984626510324,0.04101737861786209,27.206308043071633,1,WATCH
2026-01-01 07:11:10,6.117658869125505,0.03491993486836496,21.47912252546119,1,WATCH
2026-01-01 07:11:20,6.274491674467891,0.013937432115980418,28.247582395335417,1,WATCH
2026-01-01 07:11:30,4.7485929853980515,0.03394957970323307,30.80567687035615,1,WATCH
2026-01-01 07:11:40,3.4234917774549056,0.040729296145073465,37.09230647223938,1,WATCH
2026-01-01 07:11:50,6.354213614818652,0.021466005259608883,24.75713504329974,1,WATCH
2026-01-01 07:12:00,7.3574430622413,0.039653266671611266,41.389605275998335,1,WATCH
2026-01-01 07:12:10,5.661289876385937,0.03704336209854079,34.08022662536192,1,WATCH
2026-01-01 07:12:20,8.1546442793383,0.0485204004481367,17.92560455187812,1,WATCH
2026-01-01 07:12:30,4.944125511876683,0.02582216987486381,47.09855665748464,1,WATCH
2026-01-01 07:12:40,4.41794331755112,0.019023890177242733,28.26994513270098,1,WATCH
2026-01-01 07:12:50,5.899154539205803,0.026383718906274542,16.648754960277646,1,WATCH
2026-01-01 07:13:00,5.876111136973065,0.044355709931636234,41.52913051230422,1,WATCH
2026-01-01 07:13:10,7.154953097002834,0.011715941191580368,45.777775851984444,1,WATCH
2026-01-01 07:13:20,4.837555763904023,0.009316242845689675,24.669747362804394,1,WATCH
2026-01-01 07:13:30,8.052141355222346,0.030893952789316132,19.963497396244037,1,WATCH
2026-01-01 07:13:40,8.95037544376238,0.025574107072258438,23.27625042546338,1,WATCH
2026-01-01 07:13:50,5.941283959547487,0.030077278931756844,32.147317275176995,1,WATCH
2026-01-01 07:14:00,7.874565630276478,0.039453117712358654,37.778566550305136,1,WATCH
2026-01-01 07:14:10,4.41525439406211,0.024474306538811476,30.704873308635737,1,WATCH
2026-01-01 07:14:20,7.612832311772874,0.011269941690693792,26.017232084717698,1,WATCH
2026-01-01 07:14:30,7.570914612839194,0.05044481557199944,39.98011770304428,1,WATCH
2026-01-01 07:14:40,7.295155920284818,0.020027717125612236,21.871635269484777,1,WATCH
2026-01-01 07:14:50,5.976655366694559,0.019409628779879024,35.30919338366907,1,WATCH
2026-01-01 07:15:00,1.5686265881369532,0.04103720013722596,22.119372016487215,1,WATCH
2026-01-01 07:15:10,5.037409284521806,0.02615510878958482,29.31022958010893,1,WATCH
2026-01-01 07:15:20,5.061125973473097,0.02936610147965189,23.864374352095485,1,WATCH
2026-01-01 07:15:30,4.532617592909284,0.03482790124060318,24.441478173471893,1,WATCH
2026-01-01 07:15:40,6.183364506820599,0.04083583103109995,21.2261348253779,1,WATCH
2026-01-01 07:15:50,5.371554831718148,0.02666539306818228,38.448540311806944,1,WATCH
2026-01-01 07:16:00,4.763081985352467,0.04519952005914299,17.67073961891465,1,WATCH
2026-01-01 07:16:10,4.4117997776282705,0.008642001512651943,17.597677474512917,1,WATCH
2026-01-01 07:16:20,4.926730521772157,0.03759787236953077,46.209935658451094,1,WATCH
2026-01-01 07:16:30,7.682248817774893,0.021604724419823425,34.77847564654331,1,WATCH
2026-01-01 07:16:40,5.008462418058759,0.04372271316607991,1.1488630130696365,1,WATCH
2026-01-01 07:16:50,5.2275919403500914,0.031420444788305454,19.347412607895965,1,WATCH
2026-01-01 07:17:00,5.314953577465131,0.023270946679905983,6.880106624379458,1,WATCH
2026-01-01 07:17:10,6.5084902707141294,0.03662841093021632,15.493093065847448,1,WATCH
2026-01-01 07:17:20,6.684374232792799,0.038931883472072513,0.0,1,WATCH
2026-01-01 07:17:30,1.4330151911352564,0.03641894122858638,23.630104223060577,1,WATCH
2026-01-01 07:17:40,7.532452820741412,0.019703037603669395,13.580581808386885,1,WATCH
2026-01-01 07:17:50,8.15455205136563,0.02515982876377915,25.599052567964385,1,WATCH
2026-01-01 07:18:00,4.424720193957496,0.029959271628785648,8.748787411174753,1,WATCH
2026-01-01 07:18:10,4.541552632897748,0.029587403473499394,25.8291185317204,1,WATCH
2026-01-01 07:18:20,5.324619918332592,0.03749745475438348,20.850837218796727,1,WATCH
2026-01-01 07:18:30,4.865993970815093,0.009850987674933916,40.01952965188596,1,WATCH
2026-01-01 07:18:40,6.335890310919909,0.033343270545535035,39.11356861745625,1,WATCH
2026-01-01 07:18:50,3.0802120704617035,0.0271001864556336,32.85345603010283,1,WATCH
2026-01-01 07:19:00,4.3231085879448905,0.021614993836160473,21.733862193387875,1,WATCH
2026-01-01 07:19:10,8.308795800262361,0.022575132222304,44.85380395260293,1,WATCH
2026-01-01 07:19:20,4.607670048977973,0.027854623354820363,9.469647221601793,1,WATCH
2026-01-01 07:19:30,7.865142417154387,0.0,10.964413704363373,1,WATCH
2026-01-01 07:19:40,6.5330072933852055,0.0229871042920845,24.162169001109355,1,WATCH
2026-01-01 07:19:50,3.2860984281176124,0.02124185175353707,47.540381089211195,1,WATCH
2026-01-01 07:20:00,6.9529937928243095,0.03532783209322624,22.976610931299124,1,WATCH
2026-01-01 07:20:10,5.82349904671072,0.021944733174894794,23.16754756790718,1,WATCH
2026-01-01 07:20:20,5.31679941562539,0.0278488619982951,10.580896438881908,1,WATCH
2026-01-01 07:20:30,6.367435639758006,0.04542276627661302,34.45929585270378,1,WATCH
2026-01-01 07:20:40,6.711950228350188,0.039943515198154235,34.53176254329354,1,WATCH
2026-01-01 07:20:50,7.061387732961929,0.03902271399943453,32.8907520139991,1,WATCH
2026-01-01 07:21:00,7.767379271322003,0.02500127569589148,18.707793271526377,1,WATCH
2026-01-01 07:21:10,6.612203869167534,0.03543032279289652,17.93293231626994,1,WATCH
2026-01-01 07:21:20,3.9365488668204573,0.02766102199546406,12.068777495950297,1,WATCH
2026-01-01 07:21:30,5.289531813523213,0.02803906789323062,25.838725017609335,1,WATCH
2026-01-01 07:21:40,10.414572502902931,0.03409685343746549,14.195926707214984,1,WATCH
2026-01-01 07:21:50,7.086736590572592,0.024030064115790676,13.225834947507114,1,WATCH
2026-01-01 07:22:00,9.553930951217245,0.04493003104443204,20.76309283089324,1,WATCH
2026-01-01 07:22:10,8.093151123298778,0.02839869860402063,20.10843824815784,1,WATCH
2026-01-01 07:22:20,6.362703107333623,0.03618360566259665,19.62021471178045,1,WATCH
2026-01-01 07:22:30,6.4521106046716765,0.04455600479257298,29.664445968402614,1,WATCH
2026-01-01 07:22:40,5.9451299401847315,0.04031653774575175,25.790478021502793,1,WATCH
2026-01-01 07:22:50,3.393293076230251,0.015910808973094753,22.118439694888824,1,WATCH
2026-01-01 07:23:00,6.027070878702337,0.03444895895009884,26.83012928311482,1,WATCH
2026-01-01 07:23:10,7.816011828813296,0.03850719394460647,15.084729588953678,1,WATCH
2026-01-01 07:23:20,5.100540007768195,0.038918630221607485,26.05278623909678,1,WATCH
2026-01-01 07:23:30,6.617929498592714,0.018867051658853686,26.506024928446337,1,WATCH
2026-01-01 07:23:40,7.277386568839796,0.023429647629826758,9.969531406425194,1,WATCH
2026-01-01 07:23:50,4.635479341031287,0.039945582357416215,34.95693754370362,1,WATCH
2026-01-01 07:24:00,5.323045703484503,0.022382396293173543,16.185662947730044,1,WATCH
2026-01-01 07:24:10,4.473132764284261,0.027003039433356857,25.90309799206435,1,WATCH
2026-01-01 07:24:20,4.766751589965889,0.04575875809501969,36.6441174053527,1,WATCH
2026-01-01 07:24:30,4.068592074520407,0.0295220074961521,34.256767577138696,1,WATCH
2026-01-01 07:24:40,4.64932730793296,0.022732258621661568,25.343333885688356,1,WATCH
2026-01-01 07:24:50,8.129183521196758,0.021223826431370947,21.375009971179313,1,WATCH
2026-01-01 07:25:00,4.626784456364561,0.033327193295851876,34.47511908575567,1,WATCH
2026-01-01 07:25:10,6.189688828591035,0.016668519915227914,31.746949778086197,1,WATCH
2026-01-01 07:25:20,5.245696869493566,0.027526640361035817,18.8163497995587,1,WATCH
2026-01-01 07:25:30,7.768298905555408,0.03333230534990022,17.051063529983097,1,WATCH
2026-01-01 07:25:40,7.966743444905425,0.04299149820547667,4.276448183040018,1,WATCH
2026-01-01 07:25:50,7.29610497320842,0.03667548080369996,26.540318416835873,1,WATCH
2026-01-01 07:26:00,6.459201829654132,0.02285934882017821,24.173022549816015,1,WATCH
2026-01-01 07:26:10,5.653410694738652,0.0417841931756372,36.361913746425415,1,WATCH
2026-01-01 07:26:20,4.2121879437131255,0.027004849624525224,28.590550934803666,1,WATCH
2026-01-01 07:26:30,8.915293321683295,0.01764296977950591,38.342291941726906,1,WATCH
2026-01-01 07:26:40,4.86049047337117,0.028279586407345274,18.02635772083829,1,WATCH
2026-01-01 07:26:50,6.995469520549262,0.044381692011457016,36.381503309676184,1,WATCH
2026-01-01 07:27:00,7.589348358935096,0.03165240050064925,19.71083620895345,1,WATCH
2026-01-01 07:27:10,5.1670792546420055,0.03012521864329786,32.77596061792272,1,WATCH
2026-01-01 07:27:20,7.5570187909739435,0.04637211644702854,10.412416074693065,1,WATCH
2026-01-01 07:27:30,7.146319805008283,0.015686451529455726,27.351352993661884,1,WATCH
2026-01-01 07:27:40,8.591945753072649,0.017144008859472277,5.153120585540901,1,WATCH
2026-01-01 07:27:50,5.2959803003599335,0.013841535290331677,22.328625140582453,1,WATCH
2026-01-01 07:28:00,4.071203974080428,0.03372648186480055,29.403539938779137,1,WATCH
2026-01-01 07:28:10,5.241765366833233,0.03166493127115124,19.79031448768904,1,WATCH
2026-01-01 07:28:20,6.3132803138014975,0.04542736367279776,14.495623712440327,1,WATCH
2026-01-01 07:28:30,6.0873190906275845,0.032434750771367704,33.461184692959336,1,WATCH
2026-01-01 07:28:40,5.409843155588175,0.02595842840520697,23.965372101530765,1,WATCH
2026-01-01 07:28:50,3.1362038115341355,0.03001794872878107,20.104293529693283,1,WATCH
2026-01-01 07:29:00,6.705724494193659,0.03117707418460958,25.418959211542766,1,WATCH
2026-01-01 07:29:10,8.9585167186233,0.013282387266718328,51.36669141945588,1,WATCH
2026-01-01 07:29:20,6.6963768571845055,0.05710331644334893,36.53502849781544,1,WATCH
2026-01-01 07:29:30,6.913703278580271,0.03519871018101911,36.6257366818784,1,WATCH
2026-01-01 07:29:40,6.858667959232653,0.03210008308022589,29.35546318992364,1,WATCH
2026-01-01 07:29:50,6.5955700048236,0.0361516398427858,26.66485272577147,1,WATCH
2026-01-01 07:30:00,2.4058765675043756,0.03604051644921623,21.833204540657505,2,WARNING
2026-01-01 07:30:10,5.059973631769407,0.026369362196624616,39.159146723344556,2,WARNING
2026-01-01 07:30:20,5.442714523571486,0.030383390240876808,33.831559123010415,2,WARNING
2026-01-01 07:30:30,3.3625269119262966,0.032658074425738294,0.0,2,WARNING
2026-01-01 07:30:40,4.545398845673562,0.03342099399588112,16.081882404617136,2,WARNING
2026-01-01 07:30:50,3.3112590741562764,0.04391275819564059,36.39452223476833,2,WARNING
2026-01-01 07:31:00,6.477964645091285,0.0406753420286822,28.590165060375462,2,WARNING
2026-01-01 07:31:10,7.953958424744152,0.05797374991861856,16.71939043112627,2,WARNING
2026-01-01 07:31:20,8.528490926515055,0.06052575762785287,21.07597472573881,2,WARNING
2026-01-01 07:31:30,7.49408220141178,0.03601376464490899,8.007514159735159,2,WARNING
2026-01-01 07:31:40,5.291411722831602,0.0,27.4374057272493,2,WARNING
2026-01-01 07:31:50,3.732474451932652,0.051605438622486136,52.18091900095391,2,WARNING
2026-01-01 07:32:00,4.0880268768614885,0.029880615021849757,37.63692945163719,2,WARNING
2026-01-01 07:32:10,4.987029951461368,0.026947117863981372,52.88593523747128,2,WARNING
2026-01-01 07:32:20,5.715406479252676,0.03262718009283641,39.23709220447619,2,WARNING
2026-01-01 07:32:30,7.068306003520365,0.03245499746393953,41.19682658803761,2,WARNING
2026-01-01 07:32:40,5.643473434213511,0.04731288168794972,51.90849805744576,2,WARNING
2026-01-01 07:32:50,8.13367603475566,0.017998808895221825,34.86327727931091,2,WARNING
2026-01-01 07:33:00,7.199102278659378,0.02497583222202807,29.005811515991656,2,WARNING
2026-01-01 07:33:10,7.7270607337308554,0.04557091420034516,42.83334442553575,2,WARNING
2026-01-01 07:33:20,9.892482756873505,0.05026514381160862,47.91350376124344,2,WARNING
2026-01-01 07:33:30,5.699570380415045,0.05124066915579973,26.712754837093847,2,WARNING
2026-01-01 07:33:40,8.760834969502014,0.03059822189908666,24.308212557977196,2,WARNING
2026-01-01 07:33:50,8.0410392990564,0.028082487342590744,34.32079002913522,2,WARNING
2026-01-01 07:34:00,7.522180622198165,0.03568438514281517,42.52599837753909,2,WARNING
2026-01-01 07:34:10,9.948076751326733,0.04779127107500863,42.528791172938035,2,WARNING
2026-01-01 07:34:20,10.040785861360492,0.06814070888398084,17.44212413268145,2,WARNING
2026-01-01 07:34:30,6.5765236123372315,0.012271514880312664,56.11681144651578,2,WARNING
2026-01-01 07:34:40,8.157649635201508,0.04213419440910526,27.017978906980275,2,WARNING
2026-01-01 07:34:50,9.166005256375051,0.02428047968194327,31.692783463149667,2,WARNING
2026-01-01 07:35:00,8.149081971662568,0.019192791131947193,24.564488377670422,2,WARNING
2026-01-01 07:35:10,9.969706065301164,0.06382139926371543,67.13206329836244,2,WARNING
2026-01-01 07:35:20,9.44984664326646,0.05734017526948301,38.64240678429624,2,WARNING
2026-01-01 07:35:30,12.734367494215173,0.056366538760879284,26.03619426832527,2,WARNING
2026-01-01 07:35:40,5.883859544055666,0.06534843335255797,46.7501007074179,2,WARNING
2026-01-01 07:35:50,8.890189954011056,0.04109266240608814,46.00145623556388,2,WARNING
2026-01-01 07:36:00,7.3219750459715085,0.04239835504160696,34.877888592916,2,WARNING
2026-01-01 07:36:10,10.60872257390988,0.09081731354222242,47.62530580047345,2,WARNING
2026-01-01 07:36:20,5.954255673554199,0.046777053488446095,27.794209913513104,2,WARNING
2026-01-01 07:36:30,10.252719554642452,0.06570416436854307,32.13689518741642,2,WARNING
2026-01-01 07:36:40,8.225681219484224,0.05259308768795508,13.863638724977433,2,WARNING
2026-01-01 07:36:50,8.076836360746093,0.017522223747931585,22.531163626736834,2,WARNING
2026-01-01 07:37:00,6.581607898924213,0.013851593521615807,61.49880771053657,2,WARNING
2026-01-01 07:37:10,8.830505198339335,0.04277278219219288,59.87391723183323,2,WARNING
2026-01-01 07:37:20,12.386043323517299,0.07572246309500989,40.651970786520764,2,WARNING
2026-01-01 07:37:30,9.988057018096345,0.0711353041053758,61.001893973220994,2,WARNING
2026-01-01 07:37:40,11.562980726062708,0.0744323558117472,38.49119747189549,2,WARNING
2026-01-01 07:37:50,14.040302603158652,0.03610905047805104,37.76588100686633,2,WARNING
2026-01-01 07:38:00,10.923615423382463,0.09055465288456495,41.89727003107954,2,WARNING
2026-01-01 07:38:10,9.104814478461748,0.03725448908597148,39.92375268885116,2,WARNING
2026-01-01 07:38:20,11.589012211973165,0.06260941700546338,39.09748529372353,2,WARNING
2026-01-01 07:38:30,9.299975385101108,0.05842951827276655,56.901020591980206,2,WARNING
2026-01-01 07:38:40,9.475444971715154,0.055442960975200545,44.46804496684982,2,WARNING
2026-01-01 07:38:50,7.126548693046699,0.08910398505254419,52.11142065079825,2,WARNING
2026-01-01 07:39:00,13.08631721165845,0.044729576126663576,56.64495965530005,2,WARNING
2026-01-01 07:39:10,10.007004984940686,0.030722309450935546,48.62063429143555,2,WARNING
2026-01-01 07:39:20,11.478723241179214,0.06191225760983037,31.12115223244226,2,WARNING
2026-01-01 07:39:30,8.57443075994546,0.05290282842020619,26.35261326367702,2,WARNING
2026-01-01 07:39:40,12.293555644407435,0.14037792116988115,46.52315897834404,2,WARNING
2026-01-01 07:39:50,9.402798259932712,0.0788805671486601,42.607430098679245,2,WARNING
2026-01-01 07:40:00,11.03739438988362,0.05409526064936039,46.39321124061736,2,WARNING
2026-01-01 07:40:10,13.702369180098914,0.03923151223612637,45.34624070896561,2,WARNING
2026-01-01 07:40:20,13.585471732816492,0.019831299836949322,80.7335774404481,2,WARNING
2026-01-01 07:40:30,11.60648475804649,0.04062672995128673,28.225588336541435,2,WARNING
2026-01-01 07:40:40,7.193414921278743,0.06875756904176761,19.518708017038637,2,WARNING
2026-01-01 07:40:50,19.610553277348405,0.10163876120216343,51.4476163227677,2,WARNING
2026-01-01 07:41:00,16.493395624589933,0.0949318315132281,42.08724138654384,2,WARNING
2026-01-01 07:41:10,13.922538303638897,0.07338069072552164,51.93464202718191,2,WARNING
2026-01-01 07:41:20,10.11933156668906,0.06003227811426302,55.990742892239574,2,WARNING
2026-01-01 07:41:30,11.899760198613869,0.07562027021410775,66.07718312972965,2,WARNING
2026-01-01 07:41:40,10.83589019661012,0.055981112199554185,27.59595486206647,2,WARNING
2026-01-01 07:41:50,15.790173318911608,0.11448787449679272,41.14478895694194,2,WARNING
2026-01-01 07:42:00,13.184207282479976,0.06549648177111307,55.29159071461747,2,WARNING
2026-01-01 07:42:10,10.420766094590569,0.06873152846202463,60.471143961656956,2,WARNING
2026-01-01 07:42:20,11.358431216449334,0.012567425311247379,80.99715093666704,2,WARNING
2026-01-01 07:42:30,15.8405874502494,0.06688663726753477,63.86478116246114,2,WARNING
2026-01-01 07:42:40,17.281170978517622,0.09534749182579222,49.807623407016045,2,WARNING
2026-01-01 07:42:50,17.197242239416575,0.044106001548273446,38.198813651664125,2,WARNING
2026-01-01 07:43:00,15.14198350894406,0.053154327870703476,43.176505488984894,2,WARNING
2026-01-01 07:43:10,12.385826214176804,0.09638197993036125,43.07165025281032,2,WARNING
2026-01-01 07:43:20,3.958160059315371,0.03363060127460727,61.463498660480354,2,WARNING
2026-01-01 07:43:30,14.132312427765129,0.10533798347112601,56.042828000378094,2,WARNING
2026-01-01 07:43:40,13.36551599276953,0.060940179301820815,33.30624222365356,2,WARNING
2026-01-01 07:43:50,13.866464953381003,0.06549607907581387,46.58593913299983,2,WARNING
2026-01-01 07:44:00,13.707711927585585,0.044737443807047465,66.23131792158833,2,WARNING
2026-01-01 07:44:10,9.751073884621011,0.08875437993829459,58.84759546956053,2,WARNING
2026-01-01 07:44:20,15.374379170488046,0.15045242562838967,62.42259430490851,2,WARNING
2026-01-01 07:44:30,15.695562998925938,0.10197008696383665,60.02664343624576,2,WARNING
2026-01-01 07:44:40,15.945628613897073,0.05370386579615259,78.96800985426722,2,WARNING
2026-01-01 07:44:50,16.83973101072016,0.11406861756474429,58.54064595736555,2,WARNING
2026-01-01 07:45:00,12.841931606387906,0.040129770883296556,48.23171759584186,2,WARNING
2026-01-01 07:45:10,11.252734876599318,0.05773015961370285,53.037991094095666,2,WARNING
2026-01-01 07:45:20,14.748828374629136,0.09580944174091259,59.39243265380025,2,WARNING
2026-01-01 07:45:30,6.677887955674747,0.080226805411824,26.793466839053785,2,WARNING
2026-01-01 07:45:40,13.447132994501864,0.10828815859691701,31.459156069379745,2,WARNING
2026-01-01 07:45:50,13.382480420235968,0.08543761845035151,45.44676416591564,2,WARNING
2026-01-01 07:46:00,9.906587439148158,0.06942638805086775,58.10709155167853,2,WARNING
2026-01-01 07:46:10,11.215202484032012,0.14444890591360876,51.410902792722226,2,WARNING
2026-01-01 07:46:20,16.428972590444722,0.07718289293860858,77.17181839149227,2,WARNING
2026-01-01 07:46:30,14.692135247224888,0.11489002909115913,32.76404819506347,2,WARNING
2026-01-01 07:46:40,14.305365001121983,0.06796372380365967,43.72981795594944,2,WARNING
2026-01-01 07:46:50,14.919042601796068,0.10128798438150699,77.80137611486651,2,WARNING
2026-01-01 07:47:00,14.27788276384677,0.1078404697745506,56.9667898701272,2,WARNING
2026-01-01 07:47:10,17.728587688574944,0.08625475911726742,68.27263874201738,2,WARNING
2026-01-01 07:47:20,14.370287545110946,0.009365512319101939,85.76870414904195,2,WARNING
2026-01-01 07:47:30,9.625360658543748,0.0805475738256834,44.59293373147266,2,WARNING
2026-01-01 07:47:40,18.89038989462323,0.11691380143279927,53.51028493311952,2,WARNING
2026-01-01 07:47:50,15.111020801986538,0.09582442499083191,50.91359648603693,2,WARNING
2026-01-01 07:48:00,12.232238807614797,0.0933751662568774,25.681104932750866,2,WARNING
2026-01-01 07:48:10,10.239794845114945,0.02833229198127443,50.34404794366046,2,WARNING
2026-01-01 07:48:20,15.187742662874136,0.05838634787974824,68.21593281070999,2,WARNING
2026-01-01 07:48:30,13.648483985076874,0.09234072893454318,63.10884312718361,2,WARNING
2026-01-01 07:48:40,18.722440358097227,0.09231149830360676,64.28624754082016,2,WARNING
2026-01-01 07:48:50,12.962278157999517,0.11644000340398708,49.367365290407506,2,WARNING
2026-01-01 07:49:00,11.487857630952599,0.07565399734561717,45.15854145991538,2,WARNING
2026-01-01 07:49:10,16.687388654707785,0.09217472260021443,74.03883507847931,2,WARNING
2026-01-01 07:49:20,16.775845678150493,0.08049122725793881,47.54024280463496,2,WARNING
2026-01-01 07:49:30,14.505954102830586,0.050391717904953295,59.41123058189821,2,WARNING
2026-01-01 07:49:40,16.029071143024726,0.012326260067157578,57.450020210163075,2,WARNING
2026-01-01 07:49:50,13.886938637773286,0.0929302907639023,76.92575524385677,2,WARNING
2026-01-01 07:50:00,14.70159530302774,0.08521841625238434,69.5711853650854,2,WARNING
2026-01-01 07:50:10,17.494972647691768,0.061454748736994934,35.57112068999319,2,WARNING
2026-01-01 07:50:20,15.875955002064508,0.031424808304524064,37.1867024983744,2,WARNING
2026-01-01 07:50:30,13.492176685002127,0.09889218543226214,63.68364727103701,2,WARNING
2026-01-01 07:50:40,18.05708763777845,0.07202239777413344,54.0349352893125,2,WARNING
2026-01-01 07:50:50,6.905433881625462,0.09670624167104437,48.17242324069354,2,WARNING
2026-01-01 07:51:00,20.156219934265806,0.13592145591235275,70.23441825991706,2,WARNING
2026-01-01 07:51:10,8.882122715327794,0.015757073590408857,57.81189073133366,2,WARNING
2026-01-01 07:51:20,12.118721525683112,0.059011975738929086,55.78686080334166,2,WARNING
2026-01-01 07:51:30,13.877247394414793,0.0737187316006426,66.69742961132575,2,WARNING
2026-01-01 07:51:40,13.560557987815516,0.12364478522439952,49.373365075846536,2,WARNING
2026-01-01 07:51:50,17.019233120079665,0.030907909423805457,78.52778478208832,2,WARNING
2026-01-01 07:52:00,10.826490144169297,0.13807583077041813,43.17928565150488,2,WARNING
2026-01-01 07:52:10,14.78230045244919,0.08407567704698872,64.85393599513132,2,WARNING
2026-01-01 07:52:20,12.265363705340738,0.07711998014798425,76.50749257989767,2,WARNING
2026-01-01 07:52:30,14.88542293801225,0.0740582071034328,34.340567660918495,2,WARNING
2026-01-01 07:52:40,13.80568322060637,0.06691210903459914,49.849972362213265,2,WARNING
2026-01-01 07:52:50,14.278806958048934,0.11144350277807465,72.13311089328337,2,WARNING
2026-01-01 07:53:00,12.350225502606962,0.04794437737752684,72.35866821596538,2,WARNING
2026-01-01 07:53:10,12.469808149711753,0.09036242544931561,52.42756599417641,2,WARNING
2026-01-01 07:53:20,14.861817542082282,0.06847455002879074,43.97993359484711,2,WARNING
2026-01-01 07:53:30,16.831146517268134,0.057135996544577065,69.33903733496143,2,WARNING
2026-01-01 07:53:40,12.205161997406456,0.15757925527051686,72.75323653872407,2,WARNING
2026-01-01 07:53:50,11.393697366281271,0.0925715220426038,37.53004977231408,2,WARNING
2026-01-01 07:54:00,15.840380497015511,0.09839796633983432,36.941295265504294,2,WARNING
2026-01-01 07:54:10,13.902488320826931,0.11413330342005987,58.37885022975399,2,WARNING
2026-01-01 07:54:20,16.491494401957855,0.03735950164044359,64.44040950143338,2,WARNING
2026-01-01 07:54:30,11.282608359886558,0.13256875727366096,50.51396372154918,2,WARNING
2026-01-01 07:54:40,8.661683223729707,0.004731284645147733,65.18940729973524,2,WARNING
2026-01-01 07:54:50,12.400987754520997,0.05693700769884439,44.34795089743927,2,WARNING
2026-01-01 07:55:00,11.700942172204952,0.066229049804633,23.27959601389397,2,WARNING
2026-01-01 07:55:10,13.7636347997591,0.09745170094911518,48.64148391501106,2,WARNING
2026-01-01 07:55:20,12.089464357188831,0.08656154798424463,55.94848219769652,2,WARNING
2026-01-01 07:55:30,16.223050854009347,0.0749955577790482,50.862400601553155,2,WARNING
2026-01-01 07:55:40,13.135549212732451,0.07964007966116829,37.620951045107724,2,WARNING
2026-01-01 07:55:50,14.451423496321702,0.050659309294322954,27.76526536181774,2,WARNING
2026-01-01 07:56:00,14.472903675322831,0.03508302816547481,47.28866793448153,2,WARNING
2026-01-01 07:56:10,14.584865277236561,0.1017953486700818,68.46483657474616,2,WARNING
2026-01-01 07:56:20,13.92761266863508,0.10081118337608556,73.84296159120524,2,WARNING
2026-01-01 07:56:30,15.53180207123094,0.12753483125471177,72.81570076207683,2,WARNING
2026-01-01 07:56:40,11.613034598522578,0.05629948709554376,42.76135697277171,2,WARNING
2026-01-01 07:56:50,18.19825377996165,0.10078445630902767,37.69440514554454,2,WARNING
2026-01-01 07:57:00,13.290387849894394,0.07148879814905805,62.44951922469843,2,WARNING
2026-01-01 07:57:10,10.065352586303955,0.11571424955580446,64.52650017396888,2,WARNING
2026-01-01 07:57:20,14.564220070975319,0.11065888330034425,61.00254407800746,2,WARNING
2026-01-01 07:57:30,11.446458552657544,0.08633628197673371,24.78905088643355,2,WARNING
2026-01-01 07:57:40,15.996003603526624,0.0698140953000204,41.996731226748,2,WARNING
2026-01-01 07:57:50,20.628816728127134,0.10882796535824785,54.55466814571032,2,WARNING
2026-01-01 07:58:00,11.64028372532645,0.09940713569769696,62.30827291945641,2,WARNING
2026-01-01 07:58:10,14.997116999671954,0.059466787937414535,66.5096104390373,2,WARNING
2026-01-01 07:58:20,8.733483233886117,0.04016603979561707,57.1638028342306,2,WARNING
2026-01-01 07:58:30,15.361715688324042,0.07134401297954611,59.96175709807355,2,WARNING
2026-01-01 07:58:40,11.34285860060093,0.12546241446044626,56.27298187541656,2,WARNING
2026-01-01 07:58:50,12.125496144696553,0.11439461476199116,65.28429061327725,2,WARNING
2026-01-01 07:59:00,10.696140530480516,0.04663017590988258,59.692984772363666,2,WARNING
2026-01-01 07:59:10,16.196453678164207,0.04496727752300237,55.98606490070931,2,WARNING
2026-01-01 07:59:20,17.02191307241979,0.11824051549038458,50.97446801293929,2,WARNING
2026-01-01 07:59:30,14.070155643975523,0.04593092285726513,56.219371375637216,2,WARNING
2026-01-01 07:59:40,11.40671988399284,0.09527885970926024,62.268870682589124,2,WARNING
2026-01-01 07:59:50,18.76856910831159,0.06151786353991029,59.01213083347092,2,WARNING
2026-01-01 08:00:00,11.74876961673603,0.12851134773565048,60.712396275178804,2,WARNING
2026-01-01 08:00:10,7.513903100217684,0.056887256025863635,75.14082792026778,2,WARNING
2026-01-01 08:00:20,15.375167029871205,0.11430084590617484,58.97745884119881,2,WARNING
2026-01-01 08:00:30,10.68567597907545,0.08554575962181094,45.265022192902634,2,WARNING
2026-01-01 08:00:40,16.965826380497525,0.0875658456270286,68.25410178991254,2,WARNING
2026-01-01 08:00:50,12.856586909979743,0.020890742559457963,34.50702493496623,2,WARNING
2026-01-01 08:01:00,15.811139721632589,0.013912599403828448,38.77879928891069,2,WARNING
2026-01-01 08:01:10,18.204501039656474,0.07338302179198058,60.037708970801035,2,WARNING
2026-01-01 08:01:20,10.373423406137835,0.08740718190249835,62.74595001679868,2,WARNING
2026-01-01 08:01:30,12.302188607322783,0.0462440651678683,36.32423164744007,2,WARNING
2026-01-01 08:01:40,13.77298678202881,0.04733919768570974,49.25773778519875,2,WARNING
2026-01-01 08:01:50,18.61265395710303,0.09684417889478399,45.90874251670512,2,WARNING
2026-01-01 08:02:00,12.024851846178663,0.09688563441371392,47.699855156776046,2,WARNING
2026-01-01 08:02:10,12.216488912152979,0.07586776818836219,69.15396664409418,2,WARNING
2026-01-01 08:02:20,15.434421726667425,0.10340605163558225,65.59758195320879,2,WARNING
2026-01-01 08:02:30,12.268313822868286,0.04477393112839561,54.713167302194385,2,WARNING
2026-01-01 08:02:40,14.45757764869285,0.06932195248739088,46.81057109327608,2,WARNING
2026-01-01 08:02:50,9.34538773709562,0.1294363281735102,34.75525494669789,2,WARNING
2026-01-01 08:03:00,20.64298982766979,0.08204966389819454,76.30277408172923,2,WARNING
2026-01-01 08:03:10,9.95687230907179,0.08378937543761,63.881708504273774,2,WARNING
2026-01-01 08:03:20,13.034741888029375,0.1491783975790322,44.399963438902894,2,WARNING
2026-01-01 08:03:30,13.902556892473717,0.03801973502453688,65.79399246437337,2,WARNING
2026-01-01 08:03:40,19.738064403070386,0.10389291099926332,53.94664569138062,2,WARNING
2026-01-01 08:03:50,10.02546265720178,0.12991958839424297,50.69335742706485,2,WARNING
2026-01-01 08:04:00,19.951112406436252,0.07025426220504362,61.528172924344034,2,WARNING
2026-01-01 08:04:10,16.271530463306068,0.10578892360564539,43.87752625130913,2,WARNING
2026-01-01 08:04:20,15.251285973269738,0.05053941508367286,49.84365220734835,2,WARNING
2026-01-01 08:04:30,11.046098938946132,0.05939802813297946,56.82191596299319,2,WARNING
2026-01-01 08:04:40,15.713423726114222,0.09154899248142903,47.5082321067218,2,WARNING
2026-01-01 08:04:50,11.8295401327406,0.1039570001933177,65.03627815401286,2,WARNING
2026-01-01 08:05:00,17.799983759595236,0.11362809537218738,83.0359975551739,2,WARNING
2026-01-01 08:05:10,11.086813912676801,0.12708885760818478,43.68552801089286,2,WARNING
2026-01-01 08:05:20,13.660524516631748,0.07797660324334454,30.023120555439334,2,WARNING
2026-01-01 08:05:30,12.334180735960485,0.11580835265517764,24.973897487856075,2,WARNING
2026-01-01 08:05:40,11.037431112719016,0.06973085469652554,52.742977877575264,2,WARNING
2026-01-01 08:05:50,16.223959450723743,0.10706273934764804,45.052531148107256,2,WARNING
2026-01-01 08:06:00,15.606376242228901,0.08622466393556545,58.117907516006206,2,WARNING
2026-01-01 08:06:10,17.62703059670299,0.09337033721245772,56.98896508039151,2,WARNING
2026-01-01 08:06:20,8.660374675375497,0.09270523622066112,30.951747300788558,2,WARNING
2026-01-01 08:06:30,17.19251210702313,0.03185884970606564,27.77674255777891,2,WARNING
2026-01-01 08:06:40,21.516346716070682,0.0462763442341768,59.43899860519143,2,WARNING
2026-01-01 08:06:50,12.645076732469159,0.08307624319452567,57.031432520799356,2,WARNING
2026-01-01 08:07:00,19.68544583632691,0.02938162761076495,48.61273002450173,2,WARNING
2026-01-01 08:07:10,13.21051618382052,0.10493633309599268,30.14284622301543,2,WARNING
2026-01-01 08:07:20,9.88277078731608,0.10614667898864426,62.07086894147486,2,WARNING
2026-01-01 08:07:30,13.083102672779614,0.0898151165863337,74.07849318135915,2,WARNING
2026-01-01 08:07:40,17.144611903025826,0.04636597961726234,59.16973660328384,2,WARNING
2026-01-01 08:07:50,11.485470553005406,0.12140416816605544,42.287891641524034,2,WARNING
2026-01-01 08:08:00,12.19898402298054,0.14111631919155074,55.66828248356727,2,WARNING
2026-01-01 08:08:10,15.780618296879572,0.08441230482337922,34.50828878599473,2,WARNING
2026-01-01 08:08:20,14.009180350215718,0.0953160613535371,70.86941070758189,2,WARNING
2026-01-01 08:08:30,15.753868857460223,0.08605215964388131,56.22766501794308,2,WARNING
2026-01-01 08:08:40,14.713488622275008,0.09591107566996397,28.47764632370152,2,WARNING
2026-01-01 08:08:50,15.43887595865472,0.07641323730120812,50.48988459334476,2,WARNING
2026-01-01 08:09:00,12.703096442571377,0.0789630728046859,61.94952265351346,2,WARNING
2026-01-01 08:09:10,14.695192826091178,0.10717152801492096,50.004285685367165,2,WARNING
2026-01-01 08:09:20,11.217880982912199,0.1503687248568932,50.861564178397394,2,WARNING
2026-01-01 08:09:30,17.865300867510165,0.03799786296794784,36.63396689429092,2,WARNING
2026-01-01 08:09:40,12.097175849548059,0.076885625467911,63.49811480622484,2,WARNING
2026-01-01 08:09:50,17.38654246264817,0.04458618544303754,45.27296199971294,2,WARNING
2026-01-01 08:10:00,13.299179117051404,0.1277607469572825,22.65331934492451,2,WARNING
2026-01-01 08:10:10,14.605997032271963,0.06236786092040305,49.43113943994409,2,WARNING
2026-01-01 08:10:20,12.515106347327897,0.03670397618642618,69.7172457335553,2,WARNING
2026-01-01 08:10:30,10.952013706495913,0.09914560996545721,49.19605830100079,2,WARNING
2026-01-01 08:10:40,8.765718837184096,0.13232933344229333,81.06977477685281,2,WARNING
2026-01-01 08:10:50,10.834027524222622,0.09990793605682288,61.43451922822776,2,WARNING
2026-01-01 08:11:00,13.028273440352235,0.08614393631845753,60.08137243420549,2,WARNING
2026-01-01 08:11:10,14.635637536486652,0.09227422768327982,53.074026011235865,2,WARNING
2026-01-01 08:11:20,17.031137939849792,0.12244521988476664,53.97570688353564,2,WARNING
2026-01-01 08:11:30,12.662727620609454,0.05377402189957551,51.048645473207436,2,WARNING
2026-01-01 08:11:40,11.354117707198478,0.07664458687741062,50.4659591187621,2,WARNING
2026-01-01 08:11:50,9.671855641991863,0.066419295544714,62.963007431007235,2,WARNING
2026-01-01 08:12:00,15.440190853712311,0.044964040781248694,40.96253155314152,2,WARNING
2026-01-01 08:12:10,18.14958354598803,0.07014874221749592,38.86159256913611,2,WARNING
2026-01-01 08:12:20,17.798990803868865,0.11323163287947347,38.15207423686934,2,WARNING
2026-01-01 08:12:30,16.129798244441712,0.09699806445178176,85.6848182151573,2,WARNING
2026-01-01 08:12:40,15.915629951802797,0.09932931500324602,62.9551435250587,2,WARNING
2026-01-01 08:12:50,19.092871339128024,0.08439426834959955,59.56738302520217,2,WARNING
2026-01-01 08:13:00,14.996244384250431,0.09569971348185766,39.13727994559853,2,WARNING
2026-01-01 08:13:10,15.938389028072514,0.055982289729556836,64.35013451012243,2,WARNING
2026-01-01 08:13:20,13.037648414444003,0.07071470342218313,53.25142980320007,2,WARNING
2026-01-01 08:13:30,9.913869887435727,0.08576012710906031,58.21253411697625,2,WARNING
2026-01-01 08:13:40,11.94845329850127,0.0883254757664567,40.350695262046656,2,WARNING
2026-01-01 08:13:50,13.972522884396033,0.0896056356476562,57.40403286126365,2,WARNING
2026-01-01 08:14:00,14.18235611750391,0.07584994153950866,48.64249692690275,2,WARNING
2026-01-01 08:14:10,19.77885756456618,0.0686772979660901,43.51583264454718,2,WARNING
2026-01-01 08:14:20,14.243831502773206,0.17473313849132893,66.01159503710873,2,WARNING
2026-01-01 08:14:30,17.536530332076932,0.10720361818797196,31.934382872049962,2,WARNING
2026-01-01 08:14:40,12.694768275271052,0.09239442427857868,63.47164396471226,2,WARNING
2026-01-01 08:14:50,13.064972342704298,0.07300374505380819,65.26729200329494,2,WARNING
2026-01-01 08:15:00,11.361068973346278,0.06826925999403272,54.81963956630218,3,DANGER
2026-01-01 08:15:10,11.697647550123532,0.12851960689130149,51.935438036192416,3,DANGER
2026-01-01 08:15:20,13.688683926962394,0.06487500752790536,63.27171282725541,3,DANGER
2026-01-01 08:15:30,15.434112313806548,0.13188137474857148,39.12871572956233,3,DANGER
2026-01-01 08:15:40,14.26647163583675,0.11882051253552192,56.60357250288007,3,DANGER
2026-01-01 08:15:50,16.306375933150534,0.0631324350702188,63.3044785979394,3,DANGER
2026-01-01 08:16:00,20.766155158128278,0.10806052917137747,58.52940555339057,3,DANGER
2026-01-01 08:16:10,13.661459272752623,0.09832847506223312,77.96440775814655,3,DANGER
2026-01-01 08:16:20,9.880851960241353,0.1260596367504195,70.15337701847524,3,DANGER
2026-01-01 08:16:30,18.40771353713521,0.09753113684200089,59.46976492775886,3,DANGER
2026-01-01 08:16:40,21.484965617927514,0.09699239097877746,63.1514473967891,3,DANGER
2026-01-01 08:16:50,17.375608546562265,0.165530498847624,64.75258318186542,3,DANGER
2026-01-01 08:17:00,12.531568072100217,0.11061070305322127,66.74105378707847,3,DANGER
2026-01-01 08:17:10,15.997455089207698,0.15135494956854362,36.23661768737325,3,DANGER
2026-01-01 08:17:20,12.723774334518907,0.11090477681255637,57.95349269403359,3,DANGER
2026-01-01 08:17:30,19.052052326276783,0.1944066341229383,42.24753143666652,3,DANGER
2026-01-01 08:17:40,12.196276370102154,0.09655389834928445,80.5765451305913,3,DANGER
2026-01-01 08:17:50,16.09614959286864,0.10171091437512501,62.818989559282336,3,DANGER
2026-01-01 08:18:00,13.73010242371861,0.2008552690437197,61.54735500007966,3,DANGER
2026-01-01 08:18:10,18.00453063227147,0.11423297994516798,76.66898122552976,3,DANGER
2026-01-01 08:18:20,16.3814212891713,0.21279620047585368,70.78855874573138,3,DANGER
2026-01-01 08:18:30,18.5713711968103,0.18313543109249783,50.75703523363082,3,DANGER
2026-01-01 08:18:40,18.185414790636724,0.13586703969780353,65.25505667866592,3,DANGER
2026-01-01 08:18:50,14.558898929110565,0.05652852646965928,62.32070221382514,3,DANGER
2026-01-01 08:19:00,20.86520914057678,0.14818007858157028,44.58359898671811,3,DANGER
2026-01-01 08:19:10,18.473393170027336,0.1572359790113719,58.820170554910575,3,DANGER
2026-01-01 08:19:20,15.0106246982832,0.21565014307193942,65.87164503182319,3,DANGER
2026-01-01 08:19:30,27.807695499720985,0.2417958506757483,67.26757290476472,3,DANGER
2026-01-01 08:19:40,21.101834387204917,0.12387441766295457,50.52097609085432,3,DANGER
2026-01-01 08:19:50,18.79633508391802,0.20728483525494826,84.19038188907003,3,DANGER
2026-01-01 08:20:00,25.27802496319207,0.2088621194942992,68.98227545279309,3,DANGER
2026-01-01 08:20:10,27.240575095650833,0.2297242402034352,71.22735162647815,3,DANGER
2026-01-01 08:20:20,19.372386258005992,0.2006878814219794,76.19432521688782,3,DANGER
2026-01-01 08:20:30,21.58334896955334,0.06248572706628383,62.16245927439587,3,DANGER
2026-01-01 08:20:40,16.23625948456406,0.168825155239469,77.81855119982845,3,DANGER
2026-01-01 08:20:50,19.909210009496633,0.11189676841173656,68.37927120893373,3,DANGER
2026-01-01 08:21:00,19.871752951081227,0.17146944729970298,62.591647353283555,3,DANGER
2026-01-01 08:21:10,21.684603143034497,0.24673924296279146,80.6171736499793,3,DANGER
2026-01-01 08:21:20,22.511667815172267,0.20847294182476525,91.89344630283485,3,DANGER
2026-01-01 08:21:30,23.690783973748395,0.2647609834406517,83.30732657127498,3,DANGER
2026-01-01 08:21:40,22.49278241812016,0.21709173357779732,86.0549090190033,3,DANGER
2026-01-01 08:21:50,16.32911287632282,0.11407449000787781,69.84696928029892,3,DANGER
2026-01-01 08:22:00,17.67898449833181,0.03566647600955115,58.07807936968291,3,DANGER
2026-01-01 08:22:10,19.581267730187356,0.2137852600980338,93.78630745435412,3,DANGER
2026-01-01 08:22:20,20.935699036277022,0.19238494794213346,100.0,3,DANGER
2026-01-01 08:22:30,27.14502941620431,0.14309623945228528,95.1398723845422,3,DANGER
2026-01-01 08:22:40,17.274057839602822,0.09522791684608291,74.66203745708921,3,DANGER
2026-01-01 08:22:50,21.121025795690517,0.16411623661851588,66.1777572851907,3,DANGER
2026-01-01 08:23:00,27.35884055953281,0.20455882217142177,67.75651965943015,3,DANGER
2026-01-01 08:23:10,21.737859229041213,0.2688136341701859,61.65103655469507,3,DANGER
2026-01-01 08:23:20,25.483646356041735,0.23771957149653006,79.26804368321392,3,DANGER
2026-01-01 08:23:30,22.84860627157822,0.3446923814879015,98.07757819647367,3,DANGER
2026-01-01 08:23:40,24.917899920478764,0.15312559788273944,79.94001449287879,3,DANGER
2026-01-01 08:23:50,22.78546220511695,0.2987166153032857,85.12610505450728,3,DANGER
2026-01-01 08:24:00,27.29006202928103,0.23917670138619346,96.79647683130658,3,DANGER
2026-01-01 08:24:10,16.738454424989033,0.29169329561044066,78.78816711495315,3,DANGER
2026-01-01 08:24:20,22.66106490806289,0.20754452669282142,100.0,3,DANGER
2026-01-01 08:24:30,26.089875405390572,0.3281553106334665,100.0,3,DANGER
2026-01-01 08:24:40,27.463944197725667,0.2704864342622421,83.16930090652734,3,DANGER
2026-01-01 08:24:50,32.46476311376914,0.19564440120658003,79.22465735980788,3,DANGER
2026-01-01 08:25:00,28.486190231951564,0.1339018960879073,99.10692320420895,3,DANGER
2026-01-01 08:25:10,23.26237528740571,0.17605852779239428,81.90289188193428,3,DANGER
2026-01-01 08:25:20,19.217223914663318,0.3470543350713272,79.25513294583725,3,DANGER
2026-01-01 08:25:30,31.406193267614903,0.2926313376181632,93.71702585598814,3,DANGER
2026-01-01 08:25:40,31.0822369363854,0.20061714344968903,90.09513563929686,3,DANGER
2026-01-01 08:25:50,25.777558018817803,0.34617992026889366,83.12669690178699,3,DANGER
2026-01-01 08:26:00,18.68567623135911,0.3465228578763442,98.91457966955942,3,DANGER
2026-01-01 08:26:10,18.85236874391307,0.27152421544125654,82.8775569016007,3,DANGER
2026-01-01 08:26:20,25.536146442095763,0.17798718177010694,85.32773637555782,3,DANGER
2026-01-01 08:26:30,22.50064482747484,0.21692410372225637,85.21222650834258,3,DANGER
2026-01-01 08:26:40,23.29453533929196,0.2729109395164312,75.65406105101529,3,DANGER
2026-01-01 08:26:50,30.109815775300014,0.23491241366820095,85.77585389486391,3,DANGER
2026-01-01 08:27:00,28.665896587112787,0.3251165742587881,98.96760177398491,3,DANGER
2026-01-01 08:27:10,31.890713402488064,0.1276180735912531,89.44968315376175,3,DANGER
2026-01-01 08:27:20,20.04688388311371,0.1304589176747009,85.31063426398931,3,DANGER
2026-01-01 08:27:30,23.28404215656644,0.26446968891859457,83.3823271883433,3,DANGER
2026-01-01 08:27:40,28.794908477300563,0.21067644689544762,88.30867028406351,3,DANGER
2026-01-01 08:27:50,27.240391705064457,0.19983611082418073,92.49766628489185,3,DANGER
2026-01-01 08:28:00,32.661901912938106,0.10855546246604822,91.09238830889753,3,DANGER
2026-01-01 08:28:10,27.102683529520345,0.25156366758385457,81.6813513817802,3,DANGER
2026-01-01 08:28:20,34.24054552052776,0.24577959135993874,88.24781594110115,3,DANGER
2026-01-01 08:28:30,27.700089008615702,0.30227831855613924,89.79939741148279,3,DANGER
2026-01-01 08:28:40,30.3108372379433,0.2555124906496778,74.92805012473022,3,DANGER
2026-01-01 08:28:50,23.382425266077714,0.23939167374076026,86.68230541183695,3,DANGER
2026-01-01 08:29:00,25.071436059419945,0.344160050943227,63.38696113697638,3,DANGER
2026-01-01 08:29:10,29.554722019197374,0.14500261572411602,89.82533709821185,3,DANGER
2026-01-01 08:29:20,33.06489085296527,0.2929111375078061,91.60343054562682,3,DANGER
2026-01-01 08:29:30,28.646184746553764,0.11630822681637208,92.4754612578646,3,DANGER
2026-01-01 08:29:40,24.584141140326903,0.1829310495999354,81.04953147830433,3,DANGER
2026-01-01 08:29:50,31.886675147641707,0.1529874293901349,88.09046835024034,3,DANGER
2026-01-01 08:30:00,14.04010671860059,0.31255540283615346,99.23953845541166,3,DANGER
2026-01-01 08:30:10,17.88882749246563,0.2447671813123685,99.13769648291259,3,DANGER
2026-01-01 08:30:20,28.408171118341944,0.24891974043256185,84.70827300773439,3,DANGER
2026-01-01 08:30:30,25.070541781265625,0.16146136098164393,86.3931963072956,3,DANGER
2026-01-01 08:30:40,28.027568255620825,0.22602452032536888,96.10911144734433,3,DANGER
2026-01-01 08:30:50,25.32203761215971,0.18892277573527105,69.99197984737825,3,DANGER
2026-01-01 08:31:00,27.854728473019364,0.28067640118833725,81.76924257322976,3,DANGER
2026-01-01 08:31:10,20.92798589503405,0.1707127091734709,98.35570455536757,3,DANGER
2026-01-01 08:31:20,27.852430430398453,0.3563835492164061,94.75200541684767,3,DANGER
2026-01-01 08:31:30,29.972072641037922,0.11595356403007244,88.69263777649904,3,DANGER
2026-01-01 08:31:40,31.102753019656163,0.1854784134034751,69.94167594669379,3,DANGER
2026-01-01 08:31:50,35.067771473243496,0.3841760407972877,84.50089766958838,3,DANGER
2026-01-01 08:32:00,26.220492217511932,0.21518890016303724,79.10084603750067,3,DANGER
2026-01-01 08:32:10,26.36955543423589,0.14480970684764705,88.31038902817214,3,DANGER
2026-01-01 08:32:20,17.38413767913076,0.26752572500301347,76.9065331520512,3,DANGER
2026-01-01 08:32:30,22.342942994307876,0.2119686206228366,74.74276605025392,3,DANGER
2026-01-01 08:32:40,24.034589629966938,0.18313037955053554,64.35134722316359,3,DANGER
2026-01-01 08:32:50,30.251597761381774,0.16233033513610262,97.21804684976702,3,DANGER
2026-01-01 08:33:00,21.944994379551854,0.4714698884500755,81.00229488556943,3,DANGER
2026-01-01 08:33:10,28.981700098744163,0.22987584798526908,86.57145783702535,3,DANGER
2026-01-01 08:33:20,24.9918914151831,0.09595461117336983,84.97761883525818,3,DANGER
2026-01-01 08:33:30,24.11415942442619,0.36949678072044273,74.325660670395,3,DANGER
2026-01-01 08:33:40,26.24446984566628,0.29888567240884567,72.40935088551807,3,DANGER
2026-01-01 08:33:50,23.04421813873579,0.18868268551841696,74.94684874002765,3,DANGER
2026-01-01 08:34:00,22.854813759536672,0.17535047290510866,77.76831561170607,3,DANGER
2026-01-01 08:34:10,16.47607047104943,0.3038778236926585,88.66606247013804,3,DANGER
2026-01-01 08:34:20,23.760228963360554,0.23024653380084362,77.04282336479389,3,DANGER
2026-01-01 08:34:30,22.600159269256366,0.09592177452439189,100.0,3,DANGER
2026-01-01 08:34:40,22.420095053254602,0.3929791971683735,95.27151035893151,3,DANGER
2026-01-01 08:34:50,27.0843653129502,0.21528076302272345,93.08359549665708,3,DANGER
2026-01-01 08:35:00,28.29315976395255,0.3696457389185941,83.8034109752685,3,DANGER
2026-01-01 08:35:10,26.160972523211637,0.3522747966372572,100.0,3,DANGER
2026-01-01 08:35:20,29.97707595224737,0.16991923644137485,82.81994368878875,3,DANGER
2026-01-01 08:35:30,27.877809629151827,0.33265518914905184,84.68738585845755,3,DANGER
2026-01-01 08:35:40,23.52471905097179,0.1978845960109055,86.69974539749269,3,DANGER
2026-01-01 08:35:50,22.6857185714281,0.10066395305568464,92.01823040543344,3,DANGER
2026-01-01 08:36:00,26.564111183834232,0.2160321467182286,91.36908079002986,3,DANGER
2026-01-01 08:36:10,27.868835549509505,0.2818110001421023,80.24874721555398,3,DANGER
2026-01-01 08:36:20,31.98922153515749,0.212981068160293,79.67006280574046,3,DANGER
2026-01-01 08:36:30,30.955865224700478,0.2254361327259919,91.39902957152084,3,DANGER
2026-01-01 08:36:40,22.292634967464156,0.34148528359428904,92.15236583891233,3,DANGER
2026-01-01 08:36:50,24.489968599363692,0.25851951842320736,81.06648875177127,3,DANGER
2026-01-01 08:37:00,28.35508902458885,0.1825361350972038,69.12811930321546,3,DANGER
2026-01-01 08:37:10,30.339988890294862,0.3061624258933861,82.92683903991755,3,DANGER
2026-01-01 08:37:20,29.69484734352396,0.2658140453563396,91.23525798825858,3,DANGER
2026-01-01 08:37:30,24.680610835843268,0.048271615883036564,100.0,3,DANGER
2026-01-01 08:37:40,18.729886737857417,0.2842682331017159,73.02042037659338,3,DANGER
2026-01-01 08:37:50,20.005318118772042,0.2813462966172881,80.73428747169426,3,DANGER
2026-01-01 08:38:00,26.36316757159707,0.2516096903664688,81.10596438474623,3,DANGER
2026-01-01 08:38:10,26.711127897121727,0.321336046485566,98.55805339431501,3,DANGER
2026-01-01 08:38:20,19.506603132828076,0.19620851325387983,84.65058499541367,3,DANGER
2026-01-01 08:38:30,25.22284805444636,0.27691998310567206,75.92673440627735,3,DANGER
2026-01-01 08:38:40,28.156121784858914,0.12464325030661177,90.58695282921819,3,DANGER
2026-01-01 08:38:50,19.243866712464282,0.28256723067190653,80.95361479959054,3,DANGER
2026-01-01 08:39:00,30.524986009022072,0.4062447756431917,72.75612726642045,3,DANGER
2026-01-01 08:39:10,23.112344257200874,0.1704114918025967,76.07226692723849,3,DANGER
2026-01-01 08:39:20,31.288065562883254,0.189215829440978,100.0,3,DANGER
2026-01-01 08:39:30,22.3327377711205,0.19319876456867582,88.84209221649462,3,DANGER
2026-01-01 08:39:40,19.866872585579106,0.26039985806412763,86.07760055452543,3,DANGER
2026-01-01 08:39:50,22.709315050791403,0.16495709817170254,82.50106264187954,3,DANGER
2026-01-01 08:40:00,24.524259384613398,0.2836997902952784,87.92148842118799,3,DANGER
2026-01-01 08:40:10,23.057600466142596,0.31774719563753323,87.80235946002495,3,DANGER
2026-01-01 08:40:20,23.919992892134434,0.29274777707630273,87.92168828207326,3,DANGER
2026-01-01 08:40:30,26.66982574838095,0.10852676594895419,86.14845090277753,3,DANGER
2026-01-01 08:40:40,24.144103151018005,0.3296134132126885,93.6879833830555,3,DANGER
2026-01-01 08:40:50,24.669438030239967,0.3249893931402944,85.23104346000731,3,DANGER
2026-01-01 08:41:00,16.45386800398702,0.31641290978770437,75.2206116444736,3,DANGER
2026-01-01 08:41:10,26.958490080052364,0.279827379892466,78.87577109099132,3,DANGER
2026-01-01 08:41:20,24.55398351154166,0.2676151451364106,65.20981306510288,3,DANGER
2026-01-01 08:41:30,33.05146490241435,0.33259115185011173,100.0,3,DANGER
2026-01-01 08:41:40,20.30217416373021,0.40388107900827636,93.62754591952687,3,DANGER
2026-01-01 08:41:50,15.958523357502429,0.17375676293081202,76.69929504870763,3,DANGER
2026-01-01 08:42:00,28.09034246965021,0.33625003166358175,82.181551506029,3,DANGER
2026-01-01 08:42:10,26.732635091565,0.24310263215940378,78.63123525793567,3,DANGER
2026-01-01 08:42:20,19.95783489734427,0.23962615583771193,100.0,3,DANGER
2026-01-01 08:42:30,17.351255224979543,0.12707754476943692,70.80122835729071,3,DANGER
2026-01-01 08:42:40,32.68698365342145,0.2272168472387684,86.1447605881878,3,DANGER
2026-01-01 08:42:50,32.070551953033906,0.17021880336252676,83.91472157435152,3,DANGER
2026-01-01 08:43:00,12.562716206469354,0.21289164563952434,93.26838630709115,3,DANGER
2026-01-01 08:43:10,22.708884853717496,0.162145089297748,83.95990772275304,3,DANGER
2026-01-01 08:43:20,33.320960273919496,0.2140873290149595,67.41791123344565,3,DANGER
2026-01-01 08:43:30,22.619687211110666,0.21751117143812773,82.48882165357558,3,DANGER
2026-01-01 08:43:40,22.546938829866736,0.257740393475104,75.27837782056675,3,DANGER
2026-01-01 08:43:50,23.58620336185316,0.12082001101669351,85.7957954655656,3,DANGER
2026-01-01 08:44:00,19.395515131159204,0.13435854818037413,99.34177036520326,3,DANGER
2026-01-01 08:44:10,16.47612127885978,0.27895314165844215,67.60574755767722,3,DANGER
2026-01-01 08:44:20,30.262736553673744,0.18620495063439207,76.99777264600097,3,DANGER
2026-01-01 08:44:30,15.785315468761622,0.3359623832183945,79.47307046216503,3,DANGER
2026-01-01 08:44:40,26.23635726054378,0.2680215777612037,81.1836890458679,3,DANGER
2026-01-01 08:44:50,29.432897463788247,0.2985409720165126,92.40125664105244,3,DANGER
2026-01-01 08:45:00,1.9132277912193063,0.010414324209344981,2.348231150514964,0,NORMAL
2026-01-01 08:45:10,2.2079013628602224,0.012366683377774836,5.429254811083983,0,NORMAL
2026-01-01 08:45:20,1.687113478134112,0.009850981090742797,6.519160241698684,0,NORMAL
2026-01-01 08:45:30,2.1149621727089687,0.012622923415238074,7.012061512178699,0,NORMAL
2026-01-01 08:45:40,2.3888988154388575,0.008319666517471297,0.0,0,NORMAL
2026-01-01 08:45:50,1.6338502251314557,0.011344024672196156,1.0571447065756394,0,NORMAL
2026-01-01 08:46:00,2.3906790599032575,0.0024472697481525184,4.086132054935793,0,NORMAL
2026-01-01 08:46:10,2.0261863843637844,0.006561078525872845,6.7165193931123905,0,NORMAL
2026-01-01 08:46:20,2.5227301202411265,0.006614944116048282,6.4677020406501065,0,NORMAL
2026-01-01 08:46:30,1.8992900499615133,0.00812804983396543,6.415609843630027,0,NORMAL
2026-01-01 08:46:40,2.1906223275810492,0.005367433726101259,3.8497461740932044,0,NORMAL
2026-01-01 08:46:50,1.979696884160735,0.007332281870884591,4.017099688070118,0,NORMAL
2026-01-01 08:47:00,1.9518938689797105,0.002427929688009397,2.815012194734778,0,NORMAL
2026-01-01 08:47:10,2.129465214112845,0.012743502381974501,7.304582384317544,0,NORMAL
2026-01-01 08:47:20,2.268403734612452,0.009587432405443028,2.2385336367812654,0,NORMAL
2026-01-01 08:47:30,1.3752175440379975,0.0014739619611199163,7.55010918556871,0,NORMAL
2026-01-01 08:47:40,2.716816804408939,0.005825850447266635,5.623559714412938,0,NORMAL
2026-01-01 08:47:50,1.0701684797251008,0.011683007137810834,4.864866564634539,0,NORMAL
2026-01-01 08:48:00,1.657593945130552,0.007284890268071052,3.0298688006706,0,NORMAL
2026-01-01 08:48:10,1.9528654646175496,0.006515292699309517,0.933374416507621,0,NORMAL
2026-01-01 08:48:20,2.206177984542974,0.009627036614959618,3.057041730865863,0,NORMAL
2026-01-01 08:48:30,2.788086263870689,0.011717987675891082,4.009979394125341,0,NORMAL
2026-01-01 08:48:40,1.0708542558874463,0.002818237714804197,0.0,0,NORMAL
2026-01-01 08:48:50,1.7461529358051446,0.012750642406089398,4.407934533996007,0,NORMAL
2026-01-01 08:49:00,0.9365832561003673,0.005998533591963117,7.773072104078016,0,NORMAL
2026-01-01 08:49:10,2.015810986955124,0.009910360158751007,6.701653716301617,0,NORMAL
2026-01-01 08:49:20,2.1358417922500155,0.009822899296542453,3.511382372775478,0,NORMAL
2026-01-01 08:49:30,2.795397871085626,0.007364669408801129,5.140808895245683,0,NORMAL
2026-01-01 08:49:40,2.060317380446727,0.004881701269346428,3.331506291734001,0,NORMAL
2026-01-01 08:49:50,2.52201256472119,0.008571567259538683,5.446282200007088,0,NORMAL
2026-01-01 08:50:00,2.2919185407695295,0.018126651545375974,9.620323471232094,0,NORMAL
2026-01-01 08:50:10,1.7823759014974159,0.0031916248476818454,7.905496407874628,0,NORMAL
2026-01-01 08:50:20,1.2955196266039803,0.01846156509552438,6.562382917078257,0,NORMAL
2026-01-01 08:50:30,2.1375011491459053,0.008701394144617338,3.5213452628488455,0,NORMAL
2026-01-01 08:50:40,1.253948991427318,0.010176857085443195,7.249815178834516,0,NORMAL
2026-01-01 08:50:50,2.647603536334822,0.004566445943076364,0.0,0,NORMAL
2026-01-01 08:51:00,1.918968948981588,0.006143652916612596,4.242939554027329,0,NORMAL
2026-01-01 08:51:10,2.597588705755708,0.007485451749809905,6.75113425947185,0,NORMAL
2026-01-01 08:51:20,1.7598927829338002,0.004771525145610439,7.221263642143253,0,NORMAL
2026-01-01 08:51:30,2.134425393200496,0.008955410213145642,7.009653470647223,0,NORMAL
2026-01-01 08:51:40,2.1046744286673444,0.007964920540966144,5.8844920676290835,0,NORMAL
2026-01-01 08:51:50,1.977477940994538,0.01925390571217867,4.412825062748351,0,NORMAL
2026-01-01 08:52:00,1.783670243301704,0.004170129071597695,6.613927909479466,0,NORMAL
2026-01-01 08:52:10,2.19622800923526,0.010513452583742937,2.1414168782410994,0,NORMAL
2026-01-01 08:52:20,1.5369183682583958,0.011239231409509123,2.4659682101202502,0,NORMAL
2026-01-01 08:52:30,1.3952823355204707,0.004648397256740813,5.18520402938089,0,NORMAL
2026-01-01 08:52:40,2.621413446663414,0.013434137477264192,5.519592928126242,0,NORMAL
2026-01-01 08:52:50,2.36358399444605,0.00800836493559186,0.0,0,NORMAL
2026-01-01 08:53:00,2.03294580430112,0.0,6.3654391428485555,0,NORMAL
2026-01-01 08:53:10,2.8325711912718905,0.013299248060522826,7.31818513375818,0,NORMAL
2026-01-01 08:53:20,1.8661172406375777,0.004415295579488181,4.768144287601114,0,NORMAL
2026-01-01 08:53:30,2.66135160999449,0.004761125269304505,12.123398849851977,0,NORMAL
2026-01-01 08:53:40,2.087787042462911,0.01343951041446199,2.9511946810544414,0,NORMAL
2026-01-01 08:53:50,1.4876246249618048,0.00826419258790775,3.9167385098393916,0,NORMAL
2026-01-01 08:54:00,2.924020095885425,0.014588860752757503,3.814799281618372,0,NORMAL
2026-01-01 08:54:10,2.4953554233120427,0.016050830476826594,4.7714371661269475,0,NORMAL
2026-01-01 08:54:20,1.939489484495218,0.00677535769838851,4.013825561101127,0,NORMAL
2026-01-01 08:54:30,2.3635856297669746,0.013966312479775153,0.7795683661853847,0,NORMAL
2026-01-01 08:54:40,1.7981482830010465,0.006222695993035591,3.360355111290574,0,NORMAL
2026-01-01 08:54:50,2.414574517529771,0.021165579585660885,4.707137912677772,0,NORMAL
2026-01-01 08:55:00,0.8044607173580203,0.006535214977343925,8.68571624618599,0,NORMAL
2026-01-01 08:55:10,1.490099333152703,0.01513043720480002,11.606729820118739,0,NORMAL
2026-01-01 08:55:20,2.4896298721434813,0.014218950129407876,9.006421693551964,0,NORMAL
2026-01-01 08:55:30,1.8751722308905403,0.011580439110544669,2.673862910982181,0,NORMAL
2026-01-01 08:55:40,2.103771147444371,0.0066472841929165844,2.912571168121503,0,NORMAL
2026-01-01 08:55:50,1.3266071689422827,0.009243012540292955,4.522014267471947,0,NORMAL
2026-01-01 08:56:00,2.9239334978510514,0.0,10.353676666560759,0,NORMAL
2026-01-01 08:56:10,2.595264821858838,0.011122100191911252,4.50372784345432,0,NORMAL
2026-01-01 08:56:20,1.899657390812335,0.011748076655141928,1.017477528387708,0,NORMAL
2026-01-01 08:56:30,1.7976520715683368,0.010667497095306858,3.4964685891408944,0,NORMAL
2026-01-01 08:56:40,2.5148021807098466,0.0,7.271168005458251,0,NORMAL
2026-01-01 08:56:50,2.9912352250844636,0.003671817774550945,7.06982083068826,0,NORMAL
2026-01-01 08:57:00,2.4768801279056767,0.006259545085756687,4.399350000525032,0,NORMAL
2026-01-01 08:57:10,3.0859013336983008,0.01145829466594523,7.050244020680092,0,NORMAL
2026-01-01 08:57:20,1.538824335469041,0.011446694528214922,0.0,0,NORMAL
2026-01-01 08:57:30,1.5903065847506046,0.009148881040144104,5.311487705098093,0,NORMAL
2026-01-01 08:57:40,1.4055294409733254,0.013176227683019784,7.582056264105891,0,NORMAL
2026-01-01 08:57:50,2.2208803248247397,0.004868788123485501,2.501410174536394,0,NORMAL
2026-01-01 08:58:00,2.087801774902185,0.013051175028469982,2.490984390511136,0,NORMAL
2026-01-01 08:58:10,1.9240244382640073,0.012373710524199456,0.0,0,NORMAL
2026-01-01 08:58:20,2.4046293140616495,0.011887773664189553,9.769686784432082,0,NORMAL
2026-01-01 08:58:30,2.616164302607332,0.009089797844571722,2.8395380689353,0,NORMAL
2026-01-01 08:58:40,1.2371687953565789,0.01915371912415631,5.723129833586335,0,NORMAL
2026-01-01 08:58:50,1.7015139860494424,0.012465978442449394,6.811751124450124,0,NORMAL
2026-01-01 08:59:00,2.41007179706153,0.0051583206837322055,9.536203847424359,0,NORMAL
2026-01-01 08:59:10,1.766130658070709,0.011241527378679922,4.538306678043094,0,NORMAL
2026-01-01 08:59:20,1.600896961820923,0.013762416885371094,3.3817106186647443,0,NORMAL
2026-01-01 08:59:30,2.5092687138251972,0.007059457005378453,5.51920294571166,0,NORMAL
2026-01-01 08:59:40,1.35524996513801,0.015446361234655495,8.852240829626862,0,NORMAL
2026-01-01 08:59:50,1.8492100961044475,0.011910168528580053,4.489482405797649,0,NORMAL
2026-01-01 09:00:00,2.1643220129024043,0.0,2.135392755247771,0,NORMAL
2026-01-01 09:00:10,1.7130900430449407,0.011498359886689631,0.37772657505391294,0,NORMAL
2026-01-01 09:00:20,2.3915778280065876,0.007969854227936423,1.336107846184324,0,NORMAL
2026-01-01 09:00:30,1.7155615124013155,0.01268589907270868,7.593174492219995,0,NORMAL
2026-01-01 09:00:40,2.7043097467229598,0.014721074201259073,4.038126571079565,0,NORMAL
2026-01-01 09:00:50,1.9371268512521136,0.01097581023570909,3.177437270237868,0,NORMAL
2026-01-01 09:01:00,2.3356350683526768,0.01832626116972348,2.852098330448173,0,NORMAL
2026-01-01 09:01:10,2.373011976491408,0.009106465577182522,5.255137580600546,0,NORMAL
2026-01-01 09:01:20,1.6862299986279636,0.013124089115269376,4.281634718703248,0,NORMAL
2026-01-01 09:01:30,0.9732567256720557,0.014024712868186738,4.180603568842241,0,NORMAL
2026-01-01 09:01:40,2.1803778773319173,0.009513270155536336,9.047971783432217,0,NORMAL
2026-01-01 09:01:50,2.036144173562435,0.01389387153988891,9.6140488455849,0,NORMAL
2026-01-01 09:02:00,2.277913013787564,0.007026635064189157,0.16993498127301065,0,NORMAL
2026-01-01 09:02:10,1.886736263808581,0.007887157904893909,5.982778193428873,0,NORMAL
2026-01-01 09:02:20,1.784786150599642,0.003437556548318438,2.6694137041358235,0,NORMAL
2026-01-01 09:02:30,3.0042365054908498,0.011207045581850235,4.255246658416719,0,NORMAL
2026-01-01 09:02:40,1.263822969244611,0.01162625837927172,5.927835155380083,0,NORMAL
2026-01-01 09:02:50,2.3669752391821195,0.015896315792896146,4.361840249207242,0,NORMAL
2026-01-01 09:03:00,1.7126990709083045,0.013955700021779418,5.691379641882899,0,NORMAL
2026-01-01 09:03:10,1.832110691129789,0.008576022216762834,7.018910618095752,0,NORMAL
2026-01-01 09:03:20,1.8414485837130172,0.004109101563328615,5.8837304016209595,0,NORMAL
2026-01-01 09:03:30,1.5982828629143713,0.01216425201259987,3.0594910874971295,0,NORMAL
2026-01-01 09:03:40,2.28561210511812,0.01555376586207321,3.1124011790890282,0,NORMAL
2026-01-01 09:03:50,2.6953217979749784,0.013775924869019717,0.6808841101458936,0,NORMAL
2026-01-01 09:04:00,2.235006830623331,0.015422387624286438,2.438239107437845,0,NORMAL
2026-01-01 09:04:10,2.0516909981060474,0.008940552344008788,10.886205085695584,0,NORMAL
2026-01-01 09:04:20,1.5067797504503768,0.007666905159121773,2.6239892777142666,0,NORMAL
2026-01-01 09:04:30,2.2584126329122256,0.006315493238841005,1.4198635626685405,0,NORMAL
2026-01-01 09:04:40,3.0781748158646494,0.009720517666932023,5.95978358553432,0,NORMAL
2026-01-01 09:04:50,1.8096526881024537,0.009607046020155904,4.66890572212442,0,NORMAL
2026-01-01 09:05:00,1.8120082103240671,0.01103338814269558,4.413220289452323,0,NORMAL
2026-01-01 09:05:10,1.7194554345095014,0.009353512714822461,9.22713789923627,0,NORMAL
2026-01-01 09:05:20,1.7552928827527898,0.009331861351366143,6.647380026675096,0,NORMAL
2026-01-01 09:05:30,0.6273502231638077,0.006116529735139281,3.4100212048895733,0,NORMAL
2026-01-01 09:05:40,2.2025176929278563,0.014708095067757455,3.7265722472246603,0,NORMAL
2026-01-01 09:05:50,1.5772239118226932,0.010382590311218557,3.4922404582829447,0,NORMAL
2026-01-01 09:06:00,1.1948684406041,0.009127780328573589,7.624218864740771,0,NORMAL
2026-01-01 09:06:10,2.3765949748662742,0.0062628537337539765,4.075557111640587,0,NORMAL
2026-01-01 09:06:20,1.458991107479032,0.0033404344480445682,0.0,0,NORMAL
2026-01-01 09:06:30,1.830665473058121,0.01653982096274672,4.855040963796967,0,NORMAL
2026-01-01 09:06:40,2.73322119559429,0.012773193540659035,0.38892199661621274,0,NORMAL
2026-01-01 09:06:50,1.2953921009877432,0.0018804107871501642,11.552691805264706,0,NORMAL
2026-01-01 09:07:00,1.2337008827011189,0.013815711503548284,2.1029962584583073,0,NORMAL
2026-01-01 09:07:10,2.1346530947811693,0.014612405851165546,4.514405703926808,0,NORMAL
2026-01-01 09:07:20,2.574743682005184,0.010621880611504647,5.774608204103411,0,NORMAL
2026-01-01 09:07:30,1.2128291411340184,0.017990554478758795,4.134025517962309,0,NORMAL
2026-01-01 09:07:40,2.2038448684185887,0.011083598210614415,4.129908795601422,0,NORMAL
2026-01-01 09:07:50,2.290499769980846,0.002915882360254051,6.265481858482631,0,NORMAL
2026-01-01 09:08:00,0.9704197581538399,0.011825845005241606,9.578647876388835,0,NORMAL
2026-01-01 09:08:10,2.39925066895361,0.011224486508563647,7.302527245451892,0,NORMAL
2026-01-01 09:08:20,2.4383029399210896,0.006983515756109226,9.435541635720629,0,NORMAL
2026-01-01 09:08:30,1.8441072133719876,0.012867794184387125,1.8601426757194943,0,NORMAL
2026-01-01 09:08:40,2.626173181149004,0.0016616736690456902,5.952087899766084,0,NORMAL
2026-01-01 09:08:50,2.5682277871624226,0.014952834137213947,5.4657381561748375,0,NORMAL
2026-01-01 09:09:00,2.0515589628586026,0.005609391481972737,6.053273875030205,0,NORMAL
2026-01-01 09:09:10,1.774277304837533,0.005075269374414838,9.128695911906718,0,NORMAL
2026-01-01 09:09:20,1.5135860537085215,0.009430876138462616,4.337632550623838,0,NORMAL
2026-01-01 09:09:30,1.9812182453169045,0.01216486464021818,3.7834899003377376,0,NORMAL
2026-01-01 09:09:40,2.2848794598520894,0.010819620317967148,6.601942392255991,0,NORMAL
2026-01-01 09:09:50,1.8379115694796795,0.006286704171138109,0.0,0,NORMAL
2026-01-01 09:10:00,0.9012494973689851,0.007469553544040558,4.2894438526334655,0,NORMAL
2026-01-01 09:10:10,2.634356947288285,0.00433478826311269,4.597406932143641,0,NORMAL
2026-01-01 09:10:20,2.095111610922447,0.008876600491850649,2.2389241510792246,0,NORMAL
2026-01-01 09:10:30,1.8101877516615832,0.015375106072554549,8.17117703406973,0,NORMAL
2026-01-01 09:10:40,2.428579194211644,0.00997868531178062,1.8132790479701475,0,NORMAL
2026-01-01 09:10:50,2.762319298241378,0.014297071273797268,4.592380854908612,0,NORMAL
2026-01-01 09:11:00,0.5990442152560542,0.01727700668863096,5.879471675968905,0,NORMAL
2026-01-01 09:11:10,2.2171318249610357,0.007059907404815165,9.060354684428356,0,NORMAL
2026-01-01 09:11:20,1.2866753945948264,0.009067133734723176,4.96833069535744,0,NORMAL
2026-01-01 09:11:30,2.2495552533994707,0.020855964305312474,7.808460782384632,0,NORMAL
2026-01-01 09:11:40,2.0639636011872895,0.017221717059899725,7.1017861918313825,0,NORMAL
2026-01-01 09:11:50,2.317863263220275,0.0016379773709382373,5.370372668507428,0,NORMAL
2026-01-01 09:12:00,1.7503761927526724,0.011935741580304533,1.7314597751796337,0,NORMAL
2026-01-01 09:12:10,1.063379944090424,0.010002799961698478,0.6962574172869533,0,NORMAL
2026-01-01 09:12:20,1.774815904371666,0.014132265554293812,5.3195162042575594,0,NORMAL
2026-01-01 09:12:30,2.2034238175698917,0.0062751061625747236,3.3719093782921594,0,NORMAL
2026-01-01 09:12:40,2.5076961643376117,0.005801958139796639,7.7577832750438755,0,NORMAL
2026-01-01 09:12:50,1.4140843497637374,0.006619646423531952,7.237569554295733,0,NORMAL
2026-01-01 09:13:00,2.5135302134365087,0.007140357269007836,4.44616701668885,0,NORMAL
2026-01-01 09:13:10,1.6760638551767393,0.01407662083404507,1.526861228176192,0,NORMAL
2026-01-01 09:13:20,2.1812249407972635,0.0040939941342556,6.53220664882182,0,NORMAL
2026-01-01 09:13:30,1.7450530235671837,0.006886930500203406,1.9461516615945489,0,NORMAL
2026-01-01 09:13:40,2.091085313856051,0.0010549380474927927,2.724608231207405,0,NORMAL
2026-01-01 09:13:50,2.4459388172851373,0.015035589117061866,2.0617527853545363,0,NORMAL
2026-01-01 09:14:00,1.386492961355732,0.016355150497155704,4.58449693418014,0,NORMAL
2026-01-01 09:14:10,1.6600470516265844,0.008364632845681067,8.510577002211685,0,NORMAL
2026-01-01 09:14:20,2.0924812936710433,0.008510253175933886,4.984877389329414,0,NORMAL
2026-01-01 09:14:30,3.2007918305151764,0.012266109511414486,3.6703439227169126,0,NORMAL
2026-01-01 09:14:40,1.568405143916586,0.01737241003689128,0.42315520986426747,0,NORMAL
2026-01-01 09:14:50,3.0200669429984597,0.012043053737819586,6.656373754189529,0,NORMAL
2026-01-01 09:15:00,3.0022116518375856,0.006512290287624427,2.6587861822141177,0,NORMAL
2026-01-01 09:15:10,1.9513444246492044,0.001905887140067798,5.35255285747429,0,NORMAL
2026-01-01 09:15:20,1.85092373690005,0.004424368686682562,3.9373441522500783,0,NORMAL
2026-01-01 09:15:30,1.6539674006676544,0.010366097251562326,7.5145316587983135,0,NORMAL
2026-01-01 09:15:40,1.9658987348336654,0.006723362383996029,4.528290823914343,0,NORMAL
2026-01-01 09:15:50,1.296640283720221,0.010974838529953793,4.823220936430845,0,NORMAL
2026-01-01 09:16:00,1.9618804913397012,0.00723537991881883,6.457241442366379,0,NORMAL
2026-01-01 09:16:10,2.748440136925428,0.004709267843527942,11.320820546789557,0,NORMAL
2026-01-01 09:16:20,1.6944574687616414,0.004114841842734644,7.665340791075663,0,NORMAL
2026-01-01 09:16:30,1.8796378480054747,0.01781177254686615,4.734181680954172,0,NORMAL
2026-01-01 09:16:40,1.149429762866379,0.014444938745918215,5.009593971845865,0,NORMAL
2026-01-01 09:16:50,2.1870310440655216,0.01865258975913979,3.425421619026697,0,NORMAL
2026-01-01 09:17:00,2.132240842475687,0.012699754503775515,2.1500128894409145,0,NORMAL
2026-01-01 09:17:10,2.0318511798828855,0.007850042956925804,3.341747638801034,0,NORMAL
2026-01-01 09:17:20,1.8915864748889284,0.01661670461244969,2.6835531088641726,0,NORMAL
2026-01-01 09:17:30,1.8536210406137728,0.00983465999319116,6.960105151387657,0,NORMAL
2026-01-01 09:17:40,2.250950116850336,0.011104208851451764,1.7864154263930418,0,NORMAL
2026-01-01 09:17:50,1.9855916992056883,0.009785878104622404,8.999631684140132,0,NORMAL
2026-01-01 09:18:00,2.157485935777666,0.0,7.256139150856489,0,NORMAL
2026-01-01 09:18:10,2.107491408727274,0.018023675061474266,5.0615051881030055,0,NORMAL
2026-01-01 09:18:20,2.561713643547881,0.012455019729788767,5.000955834395205,0,NORMAL
2026-01-01 09:18:30,2.338497048687527,0.011649115304342551,3.3281560711563407,0,NORMAL
2026-01-01 09:18:40,2.096430921575095,0.009691119688647196,5.810253234043293,0,NORMAL
2026-01-01 09:18:50,2.75921101532609,0.010817139101930655,8.264277389625768,0,NORMAL
2026-01-01 09:19:00,2.2101342645282807,0.007013605320768761,2.890530613232559,0,NORMAL
2026-01-01 09:19:10,2.6524813443952096,0.013082896761536357,0.3998237332438086,0,NORMAL
2026-01-01 09:19:20,2.303471304193319,0.003464508278004338,7.109654764570232,0,NORMAL
2026-01-01 09:19:30,1.0790404605342285,0.010930342162352735,5.973097922731402,0,NORMAL
2026-01-01 09:19:40,2.6524173816596646,0.012807867352855523,1.6394035956764617,0,NORMAL
2026-01-01 09:19:50,2.0675881206713345,0.009006654330885485,2.7998258872576463,0,NORMAL
2026-01-01 09:20:00,1.974022614549611,0.011854338962355123,2.422687177849578,0,NORMAL
2026-01-01 09:20:10,2.1406741737447885,0.005043328038828749,2.8264031928972533,0,NORMAL
2026-01-01 09:20:20,1.8275084190214663,0.00517086614552018,4.028951737876437,0,NORMAL
2026-01-01 09:20:30,2.113514430194473,0.011183585605131966,4.200358087157758,0,NORMAL
2026-01-01 09:20:40,1.7040619668284538,0.013392748273105258,3.04761903479462,0,NORMAL
2026-01-01 09:20:50,2.637136129367185,0.0006256717224914454,2.7255085415002167,0,NORMAL
2026-01-01 09:21:00,1.9432059431894748,0.012610103175553833,4.313646968241855,0,NORMAL
2026-01-01 09:21:10,1.8087080786387832,0.007283992498118314,5.503074604578684,0,NORMAL
2026-01-01 09:21:20,1.537537092140363,0.009035969563462937,4.051110390905466,0,NORMAL
2026-01-01 09:21:30,2.1343878945743207,0.0033024103821748143,8.476001070023905,0,NORMAL
2026-01-01 09:21:40,2.0935535500625457,0.00574191379906646,6.52426314326236,0,NORMAL
2026-01-01 09:21:50,2.1942123068387533,0.014830626627651555,0.22746242942391248,0,NORMAL
2026-01-01 09:22:00,1.4863740562474357,0.010164316869901066,6.571183296241561,0,NORMAL
2026-01-01 09:22:10,1.1994094005942135,0.008086107991452209,6.816631947756748,0,NORMAL
2026-01-01 09:22:20,2.31279565125328,0.009417558236844826,3.695795095627426,0,NORMAL
2026-01-01 09:22:30,2.742320930938254,0.012446059123321506,0.5144072380905327,0,NORMAL
2026-01-01 09:22:40,1.4868231888050518,0.01220247248081669,5.024200278233408,0,NORMAL
2026-01-01 09:22:50,2.7947206417808492,0.009624864998015997,4.976874045553267,0,NORMAL
2026-01-01 09:23:00,2.1419555293681904,0.015464795554483341,1.6350612904004158,0,NORMAL
2026-01-01 09:23:10,1.9964685477245852,0.01485231318453333,0.6463423512201933,0,NORMAL
2026-01-01 09:23:20,1.801225651727111,0.012066860145651979,4.737339360639681,0,NORMAL
2026-01-01 09:23:30,1.3077409902875017,0.010273058914550352,4.300768423847533,0,NORMAL
2026-01-01 09:23:40,2.4938642579623,0.013286605475597695,3.748203904032819,0,NORMAL
2026-01-01 09:23:50,1.6121968192811984,0.011571337109005916,4.749767795760316,0,NORMAL
2026-01-01 09:24:00,1.6100966621311998,0.015304000359029738,1.6916708785390426,0,NORMAL
2026-01-01 09:24:10,2.4959631549434773,0.014497806883691539,3.6955381614016574,0,NORMAL
2026-01-01 09:24:20,1.0585082766641367,0.004908730492911358,6.599975091843042,0,NORMAL
2026-01-01 09:24:30,1.2382010946659165,0.004570184146291468,3.9500897589461337,0,NORMAL
2026-01-01 09:24:40,1.9909328782459592,0.006493752277979619,0.0,0,NORMAL
2026-01-01 09:24:50,2.146642214502426,0.014880693450334605,3.5819231668292852,0,NORMAL
2026-01-01 09:25:00,2.242367323984462,0.002118455016143772,1.7895246094794188,0,NORMAL
2026-01-01 09:25:10,1.8491007533018735,0.011973786945539966,5.8014088893851925,0,NORMAL
2026-01-01 09:25:20,3.265184834320845,0.011812715455464806,5.956512210141276,0,NORMAL
2026-01-01 09:25:30,1.8860537206170829,0.015813240293430963,0.02367612474190728,0,NORMAL
2026-01-01 09:25:40,1.884606923948639,0.010901693453319438,7.277038911746567,0,NORMAL
2026-01-01 09:25:50,1.6015066655930612,0.0032839530470804967,1.6634410961643247,0,NORMAL
2026-01-01 09:26:00,2.0619534082605355,0.005203225196759385,9.677546871447054,0,NORMAL
2026-01-01 09:26:10,2.3074806160233874,0.004090022390510877,4.8536712064981495,0,NORMAL
2026-01-01 09:26:20,2.60178902726673,0.0073102801683342985,1.2608195043825132,0,NORMAL
2026-01-01 09:26:30,1.2553578677798911,0.009085492162880366,1.5740417879219557,0,NORMAL
2026-01-01 09:26:40,1.8770023308221495,0.004172792368894716,6.044285875362035,0,NORMAL
2026-01-01 09:26:50,2.223351805404572,0.017353309953261446,3.8261003303048673,0,NORMAL
2026-01-01 09:27:00,2.2935287672972677,0.003373593140237795,4.710038271145578,0,NORMAL
2026-01-01 09:27:10,2.0032743289022696,0.016730517119312404,9.838340698091118,0,NORMAL
2026-01-01 09:27:20,2.271211984766051,0.015925815157196703,2.902267807312774,0,NORMAL
2026-01-01 09:27:30,1.5955180535370999,0.014491512748445177,5.17988857308712,0,NORMAL
2026-01-01 09:27:40,2.7789527161591785,0.006531166962516248,9.25953346211916,0,NORMAL
2026-01-01 09:27:50,2.4963140514897146,0.011712254395884508,5.8115404263992,0,NORMAL
2026-01-01 09:28:00,1.3275361064674138,0.0036131443322469114,0.18019179392598228,0,NORMAL
2026-01-01 09:28:10,1.4624484759416223,0.014554535175168746,6.5161670351964105,0,NORMAL
2026-01-01 09:28:20,1.4765391249465467,0.009630076092318656,1.5109914266496676,0,NORMAL
2026-01-01 09:28:30,2.3389849854482643,0.007953398927066573,9.220422586198895,0,NORMAL
2026-01-01 09:28:40,1.3576361167912663,0.0038812757667186547,2.5313971850060666,0,NORMAL
2026-01-01 09:28:50,1.8344878328959597,0.0,13.908528523236994,0,NORMAL
2026-01-01 09:29:00,2.2273521982083873,0.00480729571482122,9.402127964983034,0,NORMAL
2026-01-01 09:29:10,1.9669170327267826,0.015563990978064534,2.610162291116064,0,NORMAL
2026-01-01 09:29:20,2.129443757856353,0.00798583285762598,5.060041415004831,0,NORMAL
2026-01-01 09:29:30,1.4670986443256209,0.009153355714424764,7.260932844900391,0,NORMAL
2026-01-01 09:29:40,2.2974271866986222,0.013277771791442265,7.350981422680123,0,NORMAL
2026-01-01 09:29:50,1.6933940537620018,0.019028344390581327,6.327008779928591,0,NORMAL
2026-01-01 09:30:00,1.8376901628010294,0.016625023274728194,8.75647711089833,0,NORMAL
2026-01-01 09:30:10,2.118865863952993,0.005138324980919061,4.631093160096891,0,NORMAL
2026-01-01 09:30:20,2.051539110765424,0.00028714714281296796,3.8998469942719005,0,NORMAL
2026-01-01 09:30:30,2.0119900095077963,0.02179807129550052,3.959408036226168,0,NORMAL
2026-01-01 09:30:40,1.6246865890116222,0.021344958058297267,7.575119695916381,0,NORMAL
2026-01-01 09:30:50,1.8502252944004038,0.010942267982146413,6.095543120907938,0,NORMAL
2026-01-01 09:31:00,2.001091795418518,0.003647558772090892,5.873850997070769,0,NORMAL
2026-01-01 09:31:10,1.3124573834164575,0.014816132669469696,7.385702747771546,0,NORMAL
2026-01-01 09:31:20,1.7687335168433105,0.009460081569936949,0.0,0,NORMAL
2026-01-01 09:31:30,2.1938399395164234,0.009435094384466948,5.930206471625451,0,NORMAL
2026-01-01 09:31:40,1.3612816980773288,0.014472294215525646,5.655706666621147,0,NORMAL
2026-01-01 09:31:50,2.57829082579712,0.011671873734366494,10.006424243902115,0,NORMAL
2026-01-01 09:32:00,2.6348066312999214,0.004070925444925274,0.4142360532089997,0,NORMAL
2026-01-01 09:32:10,1.3774247120199572,0.00837629032459013,9.671559897130273,0,NORMAL
2026-01-01 09:32:20,2.6788098165250696,0.013305764643306732,5.2262273867739975,0,NORMAL
2026-01-01 09:32:30,1.9282092056439328,0.012551261112025092,6.466968591980135,0,NORMAL
2026-01-01 09:32:40,2.2092572795785275,0.011310082871792379,10.02775636282813,0,NORMAL
2026-01-01 09:32:50,1.7516744739358767,0.01466711477237932,6.682283804016719,0,NORMAL
2026-01-01 09:33:00,2.461522413613381,0.008191415060913677,6.201104868387683,0,NORMAL
2026-01-01 09:33:10,2.2030470094243335,0.01089334887609536,5.726873557406956,0,NORMAL
2026-01-01 09:33:20,1.5929233717011981,0.0,3.5495655950168694,0,NORMAL
2026-01-01 09:33:30,1.4173990000173557,0.007751749030785931,4.914532626468821,0,NORMAL
2026-01-01 09:33:40,1.2698487823953886,0.013819514542878221,2.8534617016317543,0,NORMAL
2026-01-01 09:33:50,2.0939708882163783,0.008048027664414287,4.866299301723554,0,NORMAL
2026-01-01 09:34:00,2.286235705889868,0.00766886304141444,0.0,0,NORMAL
2026-01-01 09:34:10,2.325482839389721,0.004792735241125908,6.287118702702646,0,NORMAL
2026-01-01 09:34:20,1.941009452696311,0.015016829463645728,4.634788238649124,0,NORMAL
2026-01-01 09:34:30,1.421501772167818,0.012742316367702854,3.991388789999707,0,NORMAL
2026-01-01 09:34:40,1.6589626009881084,0.014127072989115424,5.659274251820429,0,NORMAL
2026-01-01 09:34:50,2.576174319480963,0.0013689301902105521,0.699308231103678,0,NORMAL
2026-01-01 09:35:00,1.7576857176999594,0.00919774978367183,10.787809989863847,0,NORMAL
2026-01-01 09:35:10,2.071708815340738,0.00859944496124997,4.691697615537201,0,NORMAL
2026-01-01 09:35:20,1.4621747582125564,0.008597141467007238,4.562466701083431,0,NORMAL
2026-01-01 09:35:30,2.1682915227295174,0.0069198622814102195,2.1038113696012335,0,NORMAL
2026-01-01 09:35:40,1.771157719160461,0.008269478641099923,5.0718391473477835,0,NORMAL
2026-01-01 09:35:50,2.5233563568878816,0.014248223913533259,9.160879670819842,0,NORMAL
2026-01-01 09:36:00,2.3867788531034067,0.0004357432332608535,8.107748628296102,0,NORMAL
2026-01-01 09:36:10,1.75214702671255,0.018886473840152268,7.5633132534216685,0,NORMAL
2026-01-01 09:36:20,1.9366679863261682,0.012419205625132308,6.639196855001815,0,NORMAL
2026-01-01 09:36:30,1.7244418799796857,0.009788340521698937,3.9243724173121706,0,NORMAL
2026-01-01 09:36:40,1.2902834017274951,0.01453417073186463,0.6495104988898943,0,NORMAL
2026-01-01 09:36:50,1.5712787852263916,0.0027408262741578262,4.396883684400095,0,NORMAL
2026-01-01 09:37:00,2.09910866386041,0.00667649547424493,4.292385606398969,0,NORMAL
2026-01-01 09:37:10,2.162629749114791,0.00939462283804723,8.146383319013722,0,NORMAL
2026-01-01 09:37:20,2.0742739517963193,0.016827801852160887,5.92817132737946,0,NORMAL
2026-01-01 09:37:30,1.849133473020682,0.00976751709436721,9.836934583710645,0,NORMAL
2026-01-01 09:37:40,2.4665333028604928,0.01225027335592573,8.592465620114524,0,NORMAL
2026-01-01 09:37:50,2.0317709522804686,0.007052105020319362,3.630513171487713,0,NORMAL
2026-01-01 09:38:00,2.3516269140479737,0.012434210344837455,0.0,0,NORMAL
2026-01-01 09:38:10,1.1131124338987406,0.018386197964872283,9.156725701824444,0,NORMAL
2026-01-01 09:38:20,0.038799874190828865,0.014977633458370571,9.078155669692233,0,NORMAL
2026-01-01 09:38:30,2.14189401391904,0.009592720061110603,0.9013652272933217,0,NORMAL
2026-01-01 09:38:40,1.2876171731392554,0.013377454236327349,9.527720059482501,0,NORMAL
2026-01-01 09:38:50,1.893774148643472,0.01288758477303606,6.146351511777554,0,NORMAL
2026-01-01 09:39:00,1.8489514794876971,0.012532938358486378,5.482056494376959,0,NORMAL
2026-01-01 09:39:10,2.7937003012077684,0.015559766804302044,9.844349762741981,0,NORMAL
2026-01-01 09:39:20,2.199998276471803,0.015522388519187332,9.034055519691844,0,NORMAL
2026-01-01 09:39:30,2.0829295133993364,0.009364207015625578,6.953992855985612,0,NORMAL
2026-01-01 09:39:40,2.418495577316837,0.013209395307388846,6.4196511974359485,0,NORMAL
2026-01-01 09:39:50,2.1842487934195196,0.008084525394201032,6.8491828715910765,0,NORMAL
2026-01-01 09:40:00,1.7711615035057835,0.0053846380184221125,3.799827698352422,0,NORMAL
2026-01-01 09:40:10,2.53573796512728,0.008652531221480068,4.834695650803037,0,NORMAL
2026-01-01 09:40:20,1.445124936055863,0.009618609241302086,2.293048536216372,0,NORMAL
2026-01-01 09:40:30,2.161623593766781,0.0016920950541100411,4.000880672783244,0,NORMAL
2026-01-01 09:40:40,1.2262151029318444,0.014301662797083602,3.9000983639932008,0,NORMAL
2026-01-01 09:40:50,2.1019719287579974,0.0,3.094083891135006,0,NORMAL
2026-01-01 09:41:00,2.096494820886465,0.023574084697431608,5.4102395079453895,0,NORMAL
2026-01-01 09:41:10,2.838227480957331,0.017509395668981596,4.028057447898268,0,NORMAL
2026-01-01 09:41:20,1.2175130532791103,0.008694956379138433,6.5067041610559215,0,NORMAL
2026-01-01 09:41:30,1.6995564120730937,0.010047131802818866,0.13303816011870406,0,NORMAL
2026-01-01 09:41:40,2.4113412132870717,0.011514859367936416,4.659935617678101,0,NORMAL
2026-01-01 09:41:50,2.167658628198654,0.00705419806005529,5.394654920532487,0,NORMAL
2026-01-01 09:42:00,2.0901525256687514,0.010963095737934681,4.068112280489358,0,NORMAL
2026-01-01 09:42:10,1.5219321485207304,0.009280000111491694,4.482821900572306,0,NORMAL
2026-01-01 09:42:20,1.7045908259542855,0.00952863641384517,0.24426196781042786,0,NORMAL
2026-01-01 09:42:30,2.622520504111628,0.010907305317403193,6.069431314008476,0,NORMAL
2026-01-01 09:42:40,1.974245403123036,0.0034323610082300283,6.9428179477012115,0,NORMAL
2026-01-01 09:42:50,2.1876798480722366,0.010197848620668241,6.4806118826113,0,NORMAL
2026-01-01 09:43:00,1.9424058356117606,0.010817238733087386,8.11618117832655,0,NORMAL
2026-01-01 09:43:10,1.4084572423751174,0.010644248106779572,5.604588817347506,0,NORMAL
2026-01-01 09:43:20,2.4669052130374984,0.008920846222819228,6.436043541952811,0,NORMAL
2026-01-01 09:43:30,2.251616192266248,0.015689288879846858,5.468272215370558,0,NORMAL
2026-01-01 09:43:40,3.1528184186835944,0.008231737225592246,7.062652158777483,0,NORMAL
2026-01-01 09:43:50,1.4922093101747276,0.011136629534115951,0.26831109160363376,0,NORMAL
2026-01-01 09:44:00,2.41128646060024,0.01648648766962773,2.319257096065967,0,NORMAL
2026-01-01 09:44:10,1.3442280169814995,0.009603119299898438,9.760698971099274,0,NORMAL
2026-01-01 09:44:20,2.078673283836539,0.011072316337337757,0.0,0,NORMAL
2026-01-01 09:44:30,2.4882532945315825,0.009518076818425515,4.579466210523968,0,NORMAL
2026-01-01 09:44:40,0.9639324419517565,0.016186848967817996,8.516824878824204,0,NORMAL
2026-01-01 09:44:50,1.897533762879196,0.008711377192068524,4.720218003374706,0,NORMAL
2026-01-01 09:45:00,1.71839513297869,0.016416772886441028,3.7849667856479075,0,NORMAL
2026-01-01 09:45:10,1.6490213508524392,0.009482060526764678,5.388265030445901,0,NORMAL
2026-01-01 09:45:20,2.192606326129677,0.005702701382759916,3.9406394599926604,0,NORMAL
2026-01-01 09:45:30,2.5603428532112975,0.013396865852870605,5.0925484782708175,0,NORMAL
2026-01-01 09:45:40,1.9333606423854224,0.00847666083122172,2.9498568904396114,0,NORMAL
2026-01-01 09:45:50,2.10274321378001,0.013102504495495814,8.326023259867172,0,NORMAL
2026-01-01 09:46:00,2.057154376529624,0.0,9.269794763196982,0,NORMAL
2026-01-01 09:46:10,2.000901753178207,0.010026026309474733,4.599829033665133,0,NORMAL
2026-01-01 09:46:20,1.4553286811439468,0.007701973506212598,0.8405317379262702,0,NORMAL
2026-01-01 09:46:30,2.554222300861446,0.00468370656734361,3.4284704890598143,0,NORMAL
2026-01-01 09:46:40,2.147597684079418,0.007233794990801003,4.448034019691107,0,NORMAL
2026-01-01 09:46:50,2.197440745001289,0.007131484278536743,6.516616630709624,0,NORMAL
2026-01-01 09:47:00,1.596745185487209,0.009760071025747094,1.975960330487966,0,NORMAL
2026-01-01 09:47:10,1.7703898010053798,0.003163367693575221,2.692513044073548,0,NORMAL
2026-01-01 09:47:20,1.911932901144611,0.011581368901298569,6.532028413576422,0,NORMAL
2026-01-01 09:47:30,1.2329376532755743,0.01683107392602894,7.816726496118673,0,NORMAL
2026-01-01 09:47:40,1.1559828374011607,0.011404642484739132,3.135217864487948,0,NORMAL
2026-01-01 09:47:50,1.699626034680716,0.014044943046145045,1.0003488381470127,0,NORMAL
2026-01-01 09:48:00,2.2612603832211953,0.015472812273068978,14.852354603863652,0,NORMAL
2026-01-01 09:48:10,1.6734313050350296,0.016182447560920885,7.349912711266141,0,NORMAL
2026-01-01 09:48:20,1.4905974012046432,0.019350693464106526,4.1989887146989044,0,NORMAL
2026-01-01 09:48:30,1.592657173381165,0.007503990008620349,7.6070938265925205,0,NORMAL
2026-01-01 09:48:40,1.7723287884273438,0.0064075800741944175,4.626630110856734,0,NORMAL
2026-01-01 09:48:50,1.823070518589948,0.013917328241623674,7.601470667300559,0,NORMAL
2026-01-01 09:49:00,3.0827607261032783,0.013541331098286999,5.478179593328667,0,NORMAL
2026-01-01 09:49:10,2.527310314243659,0.013878376498078446,5.27381569450272,0,NORMAL
2026-01-01 09:49:20,2.512387056140864,0.01944641227125126,4.659254395307634,0,NORMAL
2026-01-01 09:49:30,2.584290182136691,0.01005684954399247,0.6578559996107305,0,NORMAL
2026-01-01 09:49:40,1.5005895653329753,0.012130782798230925,10.814284698179419,0,NORMAL
2026-01-01 09:49:50,1.3888176925063804,0.0050980587425826255,2.17539823919677,0,NORMAL
2026-01-01 09:50:00,1.4465648542329717,0.02067660561987979,0.9199292710682163,0,NORMAL
2026-01-01 09:50:10,2.667253066668919,0.008317275393954444,4.3614203517308985,0,NORMAL
2026-01-01 09:50:20,1.7264041055587545,0.00845892035919585,2.1155845594684797,0,NORMAL
2026-01-01 09:50:30,1.3743219088803564,0.008266250544958786,4.844861628319187,0,NORMAL
2026-01-01 09:50:40,1.7845018998900934,0.0067755207067783105,7.063291545685306,0,NORMAL
2026-01-01 09:50:50,1.8806972341426862,0.006352814755761753,7.985908701587669,0,NORMAL
2026-01-01 09:51:00,2.134206636847281,0.007381478585552373,7.444192164865045,0,NORMAL
2026-01-01 09:51:10,2.1254755103560217,0.0031710203597452758,4.083103835642959,0,NORMAL
2026-01-01 09:51:20,1.585909718063246,0.006073410398683809,5.148775482984758,0,NORMAL
2026-01-01 09:51:30,2.3428281962568556,0.019744815557238095,6.223637152692472,0,NORMAL
2026-01-01 09:51:40,1.680403233124921,0.013678275718206843,0.0,0,NORMAL
2026-01-01 09:51:50,1.9218618316474785,0.01462952088363859,6.711754100359579,0,NORMAL
2026-01-01 09:52:00,2.3433870352516775,0.015886043937084576,0.6281021372485054,0,NORMAL
2026-01-01 09:52:10,1.6790892980278294,0.019170672821811955,11.121039796719469,0,NORMAL
2026-01-01 09:52:20,1.7153242882094313,0.00114288724278078,3.786454746074914,0,NORMAL
2026-01-01 09:52:30,2.2958340248465654,0.003850584423567297,4.445374468416226,0,NORMAL
2026-01-01 09:52:40,1.5711334116974902,0.005981381695526574,2.690878702286434,0,NORMAL
2026-01-01 09:52:50,1.8076039881979646,0.007651351017552012,3.110089904432931,0,NORMAL
2026-01-01 09:53:00,2.2778710890214464,0.008497153047073755,11.82228070742972,0,NORMAL
2026-01-01 09:53:10,3.0270462207179873,0.007765112235969796,7.8211090658698925,0,NORMAL
2026-01-01 09:53:20,2.302702252381373,0.01109654456566027,0.352392664556485,0,NORMAL
2026-01-01 09:53:30,2.236319881495006,0.01017647695372608,9.512638702055689,0,NORMAL
2026-01-01 09:53:40,2.265400791836365,0.006385826024108752,8.579726825424295,0,NORMAL
2026-01-01 09:53:50,1.4634048629664753,0.0,4.156362613135134,0,NORMAL
2026-01-01 09:54:00,2.057798369339954,0.005035656473106509,5.920090826089512,0,NORMAL
2026-01-01 09:54:10,1.985116755831799,0.007253806733437124,4.955167761736777,0,NORMAL
2026-01-01 09:54:20,2.160792270186378,0.008764602815961402,10.917739713340797,0,NORMAL
2026-01-01 09:54:30,2.0582540262379356,0.004351662703447315,2.611129433023729,0,NORMAL
2026-01-01 09:54:40,2.1898498387085565,0.007545967667517899,5.438031829327181,0,NORMAL
2026-01-01 09:54:50,1.8442664025503992,0.004345063057572068,3.7155640070215865,0,NORMAL
2026-01-01 09:55:00,2.029304458685896,0.009370903242258335,0.7008787861464374,0,NORMAL
2026-01-01 09:55:10,1.386085716971504,0.004634543358186923,11.574914765164962,0,NORMAL
2026-01-01 09:55:20,1.8400463609985431,0.005755476718147677,1.455300262692763,0,NORMAL
2026-01-01 09:55:30,2.6954167740883217,0.003456579345054305,5.6603875624633275,0,NORMAL
2026-01-01 09:55:40,2.159404169814128,0.00923249652215108,0.0,0,NORMAL
2026-01-01 09:55:50,1.9895394813084615,0.005667761150238008,3.80278838227072,0,NORMAL
2026-01-01 09:56:00,2.9480616381271734,0.014533921333377147,6.265906464300373,0,NORMAL
2026-01-01 09:56:10,1.3195825108494605,0.012029251333464495,2.525798061492912,0,NORMAL
2026-01-01 09:56:20,1.4452722222768901,0.009650740659081785,6.760405552206965,0,NORMAL
2026-01-01 09:56:30,2.856355705638136,0.006012572513281057,4.192876724335752,0,NORMAL
2026-01-01 09:56:40,2.0229804680244667,0.011902601526581515,8.48024753719584,0,NORMAL
2026-01-01 09:56:50,1.8787084818551032,0.013453504446743187,9.08528274002067,0,NORMAL
2026-01-01 09:57:00,1.4003978374521784,0.010713442061008152,3.239765717809965,0,NORMAL
2026-01-01 09:57:10,2.2238481331975057,0.018018509277334654,5.230198578178871,0,NORMAL
2026-01-01 09:57:20,2.272229934763731,0.01229818659037408,5.550362679416699,0,NORMAL
2026-01-01 09:57:30,1.4527528195825519,0.014568036087840172,6.858047886304096,0,NORMAL
2026-01-01 09:57:40,1.9298622072247857,0.010667827077679892,5.043145988732797,0,NORMAL
2026-01-01 09:57:50,1.832242083983467,0.013378322266284885,5.570632878028527,0,NORMAL
2026-01-01 09:58:00,2.1279885732093855,0.006016093836654124,4.269780575614641,0,NORMAL
2026-01-01 09:58:10,1.4403748788896782,0.007708008183936031,5.345719600916055,0,NORMAL
2026-01-01 09:58:20,2.6259737272565786,0.0117468177674119,8.893820580605396,0,NORMAL
2026-01-01 09:58:30,2.457911890798802,0.011710497407786909,6.938249723635563,0,NORMAL
2026-01-01 09:58:40,1.818412220633592,0.012538059114716237,7.103766918330107,0,NORMAL
2026-01-01 09:58:50,1.8917906441808143,0.015501964461393646,7.169210972406734,0,NORMAL
2026-01-01 09:59:00,1.931788924861192,0.0028751441409229396,4.538573666356894,0,NORMAL
2026-01-01 09:59:10,1.6108457234967484,0.0051277372619485196,5.956481130738592,0,NORMAL
2026-01-01 09:59:20,1.7782852908824822,0.011147863205371266,1.7444789649927661,0,NORMAL
2026-01-01 09:59:30,1.8648648161626955,0.006378181840982697,8.806422968950871,0,NORMAL
2026-01-01 09:59:40,2.806434185353564,0.02688884120644681,0.0,0,NORMAL
2026-01-01 09:59:50,2.4733091541652183,0.01257859809585068,4.738554822993724,0,NORMAL
2026-01-01 10:00:00,2.4673273536683116,0.009608345755349215,8.422687931450822,0,NORMAL
2026-01-01 10:00:10,2.1849628065021953,0.007422653634580704,0.9083961991119753,0,NORMAL
2026-01-01 10:00:20,1.4413364955343826,0.007599188584034778,6.199339752850554,0,NORMAL
2026-01-01 10:00:30,1.9792544477113103,0.010150703306575887,2.9577006602629194,0,NORMAL
2026-01-01 10:00:40,2.48524422980669,0.01055990966310629,3.893590204433394,0,NORMAL
2026-01-01 10:00:50,1.3708676853163557,0.007716504276532436,7.8378228819183136,0,NORMAL
2026-01-01 10:01:00,2.318276603436632,0.008634238767400491,5.59417077765545,0,NORMAL
2026-01-01 10:01:10,3.1613046126313833,0.01672142287617298,0.0,0,NORMAL
2026-01-01 10:01:20,2.5309083229948657,0.016922524813255173,2.070723380805205,0,NORMAL
2026-01-01 10:01:30,2.707014567780994,0.011260169899674386,7.926007204666279,0,NORMAL
2026-01-01 10:01:40,2.1091693752210805,0.0032937013638163117,6.346828154578993,0,NORMAL
2026-01-01 10:01:50,2.483965974382495,0.012692515783195218,10.244406717572854,0,NORMAL
2026-01-01 10:02:00,1.6410733928229821,0.01777141220805513,10.047942782039891,0,NORMAL
2026-01-01 10:02:10,2.397931906170613,0.016848905509811895,3.9732646095596245,0,NORMAL
2026-01-01 10:02:20,2.3271940670303817,0.013672129264048335,12.509713415208465,0,NORMAL
2026-01-01 10:02:30,2.1449555870188313,0.01711211477642911,5.073439009555733,0,NORMAL
2026-01-01 10:02:40,2.658003709859249,0.010266921362395109,2.1119943967729236,0,NORMAL
2026-01-01 10:02:50,1.7306075810763057,0.013140514849168524,3.0990804022682683,0,NORMAL
2026-01-01 10:03:00,1.9064712417631688,0.006596122168374099,0.0,0,NORMAL
2026-01-01 10:03:10,2.0477310206791484,0.01146132728077856,9.821057024747843,0,NORMAL
2026-01-01 10:03:20,1.4851945144552996,0.01664767121985262,9.784285967131591,0,NORMAL
2026-01-01 10:03:30,2.113465971900124,0.007052882942565545,1.9534776835600371,0,NORMAL
2026-01-01 10:03:40,1.1405347935230765,0.005692782852678568,4.316347134854282,0,NORMAL
2026-01-01 10:03:50,2.523477267214105,0.010487444695118484,5.286822632337733,0,NORMAL
2026-01-01 10:04:00,2.023318683282983,0.008866688981380003,2.1189408435736587,0,NORMAL
2026-01-01 10:04:10,1.7395535480481183,0.013245738605352102,0.0,0,NORMAL
2026-01-01 10:04:20,1.5828131938524392,0.007733702370264789,4.368927188669264,0,NORMAL
2026-01-01 10:04:30,1.8827104851904062,0.018592198078013572,4.036761711622259,0,NORMAL
2026-01-01 10:04:40,2.344129855386207,0.0035516195101947213,3.8347662770336743,0,NORMAL
2026-01-01 10:04:50,2.2738694893687805,0.016268673931098675,5.668148187802894,0,NORMAL
2026-01-01 10:05:00,1.6472310263607697,0.006175753858459485,9.288558975577976,0,NORMAL
2026-01-01 10:05:10,1.5769801636861829,0.0010200863270798833,4.090721840924822,0,NORMAL
2026-01-01 10:05:20,2.3284493531598236,0.011189375781744337,5.511328996164088,0,NORMAL
2026-01-01 10:05:30,1.6388262976924852,0.008726960069930583,7.180611571234808,0,NORMAL
2026-01-01 10:05:40,2.029954887039752,0.004451953160484847,6.662428779538246,0,NORMAL
2026-01-01 10:05:50,2.0618773212621386,0.0015931155414236797,3.156729426656475,0,NORMAL
2026-01-01 10:06:00,2.156031065863369,0.009958196063642717,5.289131369342107,0,NORMAL
2026-01-01 10:06:10,2.4291352150909358,0.014879184458119088,6.64261946050716,0,NORMAL
2026-01-01 10:06:20,1.3685185315663386,0.012924767465432222,1.614945987467667,0,NORMAL
2026-01-01 10:06:30,1.0444203373697563,0.010283533244196327,8.790617032389525,0,NORMAL
2026-01-01 10:06:40,1.7162763593858241,0.012394237866088675,9.294766715642334,0,NORMAL
2026-01-01 10:06:50,2.900764203916093,0.009863929338110715,2.8316592336665187,0,NORMAL
2026-01-01 10:07:00,3.011087050043689,0.0028513787848481443,5.581010055044506,0,NORMAL
2026-01-01 10:07:10,2.915588567782944,0.002895530073882784,6.9268347700130946,0,NORMAL
2026-01-01 10:07:20,1.9035093161196552,0.008984157355076607,3.363157531013742,0,NORMAL
2026-01-01 10:07:30,1.1089424590075856,0.009196733568169628,6.444841537064283,0,NORMAL
2026-01-01 10:07:40,0.8284804491740796,0.014254913392533826,5.489766878876496,0,NORMAL
2026-01-01 10:07:50,1.6929809192252945,0.013786521118873737,0.5962454670835975,0,NORMAL
2026-01-01 10:08:00,1.90096318492532,0.013025665078794747,6.377483947935675,0,NORMAL
2026-01-01 10:08:10,2.650312700527979,0.008598586434614097,1.6995727511868925,0,NORMAL
2026-01-01 10:08:20,2.433902729771223,0.0030967391494493026,7.817608554986141,0,NORMAL
2026-01-01 10:08:30,2.11370253949581,0.01206035568533012,2.9863667745983338,0,NORMAL
2026-01-01 10:08:40,1.5550776145294292,0.012625846566310842,4.516143699016565,0,NORMAL
2026-01-01 10:08:50,1.5196102208775548,0.0,9.116836740339725,0,NORMAL
2026-01-01 10:09:00,2.127063843535718,0.005828309067086686,6.489144939586535,0,NORMAL
2026-01-01 10:09:10,2.3485254894198633,0.00654472811303052,1.761578241276364,0,NORMAL
2026-01-01 10:09:20,2.1959406311227925,0.010591751005617182,1.9552502876027489,0,NORMAL
2026-01-01 10:09:30,1.4827010201966726,0.0059831978361715304,3.2020916341288235,0,NORMAL
2026-01-01 10:09:40,2.325333814396043,0.009809327155876797,6.183932250069998,0,NORMAL
2026-01-01 10:09:50,2.2129554835507057,0.008947325298235038,6.074899444798304,0,NORMAL
2026-01-01 10:10:00,1.4646667969049108,0.00920425264231136,2.4706930860113925,0,NORMAL
2026-01-01 10:10:10,1.607839514849872,0.00641802853149627,1.4983715431569227,0,NORMAL
2026-01-01 10:10:20,2.344247987280783,0.006805074729666612,5.844750215257503,0,NORMAL
2026-01-01 10:10:30,1.8827462324270545,0.004598664701096536,4.4544198026295145,0,NORMAL
2026-01-01 10:10:40,2.7945736508182284,0.011900337202869161,11.471647662343212,0,NORMAL
2026-01-01 10:10:50,2.250564638032288,0.012855513142956842,5.109810969689237,0,NORMAL
2026-01-01 10:11:00,1.7566844059053655,0.006146910249373306,10.442758483100825,0,NORMAL
2026-01-01 10:11:10,1.9948971998045337,0.017603200480085224,1.48884920568698,0,NORMAL
2026-01-01 10:11:20,2.031691696318859,0.008426992762789756,0.2803611813148785,0,NORMAL
2026-01-01 10:11:30,1.635804843379145,0.017650928118982803,1.6397446024233964,0,NORMAL
2026-01-01 10:11:40,1.5437059009111866,0.006789364130841983,8.567389344360398,0,NORMAL
2026-01-01 10:11:50,2.3506949469047496,0.0,10.268304769080602,0,NORMAL
2026-01-01 10:12:00,2.4226366485210478,0.012010989124561756,2.653461638142098,0,NORMAL
2026-01-01 10:12:10,2.3018907347764794,0.011242725525594936,3.6183019107213275,0,NORMAL
2026-01-01 10:12:20,2.757659047161901,0.010171968976537915,1.4930572693625008,0,NORMAL
2026-01-01 10:12:30,1.729113381994199,0.0067888376077800535,0.0,0,NORMAL
2026-01-01 10:12:40,2.837135383035565,0.009827138872570905,7.155235093329889,0,NORMAL
2026-01-01 10:12:50,1.5495394407229237,0.007443702710652363,5.66906090888649,0,NORMAL
2026-01-01 10:13:00,1.4936572183157537,0.008488252168341247,5.031463948021626,0,NORMAL
2026-01-01 10:13:10,1.1200205589253749,0.014208161278825376,0.7998303885098601,0,NORMAL
2026-01-01 10:13:20,1.7771023430865915,0.010921086147650468,9.919870045485983,0,NORMAL
2026-01-01 10:13:30,1.748138831585273,0.013049756936659886,3.4899297858515808,0,NORMAL
2026-01-01 10:13:40,2.2629686401273252,0.00884065746687105,6.600879274449428,0,NORMAL
2026-01-01 10:13:50,2.1219454708102257,0.008289913270976125,0.6363157842658267,0,NORMAL
2026-01-01 10:14:00,1.4035133144904317,0.004232587345556782,4.428424431139889,0,NORMAL
2026-01-01 10:14:10,1.8036368807870913,0.008149816937159016,5.87412336871575,0,NORMAL
2026-01-01 10:14:20,1.8142689894561572,0.0,5.981225654159923,0,NORMAL
2026-01-01 10:14:30,1.1120088765190537,0.007048890168471826,5.463945629709875,0,NORMAL
2026-01-01 10:14:40,1.5095266364933153,0.009590629114045806,6.483567476146318,0,NORMAL
2026-01-01 10:14:50,1.6145931846929553,0.012818368271350782,1.6084386319011166,0,NORMAL
2026-01-01 10:15:00,2.716812509910473,0.008656610612375215,5.592117816318981,0,NORMAL
2026-01-01 10:15:10,2.0957253579786763,0.011738367711224999,5.341273050440833,0,NORMAL
2026-01-01 10:15:20,2.3310843769737497,0.0,5.695018052585183,0,NORMAL
2026-01-01 10:15:30,1.2506822514253941,0.009715815738965251,5.217035651957545,0,NORMAL
2026-01-01 10:15:40,2.597107241506996,0.001602486035432983,1.1803616782598072,0,NORMAL
2026-01-01 10:15:50,2.6505510315120464,0.0039584824217033365,1.0466007436730789,0,NORMAL
2026-01-01 10:16:00,1.000827516427687,0.009064172260680696,0.0,0,NORMAL
2026-01-01 10:16:10,1.647341638042076,0.016381319939367773,7.452603529535893,0,NORMAL
2026-01-01 10:16:20,2.247882786507755,0.011856033817350294,7.482972529205596,0,NORMAL
2026-01-01 10:16:30,2.322194226769091,0.010091154985685587,7.530650873666361,0,NORMAL
2026-01-01 10:16:40,1.6607526347563892,0.00990234805266449,5.920369887384355,0,NORMAL
2026-01-01 10:16:50,1.8472502684731735,0.0064318555339776635,0.0,0,NORMAL
2026-01-01 10:17:00,1.7013094694774287,0.007280082933136582,1.9198685246442018,0,NORMAL
2026-01-01 10:17:10,2.0552090234730596,0.012136880227353986,5.511246252779336,0,NORMAL
2026-01-01 10:17:20,2.5985892657309564,0.003073197407777528,5.4065540083753865,0,NORMAL
2026-01-01 10:17:30,1.6144789214293978,0.012965270251415107,4.331755360543936,0,NORMAL
2026-01-01 10:17:40,2.500410248884207,0.008057464664405736,6.10675160872474,0,NORMAL
2026-01-01 10:17:50,1.6091639638265562,0.014127785374347827,5.034955123055736,0,NORMAL
2026-01-01 10:18:00,1.576186393751558,0.014805467286160418,5.362311396654085,0,NORMAL
2026-01-01 10:18:10,2.4092973091716066,0.0016345799374712978,3.0828040015039515,0,NORMAL
2026-01-01 10:18:20,2.4609681890038084,0.007092096183863909,7.94603295836477,0,NORMAL
2026-01-01 10:18:30,2.425704968381327,0.005722361560296881,3.707685173958848,0,NORMAL
2026-01-01 10:18:40,1.3421012958909295,0.0009363601746342853,1.008052750938121,0,NORMAL
2026-01-01 10:18:50,1.7670245109639746,0.004837333618952947,2.687002961543814,0,NORMAL
2026-01-01 10:19:00,2.4114942960016608,0.0222062792263267,3.9546014259140594,0,NORMAL
2026-01-01 10:19:10,2.0207709202819473,0.0130475494810622,7.98200836510654,0,NORMAL
2026-01-01 10:19:20,1.4631535769012678,0.01958643984302877,4.873196004695621,0,NORMAL
2026-01-01 10:19:30,2.2291589695627207,0.014145492200091678,4.441555343103053,0,NORMAL
2026-01-01 10:19:40,1.6425963705042648,0.006290784194957623,1.2540097257121179,0,NORMAL
2026-01-01 10:19:50,2.897262424196106,0.008091144016629786,7.356447769488729,0,NORMAL
2026-01-01 10:20:00,2.772420731209129,0.012942180901201536,3.044143537929843,0,NORMAL
2026-01-01 10:20:10,2.3020487131777836,0.012187531017365182,4.699916423175992,0,NORMAL
2026-01-01 10:20:20,2.680503352384887,0.007113289921458332,9.440549230645594,0,NORMAL
2026-01-01 10:20:30,2.0323956750616907,0.0024500341471039655,6.5262899931479135,0,NORMAL
2026-01-01 10:20:40,2.382718747187508,0.026438805936943695,0.11523785685447696,0,NORMAL
2026-01-01 10:20:50,2.7388601476510375,0.009294251638285973,0.0,0,NORMAL
2026-01-01 10:21:00,2.1227493408971565,0.0083713055340869,4.807068649642262,0,NORMAL
2026-01-01 10:21:10,1.8724064142428583,0.010566672319526509,1.361778155375585,0,NORMAL
2026-01-01 10:21:20,1.147689020911442,0.008786357053444854,6.945640242898993,0,NORMAL
2026-01-01 10:21:30,1.958433237139253,0.010613644538527419,5.126789194894938,0,NORMAL
2026-01-01 10:21:40,2.4117115922811556,0.016434736430582096,5.496154307071589,0,NORMAL
2026-01-01 10:21:50,2.4728167137838146,0.00937725760156788,2.879770455072941,0,NORMAL
2026-01-01 10:22:00,2.252182532859205,0.004186447803361193,10.224150965860117,0,NORMAL
2026-01-01 10:22:10,1.72935045251888,0.009191781027606946,13.527781184031378,0,NORMAL
2026-01-01 10:22:20,1.0115892155262047,0.007677991092950446,4.164245828729856,0,NORMAL
2026-01-01 10:22:30,1.7523924509976325,0.017119494686234256,6.059117745245003,0,NORMAL
2026-01-01 10:22:40,1.8478275644730242,0.015855595323687854,5.292252029192938,0,NORMAL
2026-01-01 10:22:50,1.843535516404993,0.010537625002153994,4.2209394096767925,0,NORMAL
2026-01-01 10:23:00,2.309278178488962,0.003606320725903718,2.50378859680161,0,NORMAL
2026-01-01 10:23:10,2.99283820550742,0.003870538682800271,1.7450960375585685,0,NORMAL
2026-01-01 10:23:20,2.0617646009205464,0.010075616307922768,1.5932082034234274,0,NORMAL
2026-01-01 10:23:30,1.8916341054217691,0.011681614846606405,6.215720076647436,0,NORMAL
2026-01-01 10:23:40,1.8703890934979537,0.008126885903369725,3.440976565389094,0,NORMAL
2026-01-01 10:23:50,2.062192383453857,0.007599152078963829,0.0,0,NORMAL
2026-01-01 10:24:00,1.5858531198258006,0.007036003834106765,6.334574661794967,0,NORMAL
2026-01-01 10:24:10,2.0600992793730275,0.00988303019878027,4.885216152607533,0,NORMAL
2026-01-01 10:24:20,2.2254061681659,0.0,9.040019004203439,0,NORMAL
2026-01-01 10:24:30,2.104843031787244,0.0044933668561514505,6.119367191273028,0,NORMAL
2026-01-01 10:24:40,2.2287709670023905,0.006864745772763248,0.5639792110691082,0,NORMAL
2026-01-01 10:24:50,2.2168738046742678,0.0160375159747596,0.0,0,NORMAL
2026-01-01 10:25:00,1.1140516588767782,0.0059309317903553545,2.8415828469861877,0,NORMAL
2026-01-01 10:25:10,2.3184350791977018,0.010902340709156032,3.124677737919042,0,NORMAL
2026-01-01 10:25:20,1.6644925771687733,0.01113271375465498,7.8294776030005,0,NORMAL
2026-01-01 10:25:30,1.4520804184980212,0.016489582528303813,4.97338720313128,0,NORMAL
2026-01-01 10:25:40,1.447774086072502,0.016312887034820752,8.401065494295526,0,NORMAL
2026-01-01 10:25:50,2.2167708052362647,0.009712485156025418,1.0255008328920967,0,NORMAL
2026-01-01 10:26:00,1.8887125363875736,0.007622576294052786,7.895793153141344,0,NORMAL
2026-01-01 10:26:10,1.1590156080072949,0.006680834485871549,7.162967460292759,0,NORMAL
2026-01-01 10:26:20,2.2390189075961415,0.008794683887671096,0.0,0,NORMAL
2026-01-01 10:26:30,1.2801959346005864,0.007829833228382,8.967853523782317,0,NORMAL
2026-01-01 10:26:40,2.0699106792591055,0.01276813704679116,5.280375475299058,0,NORMAL
2026-01-01 10:26:50,2.1192494628365273,0.012101549087426021,6.176133511605517,0,NORMAL
2026-01-01 10:27:00,2.4427885408475225,0.012959005955725078,2.405311662714732,0,NORMAL
2026-01-01 10:27:10,2.8908423932334255,0.016296418557180843,8.825741038765917,0,NORMAL
2026-01-01 10:27:20,1.3176618370497293,0.019314345607000884,1.4424430122833904,0,NORMAL
2026-01-01 10:27:30,1.9737630719684753,0.010623316967037784,7.496276055121838,0,NORMAL
2026-01-01 10:27:40,1.8618323524778913,0.015497318856978266,7.461822427726014,0,NORMAL
2026-01-01 10:27:50,2.216874842980481,0.008241699080828925,2.077497715483333,0,NORMAL
2026-01-01 10:28:00,2.1078343854668096,0.01592503491791508,10.950120798267722,0,NORMAL
2026-01-01 10:28:10,1.8237268786316898,0.015307545785879222,5.694585440652558,0,NORMAL
2026-01-01 10:28:20,1.7795489056945721,0.015042079849714956,6.9616778308130725,0,NORMAL
2026-01-01 10:28:30,1.4417745724079762,0.01047034920595762,0.4186376139927328,0,NORMAL
2026-01-01 10:28:40,2.4939307912032547,0.006658209180045557,11.353190009025695,0,NORMAL
2026-01-01 10:28:50,2.229602090799765,0.003027357810672617,1.3263291793247307,0,NORMAL
2026-01-01 10:29:00,2.4588840988975686,0.009799813962394504,8.07465929829779,0,NORMAL
2026-01-01 10:29:10,1.8448019317622433,0.017665062711245915,2.0156848462049144,0,NORMAL
2026-01-01 10:29:20,1.6715822656527848,0.008450775493179635,3.143033591456952,0,NORMAL
2026-01-01 10:29:30,1.460842466685386,0.013925632927300273,7.366262131656342,0,NORMAL
2026-01-01 10:29:40,2.1794587918703296,0.014219757002594657,8.082658141025473,0,NORMAL
2026-01-01 10:29:50,1.4801033877358827,0.008581568895364136,1.1861472526576937,0,NORMAL
2026-01-01 10:30:00,2.924331534483275,0.016581724187597596,8.271416507170981,0,NORMAL
2026-01-01 10:30:10,1.3461787094532798,0.0,8.134941485399581,0,NORMAL
2026-01-01 10:30:20,2.136830059606251,0.003886248606309125,2.1861397734653227,0,NORMAL
2026-01-01 10:30:30,2.783427353606893,0.005421838518207702,9.79594278077333,0,NORMAL
2026-01-01 10:30:40,2.2995448796319047,0.005901424885663051,0.6294271152558857,0,NORMAL
2026-01-01 10:30:50,2.0878368562458895,0.011681314755929477,3.125682251667154,0,NORMAL
2026-01-01 10:31:00,1.5157581765190522,0.011450189015269509,6.4370078722759665,0,NORMAL
2026-01-01 10:31:10,1.309115405716148,0.01196995286087504,2.4393011458921805,0,NORMAL
2026-01-01 10:31:20,2.3850250544587928,0.012980407470662434,5.791457257038023,0,NORMAL
2026-01-01 10:31:30,2.7530736203874735,0.005249477154271755,5.723228236409885,0,NORMAL
2026-01-01 10:31:40,1.7805750047609143,0.003909119665963405,4.438777190231838,0,NORMAL
2026-01-01 10:31:50,1.4304692461918245,0.011981598410039315,7.4972016157716785,0,NORMAL
2026-01-01 10:32:00,0.7709152847254908,0.0068488396317678045,4.314917622027083,0,NORMAL
2026-01-01 10:32:10,1.509617578168731,0.0021476247731601473,5.694623206441417,0,NORMAL
2026-01-01 10:32:20,1.94317157875048,0.014856721422707407,8.439415632463708,0,NORMAL
2026-01-01 10:32:30,2.799561620418367,0.01697550953251149,7.372058630077521,0,NORMAL
2026-01-01 10:32:40,2.3365668461164844,0.017785804448493297,7.358051872442625,0,NORMAL
2026-01-01 10:32:50,2.1525427023533763,0.010935038607373602,1.5524611933496595,0,NORMAL
2026-01-01 10:33:00,1.7999401693494346,0.013129660479864512,6.574377726503966,0,NORMAL
2026-01-01 10:33:10,1.708417141372022,0.016849341116809555,2.3645036270914854,0,NORMAL
2026-01-01 10:33:20,2.7028237987539816,0.006792921049882829,1.155755060665921,0,NORMAL
2026-01-01 10:33:30,2.1003692703791947,0.01555338842027046,4.784880961145095,0,NORMAL
2026-01-01 10:33:40,0.948699654039489,0.011376981170716043,2.28711444004523,0,NORMAL
2026-01-01 10:33:50,1.6632301760513786,0.014568558261712956,7.371853156519933,0,NORMAL
2026-01-01 10:34:00,1.5708919841141866,0.010930465104379677,7.443606379085972,0,NORMAL
2026-01-01 10:34:10,1.7268679954112676,0.016481283548740008,0.0,0,NORMAL
2026-01-01 10:34:20,2.2814553301425424,0.011117618812707685,2.51509238126933,0,NORMAL
2026-01-01 10:34:30,1.9462775591028754,0.002580104702662912,0.6206399842460035,0,NORMAL
2026-01-01 10:34:40,1.961567296498169,0.01725963316157361,3.612112170221328,0,NORMAL
2026-01-01 10:34:50,2.6567365806626184,0.00526234629513944,6.365527009606473,0,NORMAL
2026-01-01 10:35:00,1.6517694551066557,0.01626529105121957,4.273135705464835,0,NORMAL
2026-01-01 10:35:10,2.932099762943675,0.00954878559279839,3.230722277998593,0,NORMAL
2026-01-01 10:35:20,1.664346204314457,0.015880054925988533,8.900529580439418,0,NORMAL
2026-01-01 10:35:30,2.0445990983062856,0.015673843074333827,0.0,0,NORMAL
2026-01-01 10:35:40,1.8593982022986164,0.012150714871576856,8.710615680554675,0,NORMAL
2026-01-01 10:35:50,2.061709566750481,0.012542676588135654,3.367135120533543,0,NORMAL
2026-01-01 10:36:00,2.2222959975365644,0.01211314308596283,4.765672969661631,0,NORMAL
2026-01-01 10:36:10,2.2169176200444385,0.0,3.4179099868396743,0,NORMAL
2026-01-01 10:36:20,1.62344133468971,0.010591651094491011,9.628664316617355,0,NORMAL
2026-01-01 10:36:30,1.4385426612762147,0.004419679119640525,1.3070645095842215,0,NORMAL
2026-01-01 10:36:40,3.2515858954528554,0.010855935718728315,5.035209109165807,0,NORMAL
2026-01-01 10:36:50,1.7580078301997235,0.004285287268083923,6.58231595557999,0,NORMAL
2026-01-01 10:37:00,2.3496062193359935,0.004075240293869626,0.1669916963444975,0,NORMAL
2026-01-01 10:37:10,1.1961793447384017,0.01802467250876951,2.240305488661539,0,NORMAL
2026-01-01 10:37:20,1.8601936400476615,0.01534723694062095,4.555464399505313,0,NORMAL
2026-01-01 10:37:30,1.9364003080087786,0.009979287075279227,2.3400048959468758,0,NORMAL
2026-01-01 10:37:40,2.236407534963916,0.01092384325124512,2.55322468634255,0,NORMAL
2026-01-01 10:37:50,0.6387729295040305,0.008760419871284956,3.9504120107706875,0,NORMAL
2026-01-01 10:38:00,2.0830703065391654,0.012849381879897613,6.9487439949385195,0,NORMAL
2026-01-01 10:38:10,1.4251292723160536,0.0066197281672559765,3.9718466693655667,0,NORMAL
2026-01-01 10:38:20,2.1621728555974618,0.014968701314339788,8.23527858341884,0,NORMAL
2026-01-01 10:38:30,1.4818354015809185,0.008734565794929447,2.0067266520219365,0,NORMAL
2026-01-01 10:38:40,1.5722586520372093,0.007900765020843855,1.2442332185796423,0,NORMAL
2026-01-01 10:38:50,1.863186194803366,0.010108565092424214,10.779036217163402,0,NORMAL
2026-01-01 10:39:00,1.4738352651984024,0.007044265850371947,3.0261256170034665,0,NORMAL
2026-01-01 10:39:10,1.7622327766323225,0.011643411747482416,1.0672639787835219,0,NORMAL
2026-01-01 10:39:20,1.4033121157283424,0.007313187053433,0.0,0,NORMAL
2026-01-01 10:39:30,1.0834147741506364,0.012342618014094182,8.225310361426818,0,NORMAL
2026-01-01 10:39:40,2.5089785262146798,0.01608003269455738,3.9760864560198224,0,NORMAL
2026-01-01 10:39:50,1.3519756535880358,0.006403391565959132,4.238870794800804,0,NORMAL
2026-01-01 10:40:00,1.9106595561960082,0.009347122713524144,4.522394865240081,0,NORMAL
2026-01-01 10:40:10,2.3764455407468925,0.012306653565177109,8.038828654009345,0,NORMAL
2026-01-01 10:40:20,1.6925279487419784,0.007820713225092967,4.461410498072238,0,NORMAL
2026-01-01 10:40:30,1.587417050127231,0.012321602804133325,12.032161336497879,0,NORMAL
2026-01-01 10:40:40,2.1131190443337107,0.0127769943032587,5.401281722162688,0,NORMAL
2026-01-01 10:40:50,2.558966911363576,0.015416308881471521,8.185354300874963,0,NORMAL
2026-01-01 10:41:00,1.4153423674567656,0.0069700497695754406,7.41571957371322,0,NORMAL
2026-01-01 10:41:10,1.9249260839912805,0.005286123798847627,4.890658039225887,0,NORMAL
2026-01-01 10:41:20,1.1337527025163363,0.00846211305218128,3.2390870419386104,0,NORMAL
2026-01-01 10:41:30,1.803399498158905,0.0051612383022644984,5.995891785699661,0,NORMAL
2026-01-01 10:41:40,2.0171023422690375,0.012822491020237485,6.530296193621819,0,NORMAL
2026-01-01 10:41:50,1.572687679122467,0.004191243499117944,3.282241855620418,0,NORMAL
2026-01-01 10:42:00,1.7715040830873843,0.02166508209126344,5.499016597851967,0,NORMAL
2026-01-01 10:42:10,1.295886615846275,0.016479639307868752,8.708614934778788,0,NORMAL
2026-01-01 10:42:20,2.0385393056907466,0.01006287884800157,11.209843217209036,0,NORMAL
2026-01-01 10:42:30,2.5278471244415748,0.01433697246498988,7.563107961048264,0,NORMAL
2026-01-01 10:42:40,1.4514280651147682,0.0018159906784460424,10.588279059140847,0,NORMAL
2026-01-01 10:42:50,1.6886641167238086,0.02261686665699779,3.1118773663806327,0,NORMAL
2026-01-01 10:43:00,2.251273123227091,0.007048926938997552,7.105646756177882,0,NORMAL
2026-01-01 10:43:10,2.606045359661368,0.009397512930503202,9.015558525743817,0,NORMAL
2026-01-01 10:43:20,1.2534050938955343,0.0007203335640578168,2.3110000010840124,0,NORMAL
2026-01-01 10:43:30,1.9156076312920254,0.012431436523704474,3.543229663864972,0,NORMAL
2026-01-01 10:43:40,2.1415654111597626,0.004468279214614456,10.21371428550575,0,NORMAL
2026-01-01 10:43:50,1.948971804685576,0.010508278807830146,2.0747034326391804,0,NORMAL
2026-01-01 10:44:00,0.7616039665614565,0.007278627835377309,0.9766099020328678,0,NORMAL
2026-01-01 10:44:10,2.250545004654386,0.004611280325348283,9.583944720918534,0,NORMAL
2026-01-01 10:44:20,2.759668175545322,0.005978192491186914,8.590289674941316,0,NORMAL
2026-01-01 10:44:30,2.0583308755847516,0.011128940170427606,6.296360731951308,0,NORMAL
2026-01-01 10:44:40,1.4844469733528682,0.003592545135655877,4.862867736062517,0,NORMAL
2026-01-01 10:44:50,1.7434363768178585,0.006255941644882114,3.684426483185054,0,NORMAL
2026-01-01 10:45:00,2.8849565338277965,0.01331636690632239,5.845846621427153,0,NORMAL
2026-01-01 10:45:10,2.454981270430279,0.023012399374371568,9.739420872204649,0,NORMAL
2026-01-01 10:45:20,2.3200133091921646,0.012387944097765025,5.715698378426228,0,NORMAL
2026-01-01 10:45:30,2.178206291767188,0.005413691789113563,11.500877801740897,0,NORMAL
2026-01-01 10:45:40,1.669431443904514,0.008164429149638445,2.3061740430793085,0,NORMAL
2026-01-01 10:45:50,1.8997144096721157,0.010157945030762892,4.940957737015192,0,NORMAL
2026-01-01 10:46:00,1.961038632160742,0.008252875246821462,3.880823997008253,0,NORMAL
2026-01-01 10:46:10,2.2747871580322223,0.014515290833684665,1.7445753705130016,0,NORMAL
2026-01-01 10:46:20,2.754459447133452,0.011087367415071122,4.540748800971033,0,NORMAL
2026-01-01 10:46:30,2.5591690683965638,0.014539261924549352,6.251987904981319,0,NORMAL
2026-01-01 10:46:40,1.2903078221019797,0.008427781048511853,6.57269053985609,0,NORMAL
2026-01-01 10:46:50,2.1119974844505243,0.016627501098606282,11.511356536833668,0,NORMAL
2026-01-01 10:47:00,2.3683816725839484,0.00916757207859227,6.39340240917068,0,NORMAL
2026-01-01 10:47:10,2.3094301650723175,0.005144050654310042,8.450410411038849,0,NORMAL
2026-01-01 10:47:20,1.6853831183062904,0.020886601905211105,5.1982827388969275,0,NORMAL
2026-01-01 10:47:30,3.4570546078841806,0.0008751112651944159,10.034166801357786,0,NORMAL
2026-01-01 10:47:40,1.3614577188344406,0.006306306373475362,12.195347856764208,0,NORMAL
2026-01-01 10:47:50,1.4584057766669751,0.006864860740848027,6.5932553929278495,0,NORMAL
2026-01-01 10:48:00,2.116797540630788,0.022541531365282818,2.022022953645256,0,NORMAL
2026-01-01 10:48:10,3.0584015274819265,0.01903429442073256,3.353584931668495,0,NORMAL
2026-01-01 10:48:20,1.5819025746479145,0.01746964071821099,5.845802909615486,0,NORMAL
2026-01-01 10:48:30,1.867085817176504,0.00834670668811834,6.369494105751937,0,NORMAL
2026-01-01 10:48:40,2.5386468365078465,0.022130890019208874,7.095275403153116,0,NORMAL
2026-01-01 10:48:50,1.9910689225561333,0.011841760019204856,6.380593043690124,0,NORMAL
2026-01-01 10:49:00,1.8326980727348523,0.014886316851515612,5.020954748767816,0,NORMAL
2026-01-01 10:49:10,2.28281645094336,0.010898476905531035,3.0914046763936147,0,NORMAL
2026-01-01 10:49:20,2.1362589951147966,0.009752667143383742,6.203414783792688,0,NORMAL
2026-01-01 10:49:30,2.5152193928183957,0.008741106630368103,10.56496207244197,0,NORMAL
2026-01-01 10:49:40,2.645734444532682,0.008951800032904189,8.059785816283265,0,NORMAL
2026-01-01 10:49:50,2.1535015300026807,0.013042458243390394,6.604111848908595,0,NORMAL
2026-01-01 10:50:00,2.1458663626891545,0.01183599899387694,8.088700771468254,0,NORMAL
2026-01-01 10:50:10,2.1070554911430666,0.00984264314898158,3.8868079132974427,0,NORMAL
2026-01-01 10:50:20,2.244565278324644,0.01754761996349427,3.4752045617500387,0,NORMAL
2026-01-01 10:50:30,2.027585318935732,0.0,2.7566446869020544,0,NORMAL
2026-01-01 10:50:40,1.9996957588388553,0.012549436239605976,4.624140131691686,0,NORMAL
2026-01-01 10:50:50,2.5983135604136214,0.013588693533294898,3.7339823098727587,0,NORMAL
2026-01-01 10:51:00,2.7580580901775216,0.015734814341275848,8.624824221956418,0,NORMAL
2026-01-01 10:51:10,1.2462235276832896,0.009675642794733194,3.5740297469534332,0,NORMAL
2026-01-01 10:51:20,2.0050105758702848,0.011039600336919789,2.5918348513252507,0,NORMAL
2026-01-01 10:51:30,1.6556527832773826,0.014929741916573607,10.827731536491894,0,NORMAL
2026-01-01 10:51:40,1.8445142667569638,0.0174558320214009,3.645874306755969,0,NORMAL
2026-01-01 10:51:50,2.2012581048676605,0.00849732007410616,5.460585371751053,0,NORMAL
2026-01-01 10:52:00,2.334719185771234,0.011334878915637801,6.353968474230235,0,NORMAL
2026-01-01 10:52:10,1.9439367781943275,0.018392869821743787,1.5899206432375546,0,NORMAL
2026-01-01 10:52:20,1.0433298326385985,0.0,8.706451308509207,0,NORMAL
2026-01-01 10:52:30,1.5174772097119102,0.006549937000927074,6.911357121233682,0,NORMAL
2026-01-01 10:52:40,2.448249835100083,0.017329179893014815,9.675152035642345,0,NORMAL
2026-01-01 10:52:50,0.6297867889825344,0.015462689168041515,2.9623341883456993,0,NORMAL
2026-01-01 10:53:00,2.593713575841,0.012612226054633472,5.2973773774284805,0,NORMAL
2026-01-01 10:53:10,2.2606149953222707,0.0077570156344543995,5.118067264982586,0,NORMAL
2026-01-01 10:53:20,2.658088040765011,0.005590907505072903,5.791665483050066,0,NORMAL
2026-01-01 10:53:30,1.9007154065595198,0.007043921903788131,0.636155754268517,0,NORMAL
2026-01-01 10:53:40,0.9692972879885475,0.017740041104093465,5.332509136076667,0,NORMAL
2026-01-01 10:53:50,2.215181320753249,0.006857786554223269,0.7206082657287645,0,NORMAL
2026-01-01 10:54:00,2.6373265620191706,0.01050711482119829,6.075002213590764,0,NORMAL
2026-01-01 10:54:10,2.4623609027567106,0.006231461775691271,0.0,0,NORMAL
2026-01-01 10:54:20,1.6686542582559822,0.014213870150495135,0.0,0,NORMAL
2026-01-01 10:54:30,2.0433805377313234,0.007306368598267794,7.455646149319995,0,NORMAL
2026-01-01 10:54:40,1.7335818656100381,0.009512030549227928,3.3594846344156517,0,NORMAL
2026-01-01 10:54:50,1.5903667679053142,0.0015830893347858722,2.0364257791032774,0,NORMAL
2026-01-01 10:55:00,2.4776942855899255,0.0019331588189753013,8.812536863226644,0,NORMAL
2026-01-01 10:55:10,1.401233844367419,0.010038365966607532,5.982878651985245,0,NORMAL
2026-01-01 10:55:20,1.5530917847091936,0.0033742142240111906,7.616270586601352,0,NORMAL
2026-01-01 10:55:30,1.4479871832638072,0.02052543319667251,4.501273783037509,0,NORMAL
2026-01-01 10:55:40,1.2548762383504766,0.0,13.038886081700008,0,NORMAL
2026-01-01 10:55:50,2.0732071459213017,0.00599912350667948,3.1864584183206146,0,NORMAL
2026-01-01 10:56:00,2.5807515242409877,0.010083504336337753,10.233486648079664,0,NORMAL
2026-01-01 10:56:10,1.9075616218773672,0.008174335311021078,4.815901879700261,0,NORMAL
2026-01-01 10:56:20,1.2471260997179168,0.0044792727166804045,0.036468815261762044,0,NORMAL
2026-01-01 10:56:30,2.419972269871014,0.00521036080252366,6.448546237244326,0,NORMAL
2026-01-01 10:56:40,2.8428508770174856,0.005046729612503808,5.9442876843654915,0,NORMAL
2026-01-01 10:56:50,1.6768788379267028,0.008566391525899686,1.8460345572823107,0,NORMAL
2026-01-01 10:57:00,1.760722866641141,0.01975964544758712,2.233342168595856,0,NORMAL
2026-01-01 10:57:10,2.257830315041697,0.010389686482791049,4.925907070745024,0,NORMAL
2026-01-01 10:57:20,2.810936873892526,0.01591450244693762,6.049243445743945,0,NORMAL
2026-01-01 10:57:30,1.740082927137387,0.012534881729140709,0.0,0,NORMAL
2026-01-01 10:57:40,1.3337751095008974,0.015569311989911102,8.159364357571409,0,NORMAL
2026-01-01 10:57:50,2.3157093031362033,0.0,3.5165060785550675,0,NORMAL
2026-01-01 10:58:00,2.3995340365711497,0.008477709894258853,1.0047575468054712,0,NORMAL
2026-01-01 10:58:10,2.0030657252176134,0.01653567711575357,7.8231996543557925,0,NORMAL
2026-01-01 10:58:20,1.7209333701712746,0.007141320886253332,4.929146061744631,0,NORMAL
2026-01-01 10:58:30,2.4971893654960233,0.01881236582434806,8.648497330346762,0,NORMAL
2026-01-01 10:58:40,2.264018002273982,0.017419450768838808,6.313856788939266,0,NORMAL
2026-01-01 10:58:50,1.6157822415482537,0.007654346419362688,4.995456491155862,0,NORMAL
2026-01-01 10:59:00,2.0245473656528357,0.007484182404768217,4.541810165059531,0,NORMAL
2026-01-01 10:59:10,1.3241462339876766,0.004931970788227657,6.448138281668413,0,NORMAL
2026-01-01 10:59:20,2.34294522821896,0.006852028840681011,3.759406223572009,0,NORMAL
2026-01-01 10:59:30,1.8688832153085722,0.003837054679155424,2.4422822337605012,0,NORMAL
2026-01-01 10:59:40,1.7821445838076315,0.012144055902165028,6.829727367963931,0,NORMAL
2026-01-01 10:59:50,1.9835627574237829,0.0027197675332678328,4.5665364756667115,0,NORMAL
2026-01-01 11:00:00,2.020153849665124,0.013018665080951109,5.100702944207018,0,NORMAL
2026-01-01 11:00:10,2.44746503078278,0.013140393484501243,8.268139508463824,0,NORMAL
2026-01-01 11:00:20,2.2955452656626107,0.0016939779740803873,4.658370176792777,0,NORMAL
2026-01-01 11:00:30,1.9217953606035987,0.017749093031641697,5.045101776625372,0,NORMAL
2026-01-01 11:00:40,2.3818340748594977,0.01256804647207611,3.201051465647204,0,NORMAL
2026-01-01 11:00:50,2.2003686268458065,0.013748490107224344,6.292219801945552,0,NORMAL
2026-01-01 11:01:00,1.7867001818569814,0.006206673992286141,6.049483738040264,0,NORMAL
2026-01-01 11:01:10,1.937640920881757,0.013111895592365592,7.702325395371673,0,NORMAL
2026-01-01 11:01:20,1.9258885555784395,0.015631967248610327,3.2626134889793716,0,NORMAL
2026-01-01 11:01:30,2.252630671587101,0.009506958004976614,3.626549091229443,0,NORMAL
2026-01-01 11:01:40,1.816488692639179,0.020009612296241805,7.376412197436408,0,NORMAL
2026-01-01 11:01:50,1.8047954067891832,0.010220323174564689,5.75663901008859,0,NORMAL
2026-01-01 11:02:00,2.9843786547169793,0.015703929002262373,2.281345621421916,0,NORMAL
2026-01-01 11:02:10,2.469867740873552,0.011465044036293275,8.919662203203503,0,NORMAL
2026-01-01 11:02:20,1.6196996677874305,0.012927607664284338,0.0,0,NORMAL
2026-01-01 11:02:30,2.285470496971099,0.0016433386618261404,7.352854259791256,0,NORMAL
2026-01-01 11:02:40,2.0591750328275884,0.011855268691076816,1.20436389200541,0,NORMAL
2026-01-01 11:02:50,2.195775587630047,0.00632512449371367,10.657365549456582,0,NORMAL
2026-01-01 11:03:00,2.0686706622825524,0.005768008471111562,0.3662008192831301,0,NORMAL
2026-01-01 11:03:10,2.594821322742618,0.018720515922329893,8.456751955618245,0,NORMAL
2026-01-01 11:03:20,2.1728101723257227,0.008931148759688255,4.7550969199662685,0,NORMAL
2026-01-01 11:03:30,1.9689556508928563,0.004983490845122517,3.900192290483768,0,NORMAL
2026-01-01 11:03:40,2.5210952884915088,0.008204341859455627,5.556189969403284,0,NORMAL
2026-01-01 11:03:50,2.116642520543936,0.0034977488553904314,6.8957010174734386,0,NORMAL
2026-01-01 11:04:00,2.0607392896645287,0.01716942234098135,2.2867984930073915,0,NORMAL
2026-01-01 11:04:10,2.157011301243057,0.006521596279167425,2.5526368244942836,0,NORMAL
2026-01-01 11:04:20,1.9531954883168168,0.012646499669718347,6.948814595338657,0,NORMAL
2026-01-01 11:04:30,2.0046134964977345,0.016780533571051626,0.0,0,NORMAL
2026-01-01 11:04:40,1.7066527056190637,0.007499236593926354,3.2473127204237437,0,NORMAL
2026-01-01 11:04:50,1.6244163901880606,0.01266011216136393,14.122060862478323,0,NORMAL
2026-01-01 11:05:00,1.50071480675878,0.00484956972547785,2.0959611062321573,0,NORMAL
2026-01-01 11:05:10,1.304008356601462,0.02222884784556842,8.443408375279258,0,NORMAL
2026-01-01 11:05:20,1.5601413193077218,0.014681900673083111,3.2421476938585636,0,NORMAL
2026-01-01 11:05:30,1.9128664827665371,0.00903696780619597,6.527135434391432,0,NORMAL
2026-01-01 11:05:40,2.0515587912228184,0.006135831345555181,6.963067071788652,0,NORMAL
2026-01-01 11:05:50,1.8643517184261797,0.009430017235801868,8.386870205548842,0,NORMAL
2026-01-01 11:06:00,0.822148254936321,0.008300081388242404,4.399238519561673,0,NORMAL
2026-01-01 11:06:10,2.7872931788811712,0.019764722769997533,10.966653916264558,0,NORMAL
2026-01-01 11:06:20,2.543240061445191,0.0038723263889254888,3.231990306244459,0,NORMAL
2026-01-01 11:06:30,2.2228799256085643,0.010674007116451016,5.70266124079868,0,NORMAL
2026-01-01 11:06:40,2.953745336276634,0.00990830966683145,5.735830796652823,0,NORMAL
2026-01-01 11:06:50,1.5113179412581448,0.009412948498275652,1.634095640151754,0,NORMAL
2026-01-01 11:07:00,2.9438125603130025,0.009456916725308288,4.142383235062638,0,NORMAL
2026-01-01 11:07:10,1.517392961624726,0.009419645949397582,5.484540497715222,0,NORMAL
2026-01-01 11:07:20,2.1193689626456784,0.014365330331660498,3.703636870611741,0,NORMAL
2026-01-01 11:07:30,1.3630813374328978,0.013044922232462175,12.322771896369604,0,NORMAL
2026-01-01 11:07:40,2.0073470477721833,0.012094558056863932,2.484128979201408,0,NORMAL
2026-01-01 11:07:50,2.1930832489991943,0.0,8.538273404421282,0,NORMAL
2026-01-01 11:08:00,1.9226548344327226,0.01149897437081582,7.56937943944636,0,NORMAL
2026-01-01 11:08:10,2.3569387220450686,0.0017218031991495875,4.958413596487186,0,NORMAL
2026-01-01 11:08:20,2.049507224743629,0.013231600815679128,2.40437283844326,0,NORMAL
2026-01-01 11:08:30,1.7387926358112453,0.017372486837852575,2.6952340388246907,0,NORMAL
2026-01-01 11:08:40,1.7165933410988303,0.005368804437057246,3.446098102350471,0,NORMAL
2026-01-01 11:08:50,2.4054568863078485,0.008691096388286466,0.0,0,NORMAL
2026-01-01 11:09:00,1.6731289850965163,0.007003221474735016,1.9896037226021284,0,NORMAL
2026-01-01 11:09:10,2.4577014852424686,0.016177158878784004,0.5525704539090723,0,NORMAL
2026-01-01 11:09:20,2.6113558964159655,0.010475139426360365,9.03762500953315,0,NORMAL
2026-01-01 11:09:30,1.165643068826935,0.01864164690283167,6.855387177164656,0,NORMAL
2026-01-01 11:09:40,2.5664631936505176,0.012068771014736938,7.3579222965963815,0,NORMAL
2026-01-01 11:09:50,3.0302113492223492,0.011212250903179097,6.766495854625843,0,NORMAL
2026-01-01 11:10:00,2.126001880600964,0.010341033913014181,5.50090287000249,0,NORMAL
2026-01-01 11:10:10,2.2995420926474113,0.014089960496286684,9.382040996387412,0,NORMAL
2026-01-01 11:10:20,2.5185026621845794,0.0013115690087732834,3.167712032804788,0,NORMAL
2026-01-01 11:10:30,1.862258842410489,0.01042671977760255,5.320008966101135,0,NORMAL
2026-01-01 11:10:40,2.0911401117689348,0.009649767781360176,7.241176483472369,0,NORMAL
2026-01-01 11:10:50,1.3429002351884454,0.013627094135788831,1.0363723044316129,0,NORMAL
2026-01-01 11:11:00,2.0693175142652254,0.009061491970629816,14.289766688427648,0,NORMAL
2026-01-01 11:11:10,2.249055997822271,0.00480632782918665,5.085697288332758,0,NORMAL
2026-01-01 11:11:20,2.2580815114632347,0.010036753374598495,5.4259683517267785,0,NORMAL
2026-01-01 11:11:30,2.53271236179879,0.004585797355658283,8.770634095024766,0,NORMAL
2026-01-01 11:11:40,1.6125989109322354,0.0003736889370625729,7.744865999030671,0,NORMAL
2026-01-01 11:11:50,1.7336966216632517,0.013635612407427465,5.1142340581893775,0,NORMAL
2026-01-01 11:12:00,2.9477536729956775,0.012895307863473354,5.3903883142941265,0,NORMAL
2026-01-01 11:12:10,1.9248358131181451,0.012335454719967873,0.48755440715606313,0,NORMAL
2026-01-01 11:12:20,2.100016893656164,0.016514642109729055,3.3306026664500714,0,NORMAL
2026-01-01 11:12:30,1.9664949791373896,0.006674840548480374,6.5516306484768805,0,NORMAL
2026-01-01 11:12:40,1.5891595868474888,0.002844429286143725,6.33167851712866,0,NORMAL
2026-01-01 11:12:50,2.8117646054459033,0.009649851115959777,8.663497250012261,0,NORMAL
2026-01-01 11:13:00,1.7361492940396972,0.008262498501470449,4.6384968253300265,0,NORMAL
2026-01-01 11:13:10,1.436357238146535,0.005788521416149657,0.8381404597074011,0,NORMAL
2026-01-01 11:13:20,1.7746298613486242,0.00960075423256102,8.170191292327035,0,NORMAL
2026-01-01 11:13:30,0.9991469991372333,0.006941974268977077,9.308268038546048,0,NORMAL
2026-01-01 11:13:40,1.6743562675084092,0.0008199735832158439,7.694733718568688,0,NORMAL
2026-01-01 11:13:50,1.5159357010738366,0.007794116546031199,4.509098987427526,0,NORMAL
2026-01-01 11:14:00,2.308714315463662,0.004318124166480713,8.133158155629737,0,NORMAL
2026-01-01 11:14:10,1.6632928802200637,0.011158240358054614,15.286731434024642,0,NORMAL
2026-01-01 11:14:20,2.443901967789424,0.0067198262087967255,5.345456943321427,0,NORMAL
2026-01-01 11:14:30,2.699241996534661,0.015558157370705258,1.064789923264625,0,NORMAL
2026-01-01 11:14:40,2.3905876681437994,0.018019330336339328,3.2411448513435444,0,NORMAL
2026-01-01 11:14:50,1.8923058555699617,0.013396906865059531,6.876428000912153,0,NORMAL
2026-01-01 11:15:00,2.0705572483527965,0.0022448690900834,0.18558706730581176,0,NORMAL
2026-01-01 11:15:10,1.2375075299279703,0.0175259799943952,5.508209224736208,0,NORMAL
2026-01-01 11:15:20,1.9331103137393801,0.017878602251868825,6.141009950947648,0,NORMAL
2026-01-01 11:15:30,1.5697807659665834,0.010093952556539705,9.605365219437957,0,NORMAL
2026-01-01 11:15:40,2.3471631905746495,0.01661463080167766,8.930584568162901,0,NORMAL
2026-01-01 11:15:50,3.286376194622237,0.007241624309766609,7.593754375255314,0,NORMAL
2026-01-01 11:16:00,2.2499108179869047,0.0006687703257520528,0.0,0,NORMAL
2026-01-01 11:16:10,1.0044299255226667,0.006198577806892032,7.763159384143775,0,NORMAL
2026-01-01 11:16:20,1.8193849035428136,0.01864650433022378,7.116540158180739,0,NORMAL
2026-01-01 11:16:30,2.061245462687227,0.0025446003819426344,5.767833131235039,0,NORMAL
2026-01-01 11:16:40,2.0436787126301317,0.009997606409657472,0.0,0,NORMAL
2026-01-01 11:16:50,1.6345934371956234,0.010170719466701061,2.669678272438819,0,NORMAL
2026-01-01 11:17:00,2.1226458713184675,0.007435128780160941,1.4995316913978012,0,NORMAL
2026-01-01 11:17:10,1.3787495815403061,0.007782392000814425,0.0,0,NORMAL
2026-01-01 11:17:20,1.5275456386574664,0.010361245671181013,4.991254545755616,0,NORMAL
2026-01-01 11:17:30,2.3228988208018557,0.007189188290326364,2.6065336356716604,0,NORMAL
2026-01-01 11:17:40,1.492168384560087,0.0028897075141603445,12.875916740806735,0,NORMAL
2026-01-01 11:17:50,2.269105802746129,0.01107515971471728,4.493684181686271,0,NORMAL
2026-01-01 11:18:00,1.315268112671971,0.015366832912224862,8.88125946759788,0,NORMAL
2026-01-01 11:18:10,2.882412941895868,0.014347862593267105,0.2927029259203262,0,NORMAL
2026-01-01 11:18:20,1.6128650387979726,0.0059513226630509425,3.4097312419853907,0,NORMAL
2026-01-01 11:18:30,1.8881667140982779,0.003743860423111621,5.290693628102944,0,NORMAL
2026-01-01 11:18:40,2.165306630545203,0.008579060589226107,2.2755381541769886,0,NORMAL
2026-01-01 11:18:50,1.7173250237494528,0.01783895754897832,3.733397945585767,0,NORMAL
2026-01-01 11:19:00,2.0717029805356524,0.013227990394797728,4.346147281269384,0,NORMAL
2026-01-01 11:19:10,2.287678362260063,0.013519823383971168,4.298276043665316,0,NORMAL
2026-01-01 11:19:20,2.4803066162517426,0.014449284758927473,10.565355719106039,0,NORMAL
2026-01-01 11:19:30,2.3957487179864785,0.012103832812592932,6.1346788562945305,0,NORMAL
2026-01-01 11:19:40,1.914094768098663,0.010603042738067893,6.43853168882391,0,NORMAL
2026-01-01 11:19:50,1.9266841129781989,0.01331153448323984,6.618964323035211,0,NORMAL
2026-01-01 11:20:00,3.1745542790125163,0.007269169478909902,6.837879132011338,0,NORMAL
2026-01-01 11:20:10,2.474944534124646,0.002927684943168396,4.751339048375404,0,NORMAL
2026-01-01 11:20:20,1.5390881718398932,0.013614984673121616,4.037760885563461,0,NORMAL
2026-01-01 11:20:30,2.049994081882776,0.016188690528746125,5.500448178554833,0,NORMAL
2026-01-01 11:20:40,1.8324284306109038,0.004408840303219843,8.470411846740419,0,NORMAL
2026-01-01 11:20:50,1.9323328830384452,0.014109607412079502,8.378714565309151,0,NORMAL
2026-01-01 11:21:00,1.385252421145956,0.01840382856694095,4.278804572934766,0,NORMAL
2026-01-01 11:21:10,1.7940383828070234,0.009988768991214396,7.303531084004335,0,NORMAL
2026-01-01 11:21:20,2.9057778865969563,0.005909989076291269,4.416246010880997,0,NORMAL
2026-01-01 11:21:30,2.2895381504377514,0.010615093367633778,5.101611648305733,0,NORMAL
2026-01-01 11:21:40,0.7544192959242699,0.007247330158996494,3.5794298553374078,0,NORMAL
2026-01-01 11:21:50,2.608361746248973,0.006916349450217992,4.4550645832813,0,NORMAL
2026-01-01 11:22:00,2.544814761454581,0.012165920336357713,9.02399020864904,0,NORMAL
2026-01-01 11:22:10,1.8203573478467918,0.0019813526248505255,5.277263442017709,0,NORMAL
2026-01-01 11:22:20,2.3586317718916074,0.0027803553875388643,5.405847525656954,0,NORMAL
2026-01-01 11:22:30,1.5703003945913996,0.010096454401869714,0.6583466622261249,0,NORMAL
2026-01-01 11:22:40,1.7648721418668214,0.009888457305437845,4.072268277101811,0,NORMAL
2026-01-01 11:22:50,2.749273180334927,0.01171777288519968,4.276055288765814,0,NORMAL
2026-01-01 11:23:00,1.8641349800651459,0.019376126942416944,2.512569543669785,0,NORMAL
2026-01-01 11:23:10,1.0651341690225045,0.010522570180379106,5.064996235110691,0,NORMAL
2026-01-01 11:23:20,1.9683483886093316,0.012990860751673973,3.712453129317037,0,NORMAL
2026-01-01 11:23:30,1.9607058035428215,0.005122335321926841,5.239987565730747,0,NORMAL
2026-01-01 11:23:40,2.59918428468673,0.013839688317582685,5.364509029456803,0,NORMAL
2026-01-01 11:23:50,2.00716821108788,0.007368045674446612,2.1327369265320666,0,NORMAL
2026-01-01 11:24:00,1.7892088442798537,0.010357104162905464,3.803894652550432,0,NORMAL
2026-01-01 11:24:10,2.5225280726156027,0.009455756874654195,5.232122848282501,0,NORMAL
2026-01-01 11:24:20,2.060395116250555,0.015164871174570155,8.552898293470177,0,NORMAL
2026-01-01 11:24:30,1.6249886592171414,0.0034501172281250028,5.770157518387221,0,NORMAL
2026-01-01 11:24:40,2.5774987802708087,0.0,3.014194460247717,0,NORMAL
2026-01-01 11:24:50,2.0968308822583994,0.008932836514560378,6.197014277731557,0,NORMAL
2026-01-01 11:25:00,2.001462983339719,0.01234265628452562,10.122646667965281,0,NORMAL
2026-01-01 11:25:10,2.088954195705827,0.0107613468790375,7.750119417767056,0,NORMAL
2026-01-01 11:25:20,1.4646658142917015,0.016161021187069555,6.642579591306861,0,NORMAL
2026-01-01 11:25:30,1.7361731119108312,0.012186863370898342,7.176770526446965,0,NORMAL
2026-01-01 11:25:40,2.0017913009163917,0.0071807583407007,9.319862124285892,0,NORMAL
2026-01-01 11:25:50,1.9026681524876603,0.0,8.22688038205298,0,NORMAL
2026-01-01 11:26:00,2.636214191408298,0.008813438829023908,6.700281143352973,0,NORMAL
2026-01-01 11:26:10,2.1087029263635015,0.01513979501128899,8.205926658770254,0,NORMAL
2026-01-01 11:26:20,2.427451961318201,0.008039761086664427,1.7550467112078174,0,NORMAL
2026-01-01 11:26:30,2.0046976772879246,0.01014160131838882,0.49320424297915677,0,NORMAL
2026-01-01 11:26:40,2.5281442418730613,0.012106801271533543,5.4712959519314905,0,NORMAL
2026-01-01 11:26:50,2.198763878286577,0.00492353812875092,5.206042128951615,0,NORMAL
2026-01-01 11:27:00,2.0067102426942323,0.013116179483194088,3.3682698394602273,0,NORMAL
2026-01-01 11:27:10,1.9933584555204882,0.01818560895000853,7.477558009483129,0,NORMAL
2026-01-01 11:27:20,1.5227806868545184,0.00913593324053297,0.0,0,NORMAL
2026-01-01 11:27:30,2.2534578600681554,0.004354677890838492,3.3956832318265886,0,NORMAL
2026-01-01 11:27:40,1.9798976327318105,0.009666994864890132,3.545133365367155,0,NORMAL
2026-01-01 11:27:50,1.7490040199093977,0.0,0.09109464470162165,0,NORMAL
2026-01-01 11:28:00,2.5532308854060357,0.01168451631988308,9.484193021807913,0,NORMAL
2026-01-01 11:28:10,1.3748919870525993,0.012261371888242894,0.9223961940100303,0,NORMAL
2026-01-01 11:28:20,1.788752052283783,0.018378181469227813,3.234979828076942,0,NORMAL
2026-01-01 11:28:30,2.513859374389767,0.009030026037166876,7.723939273415402,0,NORMAL
2026-01-01 11:28:40,2.1577614704601267,0.012042426690732352,6.938136030286195,0,NORMAL
2026-01-01 11:28:50,1.9760705361736213,0.005693559488070496,1.6754759105457604,0,NORMAL
2026-01-01 11:29:00,2.1255017715750735,0.008217864397374607,7.047467627781909,0,NORMAL
2026-01-01 11:29:10,2.0897070855244206,0.0023740728166890103,5.8693534359746655,0,NORMAL
2026-01-01 11:29:20,1.2416687268570392,0.009026051893583822,11.999106686334402,0,NORMAL
2026-01-01 11:29:30,1.8253690573260193,0.008473454232407175,6.211821248204913,0,NORMAL
2026-01-01 11:29:40,2.8082608272568743,0.011495998830444481,4.576274536794404,0,NORMAL
2026-01-01 11:29:50,1.6703379326114163,0.006882015598336802,2.430494128641732,0,NORMAL
2026-01-01 11:30:00,1.840849492947833,0.01041672675487546,2.7672698991332862,0,NORMAL
2026-01-01 11:30:10,1.7291896183454063,0.008333099721961671,2.5226927135955255,0,NORMAL
2026-01-01 11:30:20,1.9564923883409313,0.00834250305850243,9.113296441735766,0,NORMAL
2026-01-01 11:30:30,1.708438584337851,0.01040181162981515,5.0539097450494115,0,NORMAL
2026-01-01 11:30:40,2.24337075107903,0.01020261471158505,6.695741371924189,0,NORMAL
2026-01-01 11:30:50,2.098656706145133,0.013805870195258195,9.54274279994266,0,NORMAL
2026-01-01 11:31:00,2.386773807553509,0.009396784829350826,0.0,0,NORMAL
2026-01-01 11:31:10,1.4745294169055199,0.008250573254384986,8.836621294101125,0,NORMAL
2026-01-01 11:31:20,1.8298297585585486,0.009095962774563869,5.1661907353500025,0,NORMAL
2026-01-01 11:31:30,1.8871386841939326,0.0064266794157950375,6.305145114921333,0,NORMAL
2026-01-01 11:31:40,2.2278234550442972,0.008200444532166642,2.5147903347552463,0,NORMAL
2026-01-01 11:31:50,1.6033894013964827,0.020155793565366155,2.734626804654445,0,NORMAL
2026-01-01 11:32:00,2.457826902129172,0.005436606196520664,6.466537669438964,0,NORMAL
2026-01-01 11:32:10,2.593207795258804,0.008606718330603454,12.153793400994408,0,NORMAL
2026-01-01 11:32:20,1.505563826182208,0.008062556683651549,8.009939938444704,0,NORMAL
2026-01-01 11:32:30,1.754563552553217,0.008764141938778003,8.796568764255621,0,NORMAL
2026-01-01 11:32:40,1.734034245853954,0.008343803455608026,4.423996189215741,0,NORMAL
2026-01-01 11:32:50,3.316193102338749,0.011396200506104999,3.1993873262431154,0,NORMAL
2026-01-01 11:33:00,1.7850499473960566,0.0014491244930410286,2.6575851452630195,0,NORMAL
2026-01-01 11:33:10,2.8388127210780674,0.015185857362660022,3.535178825909936,0,NORMAL
2026-01-01 11:33:20,1.366684002446695,0.013162913998210986,0.0,0,NORMAL
2026-01-01 11:33:30,1.5051745169178183,0.0037856420696843265,2.8252419713251946,0,NORMAL
2026-01-01 11:33:40,1.6566977340758995,0.0,3.3189405318204708,0,NORMAL
2026-01-01 11:33:50,1.5771553442767388,0.005114639269292994,4.473925476815477,0,NORMAL
2026-01-01 11:34:00,1.8660506329207507,0.008786667692864387,5.395250329241875,0,NORMAL
2026-01-01 11:34:10,1.645610898639251,0.022901459493453874,6.087352605876832,0,NORMAL
2026-01-01 11:34:20,1.5903292036327132,0.012716284824871367,4.9552238826711195,0,NORMAL
2026-01-01 11:34:30,2.5792359982366637,0.0009620517540927121,3.255670740971729,0,NORMAL
2026-01-01 11:34:40,2.6118968112565826,0.006551722475495281,0.0,0,NORMAL
2026-01-01 11:34:50,2.474648249187658,0.009733937818635085,3.2740741747946203,0,NORMAL
2026-01-01 11:35:00,2.261999477792164,0.011268417771490485,2.0826480869389847,0,NORMAL
2026-01-01 11:35:10,2.046371532889776,0.0034262556984478855,6.398200244835811,0,NORMAL
2026-01-01 11:35:20,1.7514846546670457,0.009325048860114694,7.7278621900810816,0,NORMAL
2026-01-01 11:35:30,1.523421247622454,0.006411804311947297,7.815713201179817,0,NORMAL
2026-01-01 11:35:40,2.1814978517163435,0.004481207186988418,7.27085820838346,0,NORMAL
2026-01-01 11:35:50,1.4131848037266013,0.01129797823349477,4.599422793642535,0,NORMAL
2026-01-01 11:36:00,1.5030395354123032,0.013869385867214111,3.4341333035723096,0,NORMAL
2026-01-01 11:36:10,2.576456628102405,0.014205206384808097,2.7586917389988015,0,NORMAL
2026-01-01 11:36:20,2.9503245208610434,0.012871931755669381,0.4775032501947485,0,NORMAL
2026-01-01 11:36:30,2.1966475690832405,0.007513152334298686,7.9755611015235734,0,NORMAL
2026-01-01 11:36:40,2.553228576147322,0.01357274880731753,4.475866886210077,0,NORMAL
2026-01-01 11:36:50,1.8770758412780084,0.01154527219052144,1.2609791191373785,0,NORMAL
2026-01-01 11:37:00,1.331162906956158,0.010669709414760066,2.520525872869296,0,NORMAL
2026-01-01 11:37:10,2.306085809309292,0.00694153439149101,2.399079630702343,0,NORMAL
2026-01-01 11:37:20,2.2846446616350318,0.007515619363292359,5.12907345504538,0,NORMAL
2026-01-01 11:37:30,2.035834276940122,0.01036943468062277,8.202403553212058,0,NORMAL
2026-01-01 11:37:40,1.8788122709474444,0.022199372334927508,3.956031351213251,0,NORMAL
2026-01-01 11:37:50,2.481105289290549,0.01150621240045695,0.0,0,NORMAL
2026-01-01 11:38:00,1.5071334832862626,0.00694405748874857,4.432458994523239,0,NORMAL
2026-01-01 11:38:10,1.613109710554671,0.005838052775152786,4.531418299708413,0,NORMAL
2026-01-01 11:38:20,1.495946746619786,0.0075411669367189856,4.325239307193435,0,NORMAL
2026-01-01 11:38:30,2.0424864813179138,0.02088646723774533,3.117616500572894,0,NORMAL
2026-01-01 11:38:40,1.4560534939453706,0.00800371677027019,5.652317242177527,0,NORMAL
2026-01-01 11:38:50,1.657878909742378,0.014534352673051426,5.198423345447005,0,NORMAL
2026-01-01 11:39:00,1.647122218886401,0.008120358772643218,4.925509057620059,0,NORMAL
2026-01-01 11:39:10,1.869695833833021,0.011305922706398143,6.237924084328898,0,NORMAL
2026-01-01 11:39:20,1.2563127767980116,0.013958726370043611,3.7105015305564395,0,NORMAL
2026-01-01 11:39:30,2.0436024960186336,0.00714048575095038,3.54024299089804,0,NORMAL
2026-01-01 11:39:40,2.623651825332339,0.006794441729236152,9.1403698687562,0,NORMAL
2026-01-01 11:39:50,2.067745686158381,0.01829434847227665,6.678066229146308,0,NORMAL
2026-01-01 11:40:00,2.7706605724006605,0.014922964474478984,7.480838182828399,0,NORMAL
2026-01-01 11:40:10,2.666999092938463,0.013953361593453641,8.678313756002206,0,NORMAL
2026-01-01 11:40:20,2.388867523623927,0.01393638146561457,6.5778325418744,0,NORMAL
2026-01-01 11:40:30,2.0373429213184426,0.012297877441555327,7.785166037408513,0,NORMAL
2026-01-01 11:40:40,2.0112501941227197,0.020088879065875326,0.26196451378921903,0,NORMAL
2026-01-01 11:40:50,2.38189988618163,0.010219541509385784,5.612461615988082,0,NORMAL
2026-01-01 11:41:00,1.8041646952479837,0.012886311836004596,4.451844614557017,0,NORMAL
2026-01-01 11:41:10,1.058739624266268,0.0027454353570299374,10.033052272699429,0,NORMAL
2026-01-01 11:41:20,2.24600202705148,0.005875196567043796,7.7829365954099,0,NORMAL
2026-01-01 11:41:30,1.4344656850325144,0.003995905000824798,3.1086644276204605,0,NORMAL
2026-01-01 11:41:40,1.5189293859048076,0.016370317917580746,6.118382475587618,0,NORMAL
2026-01-01 11:41:50,2.000111973997894,0.0,5.503044000347719,0,NORMAL
2026-01-01 11:42:00,1.9524375612232652,0.007988449886236386,6.362994299456686,0,NORMAL
2026-01-01 11:42:10,1.2939621968421848,0.0,1.9434725918760445,0,NORMAL
2026-01-01 11:42:20,2.0827457820665702,0.00584356052259055,6.080049395714676,0,NORMAL
2026-01-01 11:42:30,2.4830698304305243,0.007545255251340669,4.315545952135297,0,NORMAL
2026-01-01 11:42:40,1.4358292148671086,0.016924355468970222,5.847349292166801,0,NORMAL
2026-01-01 11:42:50,2.6362416654243797,0.011983139696107287,2.826844504633491,0,NORMAL
2026-01-01 11:43:00,1.219914587435028,0.005834292383355168,3.244810485810202,0,NORMAL
2026-01-01 11:43:10,3.0586620721854767,0.01532981859865913,8.521526061100108,0,NORMAL
2026-01-01 11:43:20,1.7943697847582583,0.010089161272648788,1.845357324979517,0,NORMAL
2026-01-01 11:43:30,2.072808498413446,0.010187834293536261,2.0667367968738555,0,NORMAL
2026-01-01 11:43:40,1.053983213757165,0.0039866424611400405,4.845256228353266,0,NORMAL
2026-01-01 11:43:50,1.9689319667653458,0.005049931430484305,2.6843288744421363,0,NORMAL
2026-01-01 11:44:00,2.114241088859096,0.005874513500272378,2.344914103211604,0,NORMAL
2026-01-01 11:44:10,1.9569189479502527,0.010232306365770948,5.315227913624885,0,NORMAL
2026-01-01 11:44:20,1.7184594614738131,0.010389428634903374,0.48480242928888573,0,NORMAL
2026-01-01 11:44:30,1.5267177407360926,0.017720463317620228,1.9761132952590863,0,NORMAL
2026-01-01 11:44:40,2.5652633097686555,0.011925275839689171,11.16228674877093,0,NORMAL
2026-01-01 11:44:50,2.015403567498975,0.0,6.378425176907028,0,NORMAL
2026-01-01 11:45:00,2.7703761882583864,0.011313209939358453,2.7603099431902667,0,NORMAL
2026-01-01 11:45:10,1.7367588226025386,0.0027499182191623363,6.254645234798591,0,NORMAL
2026-01-01 11:45:20,1.7826026533138914,0.005170145376942319,6.701991430959889,0,NORMAL
2026-01-01 11:45:30,2.4077971222980814,0.005939152641368351,7.983243260270715,0,NORMAL
2026-01-01 11:45:40,1.188512518998218,0.006683308382438491,4.618531911629809,0,NORMAL
2026-01-01 11:45:50,1.3932683199235385,0.003124253039798485,7.929493108318668,0,NORMAL
2026-01-01 11:46:00,2.548742485676582,0.011017410017261439,0.0,0,NORMAL
2026-01-01 11:46:10,1.4140330353884027,0.002945988574545204,1.8310756085727407,0,NORMAL
2026-01-01 11:46:20,1.0904744923487262,0.011783338036249235,5.491614205209367,0,NORMAL
2026-01-01 11:46:30,2.9342635940365454,0.02118485538530815,5.988900598423374,0,NORMAL
2026-01-01 11:46:40,1.3030911760628974,0.003353204705329681,2.264653136994075,0,NORMAL
2026-01-01 11:46:50,2.0920596991640847,0.00857744847830389,5.778259973789478,0,NORMAL
2026-01-01 11:47:00,2.0345425963621357,0.0,3.128479253938219,0,NORMAL
2026-01-01 11:47:10,0.5946858416909584,0.008495323535149334,4.169122717318503,0,NORMAL
2026-01-01 11:47:20,1.8663414884160956,0.01321358576315742,8.074321401995032,0,NORMAL
2026-01-01 11:47:30,2.224206624739555,0.013603196156786337,7.726812490665799,0,NORMAL
2026-01-01 11:47:40,2.1771546907594304,0.010386818651420484,2.0088190179102137,0,NORMAL
2026-01-01 11:47:50,2.4517603419017506,0.014446317123794879,1.828245613939691,0,NORMAL
2026-01-01 11:48:00,1.806254342547283,0.022730272679713958,3.766479813340051,0,NORMAL
2026-01-01 11:48:10,2.3562522210460806,0.018561523437187998,4.919761096481224,0,NORMAL
2026-01-01 11:48:20,1.655335465959964,0.007387395352951816,3.0263045342757766,0,NORMAL
2026-01-01 11:48:30,1.2947662917936125,0.0027444800676663084,8.121927328399003,0,NORMAL
2026-01-01 11:48:40,1.3511358121593837,0.007969242917130982,6.042169525125666,0,NORMAL
2026-01-01 11:48:50,1.2689447724022926,0.005265086171913259,6.218255329623287,0,NORMAL
2026-01-01 11:49:00,2.504792983945597,0.012256737739323164,1.2003835131650848,0,NORMAL
2026-01-01 11:49:10,1.2427132454707217,0.0040940323028525105,8.50187215215134,0,NORMAL
2026-01-01 11:49:20,2.1370194203246515,0.00963588783704829,0.0,0,NORMAL
2026-01-01 11:49:30,1.8670379029637836,0.014190070272681553,7.502166355548106,0,NORMAL
2026-01-01 11:49:40,1.9486757132746841,0.009496520635914114,7.802935213012313,0,NORMAL
2026-01-01 11:49:50,2.6818036475998497,0.005268430886261018,3.702796438166115,0,NORMAL
2026-01-01 11:50:00,1.7807863163923634,0.01587407028792846,8.818730651742271,0,NORMAL
2026-01-01 11:50:10,2.3058007807748417,0.0006050952762308636,4.81070734113696,0,NORMAL
2026-01-01 11:50:20,2.0187816756905557,0.008361024720612684,5.187295109982329,0,NORMAL
2026-01-01 11:50:30,1.9239905471836511,0.009791699883093327,6.018586362212649,0,NORMAL
2026-01-01 11:50:40,3.1499845621932367,0.010079543291998156,14.559724735433164,0,NORMAL
2026-01-01 11:50:50,1.279329127142315,0.010902480280390406,9.033301724249013,0,NORMAL
2026-01-01 11:51:00,2.6445659177187224,0.013052199099047465,7.103393602138754,0,NORMAL
2026-01-01 11:51:10,2.328203282744986,0.009822962804773246,2.261586540196415,0,NORMAL
2026-01-01 11:51:20,1.760237502684108,0.008159708589281597,5.430769476438477,0,NORMAL
2026-01-01 11:51:30,2.814659258720806,0.007962053276701523,2.56062771846084,0,NORMAL
2026-01-01 11:51:40,1.0759449438057316,0.006942420989808227,7.4663325418484385,0,NORMAL
2026-01-01 11:51:50,1.7391166713504642,0.013937716621634327,5.42140092720457,0,NORMAL
2026-01-01 11:52:00,1.3957588978654618,0.006767357602617427,1.6264349611583142,0,NORMAL
2026-01-01 11:52:10,2.20604173243573,0.014233855545041222,5.2433737502555084,0,NORMAL
2026-01-01 11:52:20,1.4434679494064113,0.010094995411299355,2.4517475908510837,0,NORMAL
2026-01-01 11:52:30,2.2165319733706594,0.007393725965719352,5.453648664012641,0,NORMAL
2026-01-01 11:52:40,1.906781792089223,0.013092036078720674,2.4227680509042306,0,NORMAL
2026-01-01 11:52:50,1.7603230286719578,0.006362730376384411,5.082462900082438,0,NORMAL
2026-01-01 11:53:00,2.1943236230166554,0.013190920203641064,7.251409585805284,0,NORMAL
2026-01-01 11:53:10,1.8656891880309678,0.011063630605958925,4.8408440242246815,0,NORMAL
2026-01-01 11:53:20,1.4556825784704808,0.007018376554540397,3.827335198482834,0,NORMAL
2026-01-01 11:53:30,3.4006864948174895,0.012643174076672797,5.6098286631723875,0,NORMAL
2026-01-01 11:53:40,1.7564164084854277,0.012732948628443194,7.091547862378559,0,NORMAL
2026-01-01 11:53:50,0.8911954599239926,0.01578759802904979,1.6784501903547184,0,NORMAL
2026-01-01 11:54:00,1.5789506551393058,0.01483073506204648,5.781968464115608,0,NORMAL
2026-01-01 11:54:10,1.366361655813635,0.012456370103631414,8.9526224570522,0,NORMAL
2026-01-01 11:54:20,2.413072808020258,0.004362045243956184,6.720970889830146,0,NORMAL
2026-01-01 11:54:30,2.160826329795793,0.022242934940870287,5.173262440001683,0,NORMAL
2026-01-01 11:54:40,2.199356400895172,0.002981918944640949,6.919212520096684,0,NORMAL
2026-01-01 11:54:50,1.8149887670813778,0.014746315871411545,6.357489368308047,0,NORMAL
2026-01-01 11:55:00,1.8603248764715392,0.012156419084431493,7.260803327479442,0,NORMAL
2026-01-01 11:55:10,1.8145344481961658,0.004129288137594428,0.0,0,NORMAL
2026-01-01 11:55:20,1.959403407932265,0.009378495305607507,0.3396315990102041,0,NORMAL
2026-01-01 11:55:30,2.4176667176824176,0.0096062355687768,8.014487448449712,0,NORMAL
2026-01-01 11:55:40,2.1680377062526732,0.016527913579052617,0.48416247151567826,0,NORMAL
2026-01-01 11:55:50,2.2500564148104334,0.006433445498598943,6.204615907157615,0,NORMAL
2026-01-01 11:56:00,2.2497794541246012,0.00869027496787823,3.943851031903125,0,NORMAL
2026-01-01 11:56:10,2.442221218690869,0.0,2.0114322632120096,0,NORMAL
2026-01-01 11:56:20,2.1440750207701273,0.018673813965617885,6.048949271442422,0,NORMAL
2026-01-01 11:56:30,2.1794240363394595,0.004647658784899644,5.603100511149712,0,NORMAL
2026-01-01 11:56:40,2.5944031205965783,0.011634554321195876,11.331027956289132,0,NORMAL
2026-01-01 11:56:50,1.667477040998444,0.00949296085139068,3.1255663863923324,0,NORMAL
2026-01-01 11:57:00,1.5721287100242465,0.0095099951660833,9.320330360207521,0,NORMAL
2026-01-01 11:57:10,1.407039200406572,0.014049309924354377,6.057268743152943,0,NORMAL
2026-01-01 11:57:20,2.091457281810128,0.018356312301518175,3.016934355371863,0,NORMAL
2026-01-01 11:57:30,1.0731338793904384,0.011257468349709959,7.397739372551736,0,NORMAL
2026-01-01 11:57:40,2.2310770480298387,0.013275390088152629,6.697215513361853,0,NORMAL
2026-01-01 11:57:50,1.9454034527497237,0.011644457683635204,5.107529884574148,0,NORMAL
2026-01-01 11:58:00,2.5673198499105285,0.015087657119653132,5.7988860693218705,0,NORMAL
2026-01-01 11:58:10,1.6640413447675046,0.007685418102568365,3.2090389068634053,0,NORMAL
2026-01-01 11:58:20,1.8983408572912466,0.01537695277208207,2.5226386242364796,0,NORMAL
2026-01-01 11:58:30,2.5611016666466844,0.01555249932823692,7.278326521467749,0,NORMAL
2026-01-01 11:58:40,2.691567823389076,0.015412685043414549,4.328181727060178,0,NORMAL
2026-01-01 11:58:50,1.65992381712409,0.00669926066331762,4.759751005252722,0,NORMAL
2026-01-01 11:59:00,2.09089061629358,0.009158311828814046,5.839464787832831,0,NORMAL
2026-01-01 11:59:10,2.147209488842024,0.011197334943902175,5.795865034351424,0,NORMAL
2026-01-01 11:59:20,2.186826702810574,0.0031457897758549714,0.7120205870778058,0,NORMAL
2026-01-01 11:59:30,1.868712170342189,0.017974601040430076,8.858756259364576,0,NORMAL
2026-01-01 11:59:40,2.6406916990618177,0.009938617332489122,5.363546455702035,0,NORMAL
2026-01-01 11:59:50,1.0551482581892273,0.011419639438023607,4.392040211533552,0,NORMAL
2026-01-01 12:00:00,1.789434882599458,0.007114977801363985,6.2925380155092405,0,NORMAL
2026-01-01 12:00:10,2.2239653663864734,0.003365612203164886,5.709626580844589,0,NORMAL
2026-01-01 12:00:20,2.2286124059746717,0.006979850572626145,7.301188068469107,0,NORMAL
2026-01-01 12:00:30,2.6763795153073815,0.011096020938167942,6.613951016452823,0,NORMAL
2026-01-01 12:00:40,2.5991126966006437,0.013367144063768467,7.1535386869888,0,NORMAL
2026-01-01 12:00:50,1.8572291873463882,0.010808957703013601,9.052981717182547,0,NORMAL
2026-01-01 12:01:00,2.6499356217653025,0.011733620081209753,7.650873646912916,0,NORMAL
2026-01-01 12:01:10,1.6429791281112727,0.008314868126593116,4.5185413390143125,0,NORMAL
2026-01-01 12:01:20,2.465443691395919,0.012481242831227141,1.6312965317695018,0,NORMAL
2026-01-01 12:01:30,2.9052612392104966,0.01741416433192954,10.003393799013544,0,NORMAL
2026-01-01 12:01:40,2.6074720534274847,0.013523947212194935,4.2868298799586615,0,NORMAL
2026-01-01 12:01:50,2.0528851917620616,0.014047709441264702,3.580677759918433,0,NORMAL
2026-01-01 12:02:00,1.834110614113939,0.011470081996533155,0.0,0,NORMAL
2026-01-01 12:02:10,1.235704351870357,0.0024842246520019907,6.0154193159363345,0,NORMAL
2026-01-01 12:02:20,2.155269818957102,0.004776667346843784,5.44665981186131,0,NORMAL
2026-01-01 12:02:30,1.4423913860145405,0.012274379003319217,0.45465519125155796,0,NORMAL
2026-01-01 12:02:40,1.6034326681930315,0.00994530474019957,6.359822126399528,0,NORMAL
2026-01-01 12:02:50,1.4046270996316643,0.012199214432364141,3.505424237895683,0,NORMAL
2026-01-01 12:03:00,1.7698038336716724,0.018382117089220367,13.07094502186608,0,NORMAL
2026-01-01 12:03:10,1.986015292756509,0.01363017999614667,3.2919164237273955,0,NORMAL
2026-01-01 12:03:20,2.1368072905828526,0.01629443102871411,3.6944200034066204,0,NORMAL
2026-01-01 12:03:30,1.6997466822930183,0.01047340694735365,2.3756713272368972,0,NORMAL
2026-01-01 12:03:40,2.5346418531975914,0.0059639216125778015,8.833629563125916,0,NORMAL
2026-01-01 12:03:50,1.895897371005017,0.009710669203928294,3.8816726166057407,0,NORMAL
2026-01-01 12:04:00,1.6061387833672405,0.005976240931404311,2.82525753870351,0,NORMAL
2026-01-01 12:04:10,2.113146133621718,0.01779147478386224,7.120865029761627,0,NORMAL
2026-01-01 12:04:20,2.981776416771908,0.013951955382677348,0.8589411937604445,0,NORMAL
2026-01-01 12:04:30,2.167580283267559,0.0126025624831414,6.875331638746842,0,NORMAL
2026-01-01 12:04:40,1.8185721863131965,0.016179716011140516,10.344199149802574,0,NORMAL
2026-01-01 12:04:50,1.236269321940648,0.0,6.699823498505267,0,NORMAL
2026-01-01 12:05:00,1.8902938395139648,0.0129406897567133,6.913694948779775,0,NORMAL
2026-01-01 12:05:10,2.117464062544058,0.003446771078478135,7.6101806507224525,0,NORMAL
2026-01-01 12:05:20,1.806209554372215,0.009963721507671695,10.129124086026556,0,NORMAL
2026-01-01 12:05:30,1.1673076808795002,0.008441462037663928,8.629681880057312,0,NORMAL
2026-01-01 12:05:40,1.574717305248283,0.01330868306048474,6.319009166819071,0,NORMAL
2026-01-01 12:05:50,2.727269230443879,0.011140936444804777,7.7116742019080045,0,NORMAL
2026-01-01 12:06:00,2.7170005018652303,0.016725585868058942,2.3421952236046675,0,NORMAL
2026-01-01 12:06:10,1.556680415397701,0.006990514195336932,7.328880772241966,0,NORMAL
2026-01-01 12:06:20,2.336378393599711,0.01354557194816642,1.9833320864487571,0,NORMAL
2026-01-01 12:06:30,1.4107136076149132,0.010811116084494159,3.89893274410512,0,NORMAL
2026-01-01 12:06:40,2.702158140997476,0.001823548649642237,0.0,0,NORMAL
2026-01-01 12:06:50,2.1226179239471183,0.005406917707384837,6.204288978102386,0,NORMAL
2026-01-01 12:07:00,2.4748207493082672,0.00925060983238916,3.0683839666749417,0,NORMAL
2026-01-01 12:07:10,1.1424533264087304,0.01556146224945864,8.333435645613388,0,NORMAL
2026-01-01 12:07:20,2.338818550962444,0.012318615287785573,6.170577831816209,0,NORMAL
2026-01-01 12:07:30,1.9961629681577482,0.004162495880596429,8.372287684104876,0,NORMAL
2026-01-01 12:07:40,2.4259645353954213,0.009298418859764202,1.7492103659823874,0,NORMAL
2026-01-01 12:07:50,2.457433899048925,0.020089032243965153,8.115158111478898,0,NORMAL
2026-01-01 12:08:00,2.0328923447373746,0.01055611667420429,11.317569033089981,0,NORMAL
2026-01-01 12:08:10,1.6995851804520425,0.008363372124638023,7.292474899795683,0,NORMAL
2026-01-01 12:08:20,2.389848091089747,0.012458698203781102,7.371047026076867,0,NORMAL
2026-01-01 12:08:30,1.9699227502974361,0.01381696539790985,5.508793029184805,0,NORMAL
2026-01-01 12:08:40,1.5636075232361788,0.007719158262599704,3.4259936583039075,0,NORMAL
2026-01-01 12:08:50,1.5399238842711571,0.012512873871857186,7.283577118104526,0,NORMAL
2026-01-01 12:09:00,1.2614177918438092,0.008355552516645954,0.48175126879379504,0,NORMAL
2026-01-01 12:09:10,1.7448544202184684,0.013596638009147191,3.7467346252375506,0,NORMAL
2026-01-01 12:09:20,2.551346023037189,0.01084846578985642,0.0,0,NORMAL
2026-01-01 12:09:30,2.088914899852717,0.012409839135264462,2.889030868054751,0,NORMAL
2026-01-01 12:09:40,1.7351161470384797,0.006204082269162478,6.926135275680684,0,NORMAL
2026-01-01 12:09:50,2.4024279690900396,0.0058935680796357035,6.51618012866139,0,NORMAL
2026-01-01 12:10:00,1.5837616891383055,0.014727486523296973,5.152741086606419,0,NORMAL
2026-01-01 12:10:10,2.0476751371663893,0.009603018093072532,5.511202982186034,0,NORMAL
2026-01-01 12:10:20,1.9101848136372424,0.011425173710496807,0.0,0,NORMAL
2026-01-01 12:10:30,2.389565312794176,0.008468022864567402,3.882313158287255,0,NORMAL
2026-01-01 12:10:40,1.2113858145402496,0.014493633870068218,2.95594518069437,0,NORMAL
2026-01-01 12:10:50,1.574901127092672,0.0069609500998517124,3.0228209284563774,0,NORMAL
2026-01-01 12:11:00,1.1808771704527332,0.009321993800495585,6.79873588344126,0,NORMAL
2026-01-01 12:11:10,1.870201639095365,0.01392996406351566,2.418478020484068,0,NORMAL
2026-01-01 12:11:20,2.6057137518162152,0.01586483849582133,3.185957449617767,0,NORMAL
2026-01-01 12:11:30,1.7472763951732364,0.0073812035448665835,0.0,0,NORMAL
2026-01-01 12:11:40,1.7446580309021746,0.019798419909779416,4.117630458871491,0,NORMAL
2026-01-01 12:11:50,2.435862212092068,0.011566208468468082,1.7364873568591408,0,NORMAL
2026-01-01 12:12:00,2.53427477922765,0.004785358690956312,5.237608786068931,0,NORMAL
2026-01-01 12:12:10,1.955714466365605,0.01184526024294984,2.146675859772606,0,NORMAL
2026-01-01 12:12:20,2.342357427024946,0.00808500392758271,5.313626736647649,0,NORMAL
2026-01-01 12:12:30,1.4615227295610267,0.012170342435915886,4.565942717772971,0,NORMAL
2026-01-01 12:12:40,2.688987166962707,0.009785718761698311,10.016125319126962,0,NORMAL
2026-01-01 12:12:50,3.0743531469685257,0.010371368450950724,6.491653941359581,0,NORMAL
2026-01-01 12:13:00,2.2606078955943625,0.005442033117069271,0.0,0,NORMAL
2026-01-01 12:13:10,0.9578341893285998,0.0149503061535818,1.2053334676918748,0,NORMAL
2026-01-01 12:13:20,1.7208848688011078,0.004219363164244839,5.1656240269769995,0,NORMAL
2026-01-01 12:13:30,2.3064126608346607,0.004456175522975024,2.210456154822048,0,NORMAL
2026-01-01 12:13:40,1.7892585014168185,0.011836801745737433,0.0,0,NORMAL
2026-01-01 12:13:50,2.636099277125049,0.01801422123588985,9.04863894150123,0,NORMAL
2026-01-01 12:14:00,2.2940786322179325,0.008237034514677964,7.160672050716223,0,NORMAL
2026-01-01 12:14:10,1.646762249617102,0.013504861613519829,6.562930620475314,0,NORMAL
2026-01-01 12:14:20,2.016132405385626,0.015366700884317727,3.1780308635872547,0,NORMAL
2026-01-01 12:14:30,1.553083389680455,0.014073422186470346,6.283030313029789,0,NORMAL
2026-01-01 12:14:40,1.9087075607937791,0.008443958554131593,2.8869190273373553,0,NORMAL
2026-01-01 12:14:50,1.7227033797837241,0.004544766414029628,5.614571900653072,0,NORMAL
2026-01-01 12:15:00,2.587380900116519,0.0,2.2382503224905674,0,NORMAL
2026-01-01 12:15:10,3.0580060284154977,0.008685797502688034,9.548865351668042,0,NORMAL
2026-01-01 12:15:20,1.284405833382124,0.015890436842810874,0.28929003775446605,0,NORMAL
2026-01-01 12:15:30,1.038391856895124,0.00437917007619033,8.696851488532493,0,NORMAL
2026-01-01 12:15:40,1.8774137890743072,0.013501049237593828,5.116747484051991,0,NORMAL
2026-01-01 12:15:50,1.240792150585659,0.005249237349740639,3.5315990139740276,0,NORMAL
2026-01-01 12:16:00,2.0231058018354586,0.010530362881934192,5.501008765087215,0,NORMAL
2026-01-01 12:16:10,2.3744680569029635,0.013538958070775091,7.200044021534543,0,NORMAL
2026-01-01 12:16:20,2.7470709486334126,0.006702522815807861,9.100240210083191,0,NORMAL
2026-01-01 12:16:30,2.1006972793576404,0.01085242340348457,5.939429069400596,0,NORMAL
2026-01-01 12:16:40,1.9034223875752105,0.007924543316373356,2.3279117442131683,0,NORMAL
2026-01-01 12:16:50,1.0108075417134579,0.013525743294690884,5.166890371297366,0,NORMAL
2026-01-01 12:17:00,2.0130925745928994,0.011176585842423186,10.450379709987118,0,NORMAL
2026-01-01 12:17:10,2.035643630274731,0.010282538372146337,9.043034256537872,0,NORMAL
2026-01-01 12:17:20,2.3194784071063728,0.01779174980070989,7.726290434373076,0,NORMAL
2026-01-01 12:17:30,1.6457559492354545,0.013311530711841511,7.38706106036716,0,NORMAL
2026-01-01 12:17:40,1.78247369988207,0.006548240669368555,7.098350271819625,0,NORMAL
2026-01-01 12:17:50,1.260998872347908,0.00957068049601119,8.47626450352961,0,NORMAL
2026-01-01 12:18:00,0.8543535965579674,0.0096205060746017,3.630113642834284,0,NORMAL
2026-01-01 12:18:10,1.4457514546016084,0.010401597863126055,0.9347418026749816,0,NORMAL
2026-01-01 12:18:20,1.2148370928734917,0.022622546383037474,5.207010502211184,0,NORMAL
2026-01-01 12:18:30,2.1683561477103055,0.011854259463554985,2.547255239666926,0,NORMAL
2026-01-01 12:18:40,1.7409329716665711,0.0,1.8349377338684467,0,NORMAL
2026-01-01 12:18:50,1.7308814349626054,0.007286005141415175,2.8391642702362043,0,NORMAL
2026-01-01 12:19:00,1.507793476912394,0.0003381395625209571,12.455941773601058,0,NORMAL
2026-01-01 12:19:10,0.3837172837437832,0.008351008714770802,5.408373902227533,0,NORMAL
2026-01-01 12:19:20,2.7541553743737754,6.344885136785772e-05,6.085723509082964,0,NORMAL
2026-01-01 12:19:30,1.4998647386116057,0.00564204764465786,1.3329115789872386,0,NORMAL
2026-01-01 12:19:40,1.7937899650750464,0.0023963923518294005,0.0,0,NORMAL
2026-01-01 12:19:50,1.2725539173553448,0.011920800889837388,2.5428420706435824,0,NORMAL
2026-01-01 12:20:00,2.485965171720317,0.010002696813144394,9.314586755626244,0,NORMAL
2026-01-01 12:20:10,2.071714468518662,0.011514811537493655,6.002826398229563,0,NORMAL
2026-01-01 12:20:20,1.5868173573670659,0.009477243057157369,6.795785274333176,0,NORMAL
2026-01-01 12:20:30,1.803885194327988,0.003028511248977911,7.215698117606184,0,NORMAL
2026-01-01 12:20:40,2.839089961062435,0.012567606846273676,3.225951860605167,0,NORMAL
2026-01-01 12:20:50,1.9635152840593608,0.019611122801347265,9.163896751920102,0,NORMAL
2026-01-01 12:21:00,1.909133231192047,0.012046062893032734,3.1015772023334534,0,NORMAL
2026-01-01 12:21:10,1.5293092569303672,0.00787037700341217,9.21869707778766,0,NORMAL
2026-01-01 12:21:20,1.0527094247638487,0.002859664119472776,6.326906468406022,0,NORMAL
2026-01-01 12:21:30,1.9199806632103278,0.005459665146200174,0.0,0,NORMAL
2026-01-01 12:21:40,2.162742556162309,0.012265198282860294,2.755971540198395,0,NORMAL
2026-01-01 12:21:50,2.549792232163835,0.015365590133996875,0.0,0,NORMAL
2026-01-01 12:22:00,0.8757517327501723,0.011304330873609878,8.489846398382626,0,NORMAL
2026-01-01 12:22:10,1.4374518364884854,0.013999436448529915,4.925793737592797,0,NORMAL
2026-01-01 12:22:20,1.709629454721775,0.013538391220136215,0.0,0,NORMAL
2026-01-01 12:22:30,1.9982595757133992,0.012532671956929588,6.127240645158975,0,NORMAL
2026-01-01 12:22:40,1.9274831542357886,0.00670763202369372,3.38850721283504,0,NORMAL
2026-01-01 12:22:50,1.939155657156365,0.010869617559875762,0.5485824349000314,0,NORMAL
2026-01-01 12:23:00,2.204048029284972,0.005758110980589309,10.033897510906092,0,NORMAL
2026-01-01 12:23:10,1.5483534446104454,0.01008714476479051,5.3218575982897365,0,NORMAL
2026-01-01 12:23:20,2.467070721116847,0.01165431765533456,4.119705793060063,0,NORMAL
2026-01-01 12:23:30,2.2167262208497402,0.018393919036934273,3.801725657041949,0,NORMAL
2026-01-01 12:23:40,1.8400838679359603,0.0034513401281618394,0.4601615925266833,0,NORMAL
2026-01-01 12:23:50,2.8004539959444577,0.012407538154956528,1.0863533012476716,0,NORMAL
2026-01-01 12:24:00,2.778208017785883,0.017406182958117973,8.85475035462525,0,NORMAL
2026-01-01 12:24:10,2.4664476775969044,0.013794238829193983,3.5783513906428426,0,NORMAL
2026-01-01 12:24:20,0.49072161471610376,0.014164727214125207,5.06620310281059,0,NORMAL
2026-01-01 12:24:30,2.789472546358988,0.01293847450933906,0.0,0,NORMAL
2026-01-01 12:24:40,2.397379261235967,0.016491672448877084,1.0457238926134829,0,NORMAL
2026-01-01 12:24:50,3.0032043188564685,0.00456260915943816,6.8294375596242585,0,NORMAL
2026-01-01 12:25:00,2.6187322958667694,0.003070366670148768,6.1331352803415005,0,NORMAL
2026-01-01 12:25:10,2.789171338748643,0.00996832929767372,10.260125596172946,0,NORMAL
2026-01-01 12:25:20,2.4393274250901893,0.0,9.02886899489368,0,NORMAL
2026-01-01 12:25:30,2.674346599322756,0.016153229020890055,4.307867082545531,0,NORMAL
2026-01-01 12:25:40,2.99706187036722,0.01610357597747721,6.418860694139813,0,NORMAL
2026-01-01 12:25:50,2.108277369189103,0.007833247224577369,4.050189671290778,0,NORMAL
2026-01-01 12:26:00,1.2138847279609353,0.008146147016697452,11.164429455915945,0,NORMAL
2026-01-01 12:26:10,1.8462695499924289,0.009638262624246644,8.447044088157199,0,NORMAL
2026-01-01 12:26:20,2.1949727996917185,0.010260103252198099,5.509055272573254,0,NORMAL
2026-01-01 12:26:30,2.037443792185779,0.010635869595971428,5.601184354629054,0,NORMAL
2026-01-01 12:26:40,1.3767190169202868,0.012791160534391516,9.334550861779423,0,NORMAL
2026-01-01 12:26:50,1.1844661874025104,0.00913686823495761,6.738733541341541,0,NORMAL
2026-01-01 12:27:00,1.6294186656825853,0.01471596651738897,9.675884051210257,0,NORMAL
2026-01-01 12:27:10,2.4038697779920755,0.012229738885626517,0.0,0,NORMAL
2026-01-01 12:27:20,2.7901698854114847,0.006965182770636823,6.383684784496395,0,NORMAL
2026-01-01 12:27:30,2.4582838068888506,0.016675563339020486,3.453695405955845,0,NORMAL
2026-01-01 12:27:40,2.528713643557068,0.0032087150693875656,10.269133962883977,0,NORMAL
2026-01-01 12:27:50,1.959592213418221,0.009539170945892617,9.639196061569487,0,NORMAL
2026-01-01 12:28:00,1.1289587711470181,0.014834587005377339,5.09850742730392,0,NORMAL
2026-01-01 12:28:10,1.7723897095586474,0.0063846344754392775,9.606892936433095,0,NORMAL
2026-01-01 12:28:20,1.8706177940638105,0.011547778233835758,10.349343559977518,0,NORMAL
2026-01-01 12:28:30,1.7514737565821588,0.01271669798499524,5.223220015778442,0,NORMAL
2026-01-01 12:28:40,2.027347432687313,0.005697380660093805,12.415801317295573,0,NORMAL
2026-01-01 12:28:50,2.220709879946475,0.009637611402029825,4.9059765419908326,0,NORMAL
2026-01-01 12:29:00,2.4265075941217487,0.009217480848953949,4.356437148992273,0,NORMAL
2026-01-01 12:29:10,1.8609400678168329,0.007241310740838536,7.59761776575303,0,NORMAL
2026-01-01 12:29:20,1.0481202971777033,0.021508374260253874,3.9386278065730584,0,NORMAL
2026-01-01 12:29:30,1.7585611403544326,0.006184468232772622,5.256019327384681,0,NORMAL
2026-01-01 12:29:40,2.021855198495992,0.015024651470339417,9.22830327215273,0,NORMAL
2026-01-01 12:29:50,2.611403961066704,0.00803599491559429,5.057656556651811,0,NORMAL
2026-01-01 12:30:00,1.7160960789079474,0.0045668190555735915,0.0,0,NORMAL
2026-01-01 12:30:10,2.256271814199701,0.010514071215775345,6.10195816354759,0,NORMAL
2026-01-01 12:30:20,2.1450439498177163,0.013245466921937505,2.9111192628428157,0,NORMAL
2026-01-01 12:30:30,2.0219502665616944,0.014602547875328394,7.595813471883638,0,NORMAL
2026-01-01 12:30:40,2.4652666596622956,0.01781132555327535,7.088569147478737,0,NORMAL
2026-01-01 12:30:50,1.6695794016237095,0.0247262314496755,9.414201044499567,0,NORMAL
2026-01-01 12:31:00,1.7124067751782417,0.011252571018777986,7.722596902378091,0,NORMAL
2026-01-01 12:31:10,1.994049588452886,0.00668453913087306,8.270732850974195,0,NORMAL
2026-01-01 12:31:20,1.67992674745315,0.012264371633974456,2.99270971958686,0,NORMAL
2026-01-01 12:31:30,2.2540061455273,0.008668935247967541,7.411959487671508,0,NORMAL
2026-01-01 12:31:40,1.6434038478169337,0.01462983064926115,10.905353868080871,0,NORMAL
2026-01-01 12:31:50,2.1131521038725674,0.0035141785181713914,2.9340502740896985,0,NORMAL
2026-01-01 12:32:00,1.9499136156066217,0.021841672712002186,10.399214875181293,0,NORMAL
2026-01-01 12:32:10,2.107462982388353,0.014280240473877564,3.3519497263960085,0,NORMAL
2026-01-01 12:32:20,1.7701293024684803,0.001579979911019177,2.4440862648500774,0,NORMAL
2026-01-01 12:32:30,1.8304558527365864,0.0064548554884251395,5.888601330064514,0,NORMAL
2026-01-01 12:32:40,2.048004633998525,0.014080405220569693,7.147731248386428,0,NORMAL
2026-01-01 12:32:50,2.1010372530806567,0.015881720280857273,7.735250371916795,0,NORMAL
2026-01-01 12:33:00,1.997899042304422,0.0036388118638401835,2.1147127376803945,0,NORMAL
2026-01-01 12:33:10,2.852681178256542,0.013565129252164744,6.303620291762871,0,NORMAL
2026-01-01 12:33:20,1.504631540629358,0.0002633006366903834,2.9433362855494845,0,NORMAL
2026-01-01 12:33:30,1.9678981025236433,0.00955332067264477,0.5332332317882702,0,NORMAL
2026-01-01 12:33:40,1.2131854889415077,0.015560234210516033,2.213791053401646,0,NORMAL
2026-01-01 12:33:50,2.186040739333693,0.007242421349485099,2.7472989021325454,0,NORMAL
2026-01-01 12:34:00,1.442376731811593,0.002465388504309932,6.5647854810575215,0,NORMAL
2026-01-01 12:34:10,1.860844872061712,0.010731073981887797,8.456640989206006,0,NORMAL
2026-01-01 12:34:20,1.813967837334337,0.006976405666822611,0.5803801103742001,0,NORMAL
2026-01-01 12:34:30,2.140445563300586,0.013147791830329178,6.055883222624167,0,NORMAL
2026-01-01 12:34:40,1.72360454122741,0.005573367838909698,1.4699054426872806,0,NORMAL
2026-01-01 12:34:50,1.7023471511530088,0.006136815551734499,6.887256227042001,0,NORMAL
2026-01-01 12:35:00,2.717928232042949,0.0,3.131808256988756,0,NORMAL
2026-01-01 12:35:10,2.1422833952372633,0.010849723555257415,1.8460129459301629,0,NORMAL
2026-01-01 12:35:20,1.719474573988866,0.009195475308617007,7.398993546042725,0,NORMAL
2026-01-01 12:35:30,1.8745831640943846,0.004058076646299646,3.2392321836647153,0,NORMAL
2026-01-01 12:35:40,2.8226774761353726,0.01096899356883546,4.052108145941905,0,NORMAL
2026-01-01 12:35:50,1.8824175608744516,0.015135351503220696,0.0,0,NORMAL
2026-01-01 12:36:00,1.655361688423806,0.008922160282905251,7.839654084270421,0,NORMAL
2026-01-01 12:36:10,1.6575019249368037,0.011340834749109869,7.4627255635073215,0,NORMAL
2026-01-01 12:36:20,1.7254367595052114,0.01136655624792582,5.016373532843942,0,NORMAL
2026-01-01 12:36:30,1.7027511387866388,0.003978350864105198,0.4172571759327228,0,NORMAL
2026-01-01 12:36:40,1.3601760758253785,0.02028292910353798,8.62810753500429,0,NORMAL
2026-01-01 12:36:50,1.437899951526511,0.007645750849388581,3.0012098409176264,0,NORMAL
2026-01-01 12:37:00,1.585339812819315,0.013280581009301354,3.6399396496982357,0,NORMAL
2026-01-01 12:37:10,2.295785509226549,0.013846076386145248,11.936132169078592,0,NORMAL
2026-01-01 12:37:20,1.8093813563635632,0.009302024364421242,2.889090667672311,0,NORMAL
2026-01-01 12:37:30,1.89641915545298,0.013033975125298173,7.226629887279501,0,NORMAL
2026-01-01 12:37:40,2.6350440126274486,0.011229096109081946,6.686276786247853,0,NORMAL
2026-01-01 12:37:50,2.647503574969209,0.00291180121386297,6.170516578640256,0,NORMAL
2026-01-01 12:38:00,1.8589375284311325,0.008338636493749559,5.846001627663533,0,NORMAL
2026-01-01 12:38:10,1.6845682446582955,0.006937245488229691,6.129165685667598,0,NORMAL
2026-01-01 12:38:20,1.567784843163231,0.007691274793269365,5.8158217728216215,0,NORMAL
2026-01-01 12:38:30,2.346387884854119,0.003479984110816811,4.844244923671817,0,NORMAL
2026-01-01 12:38:40,1.8976463832388561,0.01563216858373015,9.533849372332227,0,NORMAL
2026-01-01 12:38:50,1.806752554838605,0.018009963273067066,1.0620183176021651,0,NORMAL
2026-01-01 12:39:00,1.5931677124312236,0.014890014879992045,8.06437431204613,0,NORMAL
2026-01-01 12:39:10,1.6151667954943059,0.016352646120735715,7.467026896062655,0,NORMAL
2026-01-01 12:39:20,2.1600290957466224,0.00827682581495922,7.095197363988204,0,NORMAL
2026-01-01 12:39:30,1.342280867056369,0.0068187158250698175,8.350938282920385,0,NORMAL
2026-01-01 12:39:40,2.4974343468939693,0.006107064765941443,4.722201814194821,0,NORMAL
2026-01-01 12:39:50,1.7330776780925405,0.013220324614786113,0.0,0,NORMAL
2026-01-01 12:40:00,1.9251820278741036,0.011135315265720749,4.783122020856543,0,NORMAL
2026-01-01 12:40:10,1.3315110209297227,0.009613891442007872,2.026417347126337,0,NORMAL
2026-01-01 12:40:20,1.9938170308788177,0.016475742720976714,2.804422370425808,0,NORMAL
2026-01-01 12:40:30,1.83583952865472,0.012024706769076715,1.272740978502764,0,NORMAL
2026-01-01 12:40:40,1.9749597005717667,0.005806711812397076,3.567965424668497,0,NORMAL
2026-01-01 12:40:50,2.735854449180945,0.006595455854321526,3.2101289180496524,0,NORMAL
2026-01-01 12:41:00,2.0888490228951198,0.013409966496270728,0.0,0,NORMAL
2026-01-01 12:41:10,1.6026704079270981,0.015208664263272985,7.100665733846867,0,NORMAL
2026-01-01 12:41:20,1.644340044726716,0.012758401161279848,11.660965574014647,0,NORMAL
2026-01-01 12:41:30,2.297565592956884,0.019484443739360407,6.818711580488866,0,NORMAL
2026-01-01 12:41:40,2.649346645496712,0.018175035828657093,4.391228130397317,0,NORMAL
2026-01-01 12:41:50,2.140959010375525,0.012205179174253815,4.835760812971353,0,NORMAL
2026-01-01 12:42:00,2.344356372277385,0.005807096702592489,3.7370423959604717,0,NORMAL
2026-01-01 12:42:10,2.3048688616683526,0.003450062441341162,5.270124751600875,0,NORMAL
2026-01-01 12:42:20,2.7095322066787606,0.008063091274926427,4.8889757177802995,0,NORMAL
2026-01-01 12:42:30,1.0252049136369836,0.013766067232080785,2.4768547088051167,0,NORMAL
2026-01-01 12:42:40,2.3336094696522642,0.01913323539655969,10.048665166843495,0,NORMAL
2026-01-01 12:42:50,2.491868021951782,0.012087235172054,0.5385372928706866,0,NORMAL
2026-01-01 12:43:00,1.3306381469322133,0.015843613971156183,7.154994629582738,0,NORMAL
2026-01-01 12:43:10,1.5571659079967919,0.008773462569060989,4.6964071180474045,0,NORMAL
2026-01-01 12:43:20,1.5746086256859233,0.01311384562613775,10.702495445197235,0,NORMAL
2026-01-01 12:43:30,1.6356049018113084,0.014116784147385862,6.022593797744664,0,NORMAL
2026-01-01 12:43:40,1.7591414745322371,0.00010202862073735886,3.9202833884502555,0,NORMAL
2026-01-01 12:43:50,2.1213014065274707,0.007932805988117448,4.256878404696508,0,NORMAL
2026-01-01 12:44:00,2.432837325583685,0.01474850192138935,5.119720083559283,0,NORMAL
2026-01-01 12:44:10,2.5406584788842683,0.011372341678182825,1.5716279150107975,0,NORMAL
2026-01-01 12:44:20,1.5810884694161091,0.004017424759245335,2.6993914246462647,0,NORMAL
2026-01-01 12:44:30,1.5776485006485086,0.0,0.0,0,NORMAL
2026-01-01 12:44:40,2.6579109200081117,0.008171096273489968,2.2310693048777184,0,NORMAL
2026-01-01 12:44:50,2.3233719677093223,0.009642071535530605,5.281719444981349,0,NORMAL
2026-01-01 12:45:00,2.1286999626723464,0.01095134983924751,2.330815658009729,0,NORMAL
2026-01-01 12:45:10,1.5457592836096696,0.014104736867077666,4.031583987601121,0,NORMAL
2026-01-01 12:45:20,1.8107484469705883,0.009867739611145879,7.2972082433621654,0,NORMAL
2026-01-01 12:45:30,1.7325422006122146,0.00908986165091397,2.6562699528999767,0,NORMAL
2026-01-01 12:45:40,2.429036673035813,0.005254005812437826,8.741021806033634,0,NORMAL
2026-01-01 12:45:50,1.7934950088426365,0.008461954955898153,3.33658625266594,0,NORMAL
2026-01-01 12:46:00,2.249094292243641,0.006740084698305942,4.8474491464304,0,NORMAL
2026-01-01 12:46:10,3.005099623785993,0.019415311943074262,1.9835134909630672,0,NORMAL
2026-01-01 12:46:20,2.631430772258827,0.012873614748860295,8.014537527907914,0,NORMAL
2026-01-01 12:46:30,1.780392571566183,0.017462641832290002,7.142130401806949,0,NORMAL
2026-01-01 12:46:40,1.8267810535056748,0.01709603546629717,4.047966412590091,0,NORMAL
2026-01-01 12:46:50,2.227659829778623,0.0037327977299693206,4.571268518302832,0,NORMAL
2026-01-01 12:47:00,1.165668646493184,0.018984365694093158,8.654564976536333,0,NORMAL
2026-01-01 12:47:10,1.5689572524950937,0.00954365287356633,6.259364498442916,0,NORMAL
2026-01-01 12:47:20,2.2464554240618706,0.012650636880013515,5.978391880287633,0,NORMAL
2026-01-01 12:47:30,1.937843301927257,0.006911594149295324,7.320428593576998,0,NORMAL
2026-01-01 12:47:40,2.967568143700171,0.009744838893067976,6.3215426015692735,0,NORMAL
2026-01-01 12:47:50,1.6907786725078058,0.003892963232886747,5.4944189639408725,0,NORMAL
2026-01-01 12:48:00,1.4765805068924713,0.014631677450234097,5.584108952346098,0,NORMAL
2026-01-01 12:48:10,1.5551912056698987,0.00982669496659359,0.0,0,NORMAL
2026-01-01 12:48:20,2.007020268598564,0.011315894577188113,2.9277388265077393,0,NORMAL
2026-01-01 12:48:30,1.919585156917108,0.006538640317592756,0.0,0,NORMAL
2026-01-01 12:48:40,3.115179824415969,0.009980775873709461,7.141034473143693,0,NORMAL
2026-01-01 12:48:50,1.8004421407372382,0.009398857256758972,3.279419098157568,0,NORMAL
2026-01-01 12:49:00,2.027222281682286,0.008138296547179645,8.318298547018944,0,NORMAL
2026-01-01 12:49:10,2.4420909075975596,0.0033995268253734622,0.0,0,NORMAL
2026-01-01 12:49:20,1.946009719328533,0.010425233651884839,2.8814484887510203,0,NORMAL
2026-01-01 12:49:30,2.2778034921259103,0.015807211748513152,3.6048858929471272,0,NORMAL
2026-01-01 12:49:40,2.1974533179750884,0.007937864923219722,7.478454556700577,0,NORMAL
2026-01-01 12:49:50,2.4186025113236487,0.019655874373900626,6.044980453902305,0,NORMAL
2026-01-01 12:50:00,1.2960609148017115,0.011005744468599024,9.003916022151284,0,NORMAL
2026-01-01 12:50:10,2.403924706817451,0.014943203786059499,7.671148735421646,0,NORMAL
2026-01-01 12:50:20,1.930858177679495,0.012876690011019418,0.8175418129106029,0,NORMAL
2026-01-01 12:50:30,2.093589292666998,0.006799119527992893,11.077049973264806,0,NORMAL
2026-01-01 12:50:40,1.8066709322433008,0.012128916136225599,9.754084703724505,0,NORMAL
2026-01-01 12:50:50,2.8295243648959962,0.008089551232816556,7.2487350782913955,0,NORMAL
2026-01-01 12:51:00,0.9764654344537387,0.011425508927293798,4.657571019100505,0,NORMAL
2026-01-01 12:51:10,2.699658493153087,0.013753348576293137,2.0192396160769723,0,NORMAL
2026-01-01 12:51:20,1.6604964393989041,0.006333209878119931,0.0,0,NORMAL
2026-01-01 12:51:30,2.76449256729798,0.015926443022100643,0.7324134540185403,0,NORMAL
2026-01-01 12:51:40,2.6106079816267345,0.008047645258710304,0.0,0,NORMAL
2026-01-01 12:51:50,2.507494258391349,0.005153256687249705,5.870386834061551,0,NORMAL
2026-01-01 12:52:00,2.4140649911748504,0.010345347053184172,9.74364486332333,0,NORMAL
2026-01-01 12:52:10,3.1331463541050955,0.0049760754165724275,6.702815018156579,0,NORMAL
2026-01-01 12:52:20,1.7025221649332856,0.004411412162653152,4.956833528320668,0,NORMAL
2026-01-01 12:52:30,1.709365231235792,0.0037858360478232435,3.945350331336731,0,NORMAL
2026-01-01 12:52:40,1.6720529269080666,0.020965648798866598,8.864519129707043,0,NORMAL
2026-01-01 12:52:50,2.4625744266784366,0.013916098856757304,4.265028972670572,0,NORMAL
2026-01-01 12:53:00,1.3504193278745733,0.012584064954808474,7.82738351990839,0,NORMAL
2026-01-01 12:53:10,2.5055834336053806,0.012710556377639869,4.862478379815107,0,NORMAL
2026-01-01 12:53:20,1.8557799086166633,0.013081893684393301,6.588052486549841,0,NORMAL
2026-01-01 12:53:30,1.466143467322347,0.015952417798696595,1.0940846469235097,0,NORMAL
2026-01-01 12:53:40,1.461199551221818,0.01148472093832431,6.905159045816949,0,NORMAL
2026-01-01 12:53:50,1.601613118490294,0.010870741911183004,7.138125452995409,0,NORMAL
2026-01-01 12:54:00,1.2569787090698066,0.003973121989513554,5.012038135207039,0,NORMAL
2026-01-01 12:54:10,2.257064382836778,0.006362957597186414,7.3300512283373305,0,NORMAL
2026-01-01 12:54:20,2.425895432221535,0.012007236016171322,2.9094213440404784,0,NORMAL
2026-01-01 12:54:30,2.479336718636715,0.003315380411237464,4.767022213077456,0,NORMAL
2026-01-01 12:54:40,1.686757975436508,0.014166874121960915,6.073639332557467,0,NORMAL
2026-01-01 12:54:50,2.1539655064377676,0.009825212685215553,9.51188477349408,0,NORMAL
2026-01-01 12:55:00,2.0026028424677764,0.008273889515663485,4.385140607646009,0,NORMAL
2026-01-01 12:55:10,2.345765953821262,0.01816867139845076,6.370371268531026,0,NORMAL
2026-01-01 12:55:20,2.222431079538656,0.0055712075468245656,5.220532973050579,0,NORMAL
2026-01-01 12:55:30,2.0451397662455224,0.01031833600610219,0.0,0,NORMAL
2026-01-01 12:55:40,1.0708285503299448,0.008085641726845097,5.903548598774474,0,NORMAL
2026-01-01 12:55:50,1.916709978040584,0.018470585200305152,4.956234597917453,0,NORMAL
2026-01-01 12:56:00,2.055438240068727,0.006211822025800396,6.253892957917922,0,NORMAL
2026-01-01 12:56:10,1.6526136779945033,0.009885094322552418,5.482888529350969,0,NORMAL
2026-01-01 12:56:20,1.8654122170305096,0.007219013654658337,7.161400226922908,0,NORMAL
2026-01-01 12:56:30,1.3503874249946097,0.0126300626172053,0.850887900897171,0,NORMAL
2026-01-01 12:56:40,1.8394472764487053,0.014154883347942444,0.6647161279388576,0,NORMAL
2026-01-01 12:56:50,2.252934371080232,0.0027970800203965807,1.8396182295028203,0,NORMAL
2026-01-01 12:57:00,3.0445297856019824,0.007961059761019428,3.5720041009912658,0,NORMAL
2026-01-01 12:57:10,1.493645372599861,0.0112111019533525,4.886262437432676,0,NORMAL
2026-01-01 12:57:20,1.9880129648651745,0.012633996237842175,10.879085693897862,0,NORMAL
2026-01-01 12:57:30,1.5192654749807297,0.008272258182195635,5.455707191812572,0,NORMAL
2026-01-01 12:57:40,1.9537169055167039,0.010105133161295134,1.0355044660412964,0,NORMAL
2026-01-01 12:57:50,1.8881339594334028,0.014119810672972287,3.7858473473924343,0,NORMAL
2026-01-01 12:58:00,2.416446081049666,0.01479135530252053,6.554965208327004,0,NORMAL
2026-01-01 12:58:10,2.4870597891952033,0.0,5.442897813637282,0,NORMAL
2026-01-01 12:58:20,2.0814090788490502,0.009399531327888077,3.073046303534144,0,NORMAL
2026-01-01 12:58:30,1.9427539899478323,0.0076057720244758166,4.611504833003659,0,NORMAL
2026-01-01 12:58:40,2.5932342163083226,0.011013940599965097,6.157832390018338,0,NORMAL
2026-01-01 12:58:50,2.089895825431589,0.013209377336131112,4.823506438710702,0,NORMAL
2026-01-01 12:59:00,2.7582208088167426,0.006128813922040354,10.200490223385396,0,NORMAL
2026-01-01 12:59:10,1.182983990185941,0.008541704618304292,6.951401170359079,0,NORMAL
2026-01-01 12:59:20,2.8909854504978827,0.010645967593947174,5.327695854644172,0,NORMAL
2026-01-01 12:59:30,1.6911361495564061,0.012854484278573134,8.779420537375257,0,NORMAL
2026-01-01 12:59:40,1.4568003535706215,0.006347022046359609,10.20452279920523,0,NORMAL
2026-01-01 12:59:50,1.9776233359976443,0.009807097534624856,6.436800596745491,0,NORMAL
2026-01-01 13:00:00,1.4181487901258718,0.004109589344683301,4.938653300514969,0,NORMAL
2026-01-01 13:00:10,2.2844697475021096,0.009971800348658657,2.997055679079715,0,NORMAL
2026-01-01 13:00:20,1.7686780722297868,0.010368433276881618,5.619569698335388,0,NORMAL
2026-01-01 13:00:30,2.1436775524162637,0.003922495658121035,4.4767983364904085,0,NORMAL
2026-01-01 13:00:40,1.5113306445808563,0.015145773189780071,6.833845973740186,0,NORMAL
2026-01-01 13:00:50,1.8887818707820332,0.013066689072262397,1.3450943407046192,0,NORMAL
2026-01-01 13:01:00,2.0484658839400978,0.005414109087702917,3.1094823702683754,0,NORMAL
2026-01-01 13:01:10,1.9058078255597601,0.011313175580945689,2.791980126202941,0,NORMAL
2026-01-01 13:01:20,2.7958010791864725,0.011302748919087415,4.696001333770123,0,NORMAL
2026-01-01 13:01:30,2.2929054136373908,0.0009351648180256345,0.6482099181827201,0,NORMAL
2026-01-01 13:01:40,2.1018376960075207,0.007757298245408736,6.43999783068636,0,NORMAL
2026-01-01 13:01:50,1.0717396498007128,0.01142465151272946,3.691716384002734,0,NORMAL
2026-01-01 13:02:00,2.189094728085232,0.002434023887659007,6.2391089544075005,0,NORMAL
2026-01-01 13:02:10,2.618070157585835,0.00742028390306508,0.0,0,NORMAL
2026-01-01 13:02:20,1.655014098232485,0.012910305477806876,2.123215573778718,0,NORMAL
2026-01-01 13:02:30,1.9008226538941266,0.012016136244675337,8.807844599841138,0,NORMAL
2026-01-01 13:02:40,0.48713006353870014,0.0034326680308059488,4.359913235323136,0,NORMAL
2026-01-01 13:02:50,1.3771868882941318,0.015506309913023871,10.77767810646787,0,NORMAL
2026-01-01 13:03:00,0.9579802642433393,0.01269585640629819,1.3634438082711609,0,NORMAL
2026-01-01 13:03:10,2.0520608231463124,0.013010574469114161,5.09305685620612,0,NORMAL
2026-01-01 13:03:20,1.9248832529643347,0.021481037707150433,1.738564371377214,0,NORMAL
2026-01-01 13:03:30,1.947091748444644,0.009007159722619793,4.782324665901203,0,NORMAL
2026-01-01 13:03:40,1.7815229305120681,0.014912638330404739,0.0,0,NORMAL
2026-01-01 13:03:50,2.509568158132616,0.00243806069291017,7.515728360669949,0,NORMAL
2026-01-01 13:04:00,1.3835983868345139,0.013043362997351598,6.86882882470179,0,NORMAL
2026-01-01 13:04:10,1.962937730850278,0.021829941007955263,8.979464202153755,0,NORMAL
2026-01-01 13:04:20,2.29819459137577,0.013829773677325444,6.721945486479116,0,NORMAL
2026-01-01 13:04:30,1.910303718934365,0.008148551411905184,5.9906736378417325,0,NORMAL
2026-01-01 13:04:40,1.9546024661128234,0.0021151167486934976,2.9588420135361524,0,NORMAL
2026-01-01 13:04:50,1.5874601855421782,0.007712183712400678,1.9953140544725603,0,NORMAL
2026-01-01 13:05:00,1.8325152694521578,0.012079054674653339,0.0,0,NORMAL
2026-01-01 13:05:10,2.359175403754766,0.00017539626023872602,9.78591507764811,0,NORMAL
2026-01-01 13:05:20,0.9902689076606701,0.011104453362411476,1.6710039692260608,0,NORMAL
2026-01-01 13:05:30,1.9209854754844298,0.007488998389388152,3.905592313785836,0,NORMAL
2026-01-01 13:05:40,1.707892435963903,0.005824707707324263,2.661909105205245,0,NORMAL
2026-01-01 13:05:50,1.9648467511427674,0.011631104161614935,7.79286816436805,0,NORMAL
2026-01-01 13:06:00,2.886590615013038,0.00715647506203458,4.746484052004315,0,NORMAL
2026-01-01 13:06:10,1.776685353706306,0.007030980239061898,3.477125259624423,0,NORMAL
2026-01-01 13:06:20,2.744687289304582,0.007380731566249626,7.469789312017495,0,NORMAL
2026-01-01 13:06:30,2.550154360686366,0.004659434186079254,4.452086854428884,0,NORMAL
2026-01-01 13:06:40,2.014948158977071,0.01159056179620208,7.667272601013384,0,NORMAL
2026-01-01 13:06:50,2.0435529054583133,0.0009877589477966986,6.763746084566033,0,NORMAL
2026-01-01 13:07:00,2.0906174710958063,0.010901465365289117,4.026313830085551,0,NORMAL
2026-01-01 13:07:10,1.5874141014063867,0.01295591170838724,3.6965115710835046,0,NORMAL
2026-01-01 13:07:20,2.313419383451021,0.014932032092027139,5.141529158650262,0,NORMAL
2026-01-01 13:07:30,1.6936510764508046,0.012127270752559694,2.5642065287163884,0,NORMAL
2026-01-01 13:07:40,2.0178711677585346,0.016212336444694168,5.551734491955263,0,NORMAL
2026-01-01 13:07:50,0.9020186942534347,0.003756877547287858,2.430976518555199,0,NORMAL
2026-01-01 13:08:00,1.5683586553358064,0.008357863242199844,5.876277038836457,0,NORMAL
2026-01-01 13:08:10,2.267549681519709,0.006009702976696983,4.824794335956177,0,NORMAL
2026-01-01 13:08:20,1.438268352394346,0.0008275509833495009,3.097749745674224,0,NORMAL
2026-01-01 13:08:30,2.166982546360676,0.01239583165270455,1.4081946145093658,0,NORMAL
2026-01-01 13:08:40,1.7463847723929915,0.013965883226108174,7.010658266630932,0,NORMAL
2026-01-01 13:08:50,2.495075085564064,0.009728061409309404,3.583867535975754,0,NORMAL
2026-01-01 13:09:00,2.628971984436083,0.015814698068721753,1.6291618648817943,0,NORMAL
2026-01-01 13:09:10,2.0888124593572845,0.008910392699596436,5.696226044533354,0,NORMAL
2026-01-01 13:09:20,1.9925662917713878,0.007894188075099466,5.6569743847931475,0,NORMAL
2026-01-01 13:09:30,2.0202180571635497,0.012709045962667745,3.348492028079284,0,NORMAL
2026-01-01 13:09:40,1.989277615178028,0.011754137380248053,9.145201867847899,0,NORMAL
2026-01-01 13:09:50,2.5958282914982083,0.014729619106851903,5.574006870141592,0,NORMAL
2026-01-01 13:10:00,3.2524323426512236,0.00659263723184257,6.519511104179965,0,NORMAL
2026-01-01 13:10:10,1.3332694366125255,0.0026826954838535012,4.239801769166749,0,NORMAL
2026-01-01 13:10:20,1.485863673156278,0.005457873261830522,6.3394062458902445,0,NORMAL
2026-01-01 13:10:30,2.6815848320433133,0.004866640781231743,8.790505032279187,0,NORMAL
2026-01-01 13:10:40,1.428862703253627,0.011804524414164175,0.0,0,NORMAL
2026-01-01 13:10:50,1.3139872675437543,0.01375704586172513,10.57158654161129,0,NORMAL
2026-01-01 13:11:00,3.0576857177582477,0.015002830448591704,2.152568616294988,0,NORMAL
2026-01-01 13:11:10,1.8628625572474706,0.005942052508032295,11.152906173973307,0,NORMAL
2026-01-01 13:11:20,1.8749272883293873,0.008073406265072112,6.483849825789601,0,NORMAL
2026-01-01 13:11:30,1.7455848000338885,0.006481452433343138,1.9195558043488068,0,NORMAL
2026-01-01 13:11:40,2.2906703647042086,0.01192972786903118,2.3456056904715528,0,NORMAL
2026-01-01 13:11:50,1.4334499596944736,0.010990623520294559,9.601515027302987,0,NORMAL
2026-01-01 13:12:00,2.8871946122936585,0.01170713375822701,0.7711563404604238,0,NORMAL
2026-01-01 13:12:10,2.3765231620013205,0.005961899727671277,3.0576095553128364,0,NORMAL
2026-01-01 13:12:20,1.9740998841160495,0.004796376759182088,2.699039106695274,0,NORMAL
2026-01-01 13:12:30,1.7241472002694564,0.008734721631779813,6.347823113740116,0,NORMAL
2026-01-01 13:12:40,2.0541284700298363,0.0046197772365785825,4.005820993554162,0,NORMAL
2026-01-01 13:12:50,2.521984825712198,0.017870959903598577,9.780563421871882,0,NORMAL
2026-01-01 13:13:00,3.3087213143181042,0.012332210086620837,4.891586710203753,0,NORMAL
2026-01-01 13:13:10,2.7543841871794967,0.0038544222070686284,7.041798023618991,0,NORMAL
2026-01-01 13:13:20,2.5064512435363335,0.015600050386514037,7.2936356506331315,0,NORMAL
2026-01-01 13:13:30,2.0215228702736954,0.00872817478993766,3.5414297931152405,0,NORMAL
2026-01-01 13:13:40,2.6162523053193105,0.010377825371734734,9.503158434255944,0,NORMAL
2026-01-01 13:13:50,1.826794579530901,0.014970997746370885,5.757607751373076,0,NORMAL
2026-01-01 13:14:00,2.1659416917198264,0.012153433505680569,9.160139806771486,0,NORMAL
2026-01-01 13:14:10,2.585347964192703,0.007507353456997141,4.349301347239551,0,NORMAL
2026-01-01 13:14:20,2.3033868458592597,0.012156430974786957,8.083467070387067,0,NORMAL
2026-01-01 13:14:30,1.6676535036175089,0.002320717979225375,3.5370387072738545,0,NORMAL
2026-01-01 13:14:40,1.233613063199459,0.0032834984983703174,4.50039294071295,0,NORMAL
2026-01-01 13:14:50,2.250748304826276,0.012877962061926413,0.9341206711466066,0,NORMAL
2026-01-01 13:15:00,2.067318219812458,0.009587497589943069,3.209298640588345,0,NORMAL
2026-01-01 13:15:10,2.464994884280202,0.005185442245447992,3.130147019803219,0,NORMAL
2026-01-01 13:15:20,2.0289447308815936,0.010498815713596368,3.94479197565311,0,NORMAL
2026-01-01 13:15:30,1.810208183233698,0.012191077092401532,5.126952336371278,0,NORMAL
2026-01-01 13:15:40,2.526976551898769,0.004869453311383663,7.318748031500602,0,NORMAL
2026-01-01 13:15:50,2.4981566765423113,0.014912175632817357,5.254234004006081,0,NORMAL
2026-01-01 13:16:00,0.9454032909816166,0.015568685253054975,5.855171189479427,0,NORMAL
2026-01-01 13:16:10,1.2404421975793738,0.012799640549722421,5.622862674615163,0,NORMAL
2026-01-01 13:16:20,2.0649173127887384,0.004138597571642323,5.072515860426982,0,NORMAL
2026-01-01 13:16:30,1.9673810661204096,0.010992917737528732,6.49725235561535,0,NORMAL
2026-01-01 13:16:40,1.90650747509518,0.015040784178610649,2.3408043488743373,0,NORMAL
2026-01-01 13:16:50,2.411966249120887,0.006664719019920682,6.169736920190282,0,NORMAL
2026-01-01 13:17:00,3.007749207480499,0.006072071839708344,1.221759793431791,0,NORMAL
2026-01-01 13:17:10,1.4842759333529514,0.004788404478671632,6.671088966659148,0,NORMAL
2026-01-01 13:17:20,1.9662411118621155,0.0056164914261946745,4.589317656093105,0,NORMAL
2026-01-01 13:17:30,1.987309220801517,0.007019899038414312,9.371286787085815,0,NORMAL
2026-01-01 13:17:40,2.102646597415977,0.012816657845170509,1.1880964685407558,0,NORMAL
2026-01-01 13:17:50,1.3881801344821185,0.01530796581412155,0.058013125883259686,0,NORMAL
2026-01-01 13:18:00,2.2337149391699898,0.0033208750601661343,7.97877237916973,0,NORMAL
2026-01-01 13:18:10,2.0183505078519817,0.012698664218977822,6.903294892804475,0,NORMAL
2026-01-01 13:18:20,3.019449682468828,0.013479011883154172,5.218000011684446,0,NORMAL
2026-01-01 13:18:30,2.192405395589359,0.013387407417239115,8.54683291096976,0,NORMAL
2026-01-01 13:18:40,1.649736222457566,0.015287623585000278,7.408709183059207,0,NORMAL
2026-01-01 13:18:50,1.2514226465623515,0.003970591236710344,2.2258320430166574,0,NORMAL
2026-01-01 13:19:00,1.951027642131087,0.004745769229853138,3.9555412028767765,0,NORMAL
2026-01-01 13:19:10,1.6251752032783635,0.014962682313908134,5.944398889150196,0,NORMAL
2026-01-01 13:19:20,1.7881646558220285,0.015101491853004705,4.477660187850179,0,NORMAL
2026-01-01 13:19:30,2.1728262294413065,0.0015204492624547616,3.45501993967284,0,NORMAL
2026-01-01 13:19:40,2.1175089012842645,0.0056842084980142545,8.192786078129656,0,NORMAL
2026-01-01 13:19:50,2.0969502588754927,0.014285635890917789,4.06265980823073,0,NORMAL
2026-01-01 13:20:00,2.696131274644462,0.009926075605392722,6.8897042975012734,0,NORMAL
2026-01-01 13:20:10,2.2039778465385225,0.014097756334713673,3.9796313154943657,0,NORMAL
2026-01-01 13:20:20,3.3567401278468525,0.010496736731762121,3.4170195380451975,0,NORMAL
2026-01-01 13:20:30,2.0806674625207564,0.013260268328053219,7.4070668589564335,0,NORMAL
2026-01-01 13:20:40,1.7965519048470475,0.004444852012445842,5.824690604424828,0,NORMAL
2026-01-01 13:20:50,1.2514532694438332,0.006277197078848925,2.511965206121679,0,NORMAL
2026-01-01 13:21:00,1.3428142264689258,0.006714267832178839,7.650522615630262,0,NORMAL
2026-01-01 13:21:10,2.4534075712512373,0.011841011981813861,8.56841214235166,0,NORMAL
2026-01-01 13:21:20,2.3244661643165556,0.01328379244798901,1.7531816363654789,0,NORMAL
2026-01-01 13:21:30,1.955150637033635,0.011248025096969358,2.9825891293562177,0,NORMAL
2026-01-01 13:21:40,1.887810592892459,0.007918271902291434,12.346042610299214,0,NORMAL
2026-01-01 13:21:50,1.5561975763987868,0.010099521712746223,2.238045916491209,0,NORMAL
2026-01-01 13:22:00,1.9168162100202517,0.00894769736862515,5.0296507116409686,0,NORMAL
2026-01-01 13:22:10,2.0617444870534127,0.010228708434018565,0.6782245419543205,0,NORMAL
2026-01-01 13:22:20,0.9911570495647819,0.011832679038690454,5.015638586208985,0,NORMAL
2026-01-01 13:22:30,2.362596553568358,0.011124941480933511,3.6933862590981996,0,NORMAL
2026-01-01 13:22:40,0.986378069757391,0.009538659044564654,4.041848851546933,0,NORMAL
2026-01-01 13:22:50,2.1684891657244987,0.0034651214945081777,4.411719021786142,0,NORMAL
2026-01-01 13:23:00,1.9776508381535471,0.005485586815172709,7.091945906404944,0,NORMAL
2026-01-01 13:23:10,2.1460370358904313,0.008423786630431068,0.7673370195353564,0,NORMAL
2026-01-01 13:23:20,1.6757505518855462,0.0024370670061497966,0.5834970487913427,0,NORMAL
2026-01-01 13:23:30,2.8467391239097393,0.015107860426131598,4.868390986052921,0,NORMAL
2026-01-01 13:23:40,2.3590462401192083,0.01128431897509912,0.0,0,NORMAL
2026-01-01 13:23:50,2.317708085731851,0.01893494202106204,4.331004153773129,0,NORMAL
2026-01-01 13:24:00,1.910532197476516,0.014609678498831333,0.7999241797549539,0,NORMAL
2026-01-01 13:24:10,1.962372822624468,0.01152617784204194,7.189331084585453,0,NORMAL
2026-01-01 13:24:20,2.442849043750295,0.013344565833604553,0.6654093336427558,0,NORMAL
2026-01-01 13:24:30,2.651145358584643,0.016496361863942252,8.407011680781409,0,NORMAL
2026-01-01 13:24:40,2.700087562776555,0.007854543734509518,4.490962255829497,0,NORMAL
2026-01-01 13:24:50,1.97680635081559,0.011474456015288804,7.898635676003658,0,NORMAL
2026-01-01 13:25:00,2.028350674196552,0.009749931603905332,10.298969405422838,0,NORMAL
2026-01-01 13:25:10,2.165540108840921,0.010878408883411751,10.750124044905109,0,NORMAL
2026-01-01 13:25:20,1.8691095532308681,0.011172413413363072,6.143068892545411,0,NORMAL
2026-01-01 13:25:30,1.645367540245989,0.011580726631574445,11.031518734956657,0,NORMAL
2026-01-01 13:25:40,2.0832295927650972,0.014696073827078415,5.674257324717372,0,NORMAL
2026-01-01 13:25:50,2.2366613256330132,0.01876405390389561,3.9085152558666136,0,NORMAL
2026-01-01 13:26:00,2.261852088507832,0.008556163432131109,4.856141648186826,0,NORMAL
2026-01-01 13:26:10,1.9622321711423096,0.005335820941478097,7.811202250662197,0,NORMAL
2026-01-01 13:26:20,1.6709804724525035,0.007854581774917255,2.7412732429499966,0,NORMAL
2026-01-01 13:26:30,2.249633006625546,0.014546081405800293,1.928164040511669,0,NORMAL
2026-01-01 13:26:40,2.2004988659830267,0.009563138655868752,1.4451926372277613,0,NORMAL
2026-01-01 13:26:50,1.540476541266932,0.0032156797555982185,6.930652413214177,0,NORMAL
2026-01-01 13:27:00,2.4744146312690867,0.01233118543602076,4.499229460702571,0,NORMAL
2026-01-01 13:27:10,2.3799149225486285,0.008309215509382925,6.809842047671485,0,NORMAL
2026-01-01 13:27:20,1.9790664851462565,0.007833804786233193,0.39365771824701823,0,NORMAL
2026-01-01 13:27:30,1.3728791528364428,0.008909076407703682,3.989728768388548,0,NORMAL
2026-01-01 13:27:40,1.3929310816386544,0.005904956298063094,5.297206786323585,0,NORMAL
2026-01-01 13:27:50,2.2172273616813762,0.008614349565521522,1.8447580246759905,0,NORMAL
2026-01-01 13:28:00,1.7372776489246555,0.01320511023090341,6.394187809655537,0,NORMAL
2026-01-01 13:28:10,1.8629468218387082,0.02005118273426199,2.461812034892858,0,NORMAL
2026-01-01 13:28:20,1.4355556370863316,0.018455806264607265,7.383538184322217,0,NORMAL
2026-01-01 13:28:30,2.411630125515705,0.0020509543878707726,7.811423541847324,0,NORMAL
2026-01-01 13:28:40,1.0541056768073924,0.009995863551064785,6.393551978507361,0,NORMAL
2026-01-01 13:28:50,1.9761650045618635,0.014316600908804314,6.250752391133034,0,NORMAL
2026-01-01 13:29:00,2.177597611844407,0.014828992141755776,1.0935631628179159,0,NORMAL
2026-01-01 13:29:10,2.305967881486467,0.008168713704134465,5.089467143629618,0,NORMAL
2026-01-01 13:29:20,2.2411264400581334,0.007172394823023771,10.852756294526252,0,NORMAL
2026-01-01 13:29:30,1.3902345122473894,0.017157193607749872,0.0,0,NORMAL
2026-01-01 13:29:40,1.793753665134894,0.015956837285248496,7.2771946591063355,0,NORMAL
2026-01-01 13:29:50,1.6277334275043407,0.006688797814034248,4.438329682371536,0,NORMAL
2026-01-01 13:30:00,1.4139517267550015,0.012461155408871464,5.510951512884866,0,NORMAL
2026-01-01 13:30:10,1.1198617747983484,0.01137721207074347,7.864080929322292,0,NORMAL
2026-01-01 13:30:20,2.2392894761835382,0.009748157911374053,7.934604383072696,0,NORMAL
2026-01-01 13:30:30,2.5897943179507736,0.014109387128460072,6.896029556996995,0,NORMAL
2026-01-01 13:30:40,1.7142921182613815,0.012090543213008058,8.039470098008751,0,NORMAL
2026-01-01 13:30:50,2.3832892896783924,0.0044504427236522846,8.307305374637354,0,NORMAL
2026-01-01 13:31:00,2.268306750939135,0.0026242218382244555,6.483819661061846,0,NORMAL
2026-01-01 13:31:10,1.5478994295017947,0.015037164163669044,6.17803803286029,0,NORMAL
2026-01-01 13:31:20,1.9427592172356105,0.007239402761356935,2.4619178843541016,0,NORMAL
2026-01-01 13:31:30,2.0207776562831787,0.013238897876275173,8.13096266401701,0,NORMAL
2026-01-01 13:31:40,2.36957902561873,0.011421750664613626,6.160393638001609,0,NORMAL
2026-01-01 13:31:50,2.0548577170290248,0.021643703339245174,7.931245094361538,0,NORMAL
2026-01-01 13:32:00,1.128541150843784,0.008400910167990385,4.762337006146843,0,NORMAL
2026-01-01 13:32:10,2.915446823575534,0.0128859211667106,8.497864822799974,0,NORMAL
2026-01-01 13:32:20,2.1945047439602736,0.013821336657207615,0.43386920841690535,0,NORMAL
2026-01-01 13:32:30,1.5028889058468489,0.009535951272204081,5.2793477996085585,0,NORMAL
2026-01-01 13:32:40,1.231321176756875,0.011138764083240636,10.042281935500228,0,NORMAL
2026-01-01 13:32:50,1.564250463193308,0.00814641846581277,2.582303805773564,0,NORMAL
2026-01-01 13:33:00,1.8247094298490167,0.008535446818458883,0.7599287086234352,0,NORMAL
2026-01-01 13:33:10,1.6604096899558645,0.009652200707758973,9.302027837546921,0,NORMAL
2026-01-01 13:33:20,1.7623512192288462,0.012611635953650323,3.6258998503456157,0,NORMAL
2026-01-01 13:33:30,1.4902595928241955,0.01503297936871163,7.518075886266817,0,NORMAL
2026-01-01 13:33:40,2.277736539992268,0.003854495102795077,9.711358559769392,0,NORMAL
2026-01-01 13:33:50,1.4758027998255792,0.014589738622833845,9.08794369583571,0,NORMAL
2026-01-01 13:34:00,2.269438820375276,0.012495879382473232,4.1485953595496525,0,NORMAL
2026-01-01 13:34:10,2.339406157414249,0.014669973695267794,9.916291528198679,0,NORMAL
2026-01-01 13:34:20,1.2481560350739542,0.005465626922870976,4.548589891098971,0,NORMAL
2026-01-01 13:34:30,1.7638021673001398,0.004712808316193354,10.536846402456268,0,NORMAL
2026-01-01 13:34:40,2.4546376189972943,0.009471301071026,12.962907490665653,0,NORMAL
2026-01-01 13:34:50,2.0789141172419283,0.006110691052850542,0.07252226442053966,0,NORMAL
2026-01-01 13:35:00,2.4331593354239396,0.008363367868004987,9.006090612473518,0,NORMAL
2026-01-01 13:35:10,2.541853575726577,0.009366015108736159,2.9781073378211866,0,NORMAL
2026-01-01 13:35:20,1.4365392985733756,0.01811973940667572,1.331607271185993,0,NORMAL
2026-01-01 13:35:30,1.7818869339146322,0.014443824699026822,8.888757606102912,0,NORMAL
2026-01-01 13:35:40,2.1446583128577963,0.011836137512998394,8.03945238999068,0,NORMAL
2026-01-01 13:35:50,1.8581716469425398,0.0020811590609523356,0.0,0,NORMAL
2026-01-01 13:36:00,2.165090862851085,0.01913968481960584,2.0442891624435786,0,NORMAL
2026-01-01 13:36:10,2.73108900808049,2.9341181349480384e-05,3.0310938758061883,0,NORMAL
2026-01-01 13:36:20,1.8974234114818402,0.007498314639381186,2.897821637155859,0,NORMAL
2026-01-01 13:36:30,2.106453706697218,0.013397496542664953,4.830328810378947,0,NORMAL
2026-01-01 13:36:40,1.9333086521463367,0.021808491896533017,3.4334431301174426,0,NORMAL
2026-01-01 13:36:50,0.9680031047645512,0.013121384958103902,8.058345913201332,0,NORMAL
2026-01-01 13:37:00,1.576951964147057,0.00799094288321643,6.40878300103417,0,NORMAL
2026-01-01 13:37:10,1.8886788153104976,0.005001634957986956,5.99325617495082,0,NORMAL
2026-01-01 13:37:20,1.7649707132698134,0.01868938221040947,8.886812554256416,0,NORMAL
2026-01-01 13:37:30,2.3918282205786827,0.007694471844074589,9.483619402603173,0,NORMAL
2026-01-01 13:37:40,2.5347293213215396,0.019457259564219318,2.0654815409818097,0,NORMAL
2026-01-01 13:37:50,1.6471493861089455,0.013748409447246488,0.9315031428847835,0,NORMAL
2026-01-01 13:38:00,2.5276973814041543,0.011160514833582495,4.438540875878478,0,NORMAL
2026-01-01 13:38:10,1.731515938214005,0.013253230019681407,9.235384624475751,0,NORMAL
2026-01-01 13:38:20,2.145190378679637,0.015877769285395166,0.448570612185204,0,NORMAL
2026-01-01 13:38:30,1.7958168998515203,0.013377536082545854,3.867841729305441,0,NORMAL
2026-01-01 13:38:40,1.319653044300612,0.0009885903043688837,4.903318492624982,0,NORMAL
2026-01-01 13:38:50,1.6021450117480365,0.015494889476083334,6.610505405704207,0,NORMAL
2026-01-01 13:39:00,1.1675904657542322,0.0,7.0216746299806605,0,NORMAL
2026-01-01 13:39:10,2.3984940887330275,0.010851457679170392,9.160399342993788,0,NORMAL
2026-01-01 13:39:20,2.6738411741543873,0.00537171693678319,0.9399346345445525,0,NORMAL
2026-01-01 13:39:30,2.448847053026766,0.0067762749100761166,6.3298533696695145,0,NORMAL
2026-01-01 13:39:40,1.840985093030667,0.006530961502921177,7.416697841156234,0,NORMAL
2026-01-01 13:39:50,2.3465562332711953,0.007606244311238744,4.431890515127766,0,NORMAL
2026-01-01 13:40:00,1.0199548491141524,0.010820092414215944,5.733417708965197,0,NORMAL
2026-01-01 13:40:10,2.5114957578706574,0.007190313282145995,6.377760648576462,0,NORMAL
2026-01-01 13:40:20,2.9250175428709984,0.01246235702725458,3.0334854801863944,0,NORMAL
2026-01-01 13:40:30,2.3318722490589936,0.007558624650301312,1.8639627891819854,0,NORMAL
2026-01-01 13:40:40,1.7445114391128966,0.0,6.350937358283467,0,NORMAL
2026-01-01 13:40:50,2.4162851469152153,0.0023847446228945656,2.1704177606552553,0,NORMAL
2026-01-01 13:41:00,2.027244908603251,0.005818729471233318,5.962603383711615,0,NORMAL
2026-01-01 13:41:10,1.4783198222907785,0.006395352600277405,4.270750272721943,0,NORMAL
2026-01-01 13:41:20,1.3196086091479957,0.005225261099915407,7.316851339842066,0,NORMAL
2026-01-01 13:41:30,1.8831860393182807,0.007016343915617121,4.921100635143963,0,NORMAL
2026-01-01 13:41:40,2.0105434789401544,0.01199274226415279,2.3333712975437253,0,NORMAL
2026-01-01 13:41:50,0.709534911056602,0.009654577033372502,9.837332742757393,0,NORMAL
2026-01-01 13:42:00,3.45476663998445,0.015788546301267872,4.354368859992975,0,NORMAL
2026-01-01 13:42:10,1.777282698511874,0.008381128523721334,8.257212981777254,0,NORMAL
2026-01-01 13:42:20,2.647849129869579,0.004249294229801405,4.717879936470003,0,NORMAL
2026-01-01 13:42:30,2.012277599263818,0.010201585224279308,7.263932553760113,0,NORMAL
2026-01-01 13:42:40,2.633518266178214,0.009900085392637358,1.9450970163470866,0,NORMAL
2026-01-01 13:42:50,3.107937894563673,0.014545810443614986,4.58172655747247,0,NORMAL
2026-01-01 13:43:00,1.725834692800821,0.007734445464064161,3.013128838414023,0,NORMAL
2026-01-01 13:43:10,1.8275853649418936,0.015590006905078179,0.3893850315117706,0,NORMAL
2026-01-01 13:43:20,2.296709684336238,0.003193249187111539,0.0,0,NORMAL
2026-01-01 13:43:30,2.489077668724125,0.008079407688245688,10.00318870378253,0,NORMAL
2026-01-01 13:43:40,2.10779002477203,0.01056406400930166,1.520150382653532,0,NORMAL
2026-01-01 13:43:50,1.917573748534397,0.02215101515924643,4.598749133685226,0,NORMAL
2026-01-01 13:44:00,1.299412297533129,0.014050626951135625,8.883884556169473,0,NORMAL
2026-01-01 13:44:10,2.0437391398963887,0.0027774142432769456,7.326313164676086,0,NORMAL
2026-01-01 13:44:20,1.4849787907104508,0.013181562369827234,5.286058174933864,0,NORMAL
2026-01-01 13:44:30,2.0009166608776945,0.01820625165313899,4.974894833724443,0,NORMAL
2026-01-01 13:44:40,2.605924723627377,0.007411856592207123,9.405606669343971,0,NORMAL
2026-01-01 13:44:50,2.1918947634785826,0.011798207491130017,4.222391284191852,0,NORMAL
2026-01-01 13:45:00,2.1742263091348732,0.021391262079016576,4.072376878690292,0,NORMAL
2026-01-01 13:45:10,1.2241535453192203,0.019389232123079733,6.270874721346421,0,NORMAL
2026-01-01 13:45:20,2.239627355038352,0.006703576222880676,4.0521288879651225,0,NORMAL
2026-01-01 13:45:30,1.7316973669034272,0.006982689305544346,8.287309618092307,0,NORMAL
2026-01-01 13:45:40,1.0269216699668058,0.01767497981486547,0.8749113959447719,0,NORMAL
2026-01-01 13:45:50,2.661327910375995,0.016075504213471696,2.6873751836958397,0,NORMAL
2026-01-01 13:46:00,1.8723955869438424,0.004128241809343918,9.566237685373439,0,NORMAL
2026-01-01 13:46:10,2.0197642576357486,0.013397038113685677,3.8662909183883736,0,NORMAL
2026-01-01 13:46:20,2.235951731038992,0.018211799641988092,6.977814299949594,0,NORMAL
2026-01-01 13:46:30,2.629240265054566,0.0234735085584905,5.733623786078282,0,NORMAL
2026-01-01 13:46:40,1.622538894445707,0.005525469136483149,5.9977940261622695,0,NORMAL
2026-01-01 13:46:50,2.7290429826107356,0.006781043807472532,2.0678342982804043,0,NORMAL
2026-01-01 13:47:00,1.9775118217074636,0.01881495874425743,6.18518819610349,0,NORMAL
2026-01-01 13:47:10,1.5976496642987152,0.004895681045345067,7.318050379724189,0,NORMAL
2026-01-01 13:47:20,2.054727377936313,0.00967628808901932,9.134040991091146,0,NORMAL
2026-01-01 13:47:30,1.6815169469235327,0.009437987649727593,6.091428852163448,0,NORMAL
2026-01-01 13:47:40,1.9484898946351652,0.006691759650478145,5.904626409087458,0,NORMAL
2026-01-01 13:47:50,2.7524664410433086,0.00631917809423919,2.9995423667100267,0,NORMAL
2026-01-01 13:48:00,1.0544093690651055,0.005351613573683917,6.367193599378252,0,NORMAL
2026-01-01 13:48:10,2.0327835588403755,0.008696759458245629,0.0,0,NORMAL
2026-01-01 13:48:20,1.991489521249184,0.007700393737554933,7.134526841132297,0,NORMAL
2026-01-01 13:48:30,1.842214090283922,0.006474313673408658,7.133670269034931,0,NORMAL
2026-01-01 13:48:40,1.766920746235507,0.00231170064592381,8.838052682567358,0,NORMAL
2026-01-01 13:48:50,2.340210833234201,0.018692483501216037,1.6775036385905617,0,NORMAL
2026-01-01 13:49:00,1.6969552887483732,0.012803795348754247,2.987876130876581,0,NORMAL
2026-01-01 13:49:10,0.5526651632088133,0.011646926590587416,1.3563748481298943,0,NORMAL
2026-01-01 13:49:20,1.2451576631897034,0.014864369694837423,10.605172569698581,0,NORMAL
2026-01-01 13:49:30,1.845048038667833,0.005264960147636407,3.475144730931599,0,NORMAL
2026-01-01 13:49:40,2.4526904797852582,0.01024795694364312,7.143223571153615,0,NORMAL
2026-01-01 13:49:50,2.2771124934116793,0.017699126391934578,5.0385222948019175,0,NORMAL
2026-01-01 13:50:00,0.9206726755117944,0.017363762751278836,3.5103460683102865,0,NORMAL
2026-01-01 13:50:10,2.2768109042198077,0.008917628304771896,10.748423341293215,0,NORMAL
2026-01-01 13:50:20,2.0537805370996067,0.014441945473424896,7.749395439194144,0,NORMAL
2026-01-01 13:50:30,1.736073654672218,0.009817370173763263,6.502337984830731,0,NORMAL
2026-01-01 13:50:40,1.744911539794717,0.01285760327413857,5.853482789047082,0,NORMAL
2026-01-01 13:50:50,2.2928988446760994,0.010914520789571213,7.077260152769627,0,NORMAL
2026-01-01 13:51:00,2.145723881308114,0.0,5.929161395178556,0,NORMAL
2026-01-01 13:51:10,1.4947167783495974,0.01857137050917329,6.965648551064515,0,NORMAL
2026-01-01 13:51:20,1.4555185008961478,0.01338610059162903,3.1700676048393928,0,NORMAL
2026-01-01 13:51:30,2.0552682454187816,0.006513712758430781,2.3091777053740614,0,NORMAL
2026-01-01 13:51:40,2.9262004877525203,0.008840012109109842,0.0,0,NORMAL
2026-01-01 13:51:50,2.525104007081485,0.009698562003995416,1.0264327298071978,0,NORMAL
2026-01-01 13:52:00,2.2971046164968536,0.014645726440048612,2.90346114770896,0,NORMAL
2026-01-01 13:52:10,1.4662728438247887,0.01608012776105804,7.6680333937188,0,NORMAL
2026-01-01 13:52:20,1.5926038156720377,0.015743421130133696,8.599906112532032,0,NORMAL
2026-01-01 13:52:30,2.330519181087155,0.014253863199508814,7.299951129874836,0,NORMAL
2026-01-01 13:52:40,2.3998809594645865,0.004575447454493926,7.64810916542297,0,NORMAL
2026-01-01 13:52:50,1.595503441665544,0.013801655996432382,3.562101838856942,0,NORMAL
2026-01-01 13:53:00,1.9159725695084155,0.012360305621876342,4.647054088888583,0,NORMAL
2026-01-01 13:53:10,1.5808147298136273,0.009494895804323425,2.038367458346129,0,NORMAL
2026-01-01 13:53:20,1.709958491461352,0.009562777748475509,8.230277297642113,0,NORMAL
2026-01-01 13:53:30,2.502769904770232,0.014685180098555992,4.165963519970865,0,NORMAL
2026-01-01 13:53:40,1.8582704701662727,0.014034137553719898,5.369411892758553,0,NORMAL
2026-01-01 13:53:50,1.5351948329707037,0.010107870025147904,5.701213742400648,0,NORMAL
2026-01-01 13:54:00,1.2574806140057122,0.0004710608111283121,9.812630354553525,0,NORMAL
2026-01-01 13:54:10,1.9265023017511789,0.0014313623348280924,5.839716050792111,0,NORMAL
2026-01-01 13:54:20,1.8450883070209976,0.002633389497285945,8.04221124003355,0,NORMAL
2026-01-01 13:54:30,2.7223396223016145,0.009845042690318962,7.211186966533373,0,NORMAL
2026-01-01 13:54:40,1.573603709646819,0.012225701746820654,1.9467553481117084,0,NORMAL
2026-01-01 13:54:50,1.5211234142911159,0.013686275813775812,2.30613814846162,0,NORMAL
2026-01-01 13:55:00,2.3133208958300853,0.017431662071438446,6.717143146710885,0,NORMAL
2026-01-01 13:55:10,2.108968744048616,0.012406162427878238,2.2070530648580213,0,NORMAL
2026-01-01 13:55:20,1.9970302968727662,0.0021868853895223362,2.0854439758302177,0,NORMAL
2026-01-01 13:55:30,2.080506309450017,0.01724506245229043,8.539876808938837,0,NORMAL
2026-01-01 13:55:40,1.7690089435952925,0.02093636726518398,5.635316295709662,0,NORMAL
2026-01-01 13:55:50,2.0380709623431947,0.01561652048774078,3.1977027899216246,0,NORMAL
2026-01-01 13:56:00,2.381614159351684,0.013521222964916365,2.018703215845366,0,NORMAL
2026-01-01 13:56:10,1.4391381533815397,0.018421817247843343,2.6254639200111125,0,NORMAL
2026-01-01 13:56:20,2.443625254839275,0.00745258988137298,1.7384720284433366,0,NORMAL
2026-01-01 13:56:30,2.5341311424744357,0.01503019917931702,7.403447465494743,0,NORMAL
2026-01-01 13:56:40,1.7401134127809283,0.011484407788809943,2.7176439745473377,0,NORMAL
2026-01-01 13:56:50,3.4484210346810715,0.009333095104762757,3.2146796681470873,0,NORMAL
2026-01-01 13:57:00,2.9433925655974384,0.0,0.18305346097337782,0,NORMAL
2026-01-01 13:57:10,1.1483610132535969,0.004024216936256572,4.770828908769182,0,NORMAL
2026-01-01 13:57:20,2.5098390415743927,0.012544526784025102,10.650410692618035,0,NORMAL
2026-01-01 13:57:30,2.3760686854578994,0.014693411414328013,3.959289885609657,0,NORMAL
2026-01-01 13:57:40,1.458844615537289,0.008959254439627315,4.419867531571738,0,NORMAL
2026-01-01 13:57:50,2.2574757828969103,0.013242029049157332,0.13523506799189855,0,NORMAL
2026-01-01 13:58:00,1.7647392186231432,0.008556508166670976,7.124957034706169,0,NORMAL
2026-01-01 13:58:10,2.447910440750461,0.009042752382117646,10.302381687319786,0,NORMAL
2026-01-01 13:58:20,1.5144077751285256,0.0065980280480628685,11.819394315194238,0,NORMAL
2026-01-01 13:58:30,1.5051867346624186,0.009658352538827693,5.727164706374265,0,NORMAL
2026-01-01 13:58:40,2.9439414386964895,0.013046078573931905,7.468463652614841,0,NORMAL
2026-01-01 13:58:50,2.0194227694966322,0.01360617967884226,11.655603544509171,0,NORMAL
2026-01-01 13:59:00,2.3880151468045687,0.012904874422459913,6.664592186702565,0,NORMAL
2026-01-01 13:59:10,2.494096191490067,0.0076240428202543255,14.084501162769834,0,NORMAL
2026-01-01 13:59:20,1.9340721069684352,0.007794222739936591,3.5943100877588643,0,NORMAL
2026-01-01 13:59:30,1.791268409114647,0.00981139794881046,3.999345550438911,0,NORMAL
2026-01-01 13:59:40,2.2556343913526984,0.006640001463458918,8.862099131170623,0,NORMAL
2026-01-01 13:59:50,2.8943544401887458,0.00725570497803217,0.0,0,NORMAL
2026-01-01 14:00:00,2.0793137582876975,0.011312438277435336,3.0919041281642405,0,NORMAL
2026-01-01 14:00:10,2.214247609689405,0.0073964065657890835,8.774866094647033,0,NORMAL
2026-01-01 14:00:20,1.9089220214142204,0.009221757774363596,5.227331744996807,0,NORMAL
2026-01-01 14:00:30,2.1740975033431713,0.005343789149855001,11.390697014637784,0,NORMAL
2026-01-01 14:00:40,1.751384501580842,0.012513915468840502,0.0,0,NORMAL
2026-01-01 14:00:50,2.1852630667785182,0.011138319476632273,0.0,0,NORMAL
2026-01-01 14:01:00,2.49617603518879,0.012065131398242945,0.0,0,NORMAL
2026-01-01 14:01:10,2.720998565488578,0.007230835928493831,6.456958678099016,0,NORMAL
2026-01-01 14:01:20,2.4735852773504825,0.01586522928977702,4.245242339231975,0,NORMAL
2026-01-01 14:01:30,2.233207330520836,0.011606925994328847,5.470977691513555,0,NORMAL
2026-01-01 14:01:40,2.9915733760162913,0.011581980051312224,5.325549487306937,0,NORMAL
2026-01-01 14:01:50,1.9728853487949545,0.013923055978458809,6.942551242233684,0,NORMAL
2026-01-01 14:02:00,1.9149611822221675,0.020700005074525085,0.038267438733835535,0,NORMAL
2026-01-01 14:02:10,1.089428036676792,0.00014363196706150829,9.256370084158725,0,NORMAL
2026-01-01 14:02:20,2.16622215923874,0.011240270551841706,2.92966332598831,0,NORMAL
2026-01-01 14:02:30,2.34083312972582,0.008147555658927844,7.785711041548701,0,NORMAL
2026-01-01 14:02:40,2.5634448599853665,0.005633028895274229,3.678620372039706,0,NORMAL
2026-01-01 14:02:50,1.9487087218527208,0.001886314527043279,6.537036508359928,0,NORMAL
2026-01-01 14:03:00,3.1666407615727263,0.020740660643130345,5.555135267830469,0,NORMAL
2026-01-01 14:03:10,2.447282750892436,0.010283797533457161,3.2557655405254113,0,NORMAL
2026-01-01 14:03:20,1.4720070999150592,0.017154627276313717,2.6351362747238256,0,NORMAL
2026-01-01 14:03:30,2.201471485882988,0.014204973710342203,8.152687719023215,0,NORMAL
2026-01-01 14:03:40,1.9975423179702836,0.0053081218344597095,5.993412438384564,0,NORMAL
2026-01-01 14:03:50,2.6727151282498935,0.011415417185800738,8.142923700573945,0,NORMAL
2026-01-01 14:04:00,2.0280591674504027,0.01229950669677577,4.5667396451795215,0,NORMAL
2026-01-01 14:04:10,1.5876974383800864,0.012183867361341612,0.0,0,NORMAL
2026-01-01 14:04:20,2.162983578814312,0.01381290096173335,10.32637512917635,0,NORMAL
2026-01-01 14:04:30,1.733220670938343,0.0029977275008768144,6.776943426629522,0,NORMAL
2026-01-01 14:04:40,1.1284511180886452,0.015418798522191983,5.905676574103903,0,NORMAL
2026-01-01 14:04:50,1.5817954454950984,0.013310288037165411,5.555008985665894,0,NORMAL
2026-01-01 14:05:00,2.079749584368958,0.009345122403583222,2.7773946755562555,0,NORMAL
2026-01-01 14:05:10,1.731012014212729,0.01679452932392076,2.513175701284925,0,NORMAL
2026-01-01 14:05:20,2.6555071825284533,0.014054045665807792,5.0012281113733925,0,NORMAL
2026-01-01 14:05:30,1.3424882830005527,0.010550148956904516,12.965771013448144,0,NORMAL
2026-01-01 14:05:40,1.6162299856142532,0.01619437959682421,0.347545242428577,0,NORMAL
2026-01-01 14:05:50,1.5025801909138738,0.010676879563111667,6.215157602827102,0,NORMAL
2026-01-01 14:06:00,2.08569300140592,0.015060318843190717,5.932390482422198,0,NORMAL
2026-01-01 14:06:10,2.6933277139239045,0.014609360416985833,5.828753991884658,0,NORMAL
2026-01-01 14:06:20,2.0114896507920754,0.0012332328350500976,2.454296082197357,0,NORMAL
2026-01-01 14:06:30,1.9038330694946979,0.019277125961739618,7.303678918614352,0,NORMAL
2026-01-01 14:06:40,2.6283880417339223,0.014823721512380457,0.0,0,NORMAL
2026-01-01 14:06:50,3.1595909862650844,0.013996551733856562,2.8395561062456767,0,NORMAL
2026-01-01 14:07:00,2.1997748228347924,0.007908070132094994,2.0001867500897115,0,NORMAL
2026-01-01 14:07:10,1.034452533299319,0.015272125903296869,1.2850892463201355,0,NORMAL
2026-01-01 14:07:20,1.3731394639643737,0.0,10.718062425985027,0,NORMAL
2026-01-01 14:07:30,2.274900017028378,0.00934713318051543,8.143631125562239,0,NORMAL
2026-01-01 14:07:40,2.1899900173044795,0.009187064781911159,8.735552844358667,0,NORMAL
2026-01-01 14:07:50,0.9351483094835804,0.014188645389350746,7.573769851831891,0,NORMAL
2026-01-01 14:08:00,2.259605510779538,0.0040519788779118885,0.968647224224358,0,NORMAL
2026-01-01 14:08:10,2.322523371716911,0.010325354229397541,6.751762958303344,0,NORMAL
2026-01-01 14:08:20,1.3292408627383558,0.010012415597117323,4.816169347039662,0,NORMAL
2026-01-01 14:08:30,2.819704022361837,0.008293524424565431,9.454355558279051,0,NORMAL
2026-01-01 14:08:40,2.0888308749881443,0.005772510062630291,4.388841743516592,0,NORMAL
2026-01-01 14:08:50,2.281904896379859,0.0110673385421246,3.789268544259574,0,NORMAL
2026-01-01 14:09:00,1.7290743804408493,0.0045932402016892904,3.774431825972882,0,NORMAL
2026-01-01 14:09:10,2.857518854027493,0.008649123804689653,5.3546251453121805,0,NORMAL
2026-01-01 14:09:20,3.1792870783122975,0.00048214955819953723,4.565229901920913,0,NORMAL
2026-01-01 14:09:30,2.1013492273132224,0.0042221256884785565,8.71904497651669,0,NORMAL
2026-01-01 14:09:40,2.7665615292828214,0.006517396384705841,7.174262679603174,0,NORMAL
2026-01-01 14:09:50,1.4525069332099618,0.013723495567609836,9.054833060933797,0,NORMAL
2026-01-01 14:10:00,2.038311707595447,0.006261973297082765,9.408431324144425,0,NORMAL
2026-01-01 14:10:10,1.5420610938212747,0.005093711831824476,7.650471833027416,0,NORMAL
2026-01-01 14:10:20,1.9260186236991366,0.008216132714220588,6.930333005596611,0,NORMAL
2026-01-01 14:10:30,1.5532264944281757,0.014479276284245267,5.026351507432036,0,NORMAL
2026-01-01 14:10:40,1.8646439588887642,0.018470374760356612,4.0269424325837235,0,NORMAL
2026-01-01 14:10:50,2.341346771475037,0.011285795072532618,4.902741765573067,0,NORMAL
2026-01-01 14:11:00,1.1931360116835519,0.0033615932163784668,7.063329279088667,0,NORMAL
2026-01-01 14:11:10,1.3844987654610033,0.003009435910144581,2.5638114368455716,0,NORMAL
2026-01-01 14:11:20,1.8078810691978562,0.008686579387032517,8.115453244503314,0,NORMAL
2026-01-01 14:11:30,2.3182166117790906,0.00017952029976594507,0.0,0,NORMAL
2026-01-01 14:11:40,2.88699222849713,0.01099788685500802,4.647916822601743,0,NORMAL
2026-01-01 14:11:50,1.8201027050137846,0.013043040800307734,7.040625911758383,0,NORMAL
2026-01-01 14:12:00,1.980113752381518,0.0004102290118195462,0.48077813931783164,0,NORMAL
2026-01-01 14:12:10,1.7766603803768577,0.007750076870394412,5.446573441678085,0,NORMAL
2026-01-01 14:12:20,1.7050595608216572,0.009744976187878967,7.9238493994330845,0,NORMAL
2026-01-01 14:12:30,2.078054169569607,0.01437197335138323,0.5444380210166941,0,NORMAL
2026-01-01 14:12:40,1.7705148886938507,0.012802882703582402,1.6062822248747917,0,NORMAL
2026-01-01 14:12:50,2.4014846904855958,0.005055953511168367,5.52893604521697,0,NORMAL
2026-01-01 14:13:00,1.9040223565675976,0.017979624005275086,3.056744568551315,0,NORMAL
2026-01-01 14:13:10,2.311434454985837,0.004980782243424948,3.73758732748924,0,NORMAL
2026-01-01 14:13:20,2.545217871952698,0.011744279055990915,7.285112234815801,0,NORMAL
2026-01-01 14:13:30,2.3781246385684036,0.010281169167458888,5.211000226079508,0,NORMAL
2026-01-01 14:13:40,1.6341503434138904,0.012872962787893622,8.129618610431507,0,NORMAL
2026-01-01 14:13:50,2.2288146612844533,0.011554311145425517,6.647199975632224,0,NORMAL
2026-01-01 14:14:00,2.359249950050793,0.017147418198529406,5.396410794042919,0,NORMAL
2026-01-01 14:14:10,1.9079219098582791,0.007644281065932393,11.160566893991533,0,NORMAL
2026-01-01 14:14:20,2.750593368468965,0.004641326019422774,2.3148644735421042,0,NORMAL
2026-01-01 14:14:30,1.9316763916034125,0.01893931919962649,6.316223223590491,0,NORMAL
2026-01-01 14:14:40,1.7453073944061275,0.013367765901772105,0.0,0,NORMAL
2026-01-01 14:14:50,1.696099205642961,0.004080750683412721,7.818103187001831,0,NORMAL
2026-01-01 14:15:00,2.148148130164677,4.956418619105341e-05,3.4501851586888357,0,NORMAL
2026-01-01 14:15:10,2.3695553836969614,0.014143616612567638,9.208995360595416,0,NORMAL
2026-01-01 14:15:20,1.9043623425572738,0.007009747198001207,0.0,0,NORMAL
2026-01-01 14:15:30,2.5265818700062037,0.021488993305614792,6.2949758745967,0,NORMAL
2026-01-01 14:15:40,2.9800430701537017,0.01328590177392538,4.8114327721606145,0,NORMAL
2026-01-01 14:15:50,1.599682822404119,0.011248788728314177,4.561882984858514,0,NORMAL
2026-01-01 14:16:00,2.3511582327996257,0.015074478910450408,7.642661219779998,0,NORMAL
2026-01-01 14:16:10,2.7161227934491365,0.01849612570981053,4.530236895371534,0,NORMAL
2026-01-01 14:16:20,1.7305486220466006,0.003832757967271967,2.1469453975935253,0,NORMAL
2026-01-01 14:16:30,1.3878497356364412,0.004645422035399764,5.32597957135169,0,NORMAL
2026-01-01 14:16:40,2.3042521341201594,0.0073071680442717635,2.7044249461245236,0,NORMAL
2026-01-01 14:16:50,2.213169546113026,0.013333686442151382,2.824942978924507,0,NORMAL
2026-01-01 14:17:00,1.6731591418016283,0.0040613201566114645,3.166643646412039,0,NORMAL
2026-01-01 14:17:10,2.2735109510670317,0.010176846818255656,5.69246965181198,0,NORMAL
2026-01-01 14:17:20,2.181607908051804,0.000271165157876575,1.8996508800264724,0,NORMAL
2026-01-01 14:17:30,1.9254102126236012,0.011076660107082845,4.969918956652136,0,NORMAL
2026-01-01 14:17:40,2.3025186219144858,0.011978596086195288,0.0,0,NORMAL
2026-01-01 14:17:50,1.8673662944274394,0.0057993157863382725,5.20490959916832,0,NORMAL
2026-01-01 14:18:00,2.2903644028621875,0.009866152713146824,8.239271389145918,0,NORMAL
2026-01-01 14:18:10,0.7525685775317055,0.013580828315773678,10.89446290216229,0,NORMAL
2026-01-01 14:18:20,1.7795140405533463,0.0054223028024289665,3.5856714314501437,0,NORMAL
2026-01-01 14:18:30,2.036904638208501,0.012919357815338104,0.0,0,NORMAL
2026-01-01 14:18:40,1.4324045638711196,0.017137384438425735,4.289529996272054,0,NORMAL
2026-01-01 14:18:50,1.8776015304871352,0.016925874890808355,6.339974558772916,0,NORMAL
2026-01-01 14:19:00,1.6985610069622896,0.004509157294701961,1.760393922512745,0,NORMAL
2026-01-01 14:19:10,2.024947494092986,0.010292267270252304,0.0,0,NORMAL
2026-01-01 14:19:20,1.3511104420610789,0.007861937201285089,10.108806205870037,0,NORMAL
2026-01-01 14:19:30,1.3443252061257707,0.009572933280042375,5.418110013914238,0,NORMAL
2026-01-01 14:19:40,1.4403282952113905,0.014639287816861734,5.778453487377337,0,NORMAL
2026-01-01 14:19:50,1.4970422934057632,0.0,6.579052382499003,0,NORMAL
2026-01-01 14:20:00,1.4307132161583402,0.006112903946058412,4.898221159171815,0,NORMAL
2026-01-01 14:20:10,1.9584669987094319,0.007108442545831264,7.706358987265063,0,NORMAL
2026-01-01 14:20:20,2.935344184266256,0.013620872084559804,7.603258401815717,0,NORMAL
2026-01-01 14:20:30,2.428480693652397,0.020425179539505768,4.394176559994955,0,NORMAL
2026-01-01 14:20:40,1.1962214484362024,0.012724550268626265,0.8494545789435621,0,NORMAL
2026-01-01 14:20:50,2.630319140348002,0.01559189978964777,2.9441734614900548,0,NORMAL
2026-01-01 14:21:00,2.3321596301721264,0.012984288418541653,13.725590341631797,0,NORMAL
2026-01-01 14:21:10,1.942423320594868,0.0160301620058223,2.3078303056762657,0,NORMAL
2026-01-01 14:21:20,1.4432409231051757,0.009708983012559985,9.536065251397508,0,NORMAL
2026-01-01 14:21:30,2.8068091565425197,0.011436455111419394,5.9497499876239965,0,NORMAL
2026-01-01 14:21:40,1.51488758506826,0.01803150106805088,4.721063259861291,0,NORMAL
2026-01-01 14:21:50,1.8334645593244752,0.01690831274598117,4.1698270859969,0,NORMAL
2026-01-01 14:22:00,2.8399550363876704,0.018727822573178916,2.792317610431628,0,NORMAL
2026-01-01 14:22:10,2.1594708755871155,0.009007700687816436,0.3024240114731116,0,NORMAL
2026-01-01 14:22:20,2.363966592037459,0.007010645897090481,4.890399333697303,0,NORMAL
2026-01-01 14:22:30,2.0007754026050293,0.011525160817985157,6.047880083977654,0,NORMAL
2026-01-01 14:22:40,1.9233639500232274,0.0021483729872760304,0.0,0,NORMAL
2026-01-01 14:22:50,2.0647003798803927,0.0,7.788075073817912,0,NORMAL
2026-01-01 14:23:00,2.670715771314502,0.012612127538147975,5.1355003886031065,0,NORMAL
2026-01-01 14:23:10,2.0209322181383227,0.013890291484909284,7.961461000843168,0,NORMAL
2026-01-01 14:23:20,2.332943732865065,0.008901851619512954,1.5102070102666965,0,NORMAL
2026-01-01 14:23:30,1.3613826216842053,0.0012774227290469164,5.80407212823164,0,NORMAL
2026-01-01 14:23:40,2.2658874038190953,0.018962654818280116,5.05304208456994,0,NORMAL
2026-01-01 14:23:50,2.183511131883349,0.004063984562748575,2.540310156997475,0,NORMAL
2026-01-01 14:24:00,2.06802769128175,0.015388360402955657,8.607853355726597,0,NORMAL
2026-01-01 14:24:10,2.6034276165229384,0.010416038420456089,2.7895791084198,0,NORMAL
2026-01-01 14:24:20,2.7575987907150057,0.009491873251056066,2.360743450558682,0,NORMAL
2026-01-01 14:24:30,2.533177146256702,0.016656775149506906,4.820054598135947,0,NORMAL
2026-01-01 14:24:40,2.0855596421010354,0.011431181975102287,7.296086855334167,0,NORMAL
2026-01-01 14:24:50,2.1253990760950088,0.019721240687549702,8.972481305461505,0,NORMAL
2026-01-01 14:25:00,2.123863457759802,0.0,7.801316607991003,0,NORMAL
2026-01-01 14:25:10,2.474926552031613,0.00960202343320983,5.14752144382926,0,NORMAL
2026-01-01 14:25:20,1.5064866475050724,0.011506013893080869,7.282590721851718,0,NORMAL
2026-01-01 14:25:30,1.1953776588954068,0.009894234471037384,2.6740857368854454,0,NORMAL
2026-01-01 14:25:40,2.571085726592943,0.017894114744400585,11.04312602663095,0,NORMAL
2026-01-01 14:25:50,1.2513368424626732,0.015832219241887956,9.796326598457872,0,NORMAL
2026-01-01 14:26:00,0.9712238245853697,0.010995747402884991,4.247587235061043,0,NORMAL
2026-01-01 14:26:10,2.745069547825115,0.004599899384525462,4.500950929411265,0,NORMAL
2026-01-01 14:26:20,1.6988072532258318,0.01321433390113609,1.3054381571792621,0,NORMAL
2026-01-01 14:26:30,1.152965332367101,0.009998259693957103,4.552984054425306,0,NORMAL
2026-01-01 14:26:40,2.5481194665787603,0.0037065327967783835,5.058773917910784,0,NORMAL
2026-01-01 14:26:50,1.9702717670703438,0.003620326619567471,0.3615963010362373,0,NORMAL
2026-01-01 14:27:00,1.8377341243739285,0.014223250417388053,9.505319301685256,0,NORMAL
2026-01-01 14:27:10,1.901422116970663,0.0057523702655925876,2.988547881376356,0,NORMAL
2026-01-01 14:27:20,1.9850725186311102,0.01573470613562826,5.797417259034514,0,NORMAL
2026-01-01 14:27:30,2.176022600048052,0.011552074721132911,4.884349309809347,0,NORMAL
2026-01-01 14:27:40,1.7191192461026443,0.006662402693709175,7.393435058677107,0,NORMAL
2026-01-01 14:27:50,2.104976044955683,0.008146916128538162,5.1326164712062035,0,NORMAL
2026-01-01 14:28:00,1.9971941115511769,0.017428559187828815,10.096921354651904,0,NORMAL
2026-01-01 14:28:10,0.7963685186873484,0.0,5.01432379329743,0,NORMAL
2026-01-01 14:28:20,1.271612039898697,0.011031749204411462,0.6426828611941757,0,NORMAL
2026-01-01 14:28:30,1.4874986153786107,0.011323424441723464,1.2372495739111735,0,NORMAL
2026-01-01 14:28:40,1.8853066753997072,0.019430651930776043,1.6655273567594993,0,NORMAL
2026-01-01 14:28:50,2.2091189787426835,0.00510953273407581,1.4655952095634694,0,NORMAL
2026-01-01 14:29:00,2.913506130523121,0.012511179588272425,5.61442593724942,0,NORMAL
2026-01-01 14:29:10,1.3831992772323314,0.013114258322030786,0.9471809801358864,0,NORMAL
2026-01-01 14:29:20,2.132778204126602,0.005329441343998096,8.260620603652658,0,NORMAL
2026-01-01 14:29:30,2.2597372692776907,0.004711553085003149,2.565913069217449,0,NORMAL
2026-01-01 14:29:40,2.502882534238531,0.007894210603416864,5.690037839564835,0,NORMAL
2026-01-01 14:29:50,1.893292268813014,0.014521242402318639,2.7555789055514555,0,NORMAL
2026-01-01 14:30:00,2.159108441538718,0.010584616943827676,1.2701102517922669,0,NORMAL
2026-01-01 14:30:10,2.1208621749675842,0.00896721991039521,0.0,0,NORMAL
2026-01-01 14:30:20,2.3156644765182484,0.011838034883186407,3.291292808711367,0,NORMAL
2026-01-01 14:30:30,2.281111171619709,0.01361868958875149,4.717749945515018,0,NORMAL
2026-01-01 14:30:40,0.5194651488811504,0.016000450041452344,2.977636081658426,0,NORMAL
2026-01-01 14:30:50,1.8589005437936477,0.007099073715432681,7.440518025766615,0,NORMAL
2026-01-01 14:31:00,2.1342005558418893,0.009335012515059013,5.916565643886,0,NORMAL
2026-01-01 14:31:10,1.1778568684103827,0.0130729335340859,6.0615803075257215,0,NORMAL
2026-01-01 14:31:20,2.7252429877949074,0.017401143385406735,6.985941784256083,0,NORMAL
2026-01-01 14:31:30,1.7989135008852606,0.017255326904810547,6.270292124773955,0,NORMAL
2026-01-01 14:31:40,2.5578663346546535,0.023727832693520533,10.550040357718428,0,NORMAL
2026-01-01 14:31:50,1.4529035640145902,0.004573964950395647,6.356324894313285,0,NORMAL
2026-01-01 14:32:00,1.9401788870350913,0.013909881136504456,8.78728350305331,0,NORMAL
2026-01-01 14:32:10,2.0265077002173104,0.0011731057948097512,5.07865284385521,0,NORMAL
2026-01-01 14:32:20,1.7370783191016304,0.009048555091711215,11.58954308062503,0,NORMAL
2026-01-01 14:32:30,1.5908978321975553,0.013886796781718265,7.4578369687888815,0,NORMAL
2026-01-01 14:32:40,2.225029148494893,0.014122352055314901,5.204226563756283,0,NORMAL
2026-01-01 14:32:50,2.1264074043781624,0.006027349508025874,12.5163408903721,0,NORMAL
2026-01-01 14:33:00,1.834515097853118,0.008030735055010197,4.042679951008713,0,NORMAL
2026-01-01 14:33:10,2.5223577857531185,0.009110723005499593,7.162649097586058,0,NORMAL
2026-01-01 14:33:20,2.232442013868719,0.01224527740967628,2.032724878150611,0,NORMAL
2026-01-01 14:33:30,1.8145195947375032,0.003954653853950878,0.9015240143257897,0,NORMAL
2026-01-01 14:33:40,1.259981171328469,0.01637396338216426,6.25629694061646,0,NORMAL
2026-01-01 14:33:50,2.494924551700197,0.0025140318457731892,9.556625841626097,0,NORMAL
2026-01-01 14:34:00,2.0342936068077204,0.007206357721163754,2.6770744692944954,0,NORMAL
2026-01-01 14:34:10,1.5492350114525655,0.012282134541767756,3.560484871477546,0,NORMAL
2026-01-01 14:34:20,1.1464349782407004,0.010721254135975945,0.0,0,NORMAL
2026-01-01 14:34:30,2.802673837943314,0.0033941941346716463,2.405339589215431,0,NORMAL
2026-01-01 14:34:40,2.0898153227024143,0.0143614086218812,5.275031863688283,0,NORMAL
2026-01-01 14:34:50,1.591425639500529,0.0198859672264183,5.857014897080281,0,NORMAL
2026-01-01 14:35:00,1.868344967587047,0.02549317039692606,4.075675908101179,0,NORMAL
2026-01-01 14:35:10,1.0502520527130916,0.006724270036750358,6.003571379568643,0,NORMAL
2026-01-01 14:35:20,2.488051510318397,0.011111118423062715,12.30242886050355,0,NORMAL
2026-01-01 14:35:30,2.093355633698131,0.015000653925507253,6.3181099862771575,0,NORMAL
2026-01-01 14:35:40,2.4146218479732897,0.003142301330979307,4.098310866945516,0,NORMAL
2026-01-01 14:35:50,1.1284612954413324,0.00969370816094884,2.649328410464669,0,NORMAL
2026-01-01 14:36:00,2.164488153651517,0.01886570312410184,2.6208112315599905,0,NORMAL
2026-01-01 14:36:10,1.810757812111175,0.005891967801530973,6.280645768534746,0,NORMAL
2026-01-01 14:36:20,2.270107982375221,0.004336823225833083,4.7100165876273525,0,NORMAL
2026-01-01 14:36:30,2.04340537256053,0.012384356796025174,2.3552305269855314,0,NORMAL
2026-01-01 14:36:40,1.834168722976459,0.00947799159727182,3.4302509426278642,0,NORMAL
2026-01-01 14:36:50,1.5709700671131404,0.005443511203422898,3.2676586493401736,0,NORMAL
2026-01-01 14:37:00,1.7463218222467285,0.010407896607331026,0.6059295609302306,0,NORMAL
2026-01-01 14:37:10,1.3179011194140238,0.008113375226529268,4.426658758470535,0,NORMAL
2026-01-01 14:37:20,1.9166563490093278,0.0,9.123484689622071,0,NORMAL
2026-01-01 14:37:30,2.976393639585877,0.0033150704768043736,2.858199079596225,0,NORMAL
2026-01-01 14:37:40,2.4345105276058074,0.005499503306878829,5.393427599768956,0,NORMAL
2026-01-01 14:37:50,2.4792422953516144,0.014536713647946281,6.612801509735919,0,NORMAL
2026-01-01 14:38:00,2.1670644220758835,0.007961314445628698,5.442712904874075,0,NORMAL
2026-01-01 14:38:10,2.3238227132616447,0.014834423218525794,3.4028020756420885,0,NORMAL
2026-01-01 14:38:20,1.9771794817903925,0.00957476975152894,9.887203719223205,0,NORMAL
2026-01-01 14:38:30,1.4901139017280207,0.006710224748548722,0.2285180111757501,0,NORMAL
2026-01-01 14:38:40,1.5583464673870935,0.010059918538881921,5.200301382151794,0,NORMAL
2026-01-01 14:38:50,2.5442541027011725,0.01429817385337752,3.2768497753857986,0,NORMAL
2026-01-01 14:39:00,1.6965005502447739,0.008543868487509905,13.129837457624962,0,NORMAL
2026-01-01 14:39:10,1.974563771106904,0.0097461168083319,3.563381987341848,0,NORMAL
2026-01-01 14:39:20,2.4117752467639813,0.005164227951182263,5.738735531271068,0,NORMAL
2026-01-01 14:39:30,1.795028333451887,0.006731984590522576,3.441034843895612,0,NORMAL
2026-01-01 14:39:40,2.2295189503536905,0.004388220570145734,2.6500500300842145,0,NORMAL
2026-01-01 14:39:50,1.4757291683843503,0.014661298958247887,6.941845243702801,0,NORMAL
2026-01-01 14:40:00,1.8286844462632161,0.011488841141384218,8.79819579692668,0,NORMAL
2026-01-01 14:40:10,1.7217750283514524,0.009728035065256635,11.053348503435007,0,NORMAL
2026-01-01 14:40:20,2.3196770518725214,0.0055946690071191196,6.6367633157270545,0,NORMAL
2026-01-01 14:40:30,2.274061970334822,0.015941688227011343,0.0,0,NORMAL
2026-01-01 14:40:40,2.252963700345297,0.013662941113579347,5.022495557620565,0,NORMAL
2026-01-01 14:40:50,1.9720143220132489,0.015025727509646907,5.352315034092451,0,NORMAL
2026-01-01 14:41:00,2.2469514783036453,0.01647224002733081,9.10719183979561,0,NORMAL
2026-01-01 14:41:10,1.6767801132115885,0.005289456910872882,7.3164412518102315,0,NORMAL
2026-01-01 14:41:20,1.7881940628493131,0.010110710317468434,0.9072948165233898,0,NORMAL
2026-01-01 14:41:30,2.3466118157518645,0.008600677615197887,2.7283426635839145,0,NORMAL
2026-01-01 14:41:40,1.940404836265584,0.018442796450078097,3.3247587645391254,0,NORMAL
2026-01-01 14:41:50,1.5764156293609242,0.007744537670179618,3.820147407140608,0,NORMAL
2026-01-01 14:42:00,1.9977950629678047,0.01122790014884108,4.326916360474173,0,NORMAL
2026-01-01 14:42:10,2.70354761925912,0.010777929261260876,3.6432726128346453,0,NORMAL
2026-01-01 14:42:20,1.8725540527350548,0.002898687800636721,3.4110489407451055,0,NORMAL
2026-01-01 14:42:30,2.008054934581233,0.003950506130445112,10.92204747528126,0,NORMAL
2026-01-01 14:42:40,2.380134600972548,0.006650529611561109,12.690344882677937,0,NORMAL
2026-01-01 14:42:50,2.5659490124751256,0.0056843186339671165,1.6974158103519184,0,NORMAL
2026-01-01 14:43:00,2.1948567405331465,0.014787360242892587,3.847614777883011,0,NORMAL
2026-01-01 14:43:10,1.81681554919401,0.0039359741313358875,4.5129623428395185,0,NORMAL
2026-01-01 14:43:20,2.4306423772882,0.01259064159489304,0.0,0,NORMAL
2026-01-01 14:43:30,1.6782277977652893,0.01559853258980105,1.0669438062346606,0,NORMAL
2026-01-01 14:43:40,3.0463091454277986,0.006864723694901812,3.241789308490741,0,NORMAL
2026-01-01 14:43:50,1.6050338558901232,0.009411462489458634,4.74307111682575,0,NORMAL
2026-01-01 14:44:00,2.403325857525876,0.019396581167889684,0.4241098191455903,0,NORMAL
2026-01-01 14:44:10,1.5620437836366656,0.012499199789391879,4.994479722100777,0,NORMAL
2026-01-01 14:44:20,2.6542018508207925,0.015707940351620507,4.2721982534577405,0,NORMAL
2026-01-01 14:44:30,0.7984499918567844,0.006948031143648024,4.772704401118591,0,NORMAL
2026-01-01 14:44:40,1.6306874576415984,0.01188295207237245,8.067095534247208,0,NORMAL
2026-01-01 14:44:50,1.0928447996521802,0.010491560612034502,6.905657507537666,0,NORMAL
2026-01-01 14:45:00,1.4341252647764868,0.008597785459854117,7.971003376136856,0,NORMAL
2026-01-01 14:45:10,2.2388897010933793,0.004403008154475722,5.537554632547551,0,NORMAL
2026-01-01 14:45:20,2.8843043198771845,0.0077937265088628355,5.616191189980121,0,NORMAL
2026-01-01 14:45:30,1.598674834291519,0.01150679432784893,8.707461931804149,0,NORMAL
2026-01-01 14:45:40,1.8658985101048033,0.013855985826076446,5.682832589081587,0,NORMAL
2026-01-01 14:45:50,2.5612880435365613,0.011224961328807561,6.0421529302872425,0,NORMAL
2026-01-01 14:46:00,1.8677712930451602,0.0067851707653619284,12.281665720145828,0,NORMAL
2026-01-01 14:46:10,2.0742216564890703,0.013842522572015091,2.1425942933166366,0,NORMAL
2026-01-01 14:46:20,0.988759203818089,0.008339348077519302,1.556427459234294,0,NORMAL
2026-01-01 14:46:30,2.2748951614109165,0.015856166190220046,4.297518302839038,0,NORMAL
2026-01-01 14:46:40,1.4005958811042043,0.01346862917035355,8.227199644715753,0,NORMAL
2026-01-01 14:46:50,1.9072878729978084,0.011141559061055503,0.0,0,NORMAL
2026-01-01 14:47:00,1.9794127753649022,0.010358428403140049,7.7461318128136005,0,NORMAL
2026-01-01 14:47:10,1.394967070493249,0.011125338541843883,5.914922798712732,0,NORMAL
2026-01-01 14:47:20,2.487624341123719,0.011930173318147198,4.278902797017796,0,NORMAL
2026-01-01 14:47:30,2.1920229632445065,0.011572666146664475,1.2387912193279258,0,NORMAL
2026-01-01 14:47:40,2.095015496704074,0.005941298681396977,6.020892087385512,0,NORMAL
2026-01-01 14:47:50,2.1786859066476927,0.014345159891519736,5.517063903242868,0,NORMAL
2026-01-01 14:48:00,1.517570144809474,0.01198006695508529,3.437250674151006,0,NORMAL
2026-01-01 14:48:10,1.1246413920932368,0.010066031147300149,8.811742958723583,0,NORMAL
2026-01-01 14:48:20,2.70804241714956,0.006257497509122003,6.292955787714713,0,NORMAL
2026-01-01 14:48:30,2.328961484654645,0.005455940800439068,3.332839857053645,0,NORMAL
2026-01-01 14:48:40,3.0245872035049546,0.011450153364126395,3.147638144351275,0,NORMAL
2026-01-01 14:48:50,1.9176546205791705,0.009770256300184315,5.764134422293975,0,NORMAL
2026-01-01 14:49:00,1.5847115321167613,0.005529374491625316,5.300801090223234,0,NORMAL
2026-01-01 14:49:10,1.767267041051973,0.01192324389192953,3.283634595571422,0,NORMAL
2026-01-01 14:49:20,1.715366849571668,0.011069408732184318,2.3457724265456656,0,NORMAL
2026-01-01 14:49:30,1.9462475135328576,0.015242603418728035,6.900829152884503,0,NORMAL
2026-01-01 14:49:40,1.3383701055166703,0.005577989780424639,4.887235901211833,0,NORMAL
2026-01-01 14:49:50,1.2696823660632082,0.013432507518772193,0.0,0,NORMAL
2026-01-01 14:50:00,1.9183081233610593,0.006462423206643351,1.824400657729802,0,NORMAL
2026-01-01 14:50:10,2.199501748371763,0.01774104903157961,7.222772989543026,0,NORMAL
2026-01-01 14:50:20,1.8593954488909783,0.01462299765338487,6.914676140235856,0,NORMAL
2026-01-01 14:50:30,2.540862938310691,0.008822577625204638,6.499888452563305,0,NORMAL
2026-01-01 14:50:40,2.032965054584516,0.008558291274438669,5.646662550971035,0,NORMAL
2026-01-01 14:50:50,1.770579854330756,0.0059667173018385575,10.34332757521682,0,NORMAL
2026-01-01 14:51:00,2.105928109695902,0.018102398267308563,7.882796442396891,0,NORMAL
2026-01-01 14:51:10,2.1382484590578352,0.01952478148368679,4.257972436335174,0,NORMAL
2026-01-01 14:51:20,2.8229709851048437,0.0,9.205456928532747,0,NORMAL
2026-01-01 14:51:30,1.3166118544676735,0.015683032460238066,5.251125617534278,0,NORMAL
2026-01-01 14:51:40,2.4011823484824864,0.0058347462444760766,11.140389062867838,0,NORMAL
2026-01-01 14:51:50,1.1761891861131946,0.013183499063224345,1.8837260659828783,0,NORMAL
2026-01-01 14:52:00,0.8969054980130364,0.009958869972673945,8.182276662472486,0,NORMAL
2026-01-01 14:52:10,1.1904963606921561,0.006811442175980468,3.7488144569485256,0,NORMAL
2026-01-01 14:52:20,2.232412020069665,0.009680098367965477,4.044671233145986,0,NORMAL
2026-01-01 14:52:30,2.290994847487697,0.012906259948864176,3.75637812178689,0,NORMAL
2026-01-01 14:52:40,2.5354074476092032,0.012478874096230295,7.010314049999635,0,NORMAL
2026-01-01 14:52:50,1.0553830650482767,0.012711373646875529,7.515265618207651,0,NORMAL
2026-01-01 14:53:00,1.5400742336637507,0.0011054478900154041,5.616460803350113,0,NORMAL
2026-01-01 14:53:10,1.4579313794089792,0.017661488360012127,0.7205310203267576,0,NORMAL
2026-01-01 14:53:20,1.4986372090218714,0.013868431970874711,6.24597758816871,0,NORMAL
2026-01-01 14:53:30,1.6170478793873873,0.010210075578166446,0.0,0,NORMAL
2026-01-01 14:53:40,1.570892556633225,0.009180923617526388,2.747047478853301,0,NORMAL
2026-01-01 14:53:50,2.3324378038602447,0.019547670083962118,8.282124535393644,0,NORMAL
2026-01-01 14:54:00,1.8572671287449836,0.007072744280999572,4.809630699610188,0,NORMAL
2026-01-01 14:54:10,1.833482253549858,0.01288223099510519,3.01309388415192,0,NORMAL
2026-01-01 14:54:20,1.7978092400713184,0.004521257412868019,8.301532544377395,0,NORMAL
2026-01-01 14:54:30,2.2285928003998037,0.013309955132977455,0.18443471795617006,0,NORMAL
2026-01-01 14:54:40,2.258711211706071,0.0006209168573959234,0.42604064820500276,0,NORMAL
2026-01-01 14:54:50,2.479915871534101,0.005927167235072816,6.140288648940088,0,NORMAL
2026-01-01 14:55:00,2.168443260909512,0.013742529639132032,8.546720258398716,0,NORMAL
2026-01-01 14:55:10,2.448619621888979,0.012523891061793609,5.058181113302875,0,NORMAL
2026-01-01 14:55:20,2.9149667300191604,0.013585199031737388,7.445371885319099,0,NORMAL
2026-01-01 14:55:30,2.0447501475000722,0.014454309620945486,3.2845146636340563,0,NORMAL
2026-01-01 14:55:40,1.4961593895449763,0.005172759258765754,11.175179903684135,0,NORMAL
2026-01-01 14:55:50,1.224691484256815,0.012974584872509607,8.435850942541343,0,NORMAL
2026-01-01 14:56:00,1.4891833776520516,0.016373210516780392,5.177612383368805,0,NORMAL
2026-01-01 14:56:10,2.026538575042436,0.014349019890022857,9.148351066714978,0,NORMAL
2026-01-01 14:56:20,2.891970107622539,0.011262394621638262,0.7926389413264425,0,NORMAL
2026-01-01 14:56:30,1.7718857406774648,0.005329778107499895,4.5541730679189945,0,NORMAL
2026-01-01 14:56:40,2.9350260455530157,0.011985268653635354,0.9024876374484312,0,NORMAL
2026-01-01 14:56:50,2.0418319036716297,0.0055696592024629165,1.850202665983266,0,NORMAL
2026-01-01 14:57:00,1.4520799515238494,0.013585354266440041,4.494475111116872,0,NORMAL
2026-01-01 14:57:10,1.5855919550315476,0.0040792740859223,5.407885958784301,0,NORMAL
2026-01-01 14:57:20,1.8183832441113408,0.005944177609901218,6.071017377010484,0,NORMAL
2026-01-01 14:57:30,2.014437220497262,0.00778363610974739,6.335671564985726,0,NORMAL
2026-01-01 14:57:40,1.8165898750283018,0.01588224745358816,6.98654741613854,0,NORMAL
2026-01-01 14:57:50,2.0059190871542905,0.0029272945166923013,2.4319336856283655,0,NORMAL
2026-01-01 14:58:00,2.7913974207783836,0.0042395383439261455,1.4817193046667596,0,NORMAL
2026-01-01 14:58:10,2.544668802343317,0.008766137014827612,4.085597483632427,0,NORMAL
2026-01-01 14:58:20,1.9254237151105604,0.01364331871992654,1.366086173676669,0,NORMAL
2026-01-01 14:58:30,0.9789891348985875,0.022917009017278233,6.274253032213591,0,NORMAL
2026-01-01 14:58:40,2.133610719540104,0.007178295587679109,8.8977385423179,0,NORMAL
2026-01-01 14:58:50,2.1230189914037965,0.013077453608020302,4.8058524643070015,0,NORMAL
2026-01-01 14:59:00,2.487879392005118,0.0057831291298077025,1.4836476121188025,0,NORMAL
2026-01-01 14:59:10,1.999598332898306,0.0,6.331218935166229,0,NORMAL
2026-01-01 14:59:20,1.3486471768903043,0.0098663384504675,9.000883234680717,0,NORMAL
2026-01-01 14:59:30,1.9602842604047956,0.0017908839623906037,5.908661306508359,0,NORMAL
2026-01-01 14:59:40,2.1366033419387414,0.014023559826051524,6.018648751596779,0,NORMAL
2026-01-01 14:59:50,1.359142918954771,0.013747036409961826,12.318205002866243,0,NORMAL
2026-01-01 15:00:00,1.7121358073579007,0.007599599731007282,5.365340685004262,0,NORMAL
2026-01-01 15:00:10,1.4391084136925105,0.018464892186388734,3.95629983126276,0,NORMAL
2026-01-01 15:00:20,2.9070993541258283,0.0044204705255403666,7.624423181706523,0,NORMAL
2026-01-01 15:00:30,1.4780460509814475,0.008552318337923179,5.8973154813041635,0,NORMAL
2026-01-01 15:00:40,1.6988709938850324,0.0025615829831274273,6.239637115194972,0,NORMAL
2026-01-01 15:00:50,2.104482495644246,0.009262070120511034,2.246999787891909,0,NORMAL
2026-01-01 15:01:00,1.761655386306167,0.008377025616662623,5.563456184174646,0,NORMAL
2026-01-01 15:01:10,2.043724564058894,0.010266784403723986,5.330256226633514,0,NORMAL
2026-01-01 15:01:20,1.8763858509117175,0.0020409721120160486,4.229940326790217,0,NORMAL
2026-01-01 15:01:30,2.0814206852641703,0.01708072904707914,3.6482517482163446,0,NORMAL
2026-01-01 15:01:40,2.404153661891405,0.015857971142978787,8.777182834996797,0,NORMAL
2026-01-01 15:01:50,2.1685052449427196,0.011068302942248321,5.453862747021859,0,NORMAL
2026-01-01 15:02:00,2.3949755905994903,0.006165749433470744,3.05788355236505,0,NORMAL
2026-01-01 15:02:10,1.9817325348233337,0.01245970361605335,9.106678345520653,0,NORMAL
2026-01-01 15:02:20,2.0097230291105115,0.006339368421500628,2.9225022781429697,0,NORMAL
2026-01-01 15:02:30,1.7183539643456751,0.014460152168218141,0.830142925446858,0,NORMAL
2026-01-01 15:02:40,1.7271916845195796,0.00015267558916013836,10.515657942953267,0,NORMAL
2026-01-01 15:02:50,1.6649969916998755,0.010273183076470814,8.331945923083097,0,NORMAL
2026-01-01 15:03:00,2.254264888922047,0.008579502300192384,6.979832556004721,0,NORMAL
2026-01-01 15:03:10,2.4724768135224613,0.012301697252747986,0.0,0,NORMAL
2026-01-01 15:03:20,2.3042607157456847,0.007694700452903469,6.169962151296794,0,NORMAL
2026-01-01 15:03:30,2.366632809611986,0.0023531682373206,3.027801431864803,0,NORMAL
2026-01-01 15:03:40,2.045768116872518,0.0019438279148090442,3.86504552128577,0,NORMAL
2026-01-01 15:03:50,1.7431118162557795,0.011242224544003424,4.868623698463688,0,NORMAL
2026-01-01 15:04:00,2.6240489124486546,0.008400900831026435,4.5611948227850245,0,NORMAL
2026-01-01 15:04:10,2.091779302832327,0.01315788955178728,0.4298729632222298,0,NORMAL
2026-01-01 15:04:20,0.9564324935025033,0.012425411755639064,3.8028070870135027,0,NORMAL
2026-01-01 15:04:30,1.906784159411476,0.01756524054812828,9.188642682037136,0,NORMAL
2026-01-01 15:04:40,1.7709722821865712,0.016313544375278096,5.568559203615519,0,NORMAL
2026-01-01 15:04:50,1.935431476079252,0.010613410017957193,2.871567698464143,0,NORMAL
2026-01-01 15:05:00,1.1560516354138328,0.0017574880896091417,0.0,0,NORMAL
2026-01-01 15:05:10,2.1974566272218063,0.00490961035642607,2.6517323528470187,0,NORMAL
2026-01-01 15:05:20,1.760893900245749,0.015452825445912088,7.2125715956731,0,NORMAL
2026-01-01 15:05:30,2.611953651240177,0.007876119565337828,5.440480279392153,0,NORMAL
2026-01-01 15:05:40,1.072775534401662,0.00436388519640301,4.937693389694105,0,NORMAL
2026-01-01 15:05:50,2.5849046929792103,0.006768014260060167,5.615379073770099,0,NORMAL
2026-01-01 15:06:00,1.8129713851041425,0.00777817987787949,0.37579161868840094,0,NORMAL
2026-01-01 15:06:10,2.2307452573395388,0.015757429072582485,1.8613412049307947,0,NORMAL
2026-01-01 15:06:20,1.563135968295911,0.01196949182020372,7.155747320373283,0,NORMAL
2026-01-01 15:06:30,2.1967122696329593,0.003446091387708599,6.635067256986696,0,NORMAL
2026-01-01 15:06:40,1.3362215565395497,0.01664434258078247,13.55509471503616,0,NORMAL
2026-01-01 15:06:50,2.2438298957421936,0.005127987436232914,0.0,0,NORMAL
2026-01-01 15:07:00,1.583364757634343,0.01271344651086906,2.3117940228808376,0,NORMAL
2026-01-01 15:07:10,1.2159766091955289,0.009641508826484419,4.340305214913047,0,NORMAL
2026-01-01 15:07:20,2.1573698303665023,0.012488835492896555,5.475092909852702,0,NORMAL
2026-01-01 15:07:30,2.278713624236118,0.004013038944848681,4.3493785397297735,0,NORMAL
2026-01-01 15:07:40,1.8822588598896832,0.009333327934985213,0.0,0,NORMAL
2026-01-01 15:07:50,2.355986480115882,0.009086128873936809,7.458009191946984,0,NORMAL
2026-01-01 15:08:00,2.809929418931858,0.01208513315832601,4.827192235301143,0,NORMAL
2026-01-01 15:08:10,2.525517201247558,0.013452126102606047,7.362771079417906,0,NORMAL
2026-01-01 15:08:20,1.456921468230711,0.0008973183046806355,0.0,0,NORMAL
2026-01-01 15:08:30,0.9507559724794685,0.007567043173246499,0.5448536891468594,0,NORMAL
2026-01-01 15:08:40,1.6826348376756088,0.012056747838167962,6.877939923898036,0,NORMAL
2026-01-01 15:08:50,1.3933278128323476,0.0030234877004138207,0.5076294540294906,0,NORMAL
2026-01-01 15:09:00,2.583714338202794,0.005648043738966981,9.36556520420424,0,NORMAL
2026-01-01 15:09:10,1.7640866013002938,0.01210111400714138,3.9912366023743937,0,NORMAL
2026-01-01 15:09:20,1.4563186847018175,0.012598019744270017,1.4909889307280564,0,NORMAL
2026-01-01 15:09:30,2.533091024502478,0.010359809681516403,0.0,0,NORMAL
2026-01-01 15:09:40,2.1517840870011486,0.010435454256381076,8.172439668532657,0,NORMAL
2026-01-01 15:09:50,1.772869050204687,0.011514810110999148,10.823371606578991,0,NORMAL
2026-01-01 15:10:00,2.9988391059079182,0.009571209284691498,8.710336738112149,0,NORMAL
2026-01-01 15:10:10,2.2120457730859586,0.010276128238237219,13.053704197080307,0,NORMAL
2026-01-01 15:10:20,1.301260980574853,0.011754475953517144,0.04719689997279097,0,NORMAL
2026-01-01 15:10:30,1.2496302770797794,0.00848773687210013,4.975436562881872,0,NORMAL
2026-01-01 15:10:40,1.5812736968301817,0.01116772290119403,5.905960354292043,0,NORMAL
2026-01-01 15:10:50,2.535256002639519,0.01717977746374051,3.0012383687172384,0,NORMAL
2026-01-01 15:11:00,2.8265635327074543,0.0,0.6411792845331892,0,NORMAL
2026-01-01 15:11:10,1.9720472212032019,0.01391559718803069,8.512275408906284,0,NORMAL
2026-01-01 15:11:20,1.7166061761328617,0.0012038666480579452,8.290830920889638,0,NORMAL
2026-01-01 15:11:30,2.353164926439324,0.0042899988647097246,11.715191422668315,0,NORMAL
2026-01-01 15:11:40,2.6855561637786325,0.018219781383469108,9.44542830503727,0,NORMAL
2026-01-01 15:11:50,1.1594488811215746,0.0073347644639744376,4.74583440164176,0,NORMAL
2026-01-01 15:12:00,1.8120120933930624,0.010995800916367565,7.622826163165062,0,NORMAL
2026-01-01 15:12:10,2.324735783867977,0.012266588252556672,9.57997135281055,0,NORMAL
2026-01-01 15:12:20,2.4673707688349418,0.013119388526536267,5.941091660129209,0,NORMAL
2026-01-01 15:12:30,1.7892173127936633,0.002616161907858929,2.366859507495703,0,NORMAL
2026-01-01 15:12:40,2.184635966330657,0.009568694979057546,2.9491861558160677,0,NORMAL
2026-01-01 15:12:50,2.719049345521414,0.006695861536792695,3.050077573989362,0,NORMAL
2026-01-01 15:13:00,0.8089183025819384,0.012230564702074797,3.5022162120424967,0,NORMAL
2026-01-01 15:13:10,2.325394056331145,0.010719185743878326,1.1737870728036144,0,NORMAL
2026-01-01 15:13:20,2.7644224676415887,0.016417531590275123,10.005123208681631,0,NORMAL
2026-01-01 15:13:30,1.6728623071025936,0.007311207209089516,1.6462837730260664,0,NORMAL
2026-01-01 15:13:40,1.637388667501221,0.011452274952572662,4.9287383395207565,0,NORMAL
2026-01-01 15:13:50,1.4499007593184583,0.00637198224799956,10.916207075645596,0,NORMAL
2026-01-01 15:14:00,1.9753420601618668,0.0124901634474378,6.525173409153833,0,NORMAL
2026-01-01 15:14:10,2.3101341077944806,0.015134438475265317,4.100520161923246,0,NORMAL
2026-01-01 15:14:20,1.5406993902113189,0.008125288615224394,1.1306489203993273,0,NORMAL
2026-01-01 15:14:30,2.3162014079125353,0.00042170632075673177,3.315999697640222,0,NORMAL
2026-01-01 15:14:40,2.7142860176334076,0.011213140756925954,5.380029814741397,0,NORMAL
2026-01-01 15:14:50,2.62275292692308,0.0,2.917596662373391,0,NORMAL
2026-01-01 15:15:00,3.029935395814804,0.011059406738044458,5.799608546607948,0,NORMAL
2026-01-01 15:15:10,2.229837799407221,0.00793219313647273,6.282875120745535,0,NORMAL
2026-01-01 15:15:20,2.0936129676753175,0.011488057305403447,0.0,0,NORMAL
2026-01-01 15:15:30,2.5602692316753766,0.014949734585936346,5.3584411055826076,0,NORMAL
2026-01-01 15:15:40,1.4456819301540358,0.005293499917716688,9.967032132551429,0,NORMAL
2026-01-01 15:15:50,1.4628226363182162,0.0012641262973698574,1.2580307484993931,0,NORMAL
2026-01-01 15:16:00,1.7185738988966457,0.01054182285878902,6.229064093426886,0,NORMAL
2026-01-01 15:16:10,1.4118516036406819,0.019440205808500446,7.157289868475078,0,NORMAL
2026-01-01 15:16:20,2.3869796060475554,0.004355338764682273,3.1688389721503616,0,NORMAL
2026-01-01 15:16:30,2.0866631976790786,0.0031697254189313163,7.82274418643576,0,NORMAL
2026-01-01 15:16:40,1.7396728262579098,0.00790688777173498,9.98017193811934,0,NORMAL
2026-01-01 15:16:50,1.0018527217415625,0.005610309777243276,5.761328229227924,0,NORMAL
2026-01-01 15:17:00,1.4852806151012807,0.010921212680159848,3.80430944578642,0,NORMAL
2026-01-01 15:17:10,2.7316884571436466,0.010351412477965328,4.336343979024785,0,NORMAL
2026-01-01 15:17:20,2.9821548189778313,0.0036690421500228665,11.290050056101919,0,NORMAL
2026-01-01 15:17:30,2.882886590757077,0.019848313159183176,8.739608728508816,0,NORMAL
2026-01-01 15:17:40,2.1310323506629745,0.004618693630020299,8.670113402893364,0,NORMAL
2026-01-01 15:17:50,1.4008864978090219,0.009362691427002722,5.95828297930785,0,NORMAL
2026-01-01 15:18:00,1.660533972416906,0.010137339182013587,3.2204054849027557,0,NORMAL
2026-01-01 15:18:10,2.37803397140936,0.012688352434957273,7.686549676884894,0,NORMAL
2026-01-01 15:18:20,3.163463015701132,0.00698638774682552,3.0401677163795764,0,NORMAL
2026-01-01 15:18:30,2.398055549126786,0.0072171340035718946,5.403868480024448,0,NORMAL
2026-01-01 15:18:40,1.9989494339430758,0.009371628251068407,3.199045353529513,0,NORMAL
2026-01-01 15:18:50,2.0714530304607934,0.017111590263650993,4.13050065807759,0,NORMAL
2026-01-01 15:19:00,1.384102045625743,0.009457719603463836,1.7502011101799968,0,NORMAL
2026-01-01 15:19:10,1.2899528501263897,0.014868902063280181,3.5762800584385,0,NORMAL
2026-01-01 15:19:20,1.6604859944206605,0.0052065829096228115,5.74770754666262,0,NORMAL
2026-01-01 15:19:30,1.934102537402664,0.01184861820675133,9.190430328263338,0,NORMAL
2026-01-01 15:19:40,1.4762145427276603,0.011094543143354193,7.382950844156421,0,NORMAL
2026-01-01 15:19:50,2.85644657033371,0.011506198915126338,2.100304965405032,0,NORMAL
2026-01-01 15:20:00,1.5853938246168482,0.02100583893615888,2.3053430201150213,0,NORMAL
2026-01-01 15:20:10,1.897205482680357,0.013427747016965193,10.198170934075206,0,NORMAL
2026-01-01 15:20:20,1.567533362842964,0.008341178027096231,3.825362464512377,0,NORMAL
2026-01-01 15:20:30,1.4220868693762054,0.0029692432086033905,5.7884595448841685,0,NORMAL
2026-01-01 15:20:40,1.6043166584149469,0.01427960577092095,7.999014143642283,0,NORMAL
2026-01-01 15:20:50,2.8210889362536196,0.014864970720729606,6.4920288742557775,0,NORMAL
2026-01-01 15:21:00,2.2894140109855274,0.0073559379635036864,2.0998112053640687,0,NORMAL
2026-01-01 15:21:10,1.9990988816477264,9.920532447095676e-05,4.8388764856180995,0,NORMAL
2026-01-01 15:21:20,1.8806053892865153,0.015295140671993916,3.204292742239389,0,NORMAL
2026-01-01 15:21:30,2.6113160447988193,0.009996383651949707,0.9237194109622588,0,NORMAL
2026-01-01 15:21:40,2.1380459615564407,0.011589932175213197,3.857223227191987,0,NORMAL
2026-01-01 15:21:50,1.8564464629742665,0.003808425000660245,7.321582040932963,0,NORMAL
2026-01-01 15:22:00,2.2167828806405883,0.010712900767085183,4.508440512750201,0,NORMAL
2026-01-01 15:22:10,1.5174909141840902,0.010102833722586411,0.0,0,NORMAL
2026-01-01 15:22:20,1.7921872098614493,0.012565440008010301,4.875430661466269,0,NORMAL
2026-01-01 15:22:30,2.6699128514170614,0.005364588370270057,2.6257245574124437,0,NORMAL
2026-01-01 15:22:40,2.9729364012172823,0.01698370852235491,9.968014887788538,0,NORMAL
2026-01-01 15:22:50,1.4760606298858163,0.005624759901947825,3.133265955940904,0,NORMAL
2026-01-01 15:23:00,1.9040167763666667,0.011421715767232943,5.83929634130756,0,NORMAL
2026-01-01 15:23:10,2.0999099309523004,0.0069126337076126495,1.372491434833597,0,NORMAL
2026-01-01 15:23:20,1.9275807729207475,0.00738751988674525,6.88527484222686,0,NORMAL
2026-01-01 15:23:30,2.5099396592597367,0.004765096627550582,1.292985176120845,0,NORMAL
2026-01-01 15:23:40,1.4546235173400643,0.011969329654836679,6.616480318468825,0,NORMAL
2026-01-01 15:23:50,2.17779213389337,0.012267042311606207,2.775260525261566,0,NORMAL
2026-01-01 15:24:00,2.42867449029825,0.01022435234375526,8.34712881698127,0,NORMAL
2026-01-01 15:24:10,2.902814053140215,0.013903471988372237,9.448983596363071,0,NORMAL
2026-01-01 15:24:20,1.3544953221230673,0.01271552693343408,4.411721799647035,0,NORMAL
2026-01-01 15:24:30,1.9400709041102238,0.009246581755459513,5.89004672551179,0,NORMAL
2026-01-01 15:24:40,2.1526903348709148,0.0156733613684129,7.696765186406311,0,NORMAL
2026-01-01 15:24:50,1.8985145579316216,0.009500567667805541,7.698059440187569,0,NORMAL
2026-01-01 15:25:00,1.5133794778860912,0.014283951059652382,5.024750808568979,0,NORMAL
2026-01-01 15:25:10,1.2998682648262874,0.00869847284650276,7.809084468124045,0,NORMAL
2026-01-01 15:25:20,2.464010144254871,0.00864481159105971,7.810591121576308,0,NORMAL
2026-01-01 15:25:30,2.2889485253556234,0.016354922108408134,4.957551910195889,0,NORMAL
2026-01-01 15:25:40,2.6171007247209124,0.005180143821554645,0.3021883370357388,0,NORMAL
2026-01-01 15:25:50,1.548575466654239,0.007302606587757139,10.190006742496376,0,NORMAL
2026-01-01 15:26:00,1.7266914800538302,0.00026329048391311006,3.470750686396283,0,NORMAL
2026-01-01 15:26:10,2.8695778169309545,0.0058873407930084675,8.280780662318577,0,NORMAL
2026-01-01 15:26:20,2.456514391683834,0.005006737683129733,1.3697775823249458,0,NORMAL
2026-01-01 15:26:30,2.3933110068885717,0.005925429050802928,1.6476011813762657,0,NORMAL
2026-01-01 15:26:40,2.31338759666127,0.009125090214519235,4.4414798087460845,0,NORMAL
2026-01-01 15:26:50,1.0300345008518859,0.007442665678225874,3.398683533248045,0,NORMAL
2026-01-01 15:27:00,2.5768413884566326,0.014600948852359484,9.33310370446577,0,NORMAL
2026-01-01 15:27:10,1.144705263166867,0.020996900016463985,2.5815005290759725,0,NORMAL
2026-01-01 15:27:20,1.6632175062768877,0.006449356997066656,4.128901735646801,0,NORMAL
2026-01-01 15:27:30,2.1601446665701656,0.014836685316451367,1.452335582243813,0,NORMAL
2026-01-01 15:27:40,2.09452523931681,0.010937412607295792,8.639457857908683,0,NORMAL
2026-01-01 15:27:50,1.7802610301734447,0.006700908106848613,6.1878990569206955,0,NORMAL
2026-01-01 15:28:00,1.9882590376917657,0.008856389218942025,9.603851732507092,0,NORMAL
2026-01-01 15:28:10,1.947884979949998,0.006096417961550288,4.908731631159976,0,NORMAL
2026-01-01 15:28:20,2.273696984526177,0.0070369595050881395,1.7998154382798166,0,NORMAL
2026-01-01 15:28:30,2.2392782450148836,0.020005734762018987,6.265295023807485,0,NORMAL
2026-01-01 15:28:40,2.083538953463568,0.01301395903666692,3.9316520717029753,0,NORMAL
2026-01-01 15:28:50,2.2319622178977143,0.0041476705176712115,7.348312150276104,0,NORMAL
2026-01-01 15:29:00,2.1363110156653367,0.007163712064395427,0.0,0,NORMAL
2026-01-01 15:29:10,2.1517965342742857,0.011549614036480473,1.3127676535994477,0,NORMAL
2026-01-01 15:29:20,2.2270896771554667,0.004006302345339661,4.003770801999607,0,NORMAL
2026-01-01 15:29:30,1.9282830454605728,0.007918045263345181,2.2438771676473457,0,NORMAL
2026-01-01 15:29:40,1.9389628806201584,0.009372522227813372,7.8567212955552375,0,NORMAL
2026-01-01 15:29:50,2.5112525164735473,0.01467386791718471,0.0,0,NORMAL
2026-01-01 15:30:00,1.6856109659881737,0.011448795178200931,5.456454043781811,0,NORMAL
2026-01-01 15:30:10,1.4379909621649063,0.019990874692986185,5.824135983856473,0,NORMAL
2026-01-01 15:30:20,2.2826087985482353,0.0,7.495452089776643,0,NORMAL
2026-01-01 15:30:30,2.2473801977253114,0.003205750321703671,2.6432665689778103,0,NORMAL
2026-01-01 15:30:40,2.5498443074535664,0.008899314070506203,9.743106309247683,0,NORMAL
2026-01-01 15:30:50,2.0408650549266314,0.010186867271736903,5.699631244754217,0,NORMAL
2026-01-01 15:31:00,2.1119046795231187,0.0053186099991292405,7.538735184533957,0,NORMAL
2026-01-01 15:31:10,1.874177593177507,0.004904358661859405,4.080839525765011,0,NORMAL
2026-01-01 15:31:20,1.2684923122962823,0.013313558180166529,11.36654834029353,0,NORMAL
2026-01-01 15:31:30,1.9028471120971757,0.01164317875993548,2.6055760966645045,0,NORMAL
2026-01-01 15:31:40,2.3995535492349562,0.014107983040441231,1.3571410470765306,0,NORMAL
2026-01-01 15:31:50,2.1080283286638433,0.016547387784581112,0.0,0,NORMAL
2026-01-01 15:32:00,2.4999050780147454,0.008831243555092275,6.817748957477818,0,NORMAL
2026-01-01 15:32:10,2.3182860032018904,0.005756736515014512,6.861855892847946,0,NORMAL
2026-01-01 15:32:20,1.927234000406672,0.011122959865190643,2.6777096573731396,0,NORMAL
2026-01-01 15:32:30,3.172429130063138,0.01485531907677513,5.57693378426073,0,NORMAL
2026-01-01 15:32:40,2.814056331274573,0.012001568393857923,8.495500270715741,0,NORMAL
2026-01-01 15:32:50,1.7986219275231838,0.0019253359140234284,2.5487459005695197,0,NORMAL
2026-01-01 15:33:00,1.9644917875326966,0.008382026874757368,2.4458740471100757,0,NORMAL
2026-01-01 15:33:10,2.7584866668393615,0.0072995222717158696,0.0,0,NORMAL
2026-01-01 15:33:20,2.9897024042298015,0.006826646006400451,1.1073194851559924,0,NORMAL
2026-01-01 15:33:30,2.9005096577668272,0.002278050910359014,6.147316949374889,0,NORMAL
2026-01-01 15:33:40,1.3902090713620097,0.011487860599219184,7.629262294582055,0,NORMAL
2026-01-01 15:33:50,2.238754287812972,0.015753222370151518,6.240985362747496,0,NORMAL
2026-01-01 15:34:00,2.8234749981195333,0.011220714112467453,2.493791111971961,0,NORMAL
2026-01-01 15:34:10,2.020252713216025,0.005445538459484176,0.0,0,NORMAL
2026-01-01 15:34:20,2.836807542542711,0.015551478459606588,2.782458755000248,0,NORMAL
2026-01-01 15:34:30,2.013556307875054,0.006479726858657646,4.01940360781151,0,NORMAL
2026-01-01 15:34:40,2.2850709380320473,0.009405160926864038,3.959802951235834,0,NORMAL
2026-01-01 15:34:50,1.7956141413675155,0.013769108165624482,7.945144904481072,0,NORMAL
2026-01-01 15:35:00,1.799978792575493,0.010267282521008008,1.6406808827918031,0,NORMAL
2026-01-01 15:35:10,1.6788966976747646,0.008694620924415641,2.432368687976978,0,NORMAL
2026-01-01 15:35:20,2.026451481694408,0.00994860198105506,1.3034567747172636,0,NORMAL
2026-01-01 15:35:30,1.6243622364151689,0.009483345257309178,0.13486371322179136,0,NORMAL
2026-01-01 15:35:40,2.735307392846444,0.007853873355377449,7.43649825452444,0,NORMAL
2026-01-01 15:35:50,1.861830420554257,0.015011680990240065,2.4159860235357624,0,NORMAL
2026-01-01 15:36:00,2.173734255051194,0.009158903325376791,1.2175795113955759,0,NORMAL
2026-01-01 15:36:10,1.8910028725815229,0.00722324914053242,2.8219554748833695,0,NORMAL
2026-01-01 15:36:20,2.643308962442509,0.008800211125871493,2.9428766682395087,0,NORMAL
2026-01-01 15:36:30,2.1121505302245627,0.015151718626489247,6.928972132717347,0,NORMAL
2026-01-01 15:36:40,2.3863770321456963,0.006992157623790135,4.685262527407865,0,NORMAL
2026-01-01 15:36:50,2.140200937138556,0.011284016434818743,8.526253788941961,0,NORMAL
2026-01-01 15:37:00,2.7195316736019524,0.013215577136800346,3.662319985673573,0,NORMAL
2026-01-01 15:37:10,1.9696875980958217,0.008041008342436392,5.671433939428904,0,NORMAL
2026-01-01 15:37:20,1.121924823226626,0.007024381772711918,6.146240617734303,0,NORMAL
2026-01-01 15:37:30,2.2195330539230356,0.006377896382046529,0.9784323588530397,0,NORMAL
2026-01-01 15:37:40,2.1577956481482583,0.008832342069339544,4.067617800443132,0,NORMAL
2026-01-01 15:37:50,1.8949745307187522,0.010243685119805347,8.87484586507729,0,NORMAL
2026-01-01 15:38:00,1.8492289588286943,0.01592934310851216,5.2325268990488,0,NORMAL
2026-01-01 15:38:10,2.006888892332316,0.00980479259207608,6.0758773235410795,0,NORMAL
2026-01-01 15:38:20,2.059952707188045,0.014798961290438188,3.2325306135942187,0,NORMAL
2026-01-01 15:38:30,2.49294061477309,0.012225463447117902,7.961116076503887,0,NORMAL
2026-01-01 15:38:40,1.893946099387809,0.007724915709794897,10.36041719810425,0,NORMAL
2026-01-01 15:38:50,2.4185029113377694,0.014098660517415854,2.712412285986435,0,NORMAL
2026-01-01 15:39:00,1.1030701090488741,0.00756495521390821,2.953311388295081,0,NORMAL
2026-01-01 15:39:10,2.14974530652564,0.010787693946240361,3.590326822845261,0,NORMAL
2026-01-01 15:39:20,1.2640817634563923,0.011075719631407199,1.4627324127905748,0,NORMAL
2026-01-01 15:39:30,2.3906855950877492,0.010152284658184206,4.142426392315316,0,NORMAL
2026-01-01 15:39:40,3.2613233547412035,0.008227559318200137,6.827045810269669,0,NORMAL
2026-01-01 15:39:50,1.44610898070445,0.016789717002525444,0.0,0,NORMAL
2026-01-01 15:40:00,2.7455015628066386,0.013467386116706748,7.7091149019666,0,NORMAL
2026-01-01 15:40:10,1.6362582587503822,0.01468783207991284,5.161392223754152,0,NORMAL
2026-01-01 15:40:20,1.9905871578413221,0.004708959314149298,7.356105721578684,0,NORMAL
2026-01-01 15:40:30,2.433040803040604,0.013231680984826147,2.3771047876067453,0,NORMAL
2026-01-01 15:40:40,1.5961754699716941,0.00886645043447994,6.681702735189157,0,NORMAL
2026-01-01 15:40:50,2.0525585523548644,0.01363256491413261,0.548245687147811,0,NORMAL
2026-01-01 15:41:00,1.4809253582324204,0.022197172790594112,10.924447095727508,0,NORMAL
2026-01-01 15:41:10,2.553050625980886,0.01056548883740789,13.044975130018583,0,NORMAL
2026-01-01 15:41:20,1.8465118228624549,0.010395551450326425,1.0124762165017667,0,NORMAL
2026-01-01 15:41:30,1.7651103439686973,0.001935140393385323,4.581148865359559,0,NORMAL
2026-01-01 15:41:40,1.8066951098503197,0.01647959966993473,0.0,0,NORMAL
2026-01-01 15:41:50,1.552212506424585,0.0034418529239999486,0.0,0,NORMAL
2026-01-01 15:42:00,1.9069415296200087,0.003174304324064867,9.009544476020011,0,NORMAL
2026-01-01 15:42:10,0.9988171526030474,0.01319700426764793,1.264441476537557,0,NORMAL
2026-01-01 15:42:20,2.94236086982066,0.0038709129182308757,5.2026358362125436,0,NORMAL
2026-01-01 15:42:30,2.3659918119241468,0.014084623965733973,4.356485060506944,0,NORMAL
2026-01-01 15:42:40,2.0191807718767647,0.005306576753881502,1.2258498686606036,0,NORMAL
2026-01-01 15:42:50,1.203074037449115,0.008835013662044817,7.643272135364774,0,NORMAL
2026-01-01 15:43:00,2.279290635624189,0.016782931015233708,7.124495670867434,0,NORMAL
2026-01-01 15:43:10,2.1649948517440674,0.010744181361950517,1.3073270036732598,0,NORMAL
2026-01-01 15:43:20,1.503255514717361,0.005174784550960413,7.006696590014273,0,NORMAL
2026-01-01 15:43:30,2.0196622823490937,0.01395069708240725,5.386455048370901,0,NORMAL
2026-01-01 15:43:40,1.8723086452942124,0.005010399024160421,13.000101798611574,0,NORMAL
2026-01-01 15:43:50,0.6309043620174641,0.015575270277286588,2.040348113773608,0,NORMAL
2026-01-01 15:44:00,2.0804020274310147,0.016517160450957084,9.851872547511274,0,NORMAL
2026-01-01 15:44:10,2.378459477733626,0.010160981146624249,2.7941258847387584,0,NORMAL
2026-01-01 15:44:20,1.4075892181753895,0.006399909592667992,0.28425424132924126,0,NORMAL
2026-01-01 15:44:30,1.7955830594161992,0.010227927464541153,4.9100207114389605,0,NORMAL
2026-01-01 15:44:40,2.0294700795934126,0.004183947902095282,6.946314010116885,0,NORMAL
2026-01-01 15:44:50,1.5973611221581854,0.014843771641797185,3.0203261151890306,0,NORMAL
2026-01-01 15:45:00,1.7134131756505797,0.008502376056789551,0.8312384293607784,1,WATCH
2026-01-01 15:45:10,2.3771411441376826,0.009207602665820516,5.363944721497981,1,WATCH
2026-01-01 15:45:20,2.3930398261769827,0.005871542045349411,10.690753539542126,1,WATCH
2026-01-01 15:45:30,1.7070443332458827,0.010123385305484046,3.2776487492889523,1,WATCH
2026-01-01 15:45:40,1.5526387265680732,0.011692219167994507,5.451769307302324,1,WATCH
2026-01-01 15:45:50,2.107249825775143,0.011179310361250751,7.986725393400559,1,WATCH
2026-01-01 15:46:00,1.5503961227704326,0.009293175504755877,8.49211353075554,1,WATCH
2026-01-01 15:46:10,2.4280118672655173,0.008738178308339058,6.548968922890763,1,WATCH
2026-01-01 15:46:20,2.130891045393375,0.017449965804858775,1.0039412337547131,1,WATCH
2026-01-01 15:46:30,1.9899141988722564,0.018443727806489653,5.7282097988939364,1,WATCH
2026-01-01 15:46:40,2.316067601902775,0.01789136305900849,8.571138751843513,1,WATCH
2026-01-01 15:46:50,1.4804856969601066,0.007262862300936546,4.788031402175666,1,WATCH
2026-01-01 15:47:00,2.5457299882610376,0.004633235386939195,8.460447299942173,1,WATCH
2026-01-01 15:47:10,0.9977046195312477,0.014171772865390557,7.196657750315319,1,WATCH
2026-01-01 15:47:20,0.6589773332088492,0.01619588282096549,4.523026720946452,1,WATCH
2026-01-01 15:47:30,1.8326415383304528,0.017656589145500425,3.0754294761690657,1,WATCH
2026-01-01 15:47:40,1.8201841545903816,0.016880502667589916,6.158411469726803,1,WATCH
2026-01-01 15:47:50,1.621990556424589,0.003512957612743697,8.135486111282624,1,WATCH
2026-01-01 15:48:00,1.9115877573343716,0.003416967963586402,0.0,1,WATCH
2026-01-01 15:48:10,2.1275910858965426,0.007522066345537367,9.162424106267013,1,WATCH
2026-01-01 15:48:20,1.620896732161982,0.022203172495796543,5.553820613882472,1,WATCH
2026-01-01 15:48:30,2.594769487973283,0.012800248121887757,5.236546048034865,1,WATCH
2026-01-01 15:48:40,2.506549346253135,0.010245438216007235,11.878801197656909,1,WATCH
2026-01-01 15:48:50,1.8765381199284075,0.010384369122144826,13.705963614170935,1,WATCH
2026-01-01 15:49:00,2.3718976029060137,0.01062439436074582,8.522045570720545,1,WATCH
2026-01-01 15:49:10,2.2106300698933645,0.015972670013324985,5.0697018369221585,1,WATCH
2026-01-01 15:49:20,2.7497963659529625,0.0016000864010362282,0.0,1,WATCH
2026-01-01 15:49:30,1.50678058100377,0.014533801957851184,0.0,1,WATCH
2026-01-01 15:49:40,2.8104604935890145,0.00910281579226846,5.973504849838681,1,WATCH
2026-01-01 15:49:50,2.638581807810314,0.018021026948796117,4.9122495050880906,1,WATCH
2026-01-01 15:50:00,2.0628797449002123,0.004602653041292914,9.615854003991194,1,WATCH
2026-01-01 15:50:10,2.0410630150474782,0.005479335264608684,8.562785075446973,1,WATCH
2026-01-01 15:50:20,3.7440213916886926,0.016140423649383603,6.268311078526422,1,WATCH
2026-01-01 15:50:30,2.178602115631363,0.013877757427584134,1.740165605953996,1,WATCH
2026-01-01 15:50:40,3.201426334543453,0.011900872483578434,0.5083146558304075,1,WATCH
2026-01-01 15:50:50,2.7821808753023074,0.021689294183490124,8.698359595106217,1,WATCH
2026-01-01 15:51:00,2.7041001794607094,0.019710047401938557,4.086827568720433,1,WATCH
2026-01-01 15:51:10,3.0144471243729964,0.0173972625706462,1.6312648604976654,1,WATCH
2026-01-01 15:51:20,2.75711267514168,0.00038409350833009954,5.192910439443853,1,WATCH
2026-01-01 15:51:30,2.3835016329806304,0.004160799765336202,12.049234970591382,1,WATCH
2026-01-01 15:51:40,2.288838641488992,0.025465256568803215,9.306818981915765,1,WATCH
2026-01-01 15:51:50,2.1622827363609636,0.01257686593494803,14.827720242567553,1,WATCH
2026-01-01 15:52:00,1.8424295219590978,0.012071660129814749,0.0,1,WATCH
2026-01-01 15:52:10,2.312220514768829,0.008403035677875315,9.352105786956942,1,WATCH
2026-01-01 15:52:20,2.9667912969807637,0.015298928569809214,10.089591618874357,1,WATCH
2026-01-01 15:52:30,1.3329299066022307,0.015751442434317676,7.979164369058559,1,WATCH
2026-01-01 15:52:40,3.047823434916089,0.019597146344099845,13.134428848647486,1,WATCH
2026-01-01 15:52:50,4.001526088230201,0.0026599241082597407,8.265324473645492,1,WATCH
2026-01-01 15:53:00,2.552984348514034,0.014404230406299444,13.494130489737502,1,WATCH
2026-01-01 15:53:10,1.7474625295297639,0.01748378527528128,2.8484367653200113,1,WATCH
2026-01-01 15:53:20,3.56160285033478,0.013146681817437503,11.16740593959419,1,WATCH
2026-01-01 15:53:30,3.864808809512132,0.011075805636461386,3.9388084814939734,1,WATCH
2026-01-01 15:53:40,3.31743739767367,0.006819813845547523,12.5566618700564,1,WATCH
2026-01-01 15:53:50,2.497793488172362,0.014376989957600393,4.643592087216112,1,WATCH
2026-01-01 15:54:00,3.343346764149467,0.01432480448898207,6.449848026654648,1,WATCH
2026-01-01 15:54:10,3.9231146104158023,0.021541686496262643,9.851319103811111,1,WATCH
2026-01-01 15:54:20,1.4565929275532186,0.013094532859417684,17.225047583849108,1,WATCH
2026-01-01 15:54:30,3.6265626358370384,0.021632469147175988,5.661401481098568,1,WATCH
2026-01-01 15:54:40,3.583294538250646,0.01873477794809331,10.327618927735084,1,WATCH
2026-01-01 15:54:50,2.893196957963586,0.013650047311862796,12.871770836614198,1,WATCH
2026-01-01 15:55:00,1.809361496746831,0.02401781831222839,12.569090293142743,1,WATCH
2026-01-01 15:55:10,3.484538169262928,0.018383268794220038,19.61951334701585,1,WATCH
2026-01-01 15:55:20,3.636041115469726,0.013908127477131906,14.241225173215215,1,WATCH
2026-01-01 15:55:30,1.965010075361624,0.01329066999775722,3.8176643726892032,1,WATCH
2026-01-01 15:55:40,2.9281285786329647,0.002460902713116097,9.288897372090233,1,WATCH
2026-01-01 15:55:50,2.3641687343605136,0.018956388621793788,9.991278062935034,1,WATCH
2026-01-01 15:56:00,1.974438415510776,0.012175216551841124,12.067702303028979,1,WATCH
2026-01-01 15:56:10,4.343265360359018,0.005127088742103553,14.318227170659668,1,WATCH
2026-01-01 15:56:20,2.7342148386176808,0.007140771074849924,15.438431593187005,1,WATCH
2026-01-01 15:56:30,4.7736544986487175,0.013792433236889997,9.377710967294094,1,WATCH
2026-01-01 15:56:40,4.114811267342624,0.009258749264905938,6.855141361834164,1,WATCH
2026-01-01 15:56:50,2.2910147169131676,0.021625670907856057,18.394684970442245,1,WATCH
2026-01-01 15:57:00,4.218513831431139,0.018950090677543597,10.667464000217992,1,WATCH
2026-01-01 15:57:10,1.8271127151200122,0.011005898806138477,15.420065549537544,1,WATCH
2026-01-01 15:57:20,2.5419651300616284,0.017566387326659938,9.090714102358945,1,WATCH
2026-01-01 15:57:30,2.861569043194436,0.024331766449269817,1.3352730438061333,1,WATCH
2026-01-01 15:57:40,2.7536307715936856,0.014854522057562812,11.392804075793823,1,WATCH
2026-01-01 15:57:50,3.339127772700049,0.015401953462188079,6.937043454035597,1,WATCH
2026-01-01 15:58:00,2.639895453945542,0.006245781628850249,0.16170017558767213,1,WATCH
2026-01-01 15:58:10,2.3427558557899975,0.01886939920444622,10.324753808273977,1,WATCH
2026-01-01 15:58:20,3.5028521458615884,0.01497531595513037,7.3669890952061055,1,WATCH
2026-01-01 15:58:30,3.7185742270246025,0.00544109943800004,9.648809857694221,1,WATCH
2026-01-01 15:58:40,3.684982332131012,0.014138308598968995,17.52974300566432,1,WATCH
2026-01-01 15:58:50,3.961736655253754,0.014410906245065669,9.0131260641544,1,WATCH
2026-01-01 15:59:00,4.4954338782465655,0.020579810747152164,15.295426859547726,1,WATCH
2026-01-01 15:59:10,2.536593055815428,0.014737679254688699,0.0,1,WATCH
2026-01-01 15:59:20,3.0073126624352557,0.013441913757899765,16.757626418061484,1,WATCH
2026-01-01 15:59:30,4.745146168642134,0.008720146400925836,9.082082534283236,1,WATCH
2026-01-01 15:59:40,3.533506482290178,0.01406846224138544,11.091795939134268,1,WATCH
2026-01-01 15:59:50,3.2901190051434765,0.017692127010458598,12.886009043707697,1,WATCH
2026-01-01 16:00:00,2.426797163036593,0.015919484841349738,22.15612480555313,1,WATCH
2026-01-01 16:00:10,1.618488253853668,0.009466502784517368,19.946854174246795,1,WATCH
2026-01-01 16:00:20,4.161345278408244,0.012939407275152177,12.861060253760387,1,WATCH
2026-01-01 16:00:30,4.171958490359474,0.01903262632263577,2.693535456304468,1,WATCH
2026-01-01 16:00:40,4.449506465466585,0.021748218404841764,2.0000015203436488,1,WATCH
2026-01-01 16:00:50,3.6755947893512824,0.016137692897620626,10.103428490592858,1,WATCH
2026-01-01 16:01:00,3.2064386853602294,0.026228995871489455,16.640002868058975,1,WATCH
2026-01-01 16:01:10,3.159896803048703,0.016879217263856654,16.655244241097694,1,WATCH
2026-01-01 16:01:20,4.831044899401696,0.01599354906408856,14.888370381142776,1,WATCH
2026-01-01 16:01:30,2.7460583385521415,0.014660994242299583,9.30722363657415,1,WATCH
2026-01-01 16:01:40,4.462048356842494,0.007581165513605475,17.845386036506962,1,WATCH
2026-01-01 16:01:50,3.719226842263499,0.01863346481657997,12.996149509890898,1,WATCH
2026-01-01 16:02:00,4.3210716412163475,0.03279402037224698,10.313243698417377,1,WATCH
2026-01-01 16:02:10,2.520928066883159,0.007788207394988455,12.978203811802745,1,WATCH
2026-01-01 16:02:20,2.3862330756763295,0.02717674342505018,9.093510759829366,1,WATCH
2026-01-01 16:02:30,3.1096098137300134,0.0006493025365373493,2.4913157182046466,1,WATCH
2026-01-01 16:02:40,2.856330172910861,0.015246542527537613,16.828537772996025,1,WATCH
2026-01-01 16:02:50,3.590654899960274,0.01884392324566314,14.075961013618851,1,WATCH
2026-01-01 16:03:00,4.3077619337271456,0.020317964166790155,17.219800096969426,1,WATCH
2026-01-01 16:03:10,4.85921793783375,0.008252334225874475,12.061264843732971,1,WATCH
2026-01-01 16:03:20,2.2089286690199796,0.02371997399712136,17.65037072622295,1,WATCH
2026-01-01 16:03:30,2.4866383558360248,0.01911487300692881,14.525629529023208,1,WATCH
2026-01-01 16:03:40,1.3768594733210742,0.015187269163498255,12.80281673794631,1,WATCH
2026-01-01 16:03:50,3.359981761904621,0.0242369565905694,17.968383802690703,1,WATCH
2026-01-01 16:04:00,3.0842368272445797,0.01961451024653513,17.75195288675159,1,WATCH
2026-01-01 16:04:10,3.432999022394294,0.017742420094599934,15.802063363091271,1,WATCH
2026-01-01 16:04:20,3.9457882949268797,0.02104846130491143,3.6865937430959765,1,WATCH
2026-01-01 16:04:30,4.748283827272391,0.012104706337362907,16.86767330479363,1,WATCH
2026-01-01 16:04:40,3.9733026356315633,0.03075044358360114,3.5564220803937507,1,WATCH
2026-01-01 16:04:50,3.4514945545067603,0.02711135363463048,17.631325645077382,1,WATCH
2026-01-01 16:05:00,2.8466959075211227,0.015865153335900425,15.828020176070735,1,WATCH
2026-01-01 16:05:10,2.6710785856446173,0.02270895121146114,11.40343807576651,1,WATCH
2026-01-01 16:05:20,4.164021425700103,0.016000818302061823,17.20579995252412,1,WATCH
2026-01-01 16:05:30,3.2087501488933294,0.020001562641077705,24.07016327879292,1,WATCH
2026-01-01 16:05:40,2.9679070113650905,0.015452706122406694,21.82534777612199,1,WATCH
2026-01-01 16:05:50,3.3133587321829694,0.018274505077023544,25.504136369594093,1,WATCH
2026-01-01 16:06:00,3.420885374150683,0.014764919006671345,16.334711738132498,1,WATCH
2026-01-01 16:06:10,3.8474104574527743,0.021444438416082446,22.536400189485317,1,WATCH
2026-01-01 16:06:20,3.8887910694002334,0.03353544984846205,15.030267666057904,1,WATCH
2026-01-01 16:06:30,4.103593552522027,0.02950206189056781,6.971508456355638,1,WATCH
2026-01-01 16:06:40,4.5339966019146996,0.011642801820783906,11.388295871439462,1,WATCH
2026-01-01 16:06:50,3.252514821001505,0.018414647815376013,29.968282965344326,1,WATCH
2026-01-01 16:07:00,2.9654863021964113,0.015627788294327663,12.394288243492369,1,WATCH
2026-01-01 16:07:10,3.087036742769795,0.010695690315974619,9.870505567070401,1,WATCH
2026-01-01 16:07:20,4.29028058352123,0.022028370056996784,10.555698168916908,1,WATCH
2026-01-01 16:07:30,3.3364231866156695,0.01696367721695902,7.154210523556354,1,WATCH
2026-01-01 16:07:40,3.9620814581197825,0.025592507537792915,12.848934391262693,1,WATCH
2026-01-01 16:07:50,4.03885287513829,0.007900127658365832,9.6784600415882,1,WATCH
2026-01-01 16:08:00,5.139343292609106,0.0315490254272177,12.622602382357885,1,WATCH
2026-01-01 16:08:10,1.9299166183716134,0.02567079184289913,18.50300547908095,1,WATCH
2026-01-01 16:08:20,5.480450955852073,0.019067940601363447,13.253052782605446,1,WATCH
2026-01-01 16:08:30,3.4748745937619985,0.02798283319951198,17.827547401966072,1,WATCH
2026-01-01 16:08:40,6.352926048310415,0.018072555254183255,2.6904708952039895,1,WATCH
2026-01-01 16:08:50,3.440256323313721,0.027721763487105894,12.855937802839001,1,WATCH
2026-01-01 16:09:00,3.3455902097214825,0.02491105458482213,17.817459623114964,1,WATCH
2026-01-01 16:09:10,3.636749522799516,0.03317260763771746,8.800992660916458,1,WATCH
2026-01-01 16:09:20,5.58151875411722,0.025853281898362907,4.7078450368576625,1,WATCH
2026-01-01 16:09:30,3.5956903934491784,0.026332950821505982,5.356955659372438,1,WATCH
2026-01-01 16:09:40,3.1242906780724407,0.016393806923376004,21.99385573918516,1,WATCH
2026-01-01 16:09:50,2.727558750012392,0.02595189893823629,22.93551752327223,1,WATCH
2026-01-01 16:10:00,5.4933871948911825,0.02011344723666256,4.542744282783817,1,WATCH
2026-01-01 16:10:10,4.129011358089423,0.019611757322200114,11.16664804928793,1,WATCH
2026-01-01 16:10:20,4.6660532913726085,0.02118841645783507,26.49172538246516,1,WATCH
2026-01-01 16:10:30,1.1321448779035868,0.019078445981670515,21.923791288581953,1,WATCH
2026-01-01 16:10:40,3.242108518308429,0.020652955128365697,8.275934923702694,1,WATCH
2026-01-01 16:10:50,4.084487644828975,0.008958690713403265,22.463556221745126,1,WATCH
2026-01-01 16:11:00,3.8079945067333805,0.028909977487052266,25.534526106130333,1,WATCH
2026-01-01 16:11:10,3.7905414100263903,0.012026157936703056,10.09401432112947,1,WATCH
2026-01-01 16:11:20,4.3378262739621505,0.018113485224001632,20.12356163644794,1,WATCH
2026-01-01 16:11:30,3.658969779892196,0.0278233243119896,5.8770138313718805,1,WATCH
2026-01-01 16:11:40,4.724168813746259,0.019181747644706662,24.490593798762593,1,WATCH
2026-01-01 16:11:50,5.51940922933694,0.01008881923974748,20.254953203820182,1,WATCH
2026-01-01 16:12:00,4.8850493954976955,0.028912836285530076,23.863342436327287,1,WATCH
2026-01-01 16:12:10,5.201845260278463,0.027135312730085497,24.581690856796484,1,WATCH
2026-01-01 16:12:20,1.7465713762159933,0.038192582955426366,9.71935777375602,1,WATCH
2026-01-01 16:12:30,4.8516946929558395,0.012600808262812504,9.330746129028379,1,WATCH
2026-01-01 16:12:40,5.497723660234287,0.027933663598051686,16.521133250572824,1,WATCH
2026-01-01 16:12:50,5.187498683558588,0.01274251323953887,23.669437354224826,1,WATCH
2026-01-01 16:13:00,6.145866994293041,0.017231582074747304,26.013667859767885,1,WATCH
2026-01-01 16:13:10,4.18525181980195,0.007814697679586998,21.855011983135125,1,WATCH
2026-01-01 16:13:20,5.839572385864428,0.03665046144759025,11.155067435948721,1,WATCH
2026-01-01 16:13:30,3.2251308461466004,0.014017990448641408,21.703739855397693,1,WATCH
2026-01-01 16:13:40,4.105494288655989,0.03492444869367647,31.251266980260137,1,WATCH
2026-01-01 16:13:50,4.869392789589977,0.02359569137406296,12.763523351112221,1,WATCH
2026-01-01 16:14:00,3.457401629865948,0.018444262877183898,25.485529956851174,1,WATCH
2026-01-01 16:14:10,4.2930334074132475,0.030284321655827687,17.793560814495347,1,WATCH
2026-01-01 16:14:20,5.564067718948474,0.027116824398403253,16.530031453708258,1,WATCH
2026-01-01 16:14:30,5.97370843109179,0.029690955010588122,20.155912967513892,1,WATCH
2026-01-01 16:14:40,4.835191936077247,0.015633017155091612,24.91924163824868,1,WATCH
2026-01-01 16:14:50,6.259689535929747,0.016730485120140616,13.50545735377855,1,WATCH
2026-01-01 16:15:00,3.7132642185896434,0.024809241572590846,12.328710885819245,1,WATCH
2026-01-01 16:15:10,4.630330529125808,0.022804587572328453,21.90981656989393,1,WATCH
2026-01-01 16:15:20,6.8154558560863805,0.022309748023840784,15.666071200109217,1,WATCH
2026-01-01 16:15:30,5.188715141031676,0.014932111375821741,19.190765098024773,1,WATCH
2026-01-01 16:15:40,5.637822042179511,0.03045306546505882,22.38193730095603,1,WATCH
2026-01-01 16:15:50,4.699364455698913,0.03599450972708857,20.60063297814004,1,WATCH
2026-01-01 16:16:00,5.196979700661132,0.022821713356307435,11.520447355663698,1,WATCH
2026-01-01 16:16:10,5.7437822242700785,0.011573155337806005,14.000426940093863,1,WATCH
2026-01-01 16:16:20,5.736070449384392,0.02823251509912928,24.95975109946841,1,WATCH
2026-01-01 16:16:30,6.137181964343874,0.028262740465552744,21.013232339781304,1,WATCH
2026-01-01 16:16:40,4.100454194991411,0.01653665907204893,18.685064621038556,1,WATCH
2026-01-01 16:16:50,3.4874698729212086,0.020457223196756722,18.4846402325918,1,WATCH
2026-01-01 16:17:00,3.7574867276843307,0.0185538946232313,31.213913348448283,1,WATCH
2026-01-01 16:17:10,4.895728564083649,0.033629394319311216,18.047059005962602,1,WATCH
2026-01-01 16:17:20,3.165621213389092,0.043195435655966244,15.606285609624523,1,WATCH
2026-01-01 16:17:30,6.191826705150868,0.03564816359476629,0.0,1,WATCH
2026-01-01 16:17:40,7.3813547686837016,0.03144277147019674,19.04174974671101,1,WATCH
2026-01-01 16:17:50,4.189613562302424,0.014338745209673652,27.37357078667844,1,WATCH
2026-01-01 16:18:00,5.188835986035799,0.02513699727929389,5.415353747112346,1,WATCH
2026-01-01 16:18:10,5.070921613668765,0.023464732179038494,20.362389654096294,1,WATCH
2026-01-01 16:18:20,5.171879523481695,0.029593072008125557,21.971946304879765,1,WATCH
2026-01-01 16:18:30,3.608762753558911,0.025702004192372722,8.703759034345909,1,WATCH
2026-01-01 16:18:40,7.033670372912688,0.025458992891815843,14.13397396199153,1,WATCH
2026-01-01 16:18:50,4.576052747484271,0.02923325079939641,27.60893172554329,1,WATCH
2026-01-01 16:19:00,5.636387296491035,0.024863064037061584,30.473299906929615,1,WATCH
2026-01-01 16:19:10,5.7201299910778545,0.022668232514378495,28.795071446672136,1,WATCH
2026-01-01 16:19:20,4.91688425231633,0.031780490573891325,16.064656366866213,1,WATCH
2026-01-01 16:19:30,6.430485672347113,0.02259574826891905,16.104666061336815,1,WATCH
2026-01-01 16:19:40,4.458338519682942,0.016726800953440507,5.6712182801752045,1,WATCH
2026-01-01 16:19:50,5.266946725117062,0.01551051890522109,9.471210050781675,1,WATCH
2026-01-01 16:20:00,4.968631932370296,0.02822895269711924,26.72993456447572,1,WATCH
2026-01-01 16:20:10,5.706498343249555,0.04197761095385248,15.852020212209336,1,WATCH
2026-01-01 16:20:20,7.427392843453054,0.03705949346651493,22.919698399046563,1,WATCH
2026-01-01 16:20:30,3.9969954484299715,0.020660953970864922,25.444764938057276,1,WATCH
2026-01-01 16:20:40,4.7744894098579165,0.029415526030379998,25.9604988800769,1,WATCH
2026-01-01 16:20:50,4.275946350883103,0.01681373488783238,21.806795460679893,1,WATCH
2026-01-01 16:21:00,4.937615460183578,0.038953102947084976,21.307066600901962,1,WATCH
2026-01-01 16:21:10,4.3077665161649605,0.01877101727978584,15.930175627161091,1,WATCH
2026-01-01 16:21:20,6.1068511222680195,0.017246606794320187,29.202572203131627,1,WATCH
2026-01-01 16:21:30,7.313916521210597,0.019904012540962836,24.35580757195659,1,WATCH
2026-01-01 16:21:40,2.9529603499971504,0.017301460831863475,14.98672995865065,1,WATCH
2026-01-01 16:21:50,7.391447036056168,0.034257201999027216,17.368399718696715,1,WATCH
2026-01-01 16:22:00,6.453386681281966,0.041952725332571,29.78599786950123,1,WATCH
2026-01-01 16:22:10,5.492272895245061,0.03307647463441972,36.2572508730109,1,WATCH
2026-01-01 16:22:20,3.5438526287011043,0.01891112867884824,16.277366173830252,1,WATCH
2026-01-01 16:22:30,4.373168800283132,0.021444318639702066,26.511688570338155,1,WATCH
2026-01-01 16:22:40,3.9434941887903943,0.03188490798679205,22.514222942937252,1,WATCH
2026-01-01 16:22:50,5.883444430245074,0.028651325561909344,15.96891342329629,1,WATCH
2026-01-01 16:23:00,5.209420604432327,0.01808434666966161,19.246923361819494,1,WATCH
2026-01-01 16:23:10,5.357260814898925,0.025053179099182612,9.361579002615217,1,WATCH
2026-01-01 16:23:20,6.82877469982048,0.02748689564385347,15.042096061184347,1,WATCH
2026-01-01 16:23:30,2.728335466082495,0.03528345638696127,23.14735312526468,1,WATCH
2026-01-01 16:23:40,5.214735312176764,0.025880016626767113,30.991562789053134,1,WATCH
2026-01-01 16:23:50,3.7863377505413798,0.026397777032795427,15.973586875058624,1,WATCH
2026-01-01 16:24:00,3.0910558821845044,0.02693182517879863,17.81226149544819,1,WATCH
2026-01-01 16:24:10,4.04726789660814,0.03166879750958797,17.664385733623163,1,WATCH
2026-01-01 16:24:20,6.054555945775211,0.036620259611880854,17.223780704746016,1,WATCH
2026-01-01 16:24:30,5.678714360120456,0.021057433465342747,23.41221437194512,1,WATCH
2026-01-01 16:24:40,6.435779611345235,0.02173684203345738,10.757674229056452,1,WATCH
2026-01-01 16:24:50,6.014516042531442,0.024900903366224938,21.571866696229243,1,WATCH
2026-01-01 16:25:00,5.09957227441949,0.03112755468216167,24.351641651577687,1,WATCH
2026-01-01 16:25:10,4.022741854083556,0.034068739307069246,33.65082746010043,1,WATCH
2026-01-01 16:25:20,5.026344627790324,0.043655057062492175,22.912100836720022,1,WATCH
2026-01-01 16:25:30,5.31327233056375,0.03998276450573204,21.881719253653987,1,WATCH
2026-01-01 16:25:40,5.97462744066707,0.02550537307064417,24.6092236360353,1,WATCH
2026-01-01 16:25:50,6.12308879908283,0.021785870548139005,28.39464810265654,1,WATCH
2026-01-01 16:26:00,5.4811892861447085,0.01814883404002062,15.325712747231979,1,WATCH
2026-01-01 16:26:10,6.4172571968867524,0.03449940029138082,23.114850820176066,1,WATCH
2026-01-01 16:26:20,4.376647110146104,0.0400776847045408,31.295736646514303,1,WATCH
2026-01-01 16:26:30,8.851678787773613,0.02384858394233703,16.82300400569885,1,WATCH
2026-01-01 16:26:40,6.943850449447237,0.040951622817798586,12.499536361884742,1,WATCH
2026-01-01 16:26:50,4.893248151720985,0.025844860181506467,41.63603791037181,1,WATCH
2026-01-01 16:27:00,5.047597362270531,0.02880225248382102,11.511808660690878,1,WATCH
2026-01-01 16:27:10,7.32077895410408,0.037198671719604455,23.680652340617357,1,WATCH
2026-01-01 16:27:20,7.0596951692325,0.012616377593814974,31.445255268285543,1,WATCH
2026-01-01 16:27:30,7.372539725493029,0.026426077382261076,23.103148338551605,1,WATCH
2026-01-01 16:27:40,6.224498711243649,0.030121547649373984,19.162361299569774,1,WATCH
2026-01-01 16:27:50,4.424007355301256,0.020987945546894544,20.55083496400563,1,WATCH
2026-01-01 16:28:00,3.840268013469001,0.038892552617225025,14.658586475073655,1,WATCH
2026-01-01 16:28:10,6.166740533771499,0.031753091834417276,22.56265914043821,1,WATCH
2026-01-01 16:28:20,8.009279085194947,0.03143407394759994,28.479881010695106,1,WATCH
2026-01-01 16:28:30,4.462385060699578,0.033949506683226334,4.245436189811477,1,WATCH
2026-01-01 16:28:40,5.304644237476263,0.042102848502682394,29.05827421921814,1,WATCH
2026-01-01 16:28:50,4.228509652687377,0.013184754497816772,20.31394886061022,1,WATCH
2026-01-01 16:29:00,6.759064483413449,0.037966937920043645,17.375148302719662,1,WATCH
2026-01-01 16:29:10,4.216248456178035,0.020727951026057186,18.687342269618377,1,WATCH
2026-01-01 16:29:20,4.616397759461345,0.02304324213040567,19.55380372813162,1,WATCH
2026-01-01 16:29:30,2.335278616230527,0.035022852312826515,30.340844484706192,1,WATCH
2026-01-01 16:29:40,3.9992842300090414,0.0515066750719595,19.047422639796007,1,WATCH
2026-01-01 16:29:50,5.671046745240712,0.026118216825099273,42.18888946402794,1,WATCH
2026-01-01 16:30:00,6.795163545981931,0.04982615080414394,29.93437832528765,2,WARNING
2026-01-01 16:30:10,7.326367084960747,0.03132624157892736,16.223039016661588,2,WARNING
2026-01-01 16:30:20,7.24899860462326,0.03313084039605478,35.19684028885184,2,WARNING
2026-01-01 16:30:30,8.186911428036355,0.031423159139255384,28.896918049092683,2,WARNING
2026-01-01 16:30:40,3.2917959986646603,0.03607730268301835,20.582409676386504,2,WARNING
2026-01-01 16:30:50,3.9241608752504744,0.03108519590417674,31.784941971387912,2,WARNING
2026-01-01 16:31:00,6.1563430772979055,0.022277018297986652,36.77122581754392,2,WARNING
2026-01-01 16:31:10,7.923820225477927,0.0429885302745684,39.443120094253345,2,WARNING
2026-01-01 16:31:20,6.9035941354119235,0.0121723734664767,13.425627762685842,2,WARNING
2026-01-01 16:31:30,5.905140624414737,0.025669367463996486,25.17920316816808,2,WARNING
2026-01-01 16:31:40,7.0891455025536105,0.030971506963249622,16.23744802380995,2,WARNING
2026-01-01 16:31:50,7.178184162193328,0.031183213397545165,17.778569754893745,2,WARNING
2026-01-01 16:32:00,5.662977715052982,0.026100053568307885,27.130051760305818,2,WARNING
2026-01-01 16:32:10,8.530240570710045,0.05656756141231076,23.24128220361898,2,WARNING
2026-01-01 16:32:20,6.042776763624362,0.03341068141602663,33.73984516123948,2,WARNING
2026-01-01 16:32:30,6.471746690104598,0.031113813932562955,17.58919014247173,2,WARNING
2026-01-01 16:32:40,8.955613401245866,0.04272978022002551,7.440607999085701,2,WARNING
2026-01-01 16:32:50,11.32884789539773,0.04839118822550722,30.55740736981682,2,WARNING
2026-01-01 16:33:00,9.133042979146254,0.04583094493860441,35.953186185255895,2,WARNING
2026-01-01 16:33:10,6.122999489782413,0.0396219462574072,40.77512116116793,2,WARNING
2026-01-01 16:33:20,8.531476788927062,0.05761152948497335,25.290642194184837,2,WARNING
2026-01-01 16:33:30,8.589104909267785,0.05582592335354663,16.19195475787243,2,WARNING
2026-01-01 16:33:40,6.783504786511197,0.05822401784400966,28.561995150728006,2,WARNING
2026-01-01 16:33:50,7.262554788270238,0.026781514626491,43.96321028140349,2,WARNING
2026-01-01 16:34:00,7.9394253482472985,0.05280594846627734,42.58808495114728,2,WARNING
2026-01-01 16:34:10,6.954760969218628,0.050274369723643186,30.85574707536434,2,WARNING
2026-01-01 16:34:20,6.429337990417263,0.039829120490930355,42.48916079817207,2,WARNING
2026-01-01 16:34:30,4.252916858855701,0.04898855550930684,27.36571470407205,2,WARNING
2026-01-01 16:34:40,11.246838855190635,0.01499547326059142,23.227206137602487,2,WARNING
2026-01-01 16:34:50,6.721882675705031,0.012883774411786108,20.73147064810781,2,WARNING
2026-01-01 16:35:00,6.076338704814317,0.05487497045953752,17.642397787179064,2,WARNING
2026-01-01 16:35:10,9.205710774683025,0.02696797943271573,45.58586812015114,2,WARNING
2026-01-01 16:35:20,10.052633990463606,0.05466863899096047,21.208591773431515,2,WARNING
2026-01-01 16:35:30,7.788319463232355,0.024759123961382447,46.05802461889068,2,WARNING
2026-01-01 16:35:40,7.569574272963311,0.030285199078662194,32.791868322693375,2,WARNING
2026-01-01 16:35:50,9.268457231375654,0.056547108315533785,48.37795402958915,2,WARNING
2026-01-01 16:36:00,9.448944410864831,0.046913022151459496,39.87865285226648,2,WARNING
2026-01-01 16:36:10,9.09328531562854,0.055355678316732486,49.81212086845538,2,WARNING
2026-01-01 16:36:20,11.49002977453392,0.0674792036455308,22.756395966377035,2,WARNING
2026-01-01 16:36:30,9.143287603454315,0.06676420513498689,48.61826793450419,2,WARNING
2026-01-01 16:36:40,7.418901959026489,0.023177189319242217,37.344030345610555,2,WARNING
2026-01-01 16:36:50,8.138052164070453,0.07293804084378429,33.6935870215936,2,WARNING
2026-01-01 16:37:00,9.45568161055413,0.034959125662093284,29.624637845733613,2,WARNING
2026-01-01 16:37:10,5.931559785541088,0.04246441931605185,34.437135471887174,2,WARNING
2026-01-01 16:37:20,10.94889750634895,0.04371427204395632,29.542910188119716,2,WARNING
2026-01-01 16:37:30,7.6016552662065955,0.05424041626956623,30.49051180449018,2,WARNING
2026-01-01 16:37:40,10.315465946033108,0.04849750712163323,46.4002175724567,2,WARNING
2026-01-01 16:37:50,12.444099264127312,0.05302189786137356,21.384795433118914,2,WARNING
2026-01-01 16:38:00,8.07472019165578,0.06476039424478892,47.22974022896413,2,WARNING
2026-01-01 16:38:10,11.990843649435767,0.043850315014536574,38.53781075897548,2,WARNING
2026-01-01 16:38:20,10.400999582453855,0.05856555756010046,50.17807238289192,2,WARNING
2026-01-01 16:38:30,8.904736476792152,0.042172997472547276,16.75242262348767,2,WARNING
2026-01-01 16:38:40,14.75744223837766,0.040227832813127466,39.76157914374779,2,WARNING
2026-01-01 16:38:50,10.087316735919512,0.0364813438088436,21.828730664957725,2,WARNING
2026-01-01 16:39:00,9.961741040751148,0.03477937871734649,38.987071996061985,2,WARNING
2026-01-01 16:39:10,10.053973202947997,0.08031088058749476,35.62549645763146,2,WARNING
2026-01-01 16:39:20,11.53685085786516,0.07327819190006472,38.89446040239525,2,WARNING
2026-01-01 16:39:30,10.034112457720791,0.06241930313550204,24.906529962778368,2,WARNING
2026-01-01 16:39:40,8.449555578442384,0.07413336066568092,27.50240721463352,2,WARNING
2026-01-01 16:39:50,9.986496908375974,0.04253755477589716,64.06142288402991,2,WARNING
2026-01-01 16:40:00,11.439271153604107,0.05291224348585929,46.667516289098806,2,WARNING
2026-01-01 16:40:10,10.348772921996536,0.044623455072414685,54.41883299039108,2,WARNING
2026-01-01 16:40:20,11.564739793683522,0.03305969754871291,49.151821011785906,2,WARNING
2026-01-01 16:40:30,11.621151683122667,0.04399623737505753,40.276444032632575,2,WARNING
2026-01-01 16:40:40,7.5172228301135675,0.04928995838514822,58.25738486775876,2,WARNING
2026-01-01 16:40:50,12.028810866931147,0.07846307571935174,66.21896452290791,2,WARNING
2026-01-01 16:41:00,14.177247359589117,0.06282368989530976,42.9361705008569,2,WARNING
2026-01-01 16:41:10,9.870211411877124,0.017737784236392308,65.2008984336225,2,WARNING
2026-01-01 16:41:20,15.309534907353168,0.04474414982001979,58.99939842700421,2,WARNING
2026-01-01 16:41:30,8.348478799077112,0.06452411766967824,42.938316745665624,2,WARNING
2026-01-01 16:41:40,9.950071200207292,0.041869080034981354,47.34840656192283,2,WARNING
2026-01-01 16:41:50,12.819195443149386,0.06292058916282155,81.68629118476072,2,WARNING
2026-01-01 16:42:00,8.231215248386382,0.039520878707607204,41.00712154924884,2,WARNING
2026-01-01 16:42:10,9.181264179019779,0.0850282890378551,37.40656495308886,2,WARNING
2026-01-01 16:42:20,9.869880495036506,0.06124479037129775,27.639774017531547,2,WARNING
2026-01-01 16:42:30,13.469944019209654,0.04168976016166847,52.33615538009758,2,WARNING
2026-01-01 16:42:40,16.781795015894186,0.10881365026519337,17.905444523215955,2,WARNING
2026-01-01 16:42:50,11.883036373214384,0.06507301717458379,33.510749057652525,2,WARNING
2026-01-01 16:43:00,13.120806061422616,0.06863143930766424,58.324315812243356,2,WARNING
2026-01-01 16:43:10,10.641840913298106,0.0954150939627566,19.02228623914049,2,WARNING
2026-01-01 16:43:20,11.647575410678456,0.08660625788242747,42.3174018229878,2,WARNING
2026-01-01 16:43:30,9.547998540357732,0.07883780391029384,48.25978914682825,2,WARNING
2026-01-01 16:43:40,11.75564990391923,0.08425935665695058,29.03356989315972,2,WARNING
2026-01-01 16:43:50,12.845383118852999,0.05886367103273757,48.5440347424714,2,WARNING
2026-01-01 16:44:00,12.361160619605075,0.02719155490501098,49.47222498114886,2,WARNING
2026-01-01 16:44:10,6.60557406246652,0.07429229765745335,54.93582952753602,2,WARNING
2026-01-01 16:44:20,10.71116250011665,0.050080945077891244,62.160491009987446,2,WARNING
2026-01-01 16:44:30,11.68562724649778,0.029496738252825522,73.76976186807887,2,WARNING
2026-01-01 16:44:40,13.428930991351349,0.03207917567460023,57.77047478407522,2,WARNING
2026-01-01 16:44:50,9.643071180409232,0.02594177390699524,52.50980356916684,2,WARNING
2026-01-01 16:45:00,7.405514333730091,0.06113705137618968,46.32498380220162,2,WARNING
2026-01-01 16:45:10,12.052699277487863,0.056083032154164596,45.04599063745951,2,WARNING
2026-01-01 16:45:20,11.347289286608547,0.10127594035993247,42.514316145793345,2,WARNING
2026-01-01 16:45:30,15.902240712439696,0.020976561073212472,64.6201181689302,2,WARNING
2026-01-01 16:45:40,7.165346811222958,0.06218316145051436,26.769957730175683,2,WARNING
2026-01-01 16:45:50,15.760427514835863,0.06590855527538844,68.12285565477666,2,WARNING
2026-01-01 16:46:00,7.759258725218304,0.08244977373604959,72.54734372213179,2,WARNING
2026-01-01 16:46:10,14.746859566146036,0.08326150506622318,40.81855763909918,2,WARNING
2026-01-01 16:46:20,8.13670276993054,0.07235337115357843,63.19206007471578,2,WARNING
2026-01-01 16:46:30,8.893304811599865,0.06950079791544458,57.4367793332643,2,WARNING
2026-01-01 16:46:40,11.883584699367738,0.031432794570215375,49.93858291665121,2,WARNING
2026-01-01 16:46:50,16.620891591122497,0.10629713704922053,60.557345253242694,2,WARNING
2026-01-01 16:47:00,12.343150347332175,0.04768806574012887,67.17625754063977,2,WARNING
2026-01-01 16:47:10,10.108069457923708,0.09717851850083738,71.95944893391406,2,WARNING
2026-01-01 16:47:20,12.972759846726118,0.04064924926560762,52.2295474137832,2,WARNING
2026-01-01 16:47:30,15.370215218680654,0.07864665286067944,39.64244439737022,2,WARNING
2026-01-01 16:47:40,13.690165506063943,0.07794594977036483,71.26635317689549,2,WARNING
2026-01-01 16:47:50,10.662969759480708,0.10408186211466405,40.494625500442034,2,WARNING
2026-01-01 16:48:00,11.338406228158979,0.05371979474940897,67.45887749411443,2,WARNING
2026-01-01 16:48:10,13.838452654611382,0.10890427076819792,65.01046446267517,2,WARNING
2026-01-01 16:48:20,10.109441919570466,0.10616535481155522,54.007991381110564,2,WARNING
2026-01-01 16:48:30,8.120363979283162,0.12205216858427403,15.335303376025355,2,WARNING
2026-01-01 16:48:40,8.01746483627298,0.14340825259203313,51.66432455346506,2,WARNING
2026-01-01 16:48:50,15.286773295321142,0.041539463032167316,41.10769921731158,2,WARNING
2026-01-01 16:49:00,11.090765015187197,0.01646686528740018,56.88190803421435,2,WARNING
2026-01-01 16:49:10,17.50547330011052,0.053258193499455125,62.480852459115255,2,WARNING
2026-01-01 16:49:20,15.29173494949229,0.0789927369626825,29.895844507295873,2,WARNING
2026-01-01 16:49:30,14.03576874269963,0.12979223988951574,49.05409984469634,2,WARNING
2026-01-01 16:49:40,18.94839998335532,0.06408560484064456,87.59198502741843,2,WARNING
2026-01-01 16:49:50,14.316827991422974,0.11953353520959352,82.12913015308756,2,WARNING
2026-01-01 16:50:00,15.64245578161037,0.10880055991351066,37.642590400960394,3,DANGER
2026-01-01 16:50:10,15.455278880934141,0.029927309590400394,36.90498750220098,3,DANGER
2026-01-01 16:50:20,15.134688598287239,0.12498763033980444,46.14573134606141,3,DANGER
2026-01-01 16:50:30,13.253231268922656,0.11516676390517562,63.30393241410855,3,DANGER
2026-01-01 16:50:40,14.176307486812775,0.1261156538002221,53.9221786147355,3,DANGER
2026-01-01 16:50:50,13.584500193818194,0.09657030767961276,68.96202079491925,3,DANGER
2026-01-01 16:51:00,15.828913994846097,0.08532384867645292,58.30801631992537,3,DANGER
2026-01-01 16:51:10,13.948259494169157,0.06976368018519058,57.096740613892464,3,DANGER
2026-01-01 16:51:20,15.830556627490132,0.052379107369727514,65.67987396939102,3,DANGER
2026-01-01 16:51:30,15.085036951651276,0.07544333365948205,48.136730794499236,3,DANGER
2026-01-01 16:51:40,17.846919598637715,0.11699373877213069,64.22785373859867,3,DANGER
2026-01-01 16:51:50,8.405586451630054,0.12765759172223387,70.71951607850202,3,DANGER
2026-01-01 16:52:00,17.41721442054657,0.13503530280638235,85.53209504953973,3,DANGER
2026-01-01 16:52:10,14.956024813737129,0.14095458490772086,34.04585088339948,3,DANGER
2026-01-01 16:52:20,17.522130014374355,0.15318844780066782,66.54684212768424,3,DANGER
2026-01-01 16:52:30,19.206281866132603,0.13978159640244966,50.54733416881371,3,DANGER
2026-01-01 16:52:40,17.017109545458272,0.13566010828247071,73.70634464287005,3,DANGER
2026-01-01 16:52:50,19.612994644099032,0.12299405139850479,64.24961631530253,3,DANGER
2026-01-01 16:53:00,15.088643783908516,0.1278239724132079,51.10023703328032,3,DANGER
2026-01-01 16:53:10,16.109795338231407,0.15965357834850602,70.57305228874738,3,DANGER
2026-01-01 16:53:20,15.353125801330558,0.16517009276383085,68.76772444702092,3,DANGER
2026-01-01 16:53:30,10.232164991912502,0.17301196952026662,81.20642061770704,3,DANGER
2026-01-01 16:53:40,13.647545903524845,0.12905456444851127,64.31307696341987,3,DANGER
2026-01-01 16:53:50,21.40928001385981,0.035344292251391074,81.35907291806383,3,DANGER
2026-01-01 16:54:00,17.53415368085452,0.12943023828027414,57.78277305559335,3,DANGER
2026-01-01 16:54:10,21.949703591626275,0.08724306431358995,70.24160505906242,3,DANGER
2026-01-01 16:54:20,22.347302267322846,0.07002175818811404,58.35092120053154,3,DANGER
2026-01-01 16:54:30,19.502000157315443,0.12651179186122727,50.305938427175796,3,DANGER
2026-01-01 16:54:40,7.783775913790163,0.14431002094815912,65.71803093052895,3,DANGER
2026-01-01 16:54:50,20.935219684773628,0.11706142199933842,59.835600414656795,3,DANGER
2026-01-01 16:55:00,10.416344764709791,0.09844310013306452,72.565835910543,3,DANGER
2026-01-01 16:55:10,18.416081689880446,0.22563649203153197,62.64614186397622,3,DANGER
2026-01-01 16:55:20,13.852752804943801,0.14631323060361967,34.6887559642728,3,DANGER
2026-01-01 16:55:30,23.15524508586032,0.13045509029459493,82.95433180189698,3,DANGER
2026-01-01 16:55:40,15.133315428847512,0.08057750167949317,87.18444380760783,3,DANGER
2026-01-01 16:55:50,17.767159458753525,0.18051684686702682,67.1361701855444,3,DANGER
2026-01-01 16:56:00,28.118619242525902,0.1391717053293638,62.48383714418355,3,DANGER
2026-01-01 16:56:10,19.5284586835497,0.13709966594428705,68.42236663731883,3,DANGER
2026-01-01 16:56:20,22.98312044017514,0.18629323577547385,57.348009464260656,3,DANGER
2026-01-01 16:56:30,15.185943827642134,0.0,74.72553306001423,3,DANGER
2026-01-01 16:56:40,28.428932077772163,0.17125235574277906,70.17549210212319,3,DANGER
2026-01-01 16:56:50,21.39021259093076,0.07171765280296978,84.90808368737378,3,DANGER
2026-01-01 16:57:00,24.5359212679501,0.16972101936914366,62.91077009804281,3,DANGER
2026-01-01 16:57:10,10.576615742337905,0.1763138790201919,68.87615121753318,3,DANGER
2026-01-01 16:57:20,20.653858689251404,0.07104991364873209,54.55165348476339,3,DANGER
2026-01-01 16:57:30,20.024651648367854,0.19321070977324678,46.154520105103586,3,DANGER
2026-01-01 16:57:40,26.734039105233876,0.18525741076210556,69.75411461548917,3,DANGER
2026-01-01 16:57:50,13.357112410863031,0.13537215976791958,70.91220624902527,3,DANGER
2026-01-01 16:58:00,16.60488254877154,0.22068971132201057,73.14546865424417,3,DANGER
2026-01-01 16:58:10,25.68866136536513,0.1431957727706944,56.205579076459955,3,DANGER
2026-01-01 16:58:20,20.715470678843854,0.1447686965460655,64.32609889670893,3,DANGER
2026-01-01 16:58:30,19.36423575808535,0.10752400511217117,57.07867902644944,3,DANGER
2026-01-01 16:58:40,18.878853369856483,0.15795319868643798,82.02585037533562,3,DANGER
2026-01-01 16:58:50,22.74811311246308,0.2423029484170559,81.3275149051929,3,DANGER
2026-01-01 16:59:00,22.463295021606513,0.058257717468144496,68.47011720183775,3,DANGER
2026-01-01 16:59:10,18.892891483367542,0.17648136570338177,64.35836618696946,3,DANGER
2026-01-01 16:59:20,20.048476535139226,0.16326317149588712,57.34557067449705,3,DANGER
2026-01-01 16:59:30,16.986576718570713,0.1628645670368832,78.71181538972071,3,DANGER
2026-01-01 16:59:40,26.174230372722008,0.18540347118379213,75.03926087200772,3,DANGER
2026-01-01 16:59:50,16.537353117062146,0.17199566677037814,68.75846058368758,3,DANGER
2026-01-01 17:00:00,21.549876851920455,0.12284339429577026,81.6516324268497,3,DANGER
2026-01-01 17:00:10,24.83747508886345,0.2131118270280405,72.69956195919195,3,DANGER
2026-01-01 17:00:20,26.110912132262374,0.1208139350075252,62.942936145865936,3,DANGER
2026-01-01 17:00:30,16.394805724790416,0.1288962650667618,94.39126657743306,3,DANGER
2026-01-01 17:00:40,22.669746348409912,0.15520759582968988,98.46977506215336,3,DANGER
2026-01-01 17:00:50,23.274654833848636,0.15757176068091205,84.65018437949806,3,DANGER
2026-01-01 17:01:00,25.197704474066178,0.1395807488124393,90.65830180281613,3,DANGER
2026-01-01 17:01:10,18.42609537795574,0.2827717606347024,78.41934226970741,3,DANGER
2026-01-01 17:01:20,22.61236257949956,0.2580819091225203,97.09239053985995,3,DANGER
2026-01-01 17:01:30,22.03564189901501,0.2125456681041322,85.62893438849432,3,DANGER
2026-01-01 17:01:40,19.613203707516554,0.2777736816395365,88.6692090739911,3,DANGER
2026-01-01 17:01:50,17.319521414997105,0.18563272693279229,70.33379329920615,3,DANGER
2026-01-01 17:02:00,16.70602838166239,0.2912320773572548,93.13810082762524,3,DANGER
2026-01-01 17:02:10,18.440204871362457,0.3045609370776513,97.52610048440077,3,DANGER
2026-01-01 17:02:20,22.955871270326217,0.20018395910674552,98.41478091994989,3,DANGER
2026-01-01 17:02:30,24.430993546629445,0.21152098001240371,83.2396561440522,3,DANGER
2026-01-01 17:02:40,22.596140537292733,0.13735371218564432,100.0,3,DANGER
2026-01-01 17:02:50,26.6486078195366,0.1523036324566912,80.78880594963987,3,DANGER
2026-01-01 17:03:00,19.400150747630992,0.3280679148274892,71.79747016841866,3,DANGER
2026-01-01 17:03:10,24.800320109674388,0.23492921541795683,93.47714944309516,3,DANGER
2026-01-01 17:03:20,25.662244538494175,0.33220574682597037,83.32245535384271,3,DANGER
2026-01-01 17:03:30,22.32485600923593,0.220419433084028,71.44267915304495,3,DANGER
2026-01-01 17:03:40,23.802072046791576,0.14019455733305622,88.49107098401109,3,DANGER
2026-01-01 17:03:50,28.15395989688429,0.26345939126513185,80.81701210306028,3,DANGER
2026-01-01 17:04:00,21.96239453460348,0.2418206440188944,88.41921893112487,3,DANGER
2026-01-01 17:04:10,18.376606134199662,0.2845931321070396,94.40622361041753,3,DANGER
2026-01-01 17:04:20,15.584062771611391,0.2907687236108712,100.0,3,DANGER
2026-01-01 17:04:30,21.50876041267,0.11803761715459946,77.59560185770158,3,DANGER
2026-01-01 17:04:40,33.21986598952044,0.25860659411504827,89.2549543303576,3,DANGER
2026-01-01 17:04:50,25.81459608256629,0.3430220332647047,93.89928541976519,3,DANGER
2026-01-01 17:05:00,2.1441572774163675,0.016959261114685157,4.659427067012605,0,NORMAL
2026-01-01 17:05:10,2.592731090942631,0.002357655120043103,2.211471778830366,0,NORMAL
2026-01-01 17:05:20,2.1777237821876736,0.009532174730271186,9.428365231877482,0,NORMAL
2026-01-01 17:05:30,2.585463539324888,0.008855311429789703,4.2669896687398445,0,NORMAL
2026-01-01 17:05:40,1.238408034400969,0.009151141801257798,1.642855102707287,0,NORMAL
2026-01-01 17:05:50,2.1621568303346015,0.001385338876015937,4.965040854074631,0,NORMAL
2026-01-01 17:06:00,2.0802880059515036,0.00992988297698186,4.248585947683264,0,NORMAL
2026-01-01 17:06:10,1.2800059383078501,0.006347509215450944,2.264645455641787,0,NORMAL
2026-01-01 17:06:20,3.0441955254413102,0.010311760108417207,1.2364326666256766,0,NORMAL
2026-01-01 17:06:30,2.7741265824558687,0.009347415877541778,1.63239870940467,0,NORMAL
2026-01-01 17:06:40,1.9188588238006632,0.0,0.0,0,NORMAL
2026-01-01 17:06:50,1.22616071813917,0.014166981947204147,4.8213618910806675,0,NORMAL
2026-01-01 17:07:00,2.373394429131022,0.013662714736596165,5.210325072952555,0,NORMAL
2026-01-01 17:07:10,2.400780387160828,0.005646857245838348,4.862780397752064,0,NORMAL
2026-01-01 17:07:20,1.9242281117405584,0.019605076684676533,0.0,0,NORMAL
2026-01-01 17:07:30,2.089844282744688,0.01682972021219615,7.729742077299143,0,NORMAL
2026-01-01 17:07:40,1.5803837476069584,0.018147145935733258,9.364826114667641,0,NORMAL
2026-01-01 17:07:50,2.29907063455348,0.016287891211997235,4.678890794377712,0,NORMAL
2026-01-01 17:08:00,2.10730797668723,0.011749297799850933,3.2368510958216596,0,NORMAL
2026-01-01 17:08:10,2.7065126217821946,0.003806876301374901,6.394352064204897,0,NORMAL
2026-01-01 17:08:20,2.3769198362838475,0.006369233674002636,3.42289856823528,0,NORMAL
2026-01-01 17:08:30,1.9547696432084076,0.016170928048338955,6.732181705014363,0,NORMAL
2026-01-01 17:08:40,2.036462064852964,0.013032643002545885,4.024843538089125,0,NORMAL
2026-01-01 17:08:50,1.9912631672355663,0.0018732462737245836,7.486786485310012,0,NORMAL
2026-01-01 17:09:00,2.168947199884124,0.0,5.43484258780808,0,NORMAL
2026-01-01 17:09:10,1.8691676136335829,0.006600009987310313,7.827304039930187,0,NORMAL
2026-01-01 17:09:20,2.4219314533903376,0.012363131931782043,6.287298093998653,0,NORMAL
2026-01-01 17:09:30,2.218126855355388,0.008091460669751168,4.926447651389568,0,NORMAL
2026-01-01 17:09:40,2.0235612222862955,0.011821293958271528,0.0,0,NORMAL
2026-01-01 17:09:50,1.896181095918131,0.011524125650378615,0.0,0,NORMAL
2026-01-01 17:10:00,1.7981926593875406,0.006192558743407781,2.368309721409632,0,NORMAL
2026-01-01 17:10:10,1.4165043729508318,0.012916429141463898,2.9358521552363546,0,NORMAL
2026-01-01 17:10:20,2.018316332683124,0.011250781113672679,0.0,0,NORMAL
2026-01-01 17:10:30,2.2539315886877773,0.009867066211633704,2.8365952718844007,0,NORMAL
2026-01-01 17:10:40,1.3643840779495702,0.010169674618678388,3.3404919988782606,0,NORMAL
2026-01-01 17:10:50,1.6145910131012713,0.008700523129293933,5.644610805474027,0,NORMAL
2026-01-01 17:11:00,1.5324614744787908,0.0,0.4876977791288164,0,NORMAL
2026-01-01 17:11:10,1.805924560855693,0.011559710571268703,12.27293884903107,0,NORMAL
2026-01-01 17:11:20,1.8840752540481336,0.01480244757508291,4.600684924624917,0,NORMAL
2026-01-01 17:11:30,2.4437286663964986,0.015157279999558782,2.937225687606472,0,NORMAL
2026-01-01 17:11:40,1.7370376774621237,0.013977233812938519,10.821054207353763,0,NORMAL
2026-01-01 17:11:50,1.6056509607326244,0.009475224079228555,8.640950107542652,0,NORMAL
2026-01-01 17:12:00,1.0415328239548465,0.015762989357899236,4.255681476791463,0,NORMAL
2026-01-01 17:12:10,2.043106392437533,0.013444397968486215,6.544082753834764,0,NORMAL
2026-01-01 17:12:20,2.4261722912790886,0.008099388342642514,6.532730839460697,0,NORMAL
2026-01-01 17:12:30,2.360888450873195,0.008035493995096194,1.6520173421515092,0,NORMAL
2026-01-01 17:12:40,2.431133566345832,0.008355948909046161,8.15989242588997,0,NORMAL
2026-01-01 17:12:50,2.042706720005696,0.012894149554728786,5.254233820095925,0,NORMAL
2026-01-01 17:13:00,2.0686630474863286,0.0053291027977033145,8.139960002521587,0,NORMAL
2026-01-01 17:13:10,2.018057297722728,0.013133245633086762,4.632772671199905,0,NORMAL
2026-01-01 17:13:20,0.9411918606044685,0.014013611779634673,3.3272830560691355,0,NORMAL
2026-01-01 17:13:30,1.8203528458014104,0.009714561628621367,4.870582962769069,0,NORMAL
2026-01-01 17:13:40,2.733859343039004,0.009034261861945038,7.588919887057299,0,NORMAL
2026-01-01 17:13:50,3.2335796957741447,0.01493500455318019,3.4327590421934233,0,NORMAL
2026-01-01 17:14:00,2.289365537816102,0.008084514251543549,5.254790323768236,0,NORMAL
2026-01-01 17:14:10,1.0561714088165606,0.011960916624408338,4.872637156724544,0,NORMAL
2026-01-01 17:14:20,1.9248702068509298,0.0035687095289481862,0.0,0,NORMAL
2026-01-01 17:14:30,2.5128908801228658,0.005920981737685274,2.995001375126786,0,NORMAL
2026-01-01 17:14:40,3.3383020727711763,0.014880287280773213,3.750565876830372,0,NORMAL
2026-01-01 17:14:50,2.2819721611032824,0.003391804776593902,2.8470271118385027,0,NORMAL
2026-01-01 17:15:00,1.7930014908542165,0.009195915443974188,2.0825018120659053,0,NORMAL
2026-01-01 17:15:10,0.9091507629156275,0.016626925170787312,6.788131130498184,0,NORMAL
2026-01-01 17:15:20,1.6551730305814543,0.0119916855107697,2.120161303161522,0,NORMAL
2026-01-01 17:15:30,2.384844230566876,0.0008788445764980801,3.37574178727618,0,NORMAL
2026-01-01 17:15:40,2.777102484770728,0.013868116724064803,4.768502353779201,0,NORMAL
2026-01-01 17:15:50,1.3911763598926994,0.011458781368715826,2.406170830281848,0,NORMAL
2026-01-01 17:16:00,2.7615086262241855,0.00934301819555296,1.1793452041029573,0,NORMAL
2026-01-01 17:16:10,1.3012823687750923,0.00502100377918702,5.956175110384752,0,NORMAL
2026-01-01 17:16:20,1.2924565141739501,0.0032923438975841213,0.0,0,NORMAL
2026-01-01 17:16:30,2.5101396235270705,0.011493231861040917,2.319992004403852,0,NORMAL
2026-01-01 17:16:40,1.7919620439877866,0.01551654581848927,1.591186875960392,0,NORMAL
2026-01-01 17:16:50,2.0938482041607136,0.01243196140051492,7.025651353812163,0,NORMAL
2026-01-01 17:17:00,2.970292434850906,0.005699619342002104,3.0559337127941504,0,NORMAL
2026-01-01 17:17:10,2.4216941142743162,0.010666356669835602,9.615418629502296,0,NORMAL
2026-01-01 17:17:20,2.5617735643632016,0.011470220485098118,3.3399445357241886,0,NORMAL
2026-01-01 17:17:30,2.476196219345652,0.015920400078809415,0.39685995934966667,0,NORMAL
2026-01-01 17:17:40,1.9200424430029495,0.008928962443990475,4.097551746342876,0,NORMAL
2026-01-01 17:17:50,1.1065954153378272,0.005713561641011914,3.2624572365195794,0,NORMAL
2026-01-01 17:18:00,2.183376037698814,0.014596990805005854,3.4369834090402787,0,NORMAL
2026-01-01 17:18:10,2.5253224701266332,0.018684770073630112,0.0,0,NORMAL
2026-01-01 17:18:20,1.5775959925840062,0.0150969626874374,4.616039066024458,0,NORMAL
2026-01-01 17:18:30,2.2333162482877618,0.010364941756431042,5.5760736197337115,0,NORMAL
2026-01-01 17:18:40,2.7470032259416994,0.01112166461673737,7.149046838387324,0,NORMAL
2026-01-01 17:18:50,1.8135059831480862,0.009476470681212735,6.395063433657005,0,NORMAL
2026-01-01 17:19:00,0.825643922815966,0.008727822949210004,6.306920821445323,0,NORMAL
2026-01-01 17:19:10,1.4372164985373288,0.009336708177342442,8.38685835135349,0,NORMAL
2026-01-01 17:19:20,1.4718155526967598,0.012668602253085982,1.8903386146346406,0,NORMAL
2026-01-01 17:19:30,1.3529658634231831,0.01215392282849648,3.3473063968562515,0,NORMAL
2026-01-01 17:19:40,1.0625750802569138,0.016806977756920048,5.002301915343586,0,NORMAL
2026-01-01 17:19:50,2.527225337288723,0.012356790717824332,6.142886721610284,0,NORMAL
2026-01-01 17:20:00,2.479559301429963,0.011476587817485525,6.3594837770830805,0,NORMAL
2026-01-01 17:20:10,1.193015544809421,0.015591578718462038,10.26560732699515,0,NORMAL
2026-01-01 17:20:20,2.552928947326082,0.011314639612781563,5.401694750249154,0,NORMAL
2026-01-01 17:20:30,1.8457627917652148,0.01625562901952325,3.441275157282669,0,NORMAL
2026-01-01 17:20:40,2.358404618667523,0.015199298553880341,0.0,0,NORMAL
2026-01-01 17:20:50,1.888845960108936,0.001816038964198039,0.0,0,NORMAL
2026-01-01 17:21:00,2.4732066468985217,0.016280833011962197,6.567266041276091,0,NORMAL
2026-01-01 17:21:10,2.268439400998473,0.016374778822342298,5.239823962804663,0,NORMAL
2026-01-01 17:21:20,1.6307806560632474,0.01275547392213595,4.757020716217784,0,NORMAL
2026-01-01 17:21:30,1.0679091528476188,0.00807092621005204,4.2000684642520065,0,NORMAL
2026-01-01 17:21:40,1.2052090386075225,0.011456526885037545,3.132708652643808,0,NORMAL
2026-01-01 17:21:50,2.4472408950807996,0.003143958730929154,0.0,0,NORMAL
2026-01-01 17:22:00,1.2854998357004201,0.007430044164124396,7.636718670857953,0,NORMAL
2026-01-01 17:22:10,1.871801988925088,0.013218383918735987,7.347267023770009,0,NORMAL
2026-01-01 17:22:20,1.968012697180357,0.008422904875279852,5.513501421026866,0,NORMAL
2026-01-01 17:22:30,2.5110816415480484,0.010006945723097982,9.304001529673336,0,NORMAL
2026-01-01 17:22:40,1.842342211042459,0.021145853099261307,4.715969729480051,0,NORMAL
2026-01-01 17:22:50,1.5461382236723347,0.006785282552323047,7.676086315366337,0,NORMAL
2026-01-01 17:23:00,1.5330748565669512,0.0,3.008565811187095,0,NORMAL
2026-01-01 17:23:10,2.4037135341975198,0.011465031606394624,10.128140526665918,0,NORMAL
2026-01-01 17:23:20,1.738464079488244,0.016827601366182998,9.36360695289208,0,NORMAL
2026-01-01 17:23:30,1.725687945162138,0.016650030410588487,5.06096904354011,0,NORMAL
2026-01-01 17:23:40,2.4518410060757154,0.009375318511088011,7.901203060527745,0,NORMAL
2026-01-01 17:23:50,3.1422575859386526,0.00991596695652708,7.981309795518182,0,NORMAL
2026-01-01 17:24:00,1.763658843307126,0.015150979908401804,3.6619255964036785,0,NORMAL
2026-01-01 17:24:10,1.719440448403249,0.010508481143350769,6.851404855860618,0,NORMAL
2026-01-01 17:24:20,1.8488055740841074,0.002881121528928051,9.3338011365417,0,NORMAL
2026-01-01 17:24:30,2.1755941264898766,0.007699855866198505,8.222937468685538,0,NORMAL
2026-01-01 17:24:40,1.2911926288405078,0.009458299756910342,3.7637077268443093,0,NORMAL
2026-01-01 17:24:50,2.4727142956210417,0.011996839661267905,8.186559417708347,0,NORMAL
2026-01-01 17:25:00,1.3624344196120481,0.007029852141082269,7.292705982467117,0,NORMAL
2026-01-01 17:25:10,2.7178787774174595,0.0071147021112303995,3.662632683417016,0,NORMAL
2026-01-01 17:25:20,2.004067378249123,0.007542647613685105,10.585277571339603,0,NORMAL
2026-01-01 17:25:30,2.27839733673526,0.009606145785621375,5.260313312233242,0,NORMAL
2026-01-01 17:25:40,2.999958329917015,0.017558187047699344,0.0,0,NORMAL
2026-01-01 17:25:50,1.6244914971236157,0.004668924618750494,5.442527449568301,0,NORMAL
2026-01-01 17:26:00,1.9295077484794638,0.013519058815345429,7.977397300373701,0,NORMAL
2026-01-01 17:26:10,1.4209917351129535,0.013240139212325636,4.119766817507831,0,NORMAL
2026-01-01 17:26:20,1.6869637533077697,0.00725845410231959,5.048015364810246,0,NORMAL
2026-01-01 17:26:30,1.4106632345678847,0.010988638465539694,6.895233373224824,0,NORMAL
2026-01-01 17:26:40,2.2985547667590827,0.009759017002478899,4.305530619316808,0,NORMAL
2026-01-01 17:26:50,1.596963328311376,0.01019190345462299,3.013104778709187,0,NORMAL
2026-01-01 17:27:00,1.4945418922367073,0.015476459089445425,2.832363506217207,0,NORMAL
2026-01-01 17:27:10,1.5628576529272395,0.012734871408444785,2.394510272866772,0,NORMAL
2026-01-01 17:27:20,1.3637549409777816,0.017956803217091515,6.937209451811678,0,NORMAL
2026-01-01 17:27:30,2.1829560576450096,0.015518894623830987,7.3387856735552095,0,NORMAL
2026-01-01 17:27:40,2.3916162642269496,0.006519573980610501,6.0676882692977365,0,NORMAL
2026-01-01 17:27:50,2.5207691471300566,0.01359929144473434,6.925047533412568,0,NORMAL
2026-01-01 17:28:00,1.0797615798809983,0.0145457874782094,0.0629449175725223,0,NORMAL
2026-01-01 17:28:10,2.274618162709887,0.008409678103871884,4.371562799027298,0,NORMAL
2026-01-01 17:28:20,2.3510163101438213,0.01266254066370519,12.106740341318442,0,NORMAL
2026-01-01 17:28:30,2.334720854951506,0.012432094827356731,4.542415375016984,0,NORMAL
2026-01-01 17:28:40,1.982657278740495,0.011371226980662206,5.918048185882795,0,NORMAL
2026-01-01 17:28:50,2.848142053523488,0.01226928587062601,2.1592347994817533,0,NORMAL
2026-01-01 17:29:00,1.022565448439814,0.018493070081823992,3.3702078994540257,0,NORMAL
2026-01-01 17:29:10,1.582837810707614,0.009724880466727433,8.461700088019171,0,NORMAL
2026-01-01 17:29:20,2.1499746943333458,0.010302265764013224,11.300592340917158,0,NORMAL
2026-01-01 17:29:30,1.4780140084716717,0.012798180540575186,2.807975515506494,0,NORMAL
2026-01-01 17:29:40,1.7028348115213714,0.010415199092288082,8.954443687157665,0,NORMAL
2026-01-01 17:29:50,2.6257272711743482,0.01112918152005285,8.836280120749649,0,NORMAL
2026-01-01 17:30:00,1.642956063659629,0.015465281691906882,2.875275987955194,0,NORMAL
2026-01-01 17:30:10,1.9205986506080197,0.019273566686361612,4.568764636244349,0,NORMAL
2026-01-01 17:30:20,1.5343887042285251,0.010742948303336688,5.998757212641879,0,NORMAL
2026-01-01 17:30:30,1.2276788898211572,0.027487305897109824,5.912158582081177,0,NORMAL
2026-01-01 17:30:40,2.738091020596883,0.01668277991958641,4.915596782049022,0,NORMAL
2026-01-01 17:30:50,2.3394804357841728,0.0095380372845381,8.37497610024281,0,NORMAL
2026-01-01 17:31:00,2.527610335188901,0.0018844280540160285,8.508755179226473,0,NORMAL
2026-01-01 17:31:10,2.0853643642044477,0.016473954012502647,0.8750376283989081,0,NORMAL
2026-01-01 17:31:20,1.7858171390258442,0.011224848992403032,2.139665620955058,0,NORMAL
2026-01-01 17:31:30,1.5007079377409465,0.019935495809110797,6.898030988143286,0,NORMAL
2026-01-01 17:31:40,2.631006266548515,0.012001112484936682,8.903482471958435,0,NORMAL
2026-01-01 17:31:50,1.5084416897531734,0.01069066540265256,6.729530878520879,0,NORMAL
2026-01-01 17:32:00,1.3551147606722902,0.004305740727051303,4.5508471499394645,0,NORMAL
2026-01-01 17:32:10,2.5752798862012334,0.010942814555687718,6.2788265007831985,0,NORMAL
2026-01-01 17:32:20,2.337521819153836,0.0038677817662734247,4.001020586558204,0,NORMAL
2026-01-01 17:32:30,2.486490671381303,0.00885140893049229,7.835669164712744,0,NORMAL
2026-01-01 17:32:40,1.3291531477821454,0.007594633334312001,6.252330248948184,0,NORMAL
2026-01-01 17:32:50,1.6563442264359525,0.0059500121282184265,2.6148135486475077,0,NORMAL
2026-01-01 17:33:00,2.166673552984841,0.00991770779422661,4.888202646881577,0,NORMAL
2026-01-01 17:33:10,1.6554563704884038,0.017386204657134193,5.4306681428186465,0,NORMAL
2026-01-01 17:33:20,1.3727937069620588,0.004841022039406503,5.050388559865597,0,NORMAL
2026-01-01 17:33:30,2.4858892267599773,0.010436671463307646,8.237591753773739,0,NORMAL
2026-01-01 17:33:40,2.09700620094249,0.011577003422193801,4.886193034108578,0,NORMAL
2026-01-01 17:33:50,2.236816192694195,0.01382800143270705,5.688276434494342,0,NORMAL
2026-01-01 17:34:00,1.8776327846337437,0.01726078916848109,3.724193674454974,0,NORMAL
2026-01-01 17:34:10,3.4355357937935462,0.010730268130867705,4.1934501498454555,0,NORMAL
2026-01-01 17:34:20,0.9894041902921211,0.0057257306990973955,11.172136249507584,0,NORMAL
2026-01-01 17:34:30,3.0810087911086272,0.006313549783244151,7.696804089057068,0,NORMAL
2026-01-01 17:34:40,1.0066489339092843,0.00733599401867433,0.0,0,NORMAL
2026-01-01 17:34:50,2.0970277241948763,0.01226991713578985,8.766860817021433,0,NORMAL
2026-01-01 17:35:00,1.3149284463211772,0.01629777884257221,9.67233307847249,0,NORMAL
2026-01-01 17:35:10,2.5636732969006273,0.010955888180532598,6.041724525569567,0,NORMAL
2026-01-01 17:35:20,2.2720436724200748,0.00804274818041873,0.0,0,NORMAL
2026-01-01 17:35:30,1.8035681483828683,0.00498392905942751,5.581670490474424,0,NORMAL
2026-01-01 17:35:40,2.445108632722225,0.00905563058376785,3.2678590232797102,0,NORMAL
2026-01-01 17:35:50,1.7116555546440764,0.0,10.539579565764367,0,NORMAL
2026-01-01 17:36:00,2.2197727015546116,0.01149155501328371,3.208674262427991,0,NORMAL
2026-01-01 17:36:10,1.6691316773240055,0.012029735453617598,4.018682398896621,0,NORMAL
2026-01-01 17:36:20,2.647823654971328,0.011223021006066338,4.665361007736894,0,NORMAL
2026-01-01 17:36:30,2.0866623237617183,0.013141471642425325,11.01064985048605,0,NORMAL
2026-01-01 17:36:40,1.6223861526565146,0.014424560964421096,3.4943490183644155,0,NORMAL
2026-01-01 17:36:50,2.280681490540435,0.006255877856621756,11.871980936008065,0,NORMAL
2026-01-01 17:37:00,2.26011155828298,0.0022582915433164343,10.32120390321468,0,NORMAL
2026-01-01 17:37:10,2.083755651910579,0.017778024013851614,6.645851133182837,0,NORMAL
2026-01-01 17:37:20,1.8226258796132147,0.009711503710846562,5.445878832685898,0,NORMAL
2026-01-01 17:37:30,1.5752823619676113,0.01676263645793446,0.0,0,NORMAL
2026-01-01 17:37:40,2.582594506746277,0.011773052436237316,0.7660682365118963,0,NORMAL
2026-01-01 17:37:50,2.214109937349938,0.02210278317739684,6.057871143629016,0,NORMAL
2026-01-01 17:38:00,1.0882422004311965,0.007969521429422657,6.040099991456598,0,NORMAL
2026-01-01 17:38:10,2.4176735235400857,0.00196635211662774,5.995258572160809,0,NORMAL
2026-01-01 17:38:20,1.7351540658291926,0.016556313375965227,5.294495055067562,0,NORMAL
2026-01-01 17:38:30,3.1780003372819663,0.008031034618311079,10.56574023835885,0,NORMAL
2026-01-01 17:38:40,1.918630945381847,0.012972148390484526,3.1885011526550513,0,NORMAL
2026-01-01 17:38:50,1.6479772510256265,0.01648461229794439,10.644447116810436,0,NORMAL
2026-01-01 17:39:00,1.8660984106638523,0.012846358635257592,3.1490979258673706,0,NORMAL
2026-01-01 17:39:10,2.2641512002495165,0.0022394954151571567,0.0,0,NORMAL
2026-01-01 17:39:20,1.8135971398381856,0.007397003334691075,2.9662148113483826,0,NORMAL
2026-01-01 17:39:30,2.2223712458661047,0.0081254243169906,3.1507989820327946,0,NORMAL
2026-01-01 17:39:40,2.1712071939551776,0.017747766826904276,8.50367348446253,0,NORMAL
2026-01-01 17:39:50,1.2759107439911008,0.011321521900323265,6.308307900443895,0,NORMAL
2026-01-01 17:40:00,2.412375105013292,0.005398609550078878,9.142557080565352,0,NORMAL
2026-01-01 17:40:10,1.5890912543859161,0.0066262085809204105,7.788653776331323,0,NORMAL
2026-01-01 17:40:20,1.2257715265080855,0.014642105384152924,10.320262006591914,0,NORMAL
2026-01-01 17:40:30,2.44188466667177,0.012043739591792538,10.343516154437678,0,NORMAL
2026-01-01 17:40:40,1.9477960824976657,0.015813835693204038,4.876969641639781,0,NORMAL
2026-01-01 17:40:50,1.3040722073880353,0.005489930968940658,4.228694115945108,0,NORMAL
2026-01-01 17:41:00,2.566047598314895,0.012544787517527998,9.570991262784734,0,NORMAL
2026-01-01 17:41:10,1.8422819080739914,0.002436836954026185,2.173385821175927,0,NORMAL
2026-01-01 17:41:20,1.3724406670423106,0.007495859066298682,0.24311485755900208,0,NORMAL
2026-01-01 17:41:30,1.739042021640462,0.00526064513315302,3.226067765528482,0,NORMAL
2026-01-01 17:41:40,1.3582995785217764,0.011915099439240812,5.12534992843867,0,NORMAL
2026-01-01 17:41:50,1.7506909542455589,0.010493937024054385,0.0,0,NORMAL
2026-01-01 17:42:00,1.8085391073044752,0.026558505927495726,7.532259949151522,0,NORMAL
2026-01-01 17:42:10,1.9086141898848403,0.008196323565321455,3.1288214987361638,0,NORMAL
2026-01-01 17:42:20,1.0255394708492167,0.014308591550187892,2.6862518288765367,0,NORMAL
2026-01-01 17:42:30,2.757592697991319,0.00594426689989794,5.859808876508607,0,NORMAL
2026-01-01 17:42:40,2.430375086599102,0.010600955409672092,10.509888363084176,0,NORMAL
2026-01-01 17:42:50,1.8286774013337794,0.018895396082314768,7.129663137552202,0,NORMAL
2026-01-01 17:43:00,2.219165417632455,0.0025490216999877603,11.147526326260044,0,NORMAL
2026-01-01 17:43:10,2.0295949489604657,0.015229545030561455,2.45841333421442,0,NORMAL
2026-01-01 17:43:20,2.1670010133978312,0.009676759283399576,4.884574343070034,0,NORMAL
2026-01-01 17:43:30,1.3000737087031582,0.019073825345544915,1.7685664107036299,0,NORMAL
2026-01-01 17:43:40,2.0738709343883235,0.002969484747137027,0.9915590949033612,0,NORMAL
2026-01-01 17:43:50,2.2613132303013623,0.0022970136486663464,4.6117470461180865,0,NORMAL
2026-01-01 17:44:00,1.1016897482379284,0.00036116058112114157,7.649719178821527,0,NORMAL
2026-01-01 17:44:10,2.4302509713530123,0.006256689310967607,0.0,0,NORMAL
2026-01-01 17:44:20,1.9244515920099756,0.006349024021585908,4.61957963375925,0,NORMAL
2026-01-01 17:44:30,0.9499393716541202,0.012081307565013725,3.3336753390092775,0,NORMAL
2026-01-01 17:44:40,1.779434148457889,0.022328326272499754,6.883651555107709,0,NORMAL
2026-01-01 17:44:50,1.904084665270851,0.007113945451226251,6.686268565679542,0,NORMAL
2026-01-01 17:45:00,2.067381166042794,0.010567831127099636,5.717352428598421,0,NORMAL
2026-01-01 17:45:10,3.0481773403524715,0.004483136683927753,4.932140947444945,0,NORMAL
2026-01-01 17:45:20,2.373919978877212,0.009968759448964372,7.11529740041755,0,NORMAL
2026-01-01 17:45:30,1.7831349889331551,0.014614574765053717,0.0,0,NORMAL
2026-01-01 17:45:40,2.7955702928310657,0.01429103001275406,9.890670885487015,0,NORMAL
2026-01-01 17:45:50,2.2046022735182453,0.017863011540152372,4.241122360840074,0,NORMAL
2026-01-01 17:46:00,1.5769616361766474,0.012421533679151543,2.7036282744695366,0,NORMAL
2026-01-01 17:46:10,2.3026841259630464,0.002694868613009287,4.058140445747938,0,NORMAL
2026-01-01 17:46:20,2.8389650968505507,0.0022247447460725135,1.6372513405829157,0,NORMAL
2026-01-01 17:46:30,2.072850315187142,0.012143969836610565,2.2297509308666537,0,NORMAL
2026-01-01 17:46:40,3.1384905263443663,0.008447318639696466,2.4217543097319574,0,NORMAL
2026-01-01 17:46:50,2.1268994549398976,0.010632806647858635,3.6435227870190596,0,NORMAL
2026-01-01 17:47:00,2.30109569590204,0.012177921445874021,0.6103900476818909,0,NORMAL
2026-01-01 17:47:10,2.3397560337398486,0.009001601765617612,9.682525891181253,0,NORMAL
2026-01-01 17:47:20,1.062734356723138,0.011661388954687544,5.185638453323598,0,NORMAL
2026-01-01 17:47:30,2.5692592288614984,0.014001870044428683,10.425274928023388,0,NORMAL
2026-01-01 17:47:40,2.363493792237227,0.017495653835778887,5.530183102013912,0,NORMAL
2026-01-01 17:47:50,0.7788957334489399,0.013894431504284632,5.230041750838332,0,NORMAL
2026-01-01 17:48:00,1.543462418361011,0.007294580813476866,4.7852928117075235,0,NORMAL
2026-01-01 17:48:10,2.088730027033949,0.0052339355235950695,2.9377526199197126,0,NORMAL
2026-01-01 17:48:20,2.9122932202864305,0.011161219207667909,0.0,0,NORMAL
2026-01-01 17:48:30,2.0292099964411325,0.007900311675218796,1.3148748787188056,0,NORMAL
2026-01-01 17:48:40,2.063662007960652,0.015761471032560707,3.500485045721041,0,NORMAL
2026-01-01 17:48:50,2.4948306815046113,0.0021843685273627224,8.392805406565023,0,NORMAL
2026-01-01 17:49:00,1.7555836385668742,0.009114138356301578,0.45812066942307106,0,NORMAL
2026-01-01 17:49:10,1.802144809975809,0.004276270460713179,3.420090974341447,0,NORMAL
2026-01-01 17:49:20,1.9435231157503425,0.006449658266824627,4.287167738072874,0,NORMAL
2026-01-01 17:49:30,2.0604392751001677,0.010535146121621718,4.895193863317552,0,NORMAL
2026-01-01 17:49:40,1.816676589234439,0.003790007544388816,6.7061667708990615,0,NORMAL
2026-01-01 17:49:50,3.537221909818901,0.0059916013862490415,4.1782595875557735,0,NORMAL
2026-01-01 17:50:00,3.0008654428327235,0.005506996925467899,4.58816118240913,0,NORMAL
2026-01-01 17:50:10,1.8352913877752988,0.008661448288013957,5.591798498639757,0,NORMAL
2026-01-01 17:50:20,2.062612840913026,0.003317949284137185,5.899208572886168,0,NORMAL
2026-01-01 17:50:30,1.7039059415956084,0.008402275048799535,7.472592993328926,0,NORMAL
2026-01-01 17:50:40,1.6451864951419535,0.0,2.718265083119606,0,NORMAL
2026-01-01 17:50:50,1.493750006372017,0.008210392706740127,0.39002914585654036,0,NORMAL
2026-01-01 17:51:00,1.8618496053808535,0.01666388676417898,5.1898627431183,0,NORMAL
2026-01-01 17:51:10,2.3432580727783234,0.01454762572618536,0.7963310374278565,0,NORMAL
2026-01-01 17:51:20,1.581348204926032,0.0025407455074531703,3.764948244747242,0,NORMAL
2026-01-01 17:51:30,2.347493643415556,0.0013307154270643417,4.127423966641248,0,NORMAL
2026-01-01 17:51:40,1.5567626776752777,0.013513031700255513,8.19338846503475,0,NORMAL
2026-01-01 17:51:50,2.5387952594142265,0.016049967140877298,6.361014924979018,0,NORMAL
2026-01-01 17:52:00,1.1960395995154842,0.008993272070590606,0.0,0,NORMAL
2026-01-01 17:52:10,2.0791110870601086,0.014446763651652688,10.024398334368371,0,NORMAL
2026-01-01 17:52:20,2.1531528418625716,0.009076768340862794,2.270953934032796,0,NORMAL
2026-01-01 17:52:30,2.145157718477109,0.0,8.275187096303084,0,NORMAL
2026-01-01 17:52:40,1.473708029610112,0.0,9.027292774596146,0,NORMAL
2026-01-01 17:52:50,2.249498073234037,0.011767421865969513,6.533008521090658,0,NORMAL
2026-01-01 17:53:00,1.8749605773053362,0.011944038219139749,8.348831695711672,0,NORMAL
2026-01-01 17:53:10,2.264080744453333,0.015435683569389607,6.612097743177691,0,NORMAL
2026-01-01 17:53:20,1.810052896484665,0.012354357757982656,5.121721202584759,0,NORMAL
2026-01-01 17:53:30,1.367767391314369,0.009363396716938581,9.826999687909806,0,NORMAL
2026-01-01 17:53:40,2.273614535026116,0.0078033380752833,3.954249261186145,0,NORMAL
2026-01-01 17:53:50,2.3009079064256768,0.007824409524401589,5.065275951144074,0,NORMAL
2026-01-01 17:54:00,1.1101380692234197,0.005713433912515029,4.991231016776063,0,NORMAL
2026-01-01 17:54:10,2.290592484061811,0.009071966282774707,7.792914177294389,0,NORMAL
2026-01-01 17:54:20,1.8115060243696233,0.012928447622362747,1.841494781102516,0,NORMAL
2026-01-01 17:54:30,1.924174343714781,0.01932831099624749,6.082008935320855,0,NORMAL
2026-01-01 17:54:40,2.2003493413166684,0.01013468446053344,2.112009470606337,0,NORMAL
2026-01-01 17:54:50,2.451163390873009,0.010019218356219432,3.377892090381079,0,NORMAL
2026-01-01 17:55:00,2.0014046519082984,0.016757359668655412,1.95221105034861,0,NORMAL
2026-01-01 17:55:10,1.8329300702385265,0.011929067686958887,0.0,0,NORMAL
2026-01-01 17:55:20,1.8240731555017906,0.0103013768156371,4.821355080591177,0,NORMAL
2026-01-01 17:55:30,1.3598140437831732,0.016954249763384124,3.7546540324906026,0,NORMAL
2026-01-01 17:55:40,2.2393562289414444,0.011146458522669106,4.0379271438761535,0,NORMAL
2026-01-01 17:55:50,1.7622845578727875,0.012879045742033907,6.147352324067719,0,NORMAL
2026-01-01 17:56:00,1.7314552412439879,0.002586455557692606,5.649478883760492,0,NORMAL
2026-01-01 17:56:10,2.2786425050493624,0.006808336400839924,2.5031204420113857,0,NORMAL
2026-01-01 17:56:20,2.1425919878726414,0.013367565549678887,1.6946146814919811,0,NORMAL
2026-01-01 17:56:30,1.6619086892698705,0.001968406039372573,6.349131968688022,0,NORMAL
2026-01-01 17:56:40,2.3257113252528123,0.016277985460360165,7.153087601788714,0,NORMAL
2026-01-01 17:56:50,1.9143045994641719,0.0029043702538626604,2.775671864848128,0,NORMAL
2026-01-01 17:57:00,1.3930366707546562,0.00813004963341453,0.9213174591366706,0,NORMAL
2026-01-01 17:57:10,1.6028839269918396,0.01940628666800945,8.2513361833129,0,NORMAL
2026-01-01 17:57:20,2.029082898515445,0.012785079077489122,3.2307403709458002,0,NORMAL
2026-01-01 17:57:30,1.6012418661181473,0.0075979615794225935,7.556266553101574,0,NORMAL
2026-01-01 17:57:40,2.0699360011465706,0.016340395153864925,6.873678554947824,0,NORMAL
2026-01-01 17:57:50,2.2046705332416967,0.005886684618224606,9.973266730160152,0,NORMAL
2026-01-01 17:58:00,2.1077163554297327,0.009595939152165426,9.736234433872411,0,NORMAL
2026-01-01 17:58:10,2.0816082876372577,0.0018015634559862637,0.0,0,NORMAL
2026-01-01 17:58:20,2.007312092227905,0.01799634798673133,7.003349064907569,0,NORMAL
2026-01-01 17:58:30,2.215014150730118,0.004293326507342035,7.066915344715703,0,NORMAL
2026-01-01 17:58:40,3.0703233169524804,0.0093742459588785,2.8457240167926554,0,NORMAL
2026-01-01 17:58:50,2.285605210539075,0.005855178378052656,1.3147580096784743,0,NORMAL
2026-01-01 17:59:00,2.111914348909918,0.009580667646973276,9.050315479642796,0,NORMAL
2026-01-01 17:59:10,2.050986675306637,0.01283977450853273,3.8263659285603797,0,NORMAL
2026-01-01 17:59:20,2.2222908169447835,0.0038321672872598344,5.673041654859108,0,NORMAL
2026-01-01 17:59:30,2.5725066333036897,0.007111747429420286,5.105261865991215,0,NORMAL
2026-01-01 17:59:40,1.8881530894472347,0.00840064338992011,5.623811938901234,0,NORMAL
2026-01-01 17:59:50,1.8775031983030994,0.015209264164402174,0.0,0,NORMAL
2026-01-01 18:00:00,1.797721389901347,0.010976150283684899,4.556625200372414,0,NORMAL
2026-01-01 18:00:10,2.4427376350129917,0.010841538655875307,7.834741592536641,0,NORMAL
2026-01-01 18:00:20,2.9358811816047137,0.00783986118282693,6.652852343376818,0,NORMAL
2026-01-01 18:00:30,1.8700790827351839,0.013244195716523351,9.324118083735042,0,NORMAL
2026-01-01 18:00:40,2.0469676088169093,0.013453483403817815,3.1842906220754914,0,NORMAL
2026-01-01 18:00:50,1.4196435812763184,0.011443764206225995,4.409428511464888,0,NORMAL
2026-01-01 18:01:00,2.0280864720913723,0.006581695178310962,5.423295306578782,0,NORMAL
2026-01-01 18:01:10,1.062091780311214,0.005103751787155093,2.428029995236611,0,NORMAL
2026-01-01 18:01:20,2.110994175585713,0.006733214531203195,3.5651730764910026,0,NORMAL
2026-01-01 18:01:30,1.5674550927221467,0.00982530317679608,4.7902427607733005,0,NORMAL
2026-01-01 18:01:40,2.5544839431064053,0.004582328451762221,4.039950045254001,0,NORMAL
2026-01-01 18:01:50,1.7566172517961762,0.004417060355723233,3.5365260696567398,0,NORMAL
2026-01-01 18:02:00,1.7861861307367575,0.011426965925655022,6.75649321557562,0,NORMAL
2026-01-01 18:02:10,2.5523862799723513,0.008330836483474033,1.792785094227685,0,NORMAL
2026-01-01 18:02:20,1.938991181508696,0.004694269431292821,0.759937341568133,0,NORMAL
2026-01-01 18:02:30,2.2892622051568265,0.01833537956820792,7.01915678618534,0,NORMAL
2026-01-01 18:02:40,2.7966284061345883,0.00086608600304788,8.764232146430611,0,NORMAL
2026-01-01 18:02:50,2.5658317414935845,0.005084118972388919,3.0266201281691116,0,NORMAL
2026-01-01 18:03:00,1.1021397161706767,0.003563936775163844,9.297620758769712,0,NORMAL
2026-01-01 18:03:10,2.5574295001279483,0.017553820548855355,6.376212481034829,0,NORMAL
2026-01-01 18:03:20,3.054430917859797,0.010395268762216947,2.7971055695044464,0,NORMAL
2026-01-01 18:03:30,1.9691788442429197,0.007893532553560546,0.7404637363093811,0,NORMAL
2026-01-01 18:03:40,2.342784581117436,0.010645112326188205,5.280372435989842,0,NORMAL
2026-01-01 18:03:50,1.6995715359907466,0.0035418666326284508,1.2922695954411407,0,NORMAL
2026-01-01 18:04:00,2.3215134008003333,0.005136706207975294,4.688740029289379,0,NORMAL
2026-01-01 18:04:10,2.1166058336504867,0.008201607295645624,3.1034203433528678,0,NORMAL
2026-01-01 18:04:20,1.7956164318794015,0.007697462675297978,2.999844011385143,0,NORMAL
2026-01-01 18:04:30,1.4514631305228007,0.006694433031762729,5.950542608431337,0,NORMAL
2026-01-01 18:04:40,2.8801234652872054,0.007817938748029742,4.28899239127015,0,NORMAL
2026-01-01 18:04:50,1.9602253977953847,0.005682662242087043,5.6519113050745196,0,NORMAL
2026-01-01 18:05:00,2.6562677157535752,0.012452068283271328,9.231479404418936,0,NORMAL
2026-01-01 18:05:10,2.6480360658164477,0.009744522877141814,4.943785746386472,0,NORMAL
2026-01-01 18:05:20,2.396822557536983,0.013656197411756414,2.0541952143625957,0,NORMAL
2026-01-01 18:05:30,1.8398188102798094,0.013752987456644541,7.303155571868816,0,NORMAL
2026-01-01 18:05:40,2.180771444297744,0.006859818160264112,3.548885427548588,0,NORMAL
2026-01-01 18:05:50,1.8936387618025416,0.012138814957926533,8.539041257265637,0,NORMAL
2026-01-01 18:06:00,1.7806592429132388,0.00664601799891559,1.9716906169618706,0,NORMAL
2026-01-01 18:06:10,2.1945524089982658,0.014598148940415362,5.733540740412169,0,NORMAL
2026-01-01 18:06:20,2.16810270902227,0.013935336972037814,6.59892146830681,0,NORMAL
2026-01-01 18:06:30,2.4916894575404287,0.006794389170776364,3.0039705195558106,0,NORMAL
2026-01-01 18:06:40,1.893415445692803,0.012537377935103927,7.1613193070132315,0,NORMAL
2026-01-01 18:06:50,2.2456975526653373,0.004594081559667716,5.133517472508273,0,NORMAL
2026-01-01 18:07:00,2.0075472675067676,0.012365163922101172,2.7409479926751867,0,NORMAL
2026-01-01 18:07:10,2.1462287629770107,0.008684191994941614,1.682110261060966,0,NORMAL
2026-01-01 18:07:20,1.5866486271465123,0.01339875680746207,7.352090205675675,0,NORMAL
2026-01-01 18:07:30,2.695099028945046,0.0038588446985615044,9.57679852050554,0,NORMAL
2026-01-01 18:07:40,2.5957235471974736,0.011749426635097893,3.460301184484565,0,NORMAL
2026-01-01 18:07:50,2.6332150035325235,0.008873305430640136,10.444430201917706,0,NORMAL
2026-01-01 18:08:00,2.400730909954848,0.005339354138156678,7.564414939337013,0,NORMAL
2026-01-01 18:08:10,2.214657447501119,0.0008634599945465205,4.632730690489852,0,NORMAL
2026-01-01 18:08:20,1.7250430967177541,0.010804334148094518,11.254132212782908,0,NORMAL
2026-01-01 18:08:30,1.6475159360612899,0.010004121810842165,3.710885814878913,0,NORMAL
2026-01-01 18:08:40,2.0394529370050845,0.017925985170331886,6.204096284711408,0,NORMAL
2026-01-01 18:08:50,1.9842909635175057,0.013154563669787147,9.809592499817024,0,NORMAL
2026-01-01 18:09:00,2.0993551318403934,0.007004777708089068,4.447740563420009,0,NORMAL
2026-01-01 18:09:10,2.3054587734747716,0.014074890982980969,5.253156339212915,0,NORMAL
2026-01-01 18:09:20,1.9621391675323099,0.012176984858538905,4.941127100596354,0,NORMAL
2026-01-01 18:09:30,2.786274938759189,0.01030829931840443,2.7118581349891633,0,NORMAL
2026-01-01 18:09:40,2.0531556234975903,0.013321556053813103,6.6927554315423405,0,NORMAL
2026-01-01 18:09:50,2.033655962542067,0.006573430963070267,3.5322753202610073,0,NORMAL
2026-01-01 18:10:00,1.8480446775210808,0.004902888738896656,2.648917008725324,0,NORMAL
2026-01-01 18:10:10,1.8341717446581964,0.014687002021939786,5.976739086353258,0,NORMAL
2026-01-01 18:10:20,2.301036811914979,0.016645110580484134,5.44637024578721,0,NORMAL
2026-01-01 18:10:30,2.005425817337053,0.007948560787896101,1.414303922319146,0,NORMAL
2026-01-01 18:10:40,2.553708884488466,0.011575912053957523,4.8809718277198835,0,NORMAL
2026-01-01 18:10:50,1.5083296800929422,0.0,3.368441439966527,0,NORMAL
2026-01-01 18:11:00,2.051366078700927,0.01423486824732322,9.16001320365396,0,NORMAL
2026-01-01 18:11:10,2.316623060534921,0.008832835473735614,3.9962477788640545,0,NORMAL
2026-01-01 18:11:20,1.9192777677119766,0.01596150359727606,4.225336969277672,0,NORMAL
2026-01-01 18:11:30,2.177945090590637,0.007529091988871488,6.1194373233735,0,NORMAL
2026-01-01 18:11:40,1.5171812807961647,0.006035376084864596,7.361013855765618,0,NORMAL
2026-01-01 18:11:50,2.1795832383362215,0.012282850699690604,7.221603064147689,0,NORMAL
2026-01-01 18:12:00,1.6728159268057785,0.013475041668336952,0.0,0,NORMAL
2026-01-01 18:12:10,1.6538832604814155,0.005473161735370586,2.0812375382304094,0,NORMAL
2026-01-01 18:12:20,1.0959678587621227,0.005692866126783155,6.321817205728745,0,NORMAL
2026-01-01 18:12:30,2.2003941303691215,0.01040289878394415,4.139400382568176,0,NORMAL
2026-01-01 18:12:40,1.9863432849218028,0.00589834181672244,3.9850747567982188,0,NORMAL
2026-01-01 18:12:50,1.8431428284651652,0.005965754052303745,8.30392618973404,0,NORMAL
2026-01-01 18:13:00,2.681383271311808,0.021315598822164387,3.9796420434654256,0,NORMAL
2026-01-01 18:13:10,1.5901390177966164,0.0,7.459115181866738,0,NORMAL
2026-01-01 18:13:20,2.1129674817757906,0.009474048061115492,7.909673404962,0,NORMAL
2026-01-01 18:13:30,2.5419195716363685,0.013167497143227513,11.106746605878225,0,NORMAL
2026-01-01 18:13:40,2.5882318994298057,0.0080791026028895,1.62645786774617,0,NORMAL
2026-01-01 18:13:50,2.943261722661058,0.005697306525917711,1.7584510749334172,0,NORMAL
2026-01-01 18:14:00,2.4794462810044524,0.010153153773246925,5.355787918034363,0,NORMAL
2026-01-01 18:14:10,1.1771622340712224,0.0018761214971731721,6.803490557353512,0,NORMAL
2026-01-01 18:14:20,1.304094492125603,0.016887302062365942,2.646163415287698,0,NORMAL
2026-01-01 18:14:30,2.081935885749999,0.018132939196804466,6.985987015894605,0,NORMAL
2026-01-01 18:14:40,1.5845301038336863,0.01094431726487739,7.232903084523135,0,NORMAL
2026-01-01 18:14:50,2.1624538692708497,0.015789383629466004,0.0,0,NORMAL
2026-01-01 18:15:00,2.2561753651195757,0.009421548241693284,3.1009923364737326,0,NORMAL
2026-01-01 18:15:10,2.547557174346086,0.0,2.5981626096699335,0,NORMAL
2026-01-01 18:15:20,1.8206213701706515,0.011589072209779169,5.003434899244609,0,NORMAL
2026-01-01 18:15:30,1.712158432342576,0.0026224575685564588,5.713007020894614,0,NORMAL
2026-01-01 18:15:40,2.5332762055012115,0.007744924587228102,4.7880180316164305,0,NORMAL
2026-01-01 18:15:50,2.7015447720962404,0.0030115331838965267,6.218896561865833,0,NORMAL
2026-01-01 18:16:00,1.9925909400809947,0.01031771626267311,5.438877114723805,0,NORMAL
2026-01-01 18:16:10,1.5125277911678299,0.016296388104669556,1.2048252342459385,0,NORMAL
2026-01-01 18:16:20,2.5952227328266466,0.010367717135659451,0.0,0,NORMAL
2026-01-01 18:16:30,2.0919262896790736,0.010391679755364713,4.17674237510654,0,NORMAL
2026-01-01 18:16:40,1.987640757383436,0.008132163933868133,0.0,0,NORMAL
2026-01-01 18:16:50,1.2258993752666636,0.010618616728272003,0.0,0,NORMAL
2026-01-01 18:17:00,2.620774561023983,0.012027673686272007,4.680466376345589,0,NORMAL
2026-01-01 18:17:10,2.1049392422222146,0.0052008303796424555,4.325087822926816,0,NORMAL
2026-01-01 18:17:20,2.621453595505889,0.007309280782478021,3.2131954905713576,0,NORMAL
2026-01-01 18:17:30,2.1724009417391574,0.00818829214558635,0.0,0,NORMAL
2026-01-01 18:17:40,1.449482604579606,0.015976582318735496,5.2883971860600765,0,NORMAL
2026-01-01 18:17:50,1.1790809861489744,0.007441299470361877,2.454762035199038,0,NORMAL
2026-01-01 18:18:00,1.823726011791394,0.0126676230394283,0.3245988082140141,0,NORMAL
2026-01-01 18:18:10,2.0233070985585964,0.011694981225875404,1.1769394678638685,0,NORMAL
2026-01-01 18:18:20,1.9460161118285886,0.010076362752483293,1.7305390075583331,0,NORMAL
2026-01-01 18:18:30,1.205358393954425,0.002342245184865227,4.7231962129428195,0,NORMAL
2026-01-01 18:18:40,1.7764231802665893,0.0,9.084383685696213,0,NORMAL
2026-01-01 18:18:50,2.655232438815951,0.016389918217090016,8.297200478875263,0,NORMAL
2026-01-01 18:19:00,2.362889727265149,0.007731027916091611,5.404896427612534,0,NORMAL
2026-01-01 18:19:10,2.3281549154173056,0.01905079451500487,4.228132703630142,0,NORMAL
2026-01-01 18:19:20,2.1727669417887228,0.0030725059272641297,5.874545901724343,0,NORMAL
2026-01-01 18:19:30,1.5304159757892832,0.006849709069453146,3.556943532192233,0,NORMAL
2026-01-01 18:19:40,1.6836510973463585,0.005984021138966521,0.0,0,NORMAL
2026-01-01 18:19:50,2.825355906382927,0.014723282696242134,4.249119073316397,0,NORMAL
2026-01-01 18:20:00,1.951377035947771,0.01374492560200044,1.551822518329114,0,NORMAL
2026-01-01 18:20:10,1.892793463590731,0.014998281695830088,0.7403905634641335,0,NORMAL
2026-01-01 18:20:20,2.8418957673885425,0.013934151336234296,3.044100253759879,0,NORMAL
2026-01-01 18:20:30,2.2424886797109274,0.012937578974828879,5.458253015928477,0,NORMAL
2026-01-01 18:20:40,1.8132655777102873,0.003700996631695487,8.83206901109718,0,NORMAL
2026-01-01 18:20:50,2.274080657612721,0.025700712018061615,5.097192109456256,0,NORMAL
2026-01-01 18:21:00,1.8936651801371118,0.0004888003960459575,3.4786349580199434,0,NORMAL
2026-01-01 18:21:10,1.1169339235015474,0.0171147731994357,6.0248191895700645,0,NORMAL
2026-01-01 18:21:20,1.5761532562446208,0.0,0.0,0,NORMAL
2026-01-01 18:21:30,2.724761739919828,0.005674696168826388,7.210817641932832,0,NORMAL
2026-01-01 18:21:40,2.692925239750778,0.006722154938344647,7.65859720725037,0,NORMAL
2026-01-01 18:21:50,1.8742231641146383,0.015626322481754017,4.333540531983831,0,NORMAL
2026-01-01 18:22:00,2.1763549916252964,0.0042588518946288295,1.0011310231294002,0,NORMAL
2026-01-01 18:22:10,1.1627394424602984,0.009365700161934233,5.667841602406774,0,NORMAL
2026-01-01 18:22:20,2.4012872680835153,0.012879395700886987,0.15328482384444797,0,NORMAL
2026-01-01 18:22:30,1.821335930564529,0.013891825243869763,8.759000477933453,0,NORMAL
2026-01-01 18:22:40,1.2708903820345792,0.006980767002644522,4.3546213125888915,0,NORMAL
2026-01-01 18:22:50,1.4664636062999055,0.004919390193672344,3.4256407787447287,0,NORMAL
2026-01-01 18:23:00,2.0203071616477013,0.013378858523541908,7.87430329243871,0,NORMAL
2026-01-01 18:23:10,2.4089408480798618,0.016170111020152412,1.2547141462607883,0,NORMAL
2026-01-01 18:23:20,2.141642616465992,0.003984600073964934,4.423904366812035,0,NORMAL
2026-01-01 18:23:30,1.937757611048335,0.009164490548754161,8.211449615120948,0,NORMAL
2026-01-01 18:23:40,2.2687232418376118,0.007197436799157296,3.7507263117009666,0,NORMAL
2026-01-01 18:23:50,2.2171840859940555,0.018402689373997475,6.27813398659417,0,NORMAL
2026-01-01 18:24:00,1.7929956172291703,0.005118231445454418,3.3625015281602666,0,NORMAL
2026-01-01 18:24:10,2.2684775942231465,0.003302280709613802,9.062772291094307,0,NORMAL
2026-01-01 18:24:20,1.7974592354315506,0.007021762322407711,7.52748953790255,0,NORMAL
2026-01-01 18:24:30,1.8354438023564823,0.010770900745850454,7.146345406018364,0,NORMAL
2026-01-01 18:24:40,1.1833313126421845,0.003669429520637394,7.075498921287581,0,NORMAL
2026-01-01 18:24:50,1.9074526113997292,0.01418637737398517,3.09513396233723,0,NORMAL
2026-01-01 18:25:00,3.294854371867875,0.002055291814248995,5.570997996597438,0,NORMAL
2026-01-01 18:25:10,2.2143120610947133,0.01469347284632517,2.9992917727452735,0,NORMAL
2026-01-01 18:25:20,0.5400129439705335,0.010734670432848094,5.965272314034399,0,NORMAL
2026-01-01 18:25:30,2.9928340016031836,0.012249323286024667,4.031024043083104,0,NORMAL
2026-01-01 18:25:40,2.5403428039061904,0.013365326208358888,7.966817333108976,0,NORMAL
2026-01-01 18:25:50,2.0337445504811886,0.008017067436543873,4.21317774844483,0,NORMAL
2026-01-01 18:26:00,2.061209475771765,0.010772433939571339,1.8434588006481671,0,NORMAL
2026-01-01 18:26:10,2.254103960891625,0.007086895682618506,5.6565138161267425,0,NORMAL
2026-01-01 18:26:20,1.8795809903114704,0.006312590390593735,5.850295029020176,0,NORMAL
2026-01-01 18:26:30,2.3245835418421867,0.008647120284154408,3.6129341085344184,0,NORMAL
2026-01-01 18:26:40,2.474643238128359,0.0,6.288069245364711,0,NORMAL
2026-01-01 18:26:50,2.221136348827701,0.015187398818666724,5.112548121226841,0,NORMAL
2026-01-01 18:27:00,1.736896445240989,0.01873481054049279,3.7533388123964593,0,NORMAL
2026-01-01 18:27:10,2.1251501628029597,0.014598670277851089,5.3025833147452826,0,NORMAL
2026-01-01 18:27:20,1.7013699608046646,0.007418186737187535,6.749460748260574,0,NORMAL
2026-01-01 18:27:30,2.121633779404084,0.003738130172969827,9.221557471312117,0,NORMAL
2026-01-01 18:27:40,1.92180945229904,0.0076432224394535975,7.380253358795569,0,NORMAL
2026-01-01 18:27:50,2.237805420110243,0.01476415433825125,2.236100037791142,0,NORMAL
2026-01-01 18:28:00,2.1096213298795563,0.003594175902152851,2.4891035737774017,0,NORMAL
2026-01-01 18:28:10,2.3345368627920893,0.01689354726432425,11.029287526420347,0,NORMAL
2026-01-01 18:28:20,1.4770144412325428,0.007170386888523536,6.979968097895419,0,NORMAL
2026-01-01 18:28:30,1.707454867505023,0.017227482587412482,0.02187886630517255,0,NORMAL
2026-01-01 18:28:40,3.030953935995062,0.006157590645136127,3.9774208590170668,0,NORMAL
2026-01-01 18:28:50,2.3903830121887997,0.0077475235493105355,3.0532129633005813,0,NORMAL
2026-01-01 18:29:00,2.797865762534202,0.007486473309007018,8.496594117042989,0,NORMAL
2026-01-01 18:29:10,1.062042385391694,0.012978973707702988,4.59605977936628,0,NORMAL
2026-01-01 18:29:20,1.6700092392311925,0.014260195250685889,8.479240455275415,0,NORMAL
2026-01-01 18:29:30,2.747422010801925,0.011530704452368583,5.678347676282303,0,NORMAL
2026-01-01 18:29:40,2.212670839892921,0.008291592387303015,9.467113427463959,0,NORMAL
2026-01-01 18:29:50,2.1940579078906675,0.0021054841721954774,3.0879551586807485,0,NORMAL
2026-01-01 18:30:00,1.8071796138068548,0.015258086426624639,4.032755881725383,0,NORMAL
2026-01-01 18:30:10,2.4946775119797895,0.013298878816325767,7.766367073286588,0,NORMAL
2026-01-01 18:30:20,2.240473030597607,0.017277802725619153,1.6822673375462673,0,NORMAL
2026-01-01 18:30:30,1.4609944450191397,0.010979101911346115,4.338152295139336,0,NORMAL
2026-01-01 18:30:40,1.7569371372999063,0.009841835896428782,6.755692409380816,0,NORMAL
2026-01-01 18:30:50,2.9692589393029603,0.01699329711845272,3.8091439332112027,0,NORMAL
2026-01-01 18:31:00,2.4646789508468308,0.01706042009354898,6.373913808448887,0,NORMAL
2026-01-01 18:31:10,1.9138850295683236,0.008103846960853079,4.564828971333707,0,NORMAL
2026-01-01 18:31:20,2.1911145450204415,0.00663087304307735,9.82781096615212,0,NORMAL
2026-01-01 18:31:30,2.0882344140905285,0.01774797994115387,1.9480081742345157,0,NORMAL
2026-01-01 18:31:40,1.7112195786414741,0.004139731701828552,4.686555652907857,0,NORMAL
2026-01-01 18:31:50,1.5228462966700178,0.009925504574596572,3.6610582398252896,0,NORMAL
2026-01-01 18:32:00,2.9489310314523065,0.010274280239809589,4.888578152701717,0,NORMAL
2026-01-01 18:32:10,1.5390374068623283,0.009692851591781635,8.877636513428,0,NORMAL
2026-01-01 18:32:20,2.46217548461609,0.0015311272940427445,9.386572203334888,0,NORMAL
2026-01-01 18:32:30,2.1929175343691676,0.0060738221018703745,6.28714741005517,0,NORMAL
2026-01-01 18:32:40,1.9611487978033975,0.010336402219266641,6.855533907134549,0,NORMAL
2026-01-01 18:32:50,1.7972937769634154,0.006499012307675775,6.6317547212047145,0,NORMAL
2026-01-01 18:33:00,1.777627440937084,0.0027579416598734943,6.2256867937428915,0,NORMAL
2026-01-01 18:33:10,1.837844790190279,0.003806403575091866,6.289022176115407,0,NORMAL
2026-01-01 18:33:20,1.8646009974183568,0.013947286617305021,6.514401638457018,0,NORMAL
2026-01-01 18:33:30,2.0803690519422076,0.01849014714411455,5.103739926919725,0,NORMAL
2026-01-01 18:33:40,1.3923152746146796,0.012919268672019297,5.6998927133014945,0,NORMAL
2026-01-01 18:33:50,2.1954592572857474,0.0075755356899831275,0.0,0,NORMAL
2026-01-01 18:34:00,1.7676034274522936,0.010468042172719329,5.863853471851308,0,NORMAL
2026-01-01 18:34:10,1.443109647585303,0.007104151459121324,2.2845856289496025,0,NORMAL
2026-01-01 18:34:20,2.610202479949815,0.009037286799813018,1.1059094726064624,0,NORMAL
2026-01-01 18:34:30,2.260645854895292,0.01763653088626984,5.824923252748091,0,NORMAL
2026-01-01 18:34:40,0.8859850652917858,0.009730042445944538,5.222517033882515,0,NORMAL
2026-01-01 18:34:50,3.1728777346717107,0.01756389995743131,4.656065820386383,0,NORMAL
2026-01-01 18:35:00,1.8517686726445648,0.015260129490848321,4.857263943187409,0,NORMAL
2026-01-01 18:35:10,2.3883891898543714,0.009788492499443704,0.8007277602243927,0,NORMAL
2026-01-01 18:35:20,2.558966932832496,0.006084873456997677,7.918232289083971,0,NORMAL
2026-01-01 18:35:30,1.5966273861858025,0.01797209687609218,1.3742883875313563,0,NORMAL
2026-01-01 18:35:40,2.0252603603456,0.01085569207053376,0.6197295109992531,0,NORMAL
2026-01-01 18:35:50,1.2812268968972726,0.005427402120837346,3.9927350180620085,0,NORMAL
2026-01-01 18:36:00,3.1730395164391823,0.015778945176074245,3.9651241572848916,0,NORMAL
2026-01-01 18:36:10,2.149351755907049,0.006914592376577579,3.553734016998766,0,NORMAL
2026-01-01 18:36:20,1.839022097041783,0.01031147504104624,7.467385535616125,0,NORMAL
2026-01-01 18:36:30,3.2732482464629093,0.010408364381533442,8.242054197038868,0,NORMAL
2026-01-01 18:36:40,2.6731071110681217,0.007063719424468763,11.790594228431807,0,NORMAL
2026-01-01 18:36:50,2.2805917518509515,0.003741663981271659,3.2440713376219947,0,NORMAL
2026-01-01 18:37:00,1.7390674802592374,0.011701222114971722,0.07839563183079279,0,NORMAL
2026-01-01 18:37:10,2.0558794587733713,0.003486745775164204,4.10598947931536,0,NORMAL
2026-01-01 18:37:20,1.74507250607921,0.011782344699260322,0.0,0,NORMAL
2026-01-01 18:37:30,1.919506411231777,0.002249508305543464,5.07231727029545,0,NORMAL
2026-01-01 18:37:40,0.6806044212774096,0.005741838051509552,5.904651316232526,0,NORMAL
2026-01-01 18:37:50,1.8343784812517097,0.006793778554467691,5.762832586470672,0,NORMAL
2026-01-01 18:38:00,2.3104123582851943,0.005461454392318199,4.339439882173656,0,NORMAL
2026-01-01 18:38:10,1.7851869597922387,0.003839664417540116,8.133889933901285,0,NORMAL
2026-01-01 18:38:20,1.3409440079277537,0.017536945154306642,7.169456257093016,0,NORMAL
2026-01-01 18:38:30,1.3923867104570122,0.013923300434312008,6.09279212603548,0,NORMAL
2026-01-01 18:38:40,2.3186773615211655,0.01001956393397589,2.520993535908508,0,NORMAL
2026-01-01 18:38:50,1.7817894809732695,0.014164331589784949,3.5893045758270783,0,NORMAL
2026-01-01 18:39:00,1.7409563087068405,0.006597068045983409,1.245336436691719,0,NORMAL
2026-01-01 18:39:10,1.8997426930465349,0.01071868698890027,3.7666067045278826,0,NORMAL
2026-01-01 18:39:20,2.030272175108711,0.006356970965670498,0.0,0,NORMAL
2026-01-01 18:39:30,2.36839236708671,0.011514082864107086,4.981678168380549,0,NORMAL
2026-01-01 18:39:40,3.012289775700773,0.0059587568934363335,6.510673851516787,0,NORMAL
2026-01-01 18:39:50,2.3218317421313692,0.00291764045504617,8.578635021064144,0,NORMAL
2026-01-01 18:40:00,2.6523052340407274,0.005272642029430264,4.142556696590771,0,NORMAL
2026-01-01 18:40:10,1.5813164338014352,0.008727402100098512,0.0,0,NORMAL
2026-01-01 18:40:20,1.767860550196037,0.0,3.047166094033247,0,NORMAL
2026-01-01 18:40:30,2.761570484645752,0.0068966615733714485,0.9257310740662053,0,NORMAL
2026-01-01 18:40:40,1.821204796441726,0.007690773463468186,2.5240044845764134,0,NORMAL
2026-01-01 18:40:50,2.742194144258757,0.013945752393898525,5.127715306841127,0,NORMAL
2026-01-01 18:41:00,2.7876289852694756,0.005509062764726759,7.902122361606229,0,NORMAL
2026-01-01 18:41:10,0.963522579939639,0.01228587153881321,3.2163168930909394,0,NORMAL
2026-01-01 18:41:20,2.1838494096921686,0.005513861823909201,4.564880509321612,0,NORMAL
2026-01-01 18:41:30,2.3979111444378987,0.0010544708315793207,1.9346117012610993,0,NORMAL
2026-01-01 18:41:40,1.9682962954144747,0.01371036556332085,2.263795710952004,0,NORMAL
2026-01-01 18:41:50,1.7016073433288745,0.0144986795831918,4.432082149590665,0,NORMAL
2026-01-01 18:42:00,1.2053967358704623,0.005271322195862557,9.069748102945168,0,NORMAL
2026-01-01 18:42:10,1.7210738290289138,0.010556017055766918,5.2637862290426245,0,NORMAL
2026-01-01 18:42:20,2.5198227230751797,0.014997646408021436,8.618341411971683,0,NORMAL
2026-01-01 18:42:30,2.196353645017383,0.007775502871993913,6.276053057268252,0,NORMAL
2026-01-01 18:42:40,3.0764871793689528,0.01042215824620917,1.4038241999835248,0,NORMAL
2026-01-01 18:42:50,1.7427833682997644,0.0032537600234093223,9.584086057603805,0,NORMAL
2026-01-01 18:43:00,2.2021715053282946,0.012185687445241207,2.1636293408653797,0,NORMAL
2026-01-01 18:43:10,1.5918162913943446,0.009539291513257143,2.676641094604117,0,NORMAL
2026-01-01 18:43:20,1.861542907940978,0.015061015702384724,8.114762107775459,0,NORMAL
2026-01-01 18:43:30,2.333602050099725,0.010033540494089738,5.37724856585884,0,NORMAL
2026-01-01 18:43:40,1.521585732608837,0.02205292603038914,3.8547850439816504,0,NORMAL
2026-01-01 18:43:50,2.979685800085918,0.011533716558884638,6.967020320965913,0,NORMAL
2026-01-01 18:44:00,2.1824580462588314,0.012903293560586363,8.488570663752128,0,NORMAL
2026-01-01 18:44:10,2.054151521107083,0.015328863556024178,3.965308707698166,0,NORMAL
2026-01-01 18:44:20,1.4868568478459645,0.006502714021247493,5.347626419441079,0,NORMAL
2026-01-01 18:44:30,1.54323186699673,0.017181448432055255,3.6028279807164365,0,NORMAL
2026-01-01 18:44:40,2.343724560716171,0.005926877684616433,5.182547541976017,0,NORMAL
2026-01-01 18:44:50,2.998611939301145,0.006870861115474462,5.6244151821006545,0,NORMAL
2026-01-01 18:45:00,1.8629261407962612,0.014535356060705721,2.4631427243369863,0,NORMAL
2026-01-01 18:45:10,2.4845991270747634,0.007331053112634793,4.7283058871940105,0,NORMAL
2026-01-01 18:45:20,2.077945203039325,0.01572569466303918,11.26394654715856,0,NORMAL
2026-01-01 18:45:30,1.7463078367276412,0.013173755590043381,7.805248619656071,0,NORMAL
2026-01-01 18:45:40,1.7727109822883853,0.004050136691567351,5.866374744623819,0,NORMAL
2026-01-01 18:45:50,2.6657524755747755,0.013708207202679417,3.3923779499395925,0,NORMAL
2026-01-01 18:46:00,0.9799831661193064,0.012942565773108716,0.24143639603724787,0,NORMAL
2026-01-01 18:46:10,1.437634605984898,0.005625678732886436,5.091993875263646,0,NORMAL
2026-01-01 18:46:20,1.169087193471162,0.01471358079902635,9.65295938895213,0,NORMAL
2026-01-01 18:46:30,1.6465924108075491,0.007728436150573398,2.5647769318742077,0,NORMAL
2026-01-01 18:46:40,2.410108727315782,0.007938201493189165,6.59957632177508,0,NORMAL
2026-01-01 18:46:50,1.6838561809699213,0.005720498862071798,10.277531575598228,0,NORMAL
2026-01-01 18:47:00,1.718483142134695,0.0109603267216943,6.074446006192073,0,NORMAL
2026-01-01 18:47:10,1.341414687213244,0.005702886541541281,8.44288224561627,0,NORMAL
2026-01-01 18:47:20,2.199080460810394,0.007786375492587992,4.985600219947589,0,NORMAL
2026-01-01 18:47:30,1.420883213014159,0.00867228293902928,3.8121094358644103,0,NORMAL
2026-01-01 18:47:40,2.1129483878683284,0.006911719930812033,11.862192891094487,0,NORMAL
2026-01-01 18:47:50,1.5247640831019438,0.011038167226066457,0.0,0,NORMAL
2026-01-01 18:48:00,2.1716073270960496,0.006490461882689974,5.602668969938541,0,NORMAL
2026-01-01 18:48:10,2.72549986230472,0.014195907202447292,5.397066384290773,0,NORMAL
2026-01-01 18:48:20,1.892560167464796,0.013336171697447928,3.1768602950893197,0,NORMAL
2026-01-01 18:48:30,2.3535559150061944,0.015605453234709661,9.212188023962371,0,NORMAL
2026-01-01 18:48:40,1.3874096803170353,0.0061597271502188255,0.6507512412124665,0,NORMAL
2026-01-01 18:48:50,1.6050035101486906,0.009801554129568079,6.204720438715707,0,NORMAL
2026-01-01 18:49:00,1.8298928583280882,0.00813936568290346,0.0,0,NORMAL
2026-01-01 18:49:10,1.3234599275555332,0.010353239745139612,3.5308740820505005,0,NORMAL
2026-01-01 18:49:20,2.410931370186295,0.012997221784815762,1.9167928618386132,0,NORMAL
2026-01-01 18:49:30,2.209922465204039,0.01394477792365678,7.384949398629946,0,NORMAL
2026-01-01 18:49:40,1.7109697712769276,0.020359677622206314,0.0,0,NORMAL
2026-01-01 18:49:50,3.272791405676161,0.013252368442024423,3.030534268119595,0,NORMAL
2026-01-01 18:50:00,1.706057830177625,0.011993514277384919,2.4853715798323988,0,NORMAL
2026-01-01 18:50:10,1.9944144109148612,0.004844274838801263,3.9759461457645053,0,NORMAL
2026-01-01 18:50:20,2.015354235356715,0.013379156408624205,6.269233464963884,0,NORMAL
2026-01-01 18:50:30,1.3432020252573538,0.0007632431961324948,5.490720422230808,0,NORMAL
2026-01-01 18:50:40,1.8955604199138107,0.015791641138996105,4.250218191241182,0,NORMAL
2026-01-01 18:50:50,1.7686093275739703,0.02103511282368401,6.409985786540246,0,NORMAL
2026-01-01 18:51:00,1.5225129658574592,0.007739101878727373,5.075122361279601,0,NORMAL
2026-01-01 18:51:10,2.5735654109232295,0.0,2.1398316130746515,0,NORMAL
2026-01-01 18:51:20,1.9640357736657494,0.006405516210547335,3.052819193262088,0,NORMAL
2026-01-01 18:51:30,1.8555960733973529,0.004836198736474701,5.031709685087333,0,NORMAL
2026-01-01 18:51:40,2.9855423269732397,0.01436999216895869,8.799896915963425,0,NORMAL
2026-01-01 18:51:50,1.7426103903243022,0.01705381823939348,3.677649531683638,0,NORMAL
2026-01-01 18:52:00,1.9576301921572214,0.012624530074806841,5.542250957904878,0,NORMAL
2026-01-01 18:52:10,2.4230980953634296,0.0005405613075860095,4.5430900014417706,0,NORMAL
2026-01-01 18:52:20,1.853934946080082,0.0114403300623583,12.141264973411172,0,NORMAL
2026-01-01 18:52:30,2.4644367601866586,0.015066826395765748,1.223385942090308,0,NORMAL
2026-01-01 18:52:40,2.0788736639745107,0.02086647256820528,0.0,0,NORMAL
2026-01-01 18:52:50,2.716023161598996,0.004119873289382578,5.710893800492525,0,NORMAL
2026-01-01 18:53:00,2.53326449888774,0.017784344315236206,8.221323623848834,0,NORMAL
2026-01-01 18:53:10,2.24067394744632,0.013388662724361454,2.5256694458906797,0,NORMAL
2026-01-01 18:53:20,1.5469665515851077,0.004448555009224809,8.920860195203444,0,NORMAL
2026-01-01 18:53:30,0.9458569279745286,0.008961909429343846,0.8048033709299969,0,NORMAL
2026-01-01 18:53:40,1.581997180897945,0.00834419058534075,5.935632580277142,0,NORMAL
2026-01-01 18:53:50,1.389126358617626,0.00018372145188932598,3.762876357932513,0,NORMAL
2026-01-01 18:54:00,1.6813930666190433,0.004293077349024883,4.06110731408357,0,NORMAL
2026-01-01 18:54:10,2.9845405680576,0.009462802066131239,6.82775510552895,0,NORMAL
2026-01-01 18:54:20,1.995445504473141,0.012045504028247703,5.289142902057696,0,NORMAL
2026-01-01 18:54:30,2.357714466723245,0.017295216875595158,5.6934226269960995,0,NORMAL
2026-01-01 18:54:40,2.62056424189792,0.010292507726424066,5.663546145799944,0,NORMAL
2026-01-01 18:54:50,1.9188346107001304,0.008356324487958883,10.129086026265734,0,NORMAL
2026-01-01 18:55:00,2.0540271822029585,0.017019450821709203,4.232169865288074,0,NORMAL
2026-01-01 18:55:10,1.6215289803554722,0.0041600659415028645,3.391834853539663,0,NORMAL
2026-01-01 18:55:20,2.525352220167746,0.0,5.752017004932442,0,NORMAL
2026-01-01 18:55:30,1.754763691010678,0.0024189796190765855,3.1051593504588553,0,NORMAL
2026-01-01 18:55:40,2.625376622102341,0.00013109512577678118,7.9234100359600435,0,NORMAL
2026-01-01 18:55:50,2.3186304404956783,0.0019012035388041716,0.9787367786971051,0,NORMAL
2026-01-01 18:56:00,1.756250932561164,0.009896764673156342,5.037854538806562,0,NORMAL
2026-01-01 18:56:10,1.8744605541696195,0.005278652753261623,1.948470321608522,0,NORMAL
2026-01-01 18:56:20,1.911500663968573,0.005377828443152717,5.059631946326257,0,NORMAL
2026-01-01 18:56:30,2.240262382336973,0.0046191845223861735,7.925998213858994,0,NORMAL
2026-01-01 18:56:40,2.314637079863885,0.0,5.596087982244652,0,NORMAL
2026-01-01 18:56:50,3.227555902976369,0.01848228620367207,6.228805576475599,0,NORMAL
2026-01-01 18:57:00,1.872113806321071,0.012271245001464806,0.0,0,NORMAL
2026-01-01 18:57:10,2.311770490380165,0.008702874288206479,9.193786392514799,0,NORMAL
2026-01-01 18:57:20,2.3866525531973117,0.013467868804497227,2.1262499709963745,0,NORMAL
2026-01-01 18:57:30,1.9263206434530398,0.014457609674134925,8.30171335687395,0,NORMAL
2026-01-01 18:57:40,2.371106369204587,0.006927479032483461,6.495262784629275,0,NORMAL
2026-01-01 18:57:50,1.7558978058038337,0.012607639674500551,2.897583945939276,0,NORMAL
2026-01-01 18:58:00,2.9400313548032306,0.0010051156036844512,4.356653587716225,0,NORMAL
2026-01-01 18:58:10,2.056249496466172,0.014574519729366145,4.197801431746,0,NORMAL
2026-01-01 18:58:20,2.8263777434787807,0.0187944389088168,5.538507157604611,0,NORMAL
2026-01-01 18:58:30,2.074809040399977,0.011598783792713193,3.954202807665207,0,NORMAL
2026-01-01 18:58:40,1.6822402235838871,0.00424067299682689,9.950681695653149,0,NORMAL
2026-01-01 18:58:50,2.3670190892891734,0.01840931719362933,4.988695062092707,0,NORMAL
2026-01-01 18:59:00,2.357355740336875,0.005373167015407137,6.999263346689959,0,NORMAL
2026-01-01 18:59:10,1.7279846370676544,0.012270198293936795,3.153125436669609,0,NORMAL
2026-01-01 18:59:20,1.3007740534866454,0.011254798748816098,1.791627721026055,0,NORMAL
2026-01-01 18:59:30,1.5351360679644908,0.007121485185470741,0.0,0,NORMAL
2026-01-01 18:59:40,2.040267408335689,0.012719624074445091,5.220776672394965,0,NORMAL
2026-01-01 18:59:50,0.6944643637844392,0.0129092741519013,0.8819882824376029,0,NORMAL
2026-01-01 19:00:00,1.531819265053837,0.009608110992799086,5.512333035399853,0,NORMAL
2026-01-01 19:00:10,2.158015221668001,0.023671433663993133,5.091306604136039,0,NORMAL
2026-01-01 19:00:20,2.831224509359987,0.0076610584106981015,8.333561582560208,0,NORMAL
2026-01-01 19:00:30,2.2949008808165257,0.0006130370332764745,4.72656190037389,0,NORMAL
2026-01-01 19:00:40,1.97496450946758,0.005233651446766032,4.645079554366773,0,NORMAL
2026-01-01 19:00:50,0.9480326064861071,0.010019243125483478,6.580090321590405,0,NORMAL
2026-01-01 19:01:00,2.4369808411459206,0.003019289143297785,5.192785287871339,0,NORMAL
2026-01-01 19:01:10,1.5105497441174545,0.004718757448098397,9.378534860505148,0,NORMAL
2026-01-01 19:01:20,2.3211039834076783,0.010611497091582626,0.0,0,NORMAL
2026-01-01 19:01:30,1.3863731278703626,0.009697835110386192,2.4386750018973187,0,NORMAL
2026-01-01 19:01:40,2.0076897539171576,0.007546585038841163,3.137000360537808,0,NORMAL
2026-01-01 19:01:50,1.9215963585561384,0.009891324354946681,5.091051124939075,0,NORMAL
2026-01-01 19:02:00,2.144702553179364,0.006651294998956113,5.815215252028624,0,NORMAL
2026-01-01 19:02:10,2.6480398739112605,0.018473456631113532,6.014622583031416,0,NORMAL
2026-01-01 19:02:20,2.4100729962764413,0.009107635485770317,10.64784702154914,0,NORMAL
2026-01-01 19:02:30,1.8828711718378592,0.009130993127613762,2.0026509523975995,0,NORMAL
2026-01-01 19:02:40,2.387446401117524,0.012047271844133232,4.8905552182939855,0,NORMAL
2026-01-01 19:02:50,1.4340927756688608,0.01035967351276369,3.7556227319341495,0,NORMAL
2026-01-01 19:03:00,2.229386819897268,0.018789424512894136,8.415750306069022,0,NORMAL
2026-01-01 19:03:10,2.936519155082351,0.014392805690860338,0.0,0,NORMAL
2026-01-01 19:03:20,2.11089160829582,0.007595655749788182,2.8154903364203845,0,NORMAL
2026-01-01 19:03:30,1.1658767349831543,0.013335991825922733,3.3717342211145027,0,NORMAL
2026-01-01 19:03:40,2.6244830510527906,0.010199983930543279,5.526807984655689,0,NORMAL
2026-01-01 19:03:50,2.0612311695270966,0.010724564317261308,0.06968366747109345,0,NORMAL
2026-01-01 19:04:00,1.6784906072940178,0.0047852853363886914,7.053769687007627,0,NORMAL
2026-01-01 19:04:10,1.7577754240150845,0.004560030000018167,11.08630342170664,0,NORMAL
2026-01-01 19:04:20,1.7113933231809386,0.02183767453539647,0.0,0,NORMAL
2026-01-01 19:04:30,1.8924059950097398,0.005440033663965763,11.922695158995563,0,NORMAL
2026-01-01 19:04:40,2.242325143481415,0.01321248189926955,1.195781993141595,0,NORMAL
2026-01-01 19:04:50,2.42240006196495,0.0177270181814314,2.089375483553066,0,NORMAL
