risk_percentage,is_anomaly,if_score,ae_error,risk_level,tilt,gravity,piezo,timestamp,true_label,true_state
23,False,0.2649,0.0,NORMAL,2.25,0.0044,4.9,2026-07-23T11:13:53.712879,0,NORMAL
21,False,0.2855,0.0,NORMAL,1.93,0.0112,4.7,2026-07-23T11:13:53.720733,0,NORMAL
23,False,0.2697,0.0,NORMAL,2.32,0.0125,8.7,2026-07-23T11:13:53.728643,0,NORMAL
27,False,0.2236,0.0,WATCH,2.76,0.0157,1.8,2026-07-23T11:13:53.736445,0,NORMAL
25,False,0.2429,0.0,WATCH,1.88,0.0179,2.7,2026-07-23T11:13:53.744405,0,NORMAL
24,False,0.254,0.0,NORMAL,1.88,0.0049,8.1,2026-07-23T11:13:53.752374,0,NORMAL
25,False,0.2445,0.0,WATCH,2.79,0.0059,3.2,2026-07-23T11:13:53.760256,0,NORMAL
25,False,0.2439,0.0,WATCH,2.38,0.0037,7.7,2026-07-23T11:13:53.768006,0,NORMAL
24,False,0.2504,0.0,NORMAL,1.77,0.0088,10.1,2026-07-23T11:13:53.775812,0,NORMAL
22,False,0.2781,0.0,NORMAL,2.27,0.0123,3.8,2026-07-23T11:13:53.783554,0,NORMAL
22,False,0.2737,0.0,NORMAL,1.77,0.0149,7.0,2026-07-23T11:13:53.791309,0,NORMAL
24,False,0.2572,0.0,NORMAL,1.77,0.0096,1.5,2026-07-23T11:13:53.799131,0,NORMAL
22,False,0.2737,0.0,NORMAL,2.12,0.0084,7.3,2026-07-23T11:13:53.806964,0,NORMAL
25,False,0.2433,0.0,WATCH,1.04,0.0108,5.6,2026-07-23T11:13:53.814736,0,NORMAL
26,False,0.2327,0.0,WATCH,1.14,0.0058,6.4,2026-07-23T11:13:53.822605,0,NORMAL
28,False,0.2167,0.0,WATCH,1.72,0.0204,3.1,2026-07-23T11:13:53.830485,0,NORMAL
33,False,0.1649,0.0,WATCH,1.49,0.002,0.0,2026-07-23T11:13:53.838446,0,NORMAL
21,False,0.2839,0.0,NORMAL,2.16,0.0109,6.5,2026-07-23T11:13:53.846291,0,NORMAL
32,False,0.1736,0.0,WATCH,1.55,0.0201,0.0,2026-07-23T11:13:53.854148,0,NORMAL
24,False,0.255,0.0,NORMAL,1.29,0.01,4.0,2026-07-23T11:13:53.861927,0,NORMAL
23,False,0.2625,0.0,NORMAL,2.73,0.009,7.8,2026-07-23T11:13:53.869635,0,NORMAL
22,False,0.2786,0.0,NORMAL,1.89,0.0082,5.6,2026-07-23T11:13:53.877484,0,NORMAL
25,False,0.2477,0.0,WATCH,2.03,0.0091,10.8,2026-07-23T11:13:53.885289,0,NORMAL
26,False,0.2358,0.0,WATCH,1.29,0.0169,8.1,2026-07-23T11:13:53.893083,0,NORMAL
31,False,0.1882,0.0,WATCH,1.73,0.0,3.0,2026-07-23T11:13:53.900895,0,NORMAL
23,False,0.2632,0.0,NORMAL,2.06,0.0177,5.1,2026-07-23T11:13:53.908680,0,NORMAL
26,False,0.2307,0.0,WATCH,1.42,0.0029,4.9,2026-07-23T11:13:53.916405,0,NORMAL
26,False,0.2398,0.0,WATCH,2.19,0.0087,0.3,2026-07-23T11:13:53.924210,0,NORMAL
24,False,0.2545,0.0,NORMAL,1.7,0.0079,2.2,2026-07-23T11:13:53.931979,0,NORMAL
22,False,0.2757,0.0,NORMAL,1.85,0.0129,3.3,2026-07-23T11:13:53.940123,0,NORMAL
32,False,0.1758,0.0,WATCH,1.7,0.002,0.0,2026-07-23T11:13:53.947840,0,NORMAL
24,False,0.2571,0.0,NORMAL,2.93,0.0123,5.1,2026-07-23T11:13:53.955658,0,NORMAL
26,False,0.2347,0.0,WATCH,1.99,0.0201,4.3,2026-07-23T11:13:53.963457,0,NORMAL
31,False,0.1827,0.0,WATCH,1.47,0.0032,0.0,2026-07-23T11:13:53.971293,0,NORMAL
21,False,0.2801,0.0,NORMAL,2.41,0.0109,6.2,2026-07-23T11:13:53.979072,0,NORMAL
24,False,0.2512,0.0,NORMAL,1.39,0.0067,7.1,2026-07-23T11:13:53.986857,0,NORMAL
21,False,0.2806,0.0,NORMAL,2.1,0.0121,5.7,2026-07-23T11:13:53.994682,0,NORMAL
27,False,0.2296,0.0,WATCH,1.02,0.0101,4.0,2026-07-23T11:13:54.002463,0,NORMAL
24,False,0.254,0.0,NORMAL,1.34,0.0068,6.8,2026-07-23T11:13:54.010347,0,NORMAL
22,False,0.2796,0.0,NORMAL,2.1,0.0124,7.0,2026-07-23T11:13:54.018348,0,NORMAL
24,False,0.2506,0.0,NORMAL,2.37,0.019,5.9,2026-07-23T11:13:54.026134,0,NORMAL
23,False,0.2693,0.0,NORMAL,2.09,0.009,2.5,2026-07-23T11:13:54.033897,0,NORMAL
21,False,0.2841,0.0,NORMAL,1.94,0.0136,5.8,2026-07-23T11:13:54.041709,0,NORMAL
26,False,0.239,0.0,WATCH,1.85,0.0035,8.6,2026-07-23T11:13:54.049610,0,NORMAL
27,False,0.2284,0.0,WATCH,1.26,0.0052,3.2,2026-07-23T11:13:54.057614,0,NORMAL
26,False,0.2337,0.0,WATCH,1.64,0.0124,11.3,2026-07-23T11:13:54.065447,0,NORMAL
25,False,0.2499,0.0,WATCH,1.77,0.0174,3.4,2026-07-23T11:13:54.073300,0,NORMAL
22,False,0.2764,0.0,NORMAL,2.53,0.0118,5.1,2026-07-23T11:13:54.081148,0,NORMAL
22,False,0.2714,0.0,NORMAL,2.17,0.0084,3.0,2026-07-23T11:13:54.089251,0,NORMAL
25,False,0.2476,0.0,WATCH,1.12,0.01,5.7,2026-07-23T11:13:54.097227,0,NORMAL
29,False,0.2043,0.0,WATCH,2.16,0.0037,0.0,2026-07-23T11:13:54.105051,0,NORMAL
22,False,0.2753,0.0,NORMAL,1.81,0.013,3.4,2026-07-23T11:13:54.112767,0,NORMAL
25,False,0.2481,0.0,WATCH,1.66,0.0144,1.7,2026-07-23T11:13:54.120583,0,NORMAL
22,False,0.2773,0.0,NORMAL,2.31,0.0077,5.4,2026-07-23T11:13:54.128417,0,NORMAL
23,False,0.2645,0.0,NORMAL,2.52,0.0076,8.0,2026-07-23T11:13:54.136270,0,NORMAL
22,False,0.2764,0.0,NORMAL,2.47,0.0113,6.9,2026-07-23T11:13:54.144130,0,NORMAL
27,False,0.2244,0.0,WATCH,1.58,0.0078,0.0,2026-07-23T11:13:54.151855,0,NORMAL
25,False,0.2405,0.0,WATCH,1.85,0.0097,11.1,2026-07-23T11:13:54.159612,0,NORMAL
26,False,0.2353,0.0,WATCH,2.17,0.0205,5.9,2026-07-23T11:13:54.167421,0,NORMAL
23,False,0.265,0.0,NORMAL,2.49,0.0088,2.7,2026-07-23T11:13:54.175326,0,NORMAL
22,False,0.2789,0.0,NORMAL,1.76,0.0082,5.5,2026-07-23T11:13:54.183296,0,NORMAL
22,False,0.2739,0.0,NORMAL,1.91,0.0068,5.5,2026-07-23T11:13:54.191020,0,NORMAL
24,False,0.257,0.0,NORMAL,1.45,0.0137,3.0,2026-07-23T11:13:54.198728,0,NORMAL
23,False,0.2661,0.0,NORMAL,1.4,0.0091,5.6,2026-07-23T11:13:54.206528,0,NORMAL
23,False,0.2608,0.0,NORMAL,2.41,0.0068,3.2,2026-07-23T11:13:54.214366,0,NORMAL
24,False,0.2522,0.0,NORMAL,2.68,0.0166,3.8,2026-07-23T11:13:54.222156,0,NORMAL
25,False,0.2495,0.0,WATCH,1.96,0.0171,2.9,2026-07-23T11:13:54.230068,0,NORMAL
27,False,0.2247,0.0,WATCH,2.5,0.007,0.7,2026-07-23T11:13:54.237921,0,NORMAL
28,False,0.2131,0.0,WATCH,2.18,0.0007,5.4,2026-07-23T11:13:54.245695,0,NORMAL
22,False,0.2725,0.0,NORMAL,1.68,0.015,6.8,2026-07-23T11:13:54.253421,0,NORMAL
22,False,0.2731,0.0,NORMAL,2.18,0.0066,6.5,2026-07-23T11:13:54.261252,0,NORMAL
23,False,0.2615,0.0,NORMAL,2.77,0.014,7.5,2026-07-23T11:13:54.269231,0,NORMAL
29,False,0.2074,0.0,WATCH,1.98,0.0001,6.0,2026-07-23T11:13:54.277245,0,NORMAL
24,False,0.2537,0.0,NORMAL,2.78,0.0145,3.4,2026-07-23T11:13:54.285037,0,NORMAL
32,False,0.1721,0.0,WATCH,0.69,0.0039,7.5,2026-07-23T11:13:54.292839,0,NORMAL
25,False,0.2406,0.0,WATCH,2.41,0.0137,0.9,2026-07-23T11:13:54.300577,0,NORMAL
23,False,0.2641,0.0,NORMAL,2.04,0.0101,2.3,2026-07-23T11:13:54.308319,0,NORMAL
25,False,0.2483,0.0,WATCH,1.85,0.0052,2.1,2026-07-23T11:13:54.316056,0,NORMAL
23,False,0.2677,0.0,NORMAL,2.05,0.008,8.2,2026-07-23T11:13:54.323883,0,NORMAL
27,False,0.2249,0.0,WATCH,1.01,0.0134,7.8,2026-07-23T11:13:54.331898,0,NORMAL
21,False,0.2823,0.0,NORMAL,1.89,0.0105,6.5,2026-07-23T11:13:54.339830,0,NORMAL
22,False,0.2748,0.0,NORMAL,2.18,0.0129,8.2,2026-07-23T11:13:54.347616,0,NORMAL
29,False,0.2075,0.0,WATCH,2.74,0.0199,2.4,2026-07-23T11:13:54.355473,0,NORMAL
26,False,0.2326,0.0,WATCH,1.74,0.0022,6.0,2026-07-23T11:13:54.363344,0,NORMAL
24,False,0.2531,0.0,NORMAL,1.6,0.0181,4.6,2026-07-23T11:13:54.371293,0,NORMAL
22,False,0.2746,0.0,NORMAL,1.75,0.0105,7.5,2026-07-23T11:13:54.379151,0,NORMAL
23,False,0.264,0.0,NORMAL,2.46,0.0055,4.7,2026-07-23T11:13:54.386949,0,NORMAL
25,False,0.249,0.0,WATCH,2.16,0.0033,3.8,2026-07-23T11:13:54.394826,0,NORMAL
22,False,0.2785,0.0,NORMAL,1.74,0.0091,6.6,2026-07-23T11:13:54.402575,0,NORMAL
22,False,0.2735,0.0,NORMAL,2.26,0.0146,7.6,2026-07-23T11:13:54.410405,0,NORMAL
22,False,0.2726,0.0,NORMAL,2.05,0.0094,3.0,2026-07-23T11:13:54.418192,0,NORMAL
24,False,0.2579,0.0,NORMAL,2.48,0.0176,4.8,2026-07-23T11:13:54.426023,0,NORMAL
29,False,0.2065,0.0,WATCH,1.65,0.0027,1.8,2026-07-23T11:13:54.433922,0,NORMAL
26,False,0.2339,0.0,WATCH,1.84,0.0099,0.0,2026-07-23T11:13:54.441668,0,NORMAL
24,False,0.2545,0.0,NORMAL,1.8,0.0037,5.6,2026-07-23T11:13:54.449361,0,NORMAL
24,False,0.253,0.0,NORMAL,1.27,0.0118,6.8,2026-07-23T11:13:54.457162,0,NORMAL
22,False,0.2799,0.0,NORMAL,2.15,0.0144,5.8,2026-07-23T11:13:54.464947,0,NORMAL
26,False,0.2329,0.0,WATCH,2.13,0.0079,0.0,2026-07-23T11:13:54.472718,0,NORMAL
29,False,0.2017,0.0,WATCH,2.0,0.0,3.9,2026-07-23T11:13:54.480549,0,NORMAL
26,False,0.2378,0.0,WATCH,1.88,0.011,0.0,2026-07-23T11:13:54.488365,0,NORMAL
26,False,0.2306,0.0,WATCH,1.29,0.0122,9.1,2026-07-23T11:13:54.496176,0,NORMAL
24,False,0.2567,0.0,NORMAL,1.79,0.012,1.7,2026-07-23T11:13:54.504094,0,NORMAL
24,False,0.2552,0.0,NORMAL,1.83,0.0162,8.8,2026-07-23T11:13:54.511861,0,NORMAL
25,False,0.2445,0.0,WATCH,1.6,0.0046,7.8,2026-07-23T11:13:54.519594,0,NORMAL
23,False,0.2663,0.0,NORMAL,1.92,0.0134,2.3,2026-07-23T11:13:54.527559,0,NORMAL
25,False,0.2444,0.0,WATCH,2.2,0.016,1.6,2026-07-23T11:13:54.535466,0,NORMAL
31,False,0.1828,0.0,WATCH,2.94,0.0011,6.1,2026-07-23T11:13:54.543458,0,NORMAL
23,False,0.2684,0.0,NORMAL,2.09,0.0116,2.5,2026-07-23T11:13:54.551302,0,NORMAL
21,False,0.2808,0.0,NORMAL,2.13,0.0075,5.3,2026-07-23T11:13:54.559214,0,NORMAL
22,False,0.2779,0.0,NORMAL,1.96,0.0096,3.6,2026-07-23T11:13:54.567166,0,NORMAL
31,False,0.1823,0.0,WATCH,1.04,0.0117,0.0,2026-07-23T11:13:54.574870,0,NORMAL
26,False,0.2319,0.0,WATCH,1.99,0.0076,0.0,2026-07-23T11:13:54.582647,0,NORMAL
22,False,0.272,0.0,NORMAL,2.03,0.0066,5.7,2026-07-23T11:13:54.590429,0,NORMAL
27,False,0.2271,0.0,WATCH,3.23,0.0102,3.3,2026-07-23T11:13:54.598195,0,NORMAL
24,False,0.2565,0.0,NORMAL,1.9,0.0046,3.3,2026-07-23T11:13:54.605963,0,NORMAL
24,False,0.2588,0.0,NORMAL,2.15,0.0046,7.1,2026-07-23T11:13:54.613754,0,NORMAL
22,False,0.2705,0.0,NORMAL,1.98,0.0134,8.5,2026-07-23T11:13:54.621504,0,NORMAL
25,False,0.2415,0.0,WATCH,1.42,0.0043,4.2,2026-07-23T11:13:54.629426,0,NORMAL
22,False,0.271,0.0,NORMAL,2.57,0.0133,4.0,2026-07-23T11:13:54.637355,0,NORMAL
22,False,0.2789,0.0,NORMAL,2.38,0.0123,6.5,2026-07-23T11:13:54.645354,0,NORMAL
32,False,0.1753,0.0,WATCH,2.4,0.0014,0.9,2026-07-23T11:13:54.653082,0,NORMAL
23,False,0.2666,0.0,NORMAL,1.55,0.0066,5.7,2026-07-23T11:13:54.660904,0,NORMAL
23,False,0.2637,0.0,NORMAL,2.7,0.016,6.7,2026-07-23T11:13:54.668763,0,NORMAL
26,False,0.2368,0.0,WATCH,1.3,0.0051,7.0,2026-07-23T11:13:54.676643,0,NORMAL
26,False,0.2301,0.0,WATCH,2.29,0.0077,0.0,2026-07-23T11:13:54.684368,0,NORMAL
26,False,0.2323,0.0,WATCH,3.1,0.0123,2.7,2026-07-23T11:13:54.692143,0,NORMAL
24,False,0.2543,0.0,NORMAL,1.5,0.0139,2.4,2026-07-23T11:13:54.700102,0,NORMAL
22,False,0.2795,0.0,NORMAL,1.72,0.0087,5.3,2026-07-23T11:13:54.708075,0,NORMAL
22,False,0.2739,0.0,NORMAL,2.05,0.007,6.4,2026-07-23T11:13:54.715849,0,NORMAL
25,False,0.2484,0.0,WATCH,1.75,0.0171,9.5,2026-07-23T11:13:54.723587,0,NORMAL
28,False,0.2183,0.0,WATCH,1.22,0.0187,3.5,2026-07-23T11:13:54.731404,0,NORMAL
22,False,0.2728,0.0,NORMAL,2.03,0.0149,3.5,2026-07-23T11:13:54.739216,0,NORMAL
24,False,0.2524,0.0,NORMAL,1.47,0.0104,8.4,2026-07-23T11:13:54.746995,0,NORMAL
22,False,0.273,0.0,NORMAL,2.24,0.006,5.9,2026-07-23T11:13:54.754755,0,NORMAL
25,False,0.2403,0.0,WATCH,1.54,0.0058,8.8,2026-07-23T11:13:54.762580,0,NORMAL
23,False,0.2687,0.0,NORMAL,2.77,0.0126,5.9,2026-07-23T11:13:54.770458,0,NORMAL
24,False,0.2526,0.0,NORMAL,1.61,0.0121,1.5,2026-07-23T11:13:54.778229,0,NORMAL
28,False,0.2184,0.0,WATCH,1.84,0.017,1.0,2026-07-23T11:13:54.786068,0,NORMAL
26,False,0.2323,0.0,WATCH,2.41,0.0133,0.3,2026-07-23T11:13:54.793864,0,NORMAL
27,False,0.22,0.0,WATCH,1.38,0.0025,7.0,2026-07-23T11:13:54.801669,0,NORMAL
23,False,0.2665,0.0,NORMAL,2.11,0.0153,8.6,2026-07-23T11:13:54.809484,0,NORMAL
26,False,0.2304,0.0,WATCH,2.65,0.005,10.5,2026-07-23T11:13:54.817432,0,NORMAL
26,False,0.2351,0.0,WATCH,1.2,0.0081,7.5,2026-07-23T11:13:54.825281,0,NORMAL
22,False,0.2716,0.0,NORMAL,2.09,0.0113,8.5,2026-07-23T11:13:54.833261,0,NORMAL
27,False,0.2296,0.0,WATCH,2.13,0.02,3.3,2026-07-23T11:13:54.841219,0,NORMAL
32,False,0.174,0.0,WATCH,2.39,0.0255,1.5,2026-07-23T11:13:54.849169,0,NORMAL
24,False,0.2593,0.0,NORMAL,1.38,0.013,7.6,2026-07-23T11:13:54.857028,0,NORMAL
23,False,0.2631,0.0,NORMAL,1.34,0.0091,6.3,2026-07-23T11:13:54.864806,0,NORMAL
21,False,0.2843,0.0,NORMAL,2.26,0.0127,5.3,2026-07-23T11:13:54.872596,0,NORMAL
22,False,0.2793,0.0,NORMAL,2.15,0.0144,6.2,2026-07-23T11:13:54.880461,0,NORMAL
21,False,0.2806,0.0,NORMAL,2.13,0.0084,6.0,2026-07-23T11:13:54.888278,0,NORMAL
25,False,0.2441,0.0,WATCH,2.17,0.019,8.9,2026-07-23T11:13:54.896114,0,NORMAL
23,False,0.2608,0.0,NORMAL,1.66,0.0112,8.9,2026-07-23T11:13:54.903919,0,NORMAL
21,False,0.2832,0.0,NORMAL,2.12,0.0125,6.6,2026-07-23T11:13:54.911749,0,NORMAL
22,False,0.2796,0.0,NORMAL,2.15,0.0133,7.5,2026-07-23T11:13:54.919642,0,NORMAL
22,False,0.2747,0.0,NORMAL,1.64,0.0121,6.5,2026-07-23T11:13:54.927420,0,NORMAL
24,False,0.2517,0.0,NORMAL,2.93,0.0142,3.6,2026-07-23T11:13:54.935183,0,NORMAL
23,False,0.2678,0.0,NORMAL,2.24,0.0069,7.3,2026-07-23T11:13:54.942971,0,NORMAL
27,False,0.2202,0.0,WATCH,1.4,0.0072,0.8,2026-07-23T11:13:54.950780,0,NORMAL
24,False,0.253,0.0,NORMAL,2.33,0.0045,8.2,2026-07-23T11:13:54.958643,0,NORMAL
25,False,0.2464,0.0,WATCH,1.51,0.0122,1.4,2026-07-23T11:13:54.966373,0,NORMAL
22,False,0.2793,0.0,NORMAL,2.39,0.0139,5.9,2026-07-23T11:13:54.974184,0,NORMAL
24,False,0.258,0.0,NORMAL,2.58,0.0123,2.5,2026-07-23T11:13:54.982022,0,NORMAL
24,False,0.2529,0.0,NORMAL,1.59,0.0184,6.7,2026-07-23T11:13:54.989833,0,NORMAL
22,False,0.2786,0.0,NORMAL,2.48,0.01,4.9,2026-07-23T11:13:54.997694,0,NORMAL
26,False,0.2361,0.0,WATCH,2.21,0.0133,0.2,2026-07-23T11:13:55.005514,0,NORMAL
24,False,0.2565,0.0,NORMAL,2.41,0.0045,6.3,2026-07-23T11:13:55.013226,0,NORMAL
25,False,0.2425,0.0,WATCH,2.95,0.0081,3.3,2026-07-23T11:13:55.021161,0,NORMAL
22,False,0.2736,0.0,NORMAL,1.88,0.0135,7.6,2026-07-23T11:13:55.029029,0,NORMAL
22,False,0.2764,0.0,NORMAL,1.62,0.0142,5.0,2026-07-23T11:13:55.036859,0,NORMAL
22,False,0.2727,0.0,NORMAL,1.56,0.0085,6.2,2026-07-23T11:13:55.044625,0,NORMAL
24,False,0.2571,0.0,NORMAL,1.59,0.0096,2.1,2026-07-23T11:13:55.052434,0,NORMAL
26,False,0.231,0.0,WATCH,1.96,0.0024,3.2,2026-07-23T11:13:55.060331,0,NORMAL
22,False,0.2756,0.0,NORMAL,2.17,0.0082,3.6,2026-07-23T11:13:55.068220,0,NORMAL
22,False,0.2746,0.0,NORMAL,2.14,0.0145,7.6,2026-07-23T11:13:55.076278,0,NORMAL
24,False,0.2562,0.0,NORMAL,2.41,0.0129,10.0,2026-07-23T11:13:55.084077,0,NORMAL
22,False,0.2732,0.0,NORMAL,2.01,0.0125,2.6,2026-07-23T11:13:55.091951,0,NORMAL
23,False,0.2614,0.0,NORMAL,2.73,0.0102,8.2,2026-07-23T11:13:55.099897,0,NORMAL
26,False,0.2345,0.0,WATCH,1.87,0.01,0.0,2026-07-23T11:13:55.107917,0,NORMAL
31,False,0.1861,0.0,WATCH,3.36,0.0067,1.4,2026-07-23T11:13:55.116867,0,NORMAL
23,False,0.2625,0.0,NORMAL,2.31,0.0135,2.1,2026-07-23T11:13:55.125226,0,NORMAL
25,False,0.2415,0.0,WATCH,1.57,0.0121,0.9,2026-07-23T11:13:55.133315,0,NORMAL
27,False,0.2231,0.0,WATCH,1.46,0.0125,0.2,2026-07-23T11:13:55.141415,0,NORMAL
22,False,0.278,0.0,NORMAL,2.24,0.0074,6.2,2026-07-23T11:13:55.149521,0,NORMAL
29,False,0.2047,0.0,WATCH,1.89,0.0,4.4,2026-07-23T11:13:55.157739,0,NORMAL
22,False,0.2709,0.0,NORMAL,2.36,0.0155,6.1,2026-07-23T11:13:55.165880,0,NORMAL
22,False,0.2721,0.0,NORMAL,2.24,0.0076,7.1,2026-07-23T11:13:55.173952,0,NORMAL
22,False,0.2703,0.0,NORMAL,1.96,0.0057,5.8,2026-07-23T11:13:55.182101,0,NORMAL
22,False,0.2721,0.0,NORMAL,1.58,0.0135,7.0,2026-07-23T11:13:55.190215,0,NORMAL
24,False,0.2542,0.0,NORMAL,1.24,0.008,4.8,2026-07-23T11:13:55.198400,0,NORMAL
25,False,0.2418,0.0,WATCH,1.78,0.0153,1.4,2026-07-23T11:13:55.206635,0,NORMAL
22,False,0.2707,0.0,NORMAL,2.43,0.0131,8.2,2026-07-23T11:13:55.214749,0,NORMAL
22,False,0.2757,0.0,NORMAL,2.11,0.0134,3.2,2026-07-23T11:13:55.222873,0,NORMAL
28,False,0.2111,0.0,WATCH,1.38,0.0032,2.2,2026-07-23T11:13:55.230955,0,NORMAL
22,False,0.2709,0.0,NORMAL,2.09,0.0161,4.5,2026-07-23T11:13:55.238981,0,NORMAL
23,False,0.2659,0.0,NORMAL,2.19,0.0113,2.3,2026-07-23T11:13:55.247058,0,NORMAL
23,False,0.2668,0.0,NORMAL,1.56,0.0082,3.7,2026-07-23T11:13:55.255203,0,NORMAL
21,False,0.2858,0.0,NORMAL,2.08,0.0107,6.0,2026-07-23T11:13:55.263282,0,NORMAL
28,False,0.2169,0.0,WATCH,2.03,0.0011,6.0,2026-07-23T11:13:55.271387,0,NORMAL
25,False,0.2493,0.0,WATCH,1.43,0.012,2.3,2026-07-23T11:13:55.279540,0,NORMAL
23,False,0.2627,0.0,NORMAL,2.18,0.0049,3.5,2026-07-23T11:13:55.287633,0,NORMAL
25,False,0.2449,0.0,WATCH,2.28,0.0032,8.2,2026-07-23T11:13:55.295760,0,NORMAL
26,False,0.2325,0.0,WATCH,2.54,0.0024,6.5,2026-07-23T11:13:55.303907,0,NORMAL
25,False,0.2418,0.0,WATCH,2.53,0.0156,11.2,2026-07-23T11:13:55.312044,0,NORMAL
26,False,0.2345,0.0,WATCH,1.31,0.0069,8.5,2026-07-23T11:13:55.320163,0,NORMAL
25,False,0.2439,0.0,WATCH,1.53,0.0177,8.4,2026-07-23T11:13:55.328240,0,NORMAL
26,False,0.2383,0.0,WATCH,2.26,0.0073,0.8,2026-07-23T11:13:55.336657,0,NORMAL
27,False,0.2208,0.0,WATCH,2.26,0.0015,7.3,2026-07-23T11:13:55.345028,0,NORMAL
23,False,0.2647,0.0,NORMAL,2.26,0.0044,4.8,2026-07-23T11:13:55.353171,0,NORMAL
31,False,0.1819,0.0,WATCH,3.93,0.0162,3.3,2026-07-23T11:13:55.361275,0,NORMAL
21,False,0.2827,0.0,NORMAL,2.29,0.0092,5.5,2026-07-23T11:13:55.369420,0,NORMAL
24,False,0.2587,0.0,NORMAL,2.57,0.0073,7.8,2026-07-23T11:13:55.377659,0,NORMAL
22,False,0.2787,0.0,NORMAL,2.48,0.0108,6.5,2026-07-23T11:13:55.385768,0,NORMAL
23,False,0.2652,0.0,NORMAL,2.33,0.0125,2.4,2026-07-23T11:13:55.393872,0,NORMAL
22,False,0.2712,0.0,NORMAL,1.84,0.0156,7.2,2026-07-23T11:13:55.402009,0,NORMAL
25,False,0.2472,0.0,WATCH,2.38,0.0172,3.1,2026-07-23T11:13:55.410214,0,NORMAL
22,False,0.2732,0.0,NORMAL,1.61,0.0082,5.7,2026-07-23T11:13:55.418545,0,NORMAL
25,False,0.248,0.0,WATCH,1.88,0.0034,4.1,2026-07-23T11:13:55.426712,0,NORMAL
22,False,0.2768,0.0,NORMAL,1.76,0.0079,4.3,2026-07-23T11:13:55.434864,0,NORMAL
22,False,0.2789,0.0,NORMAL,2.04,0.0113,7.3,2026-07-23T11:13:55.442947,0,NORMAL
30,False,0.1902,0.0,WATCH,3.16,0.0052,1.9,2026-07-23T11:13:55.451117,0,NORMAL
31,False,0.1805,0.0,WATCH,1.07,0.0052,10.8,2026-07-23T11:13:55.459367,0,NORMAL
26,False,0.2309,0.0,WATCH,2.34,0.0117,0.0,2026-07-23T11:13:55.467767,0,NORMAL
26,False,0.2382,0.0,WATCH,1.19,0.0098,3.2,2026-07-23T11:13:55.475855,0,NORMAL
21,False,0.2827,0.0,NORMAL,1.76,0.0102,6.1,2026-07-23T11:13:55.484678,0,NORMAL
23,False,0.262,0.0,NORMAL,2.54,0.0062,6.8,2026-07-23T11:13:55.501212,0,NORMAL
21,False,0.2828,0.0,NORMAL,2.03,0.0088,4.7,2026-07-23T11:13:55.512915,0,NORMAL
24,False,0.2576,0.0,NORMAL,1.46,0.0054,4.8,2026-07-23T11:13:55.521398,0,NORMAL
22,False,0.2716,0.0,NORMAL,1.64,0.0145,6.2,2026-07-23T11:13:55.529714,0,NORMAL
22,False,0.2738,0.0,NORMAL,2.34,0.0152,4.3,2026-07-23T11:13:55.537926,0,NORMAL
31,False,0.1893,0.0,WATCH,1.63,0.0008,9.2,2026-07-23T11:13:55.546221,0,NORMAL
23,False,0.2603,0.0,NORMAL,2.11,0.0054,7.5,2026-07-23T11:13:55.554516,0,NORMAL
26,False,0.2338,0.0,WATCH,2.02,0.0025,7.6,2026-07-23T11:13:55.562693,0,NORMAL
24,False,0.2519,0.0,NORMAL,1.67,0.0067,2.1,2026-07-23T11:13:55.571120,0,NORMAL
25,False,0.2439,0.0,WATCH,3.07,0.0096,4.8,2026-07-23T11:13:55.579300,0,NORMAL
26,False,0.2382,0.0,WATCH,2.32,0.0028,4.1,2026-07-23T11:13:55.587542,0,NORMAL
31,False,0.1869,0.0,WATCH,0.99,0.0054,2.0,2026-07-23T11:13:55.595739,0,NORMAL
23,False,0.2664,0.0,NORMAL,2.09,0.005,6.1,2026-07-23T11:13:55.603990,0,NORMAL
22,False,0.2734,0.0,NORMAL,1.67,0.011,3.4,2026-07-23T11:13:55.612167,0,NORMAL
22,False,0.2737,0.0,NORMAL,2.43,0.0103,7.0,2026-07-23T11:13:55.620373,0,NORMAL
25,False,0.2421,0.0,WATCH,1.6,0.0064,1.8,2026-07-23T11:13:55.628423,0,NORMAL
24,False,0.2538,0.0,NORMAL,1.94,0.0109,10.2,2026-07-23T11:13:55.636678,0,NORMAL
24,False,0.2591,0.0,NORMAL,2.25,0.0073,2.3,2026-07-23T11:13:55.644799,0,NORMAL
22,False,0.2765,0.0,NORMAL,2.43,0.0086,5.7,2026-07-23T11:13:55.653009,0,NORMAL
26,False,0.2394,0.0,WATCH,1.4,0.0184,7.4,2026-07-23T11:13:55.661391,0,NORMAL
24,False,0.2571,0.0,NORMAL,1.83,0.0167,3.3,2026-07-23T11:13:55.669829,0,NORMAL
25,False,0.242,0.0,WATCH,1.76,0.0035,7.6,2026-07-23T11:13:55.678276,0,NORMAL
25,False,0.2491,0.0,WATCH,1.67,0.0141,1.3,2026-07-23T11:13:55.686434,0,NORMAL
25,False,0.2467,0.0,WATCH,2.88,0.0141,9.4,2026-07-23T11:13:55.694622,0,NORMAL
23,False,0.2643,0.0,NORMAL,2.2,0.0043,5.0,2026-07-23T11:13:55.702824,0,NORMAL
24,False,0.2558,0.0,NORMAL,1.37,0.0141,3.2,2026-07-23T11:13:55.710929,0,NORMAL
24,False,0.2531,0.0,NORMAL,2.46,0.0177,4.1,2026-07-23T11:13:55.719085,0,NORMAL
28,False,0.214,0.0,WATCH,3.06,0.0044,7.4,2026-07-23T11:13:55.727292,0,NORMAL
24,False,0.2541,0.0,NORMAL,2.52,0.0054,3.2,2026-07-23T11:13:55.735454,0,NORMAL
26,False,0.2359,0.0,WATCH,1.24,0.0151,2.8,2026-07-23T11:13:55.743854,0,NORMAL
21,False,0.281,0.0,NORMAL,1.76,0.0114,4.3,2026-07-23T11:13:55.751927,0,NORMAL
25,False,0.2426,0.0,WATCH,2.63,0.0128,1.5,2026-07-23T11:13:55.760114,0,NORMAL
25,False,0.2434,0.0,WATCH,1.65,0.0117,10.5,2026-07-23T11:13:55.768277,0,NORMAL
22,False,0.2757,0.0,NORMAL,2.22,0.012,3.3,2026-07-23T11:13:55.776483,0,NORMAL
25,False,0.2425,0.0,WATCH,2.39,0.0034,7.5,2026-07-23T11:13:55.784585,0,NORMAL
22,False,0.2705,0.0,NORMAL,1.54,0.0152,5.6,2026-07-23T11:13:55.792686,0,NORMAL
24,False,0.2515,0.0,NORMAL,1.97,0.0158,2.0,2026-07-23T11:13:55.800764,0,NORMAL
30,False,0.1997,0.0,WATCH,0.38,0.0089,5.0,2026-07-23T11:13:55.808985,0,NORMAL
23,False,0.2628,0.0,NORMAL,1.49,0.0098,7.4,2026-07-23T11:13:55.817235,0,NORMAL
26,False,0.2367,0.0,WATCH,1.87,0.0023,4.4,2026-07-23T11:13:55.825447,0,NORMAL
25,False,0.2474,0.0,WATCH,1.38,0.0126,8.6,2026-07-23T11:13:55.833808,0,NORMAL
24,False,0.2585,0.0,NORMAL,2.82,0.0129,8.1,2026-07-23T11:13:55.841936,0,NORMAL
25,False,0.2481,0.0,WATCH,1.28,0.0097,7.8,2026-07-23T11:13:55.850194,0,NORMAL
23,False,0.2669,0.0,NORMAL,1.78,0.0156,3.6,2026-07-23T11:13:55.858341,0,NORMAL
24,False,0.2551,0.0,NORMAL,2.07,0.0083,1.8,2026-07-23T11:13:55.866492,0,NORMAL
24,False,0.2587,0.0,NORMAL,2.72,0.0128,3.2,2026-07-23T11:13:55.874668,0,NORMAL
25,False,0.241,0.0,WATCH,1.28,0.0049,5.6,2026-07-23T11:13:55.882910,0,NORMAL
22,False,0.2726,0.0,NORMAL,2.58,0.0099,6.6,2026-07-23T11:13:55.891013,0,NORMAL
26,False,0.2375,0.0,WATCH,2.01,0.0091,0.0,2026-07-23T11:13:55.899399,0,NORMAL
22,False,0.2765,0.0,NORMAL,1.51,0.0111,5.0,2026-07-23T11:13:55.907530,0,NORMAL
21,False,0.2802,0.0,NORMAL,2.23,0.0082,5.5,2026-07-23T11:13:55.915763,0,NORMAL
21,False,0.2805,0.0,NORMAL,2.1,0.0093,4.2,2026-07-23T11:13:55.923849,0,NORMAL
24,False,0.2599,0.0,NORMAL,1.7,0.0141,8.9,2026-07-23T11:13:55.932026,0,NORMAL
22,False,0.2773,0.0,NORMAL,2.03,0.0078,6.3,2026-07-23T11:13:55.940200,0,NORMAL
27,False,0.2204,0.0,WATCH,1.81,0.002,8.9,2026-07-23T11:13:55.948426,0,NORMAL
24,False,0.2506,0.0,NORMAL,2.06,0.0187,4.4,2026-07-23T11:13:55.956815,0,NORMAL
24,False,0.2593,0.0,NORMAL,2.33,0.0169,7.8,2026-07-23T11:13:55.965018,0,NORMAL
28,False,0.2144,0.0,WATCH,2.79,0.0035,9.9,2026-07-23T11:13:55.973346,0,NORMAL
25,False,0.2415,0.0,WATCH,1.38,0.0134,8.9,2026-07-23T11:13:55.981602,0,NORMAL
29,False,0.2066,0.0,WATCH,3.07,0.0075,1.7,2026-07-23T11:13:55.989772,0,NORMAL
26,False,0.2336,0.0,WATCH,1.02,0.0113,4.2,2026-07-23T11:13:55.997910,0,NORMAL
22,False,0.2783,0.0,NORMAL,1.92,0.0115,4.0,2026-07-23T11:13:56.006089,0,NORMAL
22,False,0.2792,0.0,NORMAL,2.29,0.0088,6.5,2026-07-23T11:13:56.014180,0,NORMAL
23,False,0.2669,0.0,NORMAL,2.14,0.0061,7.1,2026-07-23T11:13:56.022451,0,NORMAL
24,False,0.255,0.0,NORMAL,1.69,0.0065,2.5,2026-07-23T11:13:56.030596,0,NORMAL
23,False,0.2677,0.0,NORMAL,1.9,0.0054,5.2,2026-07-23T11:13:56.038563,0,NORMAL
27,False,0.2221,0.0,WATCH,1.75,0.0058,0.0,2026-07-23T11:13:56.046893,0,NORMAL
24,False,0.2576,0.0,NORMAL,1.71,0.0097,9.3,2026-07-23T11:13:56.054945,0,NORMAL
23,False,0.2631,0.0,NORMAL,2.42,0.0064,3.5,2026-07-23T11:13:56.063114,0,NORMAL
21,False,0.2852,0.0,NORMAL,2.18,0.0134,5.2,2026-07-23T11:13:56.071304,0,NORMAL
24,False,0.2525,0.0,NORMAL,1.65,0.0174,4.1,2026-07-23T11:13:56.079427,0,NORMAL
24,False,0.2588,0.0,NORMAL,2.45,0.0071,8.4,2026-07-23T11:13:56.087569,0,NORMAL
26,False,0.2365,0.0,WATCH,2.15,0.0112,0.0,2026-07-23T11:13:56.095278,0,NORMAL
21,False,0.282,0.0,NORMAL,2.41,0.0125,5.0,2026-07-23T11:13:56.103076,0,NORMAL
21,False,0.2824,0.0,NORMAL,2.31,0.0124,4.7,2026-07-23T11:13:56.110739,0,NORMAL
22,False,0.2721,0.0,NORMAL,1.59,0.0104,3.6,2026-07-23T11:13:56.118447,0,NORMAL
24,False,0.2514,0.0,NORMAL,1.72,0.0137,10.2,2026-07-23T11:13:56.126171,0,NORMAL
23,False,0.2631,0.0,NORMAL,2.37,0.0124,2.3,2026-07-23T11:13:56.134019,0,NORMAL
24,False,0.2521,0.0,NORMAL,2.31,0.0038,7.3,2026-07-23T11:13:56.141717,0,NORMAL
21,False,0.2809,0.0,NORMAL,1.99,0.0143,6.1,2026-07-23T11:13:56.149421,0,NORMAL
23,False,0.2629,0.0,NORMAL,2.06,0.0144,8.8,2026-07-23T11:13:56.157154,0,NORMAL
25,False,0.2478,0.0,WATCH,2.64,0.0062,3.0,2026-07-23T11:13:56.164830,0,NORMAL
23,False,0.2666,0.0,NORMAL,1.7,0.0102,2.8,2026-07-23T11:13:56.172529,0,NORMAL
22,False,0.2738,0.0,NORMAL,2.27,0.0134,8.3,2026-07-23T11:13:56.180264,0,NORMAL
21,False,0.2805,0.0,NORMAL,1.9,0.009,6.3,2026-07-23T11:13:56.188171,0,NORMAL
27,False,0.2231,0.0,WATCH,1.89,0.0154,0.4,2026-07-23T11:13:56.196098,0,NORMAL
29,False,0.2075,0.0,WATCH,2.55,0.0218,3.4,2026-07-23T11:13:56.203842,0,NORMAL
23,False,0.2688,0.0,NORMAL,2.41,0.0061,6.2,2026-07-23T11:13:56.211749,0,NORMAL
26,False,0.2377,0.0,WATCH,2.41,0.0031,7.5,2026-07-23T11:13:56.219636,0,NORMAL
24,False,0.2597,0.0,NORMAL,2.65,0.0115,3.0,2026-07-23T11:13:56.227404,0,NORMAL
26,False,0.2343,0.0,WATCH,2.01,0.0136,0.0,2026-07-23T11:13:56.235219,0,NORMAL
22,False,0.2761,0.0,NORMAL,2.34,0.0088,6.6,2026-07-23T11:13:56.243033,0,NORMAL
27,False,0.225,0.0,WATCH,1.84,0.0173,1.3,2026-07-23T11:13:56.250943,0,NORMAL
29,False,0.2019,0.0,WATCH,2.16,0.0033,0.0,2026-07-23T11:13:56.258627,0,NORMAL
26,False,0.2347,0.0,WATCH,1.93,0.0135,0.0,2026-07-23T11:13:56.266435,0,NORMAL
23,False,0.2678,0.0,NORMAL,2.05,0.007,7.4,2026-07-23T11:13:56.274176,0,NORMAL
24,False,0.256,0.0,NORMAL,2.3,0.0186,5.4,2026-07-23T11:13:56.282004,0,NORMAL
26,False,0.232,0.0,WATCH,1.59,0.02,4.3,2026-07-23T11:13:56.289731,0,NORMAL
27,False,0.2227,0.0,WATCH,3.05,0.0062,9.2,2026-07-23T11:13:56.297575,0,NORMAL
23,False,0.2627,0.0,NORMAL,1.5,0.0073,6.9,2026-07-23T11:13:56.305399,0,NORMAL
26,False,0.2356,0.0,WATCH,1.39,0.0143,9.8,2026-07-23T11:13:56.313172,0,NORMAL
27,False,0.2276,0.0,WATCH,2.58,0.0081,0.8,2026-07-23T11:13:56.320939,0,NORMAL
21,False,0.2817,0.0,NORMAL,2.4,0.0098,4.9,2026-07-23T11:13:56.328824,0,NORMAL
26,False,0.2324,0.0,WATCH,2.31,0.0101,0.1,2026-07-23T11:13:56.336944,0,NORMAL
28,False,0.2115,0.0,WATCH,2.31,0.0004,4.3,2026-07-23T11:13:56.345107,0,NORMAL
21,False,0.2812,0.0,NORMAL,1.99,0.0099,4.3,2026-07-23T11:13:56.352933,0,NORMAL
23,False,0.2619,0.0,NORMAL,1.55,0.0066,6.9,2026-07-23T11:13:56.360825,0,NORMAL
22,False,0.2786,0.0,NORMAL,2.04,0.0075,5.1,2026-07-23T11:13:56.368639,0,NORMAL
24,False,0.2599,0.0,NORMAL,1.66,0.0172,6.9,2026-07-23T11:13:56.376554,0,NORMAL
25,False,0.2449,0.0,WATCH,2.49,0.0037,7.1,2026-07-23T11:13:56.384390,0,NORMAL
26,False,0.2375,0.0,WATCH,1.93,0.0141,11.5,2026-07-23T11:13:56.392346,0,NORMAL
22,False,0.2712,0.0,NORMAL,1.59,0.0086,4.1,2026-07-23T11:13:56.400409,0,NORMAL
23,False,0.2603,0.0,NORMAL,1.84,0.0086,2.2,2026-07-23T11:13:56.408118,0,NORMAL
21,False,0.2825,0.0,NORMAL,2.21,0.014,5.7,2026-07-23T11:13:56.415927,0,NORMAL
23,False,0.2681,0.0,NORMAL,1.72,0.0117,2.6,2026-07-23T11:13:56.423742,0,NORMAL
24,False,0.2523,0.0,NORMAL,1.59,0.0129,9.4,2026-07-23T11:13:56.431573,0,NORMAL
22,False,0.277,0.0,NORMAL,2.12,0.0148,4.2,2026-07-23T11:13:56.439363,0,NORMAL
22,False,0.2752,0.0,NORMAL,2.12,0.0083,3.3,2026-07-23T11:13:56.447140,0,NORMAL
23,False,0.2683,0.0,NORMAL,1.75,0.0069,3.6,2026-07-23T11:13:56.454885,0,NORMAL
24,False,0.2548,0.0,NORMAL,1.76,0.0046,7.2,2026-07-23T11:13:56.462694,0,NORMAL
22,False,0.2742,0.0,NORMAL,2.12,0.0059,4.5,2026-07-23T11:13:56.470514,0,NORMAL
33,False,0.1665,0.0,WATCH,1.28,0.0247,3.1,2026-07-23T11:13:56.478350,0,NORMAL
27,False,0.2214,0.0,WATCH,1.3,0.0162,10.0,2026-07-23T11:13:56.486171,0,NORMAL
27,False,0.2295,0.0,WATCH,1.64,0.0032,2.4,2026-07-23T11:13:56.494030,0,NORMAL
24,False,0.2533,0.0,NORMAL,1.89,0.0034,5.1,2026-07-23T11:13:56.501774,0,NORMAL
21,False,0.2806,0.0,NORMAL,2.16,0.0124,7.0,2026-07-23T11:13:56.509593,0,NORMAL
28,False,0.2161,0.0,WATCH,2.74,0.0127,0.1,2026-07-23T11:13:56.517489,0,NORMAL
22,False,0.2785,0.0,NORMAL,2.43,0.0127,6.4,2026-07-23T11:13:56.525256,0,NORMAL
24,False,0.2587,0.0,NORMAL,1.92,0.0087,1.8,2026-07-23T11:13:56.532979,0,NORMAL
22,False,0.2755,0.0,NORMAL,1.99,0.0094,7.5,2026-07-23T11:13:56.540707,0,NORMAL
24,False,0.2524,0.0,NORMAL,1.5,0.0116,2.1,2026-07-23T11:13:56.548489,0,NORMAL
22,False,0.2776,0.0,NORMAL,1.99,0.0104,7.1,2026-07-23T11:13:56.556387,0,NORMAL
30,False,0.1958,0.0,WATCH,1.86,0.0,8.3,2026-07-23T11:13:56.564216,0,NORMAL
22,False,0.2744,0.0,NORMAL,2.16,0.0089,7.6,2026-07-23T11:13:56.572103,0,NORMAL
23,False,0.2651,0.0,NORMAL,1.59,0.0057,5.8,2026-07-23T11:13:56.579964,0,NORMAL
21,False,0.2828,0.0,NORMAL,2.26,0.0109,4.3,2026-07-23T11:13:56.587721,0,NORMAL
31,False,0.1859,0.0,WATCH,2.77,0.0249,3.3,2026-07-23T11:13:56.595451,0,NORMAL
23,False,0.2615,0.0,NORMAL,1.95,0.0118,9.4,2026-07-23T11:13:56.603275,0,NORMAL
22,False,0.2709,0.0,NORMAL,2.2,0.0084,2.9,2026-07-23T11:13:56.611222,0,NORMAL
24,False,0.2516,0.0,NORMAL,2.35,0.0146,1.9,2026-07-23T11:13:56.619171,0,NORMAL
22,False,0.2777,0.0,NORMAL,1.8,0.0124,7.0,2026-07-23T11:13:56.626960,0,NORMAL
22,False,0.2701,0.0,NORMAL,2.11,0.0121,2.6,2026-07-23T11:13:56.634893,0,NORMAL
23,False,0.2667,0.0,NORMAL,2.01,0.013,2.1,2026-07-23T11:13:56.642912,0,NORMAL
30,False,0.1907,0.0,WATCH,2.05,0.0203,0.7,2026-07-23T11:13:56.650939,0,NORMAL
24,False,0.2502,0.0,NORMAL,1.61,0.0043,3.6,2026-07-23T11:13:56.658725,0,NORMAL
21,False,0.2837,0.0,NORMAL,2.01,0.0124,4.8,2026-07-23T11:13:56.666442,0,NORMAL
23,False,0.2664,0.0,NORMAL,2.25,0.0054,5.7,2026-07-23T11:13:56.674175,0,NORMAL
23,False,0.2647,0.0,NORMAL,2.73,0.0128,7.9,2026-07-23T11:13:56.682009,0,NORMAL
24,False,0.2588,0.0,NORMAL,2.48,0.0054,6.6,2026-07-23T11:13:56.689799,0,NORMAL
26,False,0.239,0.0,WATCH,3.08,0.0079,4.4,2026-07-23T11:13:56.697609,0,NORMAL
22,False,0.2739,0.0,NORMAL,1.62,0.0085,4.4,2026-07-23T11:13:56.705390,0,NORMAL
22,False,0.2745,0.0,NORMAL,2.44,0.0149,6.5,2026-07-23T11:13:56.713224,0,NORMAL
23,False,0.2635,0.0,NORMAL,2.09,0.0146,8.8,2026-07-23T11:13:56.721128,0,NORMAL
28,False,0.2108,0.0,WATCH,3.09,0.0038,5.4,2026-07-23T11:13:56.728978,0,NORMAL
22,False,0.2703,0.0,NORMAL,1.6,0.0103,3.6,2026-07-23T11:13:56.736871,0,NORMAL
25,False,0.2474,0.0,WATCH,1.58,0.0065,2.0,2026-07-23T11:13:56.744849,0,NORMAL
28,False,0.2105,0.0,WATCH,1.7,0.0037,0.7,2026-07-23T11:13:56.752857,0,NORMAL
27,False,0.223,0.0,WATCH,0.94,0.0089,7.0,2026-07-23T11:13:56.760582,0,NORMAL
22,False,0.274,0.0,NORMAL,1.74,0.0085,6.7,2026-07-23T11:13:56.768345,0,NORMAL
28,False,0.2114,0.0,WATCH,1.62,0.0221,6.7,2026-07-23T11:13:56.776183,0,NORMAL
21,False,0.2831,0.0,NORMAL,2.08,0.0122,4.6,2026-07-23T11:13:56.784037,0,NORMAL
26,False,0.2365,0.0,WATCH,2.17,0.0031,9.2,2026-07-23T11:13:56.791878,0,NORMAL
25,False,0.2403,0.0,WATCH,2.94,0.0072,3.5,2026-07-23T11:13:56.799813,0,NORMAL
23,False,0.2675,0.0,NORMAL,2.48,0.0151,7.9,2026-07-23T11:13:56.807668,0,NORMAL
26,False,0.2307,0.0,WATCH,1.71,0.0204,4.9,2026-07-23T11:13:56.815400,0,NORMAL
28,False,0.2119,0.0,WATCH,1.55,0.0021,3.2,2026-07-23T11:13:56.823338,0,NORMAL
29,False,0.2098,0.0,WATCH,2.25,0.0006,6.8,2026-07-23T11:13:56.831429,0,NORMAL
27,False,0.2297,0.0,WATCH,1.34,0.0194,6.2,2026-07-23T11:13:56.839365,0,NORMAL
24,False,0.2589,0.0,NORMAL,2.92,0.0119,6.1,2026-07-23T11:13:56.847296,0,NORMAL
23,False,0.262,0.0,NORMAL,2.59,0.0057,5.2,2026-07-23T11:13:56.855111,0,NORMAL
21,False,0.2824,0.0,NORMAL,1.77,0.0127,4.9,2026-07-23T11:13:56.862919,0,NORMAL
37,False,0.1213,0.0,WATCH,1.14,0.0,12.2,2026-07-23T11:13:56.870848,0,NORMAL
23,False,0.2628,0.0,NORMAL,2.68,0.01,8.6,2026-07-23T11:13:56.878797,0,NORMAL
22,False,0.279,0.0,NORMAL,1.94,0.0116,7.2,2026-07-23T11:13:56.886526,0,NORMAL
22,False,0.2715,0.0,NORMAL,2.62,0.0146,5.3,2026-07-23T11:13:56.894421,0,NORMAL
28,False,0.2188,0.0,WATCH,1.2,0.0049,8.0,2026-07-23T11:13:56.902350,0,NORMAL
22,False,0.2799,0.0,NORMAL,1.7,0.0104,6.6,2026-07-23T11:13:56.910159,0,NORMAL
23,False,0.2678,0.0,NORMAL,2.0,0.0054,5.1,2026-07-23T11:13:56.918082,0,NORMAL
22,False,0.2798,0.0,NORMAL,2.02,0.0113,4.1,2026-07-23T11:13:56.925842,0,NORMAL
23,False,0.2685,0.0,NORMAL,1.77,0.0055,4.8,2026-07-23T11:13:56.933891,0,NORMAL
27,False,0.2277,0.0,WATCH,2.31,0.008,0.0,2026-07-23T11:13:56.941684,0,NORMAL
24,False,0.2527,0.0,NORMAL,1.47,0.005,5.6,2026-07-23T11:13:56.949654,0,NORMAL
22,False,0.2763,0.0,NORMAL,1.93,0.0133,3.5,2026-07-23T11:13:56.957465,0,NORMAL
23,False,0.2613,0.0,NORMAL,2.06,0.0143,9.8,2026-07-23T11:13:56.965293,0,NORMAL
21,False,0.2823,0.0,NORMAL,2.26,0.0088,5.1,2026-07-23T11:13:56.973155,0,NORMAL
24,False,0.2539,0.0,NORMAL,2.36,0.0102,1.4,2026-07-23T11:13:56.981057,0,NORMAL
26,False,0.2312,0.0,WATCH,1.44,0.0028,4.9,2026-07-23T11:13:56.989043,0,NORMAL
27,False,0.2213,0.0,WATCH,1.23,0.0085,1.9,2026-07-23T11:13:56.997207,0,NORMAL
22,False,0.2711,0.0,NORMAL,2.64,0.0097,6.4,2026-07-23T11:13:57.005154,0,NORMAL
29,False,0.2091,0.0,WATCH,2.17,0.0231,5.9,2026-07-23T11:13:57.012979,0,NORMAL
25,False,0.2442,0.0,WATCH,1.63,0.0044,7.9,2026-07-23T11:13:57.020778,0,NORMAL
27,False,0.2276,0.0,WATCH,2.78,0.0173,2.6,2026-07-23T11:13:57.028810,0,NORMAL
21,False,0.2802,0.0,NORMAL,2.06,0.015,5.1,2026-07-23T11:13:57.036607,0,NORMAL
26,False,0.2366,0.0,WATCH,2.59,0.0114,0.9,2026-07-23T11:13:57.044395,0,NORMAL
24,False,0.2513,0.0,NORMAL,2.03,0.0188,7.1,2026-07-23T11:13:57.052226,0,NORMAL
24,False,0.2517,0.0,NORMAL,3.03,0.0119,6.6,2026-07-23T11:13:57.060107,0,NORMAL
23,False,0.2615,0.0,NORMAL,2.88,0.0119,6.5,2026-07-23T11:13:57.068009,0,NORMAL
21,False,0.2825,0.0,NORMAL,1.88,0.0097,5.0,2026-07-23T11:13:57.075780,0,NORMAL
23,False,0.2663,0.0,NORMAL,2.49,0.0161,6.2,2026-07-23T11:13:57.083610,0,NORMAL
24,False,0.2565,0.0,NORMAL,2.32,0.0155,9.8,2026-07-23T11:13:57.091292,0,NORMAL
24,False,0.2582,0.0,NORMAL,2.68,0.0069,4.1,2026-07-23T11:13:57.099328,0,NORMAL
25,False,0.244,0.0,WATCH,1.52,0.0034,5.4,2026-07-23T11:13:57.107170,0,NORMAL
24,False,0.2511,0.0,NORMAL,2.34,0.009,1.7,2026-07-23T11:13:57.114991,0,NORMAL
25,False,0.2478,0.0,WATCH,2.53,0.006,2.4,2026-07-23T11:13:57.122802,0,NORMAL
25,False,0.2486,0.0,WATCH,1.12,0.0097,5.3,2026-07-23T11:13:57.130722,0,NORMAL
25,False,0.2436,0.0,WATCH,1.41,0.0162,8.3,2026-07-23T11:13:57.138617,0,NORMAL
27,False,0.224,0.0,WATCH,0.98,0.0077,4.2,2026-07-23T11:13:57.146467,0,NORMAL
22,False,0.2798,0.0,NORMAL,1.87,0.0098,4.3,2026-07-23T11:13:57.154343,0,NORMAL
22,False,0.2731,0.0,NORMAL,2.36,0.0103,3.8,2026-07-23T11:13:57.162126,0,NORMAL
24,False,0.2596,0.0,NORMAL,2.75,0.0142,3.4,2026-07-23T11:13:57.169983,0,NORMAL
29,False,0.2058,0.0,WATCH,2.04,0.0,5.9,2026-07-23T11:13:57.178126,0,NORMAL
30,False,0.1989,0.0,WATCH,2.81,0.007,0.5,2026-07-23T11:13:57.186112,0,NORMAL
26,False,0.2383,0.0,WATCH,1.31,0.0111,8.8,2026-07-23T11:13:57.193897,0,NORMAL
27,False,0.222,0.0,WATCH,1.15,0.016,3.0,2026-07-23T11:13:57.201811,0,NORMAL
22,False,0.2729,0.0,NORMAL,1.97,0.0075,7.2,2026-07-23T11:13:57.209594,0,NORMAL
32,False,0.1725,0.0,WATCH,2.19,0.0006,1.2,2026-07-23T11:13:57.217421,0,NORMAL
21,False,0.2802,0.0,NORMAL,1.98,0.0131,7.0,2026-07-23T11:13:57.225435,0,NORMAL
28,False,0.2146,0.0,WATCH,0.97,0.0068,7.0,2026-07-23T11:13:57.233265,0,NORMAL
23,False,0.2609,0.0,NORMAL,1.96,0.0041,6.2,2026-07-23T11:13:57.241082,0,NORMAL
26,False,0.2322,0.0,WATCH,1.35,0.0069,2.0,2026-07-23T11:13:57.248889,0,NORMAL
22,False,0.2793,0.0,NORMAL,2.33,0.0091,5.7,2026-07-23T11:13:57.256730,0,NORMAL
25,False,0.2473,0.0,WATCH,2.18,0.007,1.5,2026-07-23T11:13:57.264570,0,NORMAL
30,False,0.1959,0.0,WATCH,1.53,0.0,4.2,2026-07-23T11:13:57.272402,0,NORMAL
23,False,0.2668,0.0,NORMAL,1.74,0.0145,8.1,2026-07-23T11:13:57.280360,0,NORMAL
24,False,0.257,0.0,NORMAL,1.47,0.0164,7.4,2026-07-23T11:13:57.288278,0,NORMAL
21,False,0.2847,0.0,NORMAL,1.97,0.0133,5.0,2026-07-23T11:13:57.296171,0,NORMAL
26,False,0.2334,0.0,WATCH,2.48,0.0043,2.1,2026-07-23T11:13:57.304010,0,NORMAL
23,False,0.2672,0.0,NORMAL,1.51,0.009,6.9,2026-07-23T11:13:57.311831,0,NORMAL
21,False,0.2839,0.0,NORMAL,2.25,0.01,5.1,2026-07-23T11:13:57.319608,0,NORMAL
26,False,0.2336,0.0,WATCH,1.73,0.013,0.0,2026-07-23T11:13:57.327561,0,NORMAL
22,False,0.2723,0.0,NORMAL,1.6,0.0133,7.3,2026-07-23T11:13:57.335671,0,NORMAL
22,False,0.2744,0.0,NORMAL,1.95,0.0063,4.9,2026-07-23T11:13:57.343620,0,NORMAL
24,False,0.2531,0.0,NORMAL,1.48,0.0104,8.6,2026-07-23T11:13:57.351571,0,NORMAL
24,False,0.2574,0.0,NORMAL,1.72,0.0123,1.7,2026-07-23T11:13:57.359449,0,NORMAL
31,False,0.1807,0.0,WATCH,1.4,0.0173,0.0,2026-07-23T11:13:57.367369,0,NORMAL
24,False,0.2569,0.0,NORMAL,2.98,0.0135,5.8,2026-07-23T11:13:57.375116,0,NORMAL
21,False,0.2823,0.0,NORMAL,2.02,0.0139,5.9,2026-07-23T11:13:57.382870,0,NORMAL
26,False,0.2303,0.0,WATCH,1.65,0.0104,0.0,2026-07-23T11:13:57.390805,0,NORMAL
26,False,0.2389,0.0,WATCH,2.11,0.0171,2.1,2026-07-23T11:13:57.398579,0,NORMAL
27,False,0.2201,0.0,WATCH,1.94,0.012,13.3,2026-07-23T11:13:57.406466,0,NORMAL
23,False,0.2668,0.0,NORMAL,1.89,0.0057,4.1,2026-07-23T11:13:57.414292,0,NORMAL
23,False,0.2616,0.0,NORMAL,2.31,0.017,7.2,2026-07-23T11:13:57.422154,0,NORMAL
23,False,0.2687,0.0,NORMAL,2.38,0.0135,3.0,2026-07-23T11:13:57.429948,0,NORMAL
26,False,0.2321,0.0,WATCH,1.73,0.0078,0.0,2026-07-23T11:13:57.437855,0,NORMAL
22,False,0.2752,0.0,NORMAL,1.71,0.0076,4.5,2026-07-23T11:13:57.445847,0,NORMAL
22,False,0.2798,0.0,NORMAL,1.86,0.0115,4.2,2026-07-23T11:13:57.453778,0,NORMAL
28,False,0.2153,0.0,WATCH,0.85,0.0123,3.8,2026-07-23T11:13:57.461628,0,NORMAL
24,False,0.2592,0.0,NORMAL,1.24,0.011,4.7,2026-07-23T11:13:57.469391,0,NORMAL
22,False,0.2727,0.0,NORMAL,2.68,0.0116,5.8,2026-07-23T11:13:57.477220,0,NORMAL
26,False,0.2369,0.0,WATCH,2.82,0.0185,4.5,2026-07-23T11:13:57.485081,0,NORMAL
25,False,0.2403,0.0,WATCH,1.88,0.0154,1.2,2026-07-23T11:13:57.492905,0,NORMAL
21,False,0.2822,0.0,NORMAL,2.29,0.011,6.5,2026-07-23T11:13:57.500757,0,NORMAL
27,False,0.2234,0.0,WATCH,2.16,0.0147,0.0,2026-07-23T11:13:57.508566,0,NORMAL
35,False,0.1492,0.0,WATCH,3.54,0.0048,0.0,2026-07-23T11:13:57.516361,0,NORMAL
22,False,0.2727,0.0,NORMAL,2.56,0.012,7.2,2026-07-23T11:13:57.524378,0,NORMAL
24,False,0.2518,0.0,NORMAL,1.94,0.019,6.5,2026-07-23T11:13:57.532413,0,NORMAL
22,False,0.2751,0.0,NORMAL,1.52,0.0089,4.8,2026-07-23T11:13:57.540274,0,NORMAL
30,False,0.194,0.0,WATCH,1.2,0.0058,0.8,2026-07-23T11:13:57.548200,0,NORMAL
23,False,0.2639,0.0,NORMAL,2.1,0.0067,2.9,2026-07-23T11:13:57.556121,0,NORMAL
24,False,0.2549,0.0,NORMAL,1.62,0.0046,4.2,2026-07-23T11:13:57.563964,0,NORMAL
30,False,0.1946,0.0,WATCH,1.29,0.0061,0.2,2026-07-23T11:13:57.571697,0,NORMAL
23,False,0.2641,0.0,NORMAL,1.68,0.0081,2.8,2026-07-23T11:13:57.579489,0,NORMAL
27,False,0.2294,0.0,WATCH,1.46,0.003,7.0,2026-07-23T11:13:57.587362,0,NORMAL
25,False,0.2482,0.0,WATCH,2.84,0.0101,9.3,2026-07-23T11:13:57.595224,0,NORMAL
23,False,0.2684,0.0,NORMAL,2.44,0.0145,3.7,2026-07-23T11:13:57.603217,0,NORMAL
23,False,0.2605,0.0,NORMAL,2.0,0.0055,7.3,2026-07-23T11:13:57.611069,0,NORMAL
31,False,0.1844,0.0,WATCH,2.74,0.0176,0.0,2026-07-23T11:13:57.618906,0,NORMAL
22,False,0.2778,0.0,NORMAL,2.04,0.0126,7.0,2026-07-23T11:13:57.626732,0,NORMAL
24,False,0.2565,0.0,NORMAL,1.57,0.0152,2.6,2026-07-23T11:13:57.634564,0,NORMAL
24,False,0.2579,0.0,NORMAL,2.76,0.0067,5.9,2026-07-23T11:13:57.642416,0,NORMAL
22,False,0.2792,0.0,NORMAL,2.27,0.0143,4.3,2026-07-23T11:13:57.650203,0,NORMAL
27,False,0.2274,0.0,WATCH,1.48,0.0045,9.0,2026-07-23T11:13:57.658017,0,NORMAL
23,False,0.2628,0.0,NORMAL,1.9,0.0145,2.4,2026-07-23T11:13:57.665847,0,NORMAL
22,False,0.2747,0.0,NORMAL,1.56,0.0109,6.9,2026-07-23T11:13:57.673684,0,NORMAL
24,False,0.258,0.0,NORMAL,1.31,0.0128,4.2,2026-07-23T11:13:57.681484,0,NORMAL
24,False,0.2542,0.0,NORMAL,2.46,0.0041,4.5,2026-07-23T11:13:57.689369,0,NORMAL
26,False,0.2352,0.0,WATCH,2.95,0.0055,4.4,2026-07-23T11:13:57.697458,0,NORMAL
25,False,0.242,0.0,WATCH,1.3,0.013,2.5,2026-07-23T11:13:57.705367,0,NORMAL
23,False,0.2682,0.0,NORMAL,2.28,0.0053,5.0,2026-07-23T11:13:57.713149,0,NORMAL
22,False,0.2789,0.0,NORMAL,1.67,0.0123,4.8,2026-07-23T11:13:57.720966,0,NORMAL
25,False,0.2478,0.0,WATCH,1.76,0.0032,5.7,2026-07-23T11:13:57.728751,0,NORMAL
22,False,0.2792,0.0,NORMAL,1.7,0.0142,5.3,2026-07-23T11:13:57.736551,0,NORMAL
25,False,0.2439,0.0,WATCH,1.57,0.0038,7.4,2026-07-23T11:13:57.744466,0,NORMAL
22,False,0.2732,0.0,NORMAL,2.02,0.0128,7.8,2026-07-23T11:13:57.752228,0,NORMAL
24,False,0.2539,0.0,NORMAL,1.58,0.0131,1.8,2026-07-23T11:13:57.760031,0,NORMAL
23,False,0.2649,0.0,NORMAL,2.14,0.0065,7.6,2026-07-23T11:13:57.767806,0,NORMAL
24,False,0.2597,0.0,NORMAL,1.97,0.0129,1.4,2026-07-23T11:13:57.775727,0,NORMAL
21,False,0.2812,0.0,NORMAL,1.88,0.0113,6.8,2026-07-23T11:13:57.783505,0,NORMAL
23,False,0.2665,0.0,NORMAL,1.55,0.0073,6.9,2026-07-23T11:13:57.791273,0,NORMAL
28,False,0.2117,0.0,WATCH,1.71,0.005,0.0,2026-07-23T11:13:57.799209,0,NORMAL
29,False,0.2087,0.0,WATCH,2.38,0.0002,5.3,2026-07-23T11:13:57.807143,0,NORMAL
22,False,0.2761,0.0,NORMAL,2.25,0.0117,3.6,2026-07-23T11:13:57.815153,0,NORMAL
29,False,0.2094,0.0,WATCH,1.51,0.0022,2.7,2026-07-23T11:13:57.822967,0,NORMAL
23,False,0.2641,0.0,NORMAL,2.05,0.0105,9.1,2026-07-23T11:13:57.830889,0,NORMAL
23,False,0.2678,0.0,NORMAL,2.38,0.0087,3.0,2026-07-23T11:13:57.839031,0,NORMAL
26,False,0.2346,0.0,WATCH,1.17,0.0134,2.6,2026-07-23T11:13:57.846969,0,NORMAL
21,False,0.2814,0.0,NORMAL,2.27,0.0085,5.2,2026-07-23T11:13:57.854871,0,NORMAL
23,False,0.2677,0.0,NORMAL,1.67,0.0084,7.1,2026-07-23T11:13:57.862639,0,NORMAL
21,False,0.2831,0.0,NORMAL,2.29,0.0137,4.6,2026-07-23T11:13:57.870453,0,NORMAL
23,False,0.2603,0.0,NORMAL,1.62,0.0117,8.5,2026-07-23T11:13:57.878298,0,NORMAL
25,False,0.2477,0.0,WATCH,1.1,0.0116,6.6,2026-07-23T11:13:57.886099,0,NORMAL
30,False,0.1921,0.0,WATCH,1.19,0.0123,0.0,2026-07-23T11:13:57.894051,0,NORMAL
26,False,0.2324,0.0,WATCH,2.02,0.0023,3.4,2026-07-23T11:13:57.901879,0,NORMAL
22,False,0.2769,0.0,NORMAL,2.13,0.0138,3.3,2026-07-23T11:13:57.909715,0,NORMAL
22,False,0.2756,0.0,NORMAL,1.55,0.0131,6.4,2026-07-23T11:13:57.917559,0,NORMAL
28,False,0.2112,0.0,WATCH,2.32,0.0049,0.0,2026-07-23T11:13:57.925388,0,NORMAL
32,False,0.1759,0.0,WATCH,1.17,0.0088,12.6,2026-07-23T11:13:57.933317,0,NORMAL
21,False,0.2828,0.0,NORMAL,1.97,0.0098,6.6,2026-07-23T11:13:57.941174,0,NORMAL
23,False,0.2667,0.0,NORMAL,1.39,0.0093,5.4,2026-07-23T11:13:57.949068,0,NORMAL
23,False,0.2624,0.0,NORMAL,1.67,0.0117,8.5,2026-07-23T11:13:57.956857,0,NORMAL
27,False,0.2219,0.0,WATCH,2.02,0.0172,12.0,2026-07-23T11:13:57.964671,0,NORMAL
23,False,0.2621,0.0,NORMAL,1.57,0.0154,7.6,2026-07-23T11:13:57.972569,0,NORMAL
25,False,0.242,0.0,WATCH,1.81,0.0034,7.8,2026-07-23T11:13:57.980447,0,NORMAL
22,False,0.28,0.0,NORMAL,2.5,0.0131,5.4,2026-07-23T11:13:57.988330,0,NORMAL
23,False,0.2628,0.0,NORMAL,1.71,0.0166,4.6,2026-07-23T11:13:57.996173,0,NORMAL
22,False,0.2726,0.0,NORMAL,2.42,0.0119,3.6,2026-07-23T11:13:58.004030,0,NORMAL
25,False,0.2451,0.0,WATCH,1.44,0.0155,2.5,2026-07-23T11:13:58.011854,0,NORMAL
27,False,0.2269,0.0,WATCH,2.26,0.0201,2.9,2026-07-23T11:13:58.019752,0,NORMAL
28,False,0.2196,0.0,WATCH,2.72,0.0151,0.9,2026-07-23T11:13:58.027568,0,NORMAL
28,False,0.2112,0.0,WATCH,0.76,0.0112,4.8,2026-07-23T11:13:58.035497,0,NORMAL
28,False,0.213,0.0,WATCH,1.6,0.0152,0.0,2026-07-23T11:13:58.043324,0,NORMAL
21,False,0.2828,0.0,NORMAL,2.29,0.0107,5.6,2026-07-23T11:13:58.051255,0,NORMAL
21,False,0.284,0.0,NORMAL,1.9,0.0101,4.9,2026-07-23T11:13:58.059129,0,NORMAL
21,False,0.2809,0.0,NORMAL,2.19,0.0082,5.4,2026-07-23T11:13:58.066941,0,NORMAL
25,False,0.248,0.0,WATCH,1.7,0.0178,3.4,2026-07-23T11:13:58.074800,0,NORMAL
29,False,0.2064,0.0,WATCH,2.04,0.0059,14.2,2026-07-23T11:13:58.082749,0,NORMAL
24,False,0.2505,0.0,NORMAL,1.92,0.0177,9.1,2026-07-23T11:13:58.090622,0,NORMAL
25,False,0.2456,0.0,WATCH,2.58,0.0125,1.3,2026-07-23T11:13:58.098553,0,NORMAL
25,False,0.2492,0.0,WATCH,2.13,0.003,5.7,2026-07-23T11:13:58.106391,0,NORMAL
22,False,0.2726,0.0,NORMAL,2.17,0.0118,3.2,2026-07-23T11:13:58.114287,0,NORMAL
32,False,0.1786,0.0,WATCH,1.79,0.0,2.0,2026-07-23T11:13:58.122162,0,NORMAL
25,False,0.247,0.0,WATCH,1.76,0.0131,1.0,2026-07-23T11:13:58.129914,0,NORMAL
22,False,0.2771,0.0,NORMAL,1.78,0.0144,6.3,2026-07-23T11:13:58.137761,0,NORMAL
23,False,0.2658,0.0,NORMAL,2.2,0.007,3.0,2026-07-23T11:13:58.145675,0,NORMAL
22,False,0.2727,0.0,NORMAL,1.79,0.0106,7.9,2026-07-23T11:13:58.153492,0,NORMAL
25,False,0.2436,0.0,WATCH,2.14,0.0198,8.0,2026-07-23T11:13:58.161276,0,NORMAL
27,False,0.2283,0.0,WATCH,3.04,0.0075,9.1,2026-07-23T11:13:58.169201,0,NORMAL
25,False,0.2416,0.0,WATCH,2.44,0.0047,2.4,2026-07-23T11:13:58.177090,0,NORMAL
23,False,0.2621,0.0,NORMAL,1.84,0.0174,6.4,2026-07-23T11:13:58.184863,0,NORMAL
26,False,0.2399,0.0,WATCH,2.6,0.0198,6.9,2026-07-23T11:13:58.192658,0,NORMAL
22,False,0.2748,0.0,NORMAL,1.8,0.01,3.6,2026-07-23T11:13:58.200433,0,NORMAL
29,False,0.2099,0.0,WATCH,0.98,0.0151,2.7,2026-07-23T11:13:58.208205,0,NORMAL
26,False,0.2378,0.0,WATCH,1.5,0.0167,9.8,2026-07-23T11:13:58.216187,0,NORMAL
26,False,0.2303,0.0,WATCH,1.06,0.0063,5.7,2026-07-23T11:13:58.224047,0,NORMAL
22,False,0.2736,0.0,NORMAL,1.82,0.0076,6.9,2026-07-23T11:13:58.231898,0,NORMAL
24,False,0.2538,0.0,NORMAL,2.01,0.0162,2.5,2026-07-23T11:13:58.239815,0,NORMAL
30,False,0.1921,0.0,WATCH,2.84,0.0184,1.3,2026-07-23T11:13:58.247762,0,NORMAL
22,False,0.2769,0.0,NORMAL,2.16,0.0128,3.3,2026-07-23T11:13:58.255903,0,NORMAL
22,False,0.2714,0.0,NORMAL,1.89,0.0056,4.6,2026-07-23T11:13:58.263811,0,NORMAL
29,False,0.205,0.0,WATCH,2.41,0.0199,1.8,2026-07-23T11:13:58.271604,0,NORMAL
27,False,0.223,0.0,WATCH,0.89,0.0073,5.0,2026-07-23T11:13:58.279373,0,NORMAL
26,False,0.2347,0.0,WATCH,2.12,0.0083,0.0,2026-07-23T11:13:58.287128,0,NORMAL
24,False,0.253,0.0,NORMAL,2.39,0.0117,1.6,2026-07-23T11:13:58.295024,0,NORMAL
27,False,0.2295,0.0,WATCH,1.26,0.0178,7.0,2026-07-23T11:13:58.303011,0,NORMAL
22,False,0.2731,0.0,NORMAL,2.57,0.0143,6.8,2026-07-23T11:13:58.310957,0,NORMAL
22,False,0.2769,0.0,NORMAL,2.17,0.0121,3.8,2026-07-23T11:13:58.318755,0,NORMAL
23,False,0.2616,0.0,NORMAL,1.79,0.0123,1.9,2026-07-23T11:13:58.326707,0,NORMAL
24,False,0.2579,0.0,NORMAL,2.32,0.0102,1.9,2026-07-23T11:13:58.334785,0,NORMAL
26,False,0.2379,0.0,WATCH,3.14,0.0128,3.9,2026-07-23T11:13:58.342710,0,NORMAL
29,False,0.2045,0.0,WATCH,2.09,0.0,6.9,2026-07-23T11:13:58.350673,0,NORMAL
22,False,0.2709,0.0,NORMAL,2.12,0.0085,7.8,2026-07-23T11:13:58.358587,0,NORMAL
22,False,0.2757,0.0,NORMAL,1.77,0.0112,3.5,2026-07-23T11:13:58.366360,0,NORMAL
27,False,0.2288,0.0,WATCH,1.58,0.0042,1.5,2026-07-23T11:13:58.374365,0,NORMAL
22,False,0.2792,0.0,NORMAL,2.42,0.0119,5.8,2026-07-23T11:13:58.382237,0,NORMAL
23,False,0.2612,0.0,NORMAL,1.57,0.009,2.5,2026-07-23T11:13:58.390166,0,NORMAL
25,False,0.2405,0.0,WATCH,2.04,0.0188,3.4,2026-07-23T11:13:58.398013,0,NORMAL
25,False,0.2493,0.0,WATCH,1.76,0.0179,9.0,2026-07-23T11:13:58.406062,0,NORMAL
22,False,0.2714,0.0,NORMAL,2.24,0.0077,7.5,2026-07-23T11:13:58.413879,0,NORMAL
21,False,0.2842,0.0,NORMAL,2.17,0.0092,5.5,2026-07-23T11:13:58.421641,0,NORMAL
25,False,0.2456,0.0,WATCH,2.52,0.0096,1.2,2026-07-23T11:13:58.429600,0,NORMAL
22,False,0.2782,0.0,NORMAL,1.74,0.0077,5.6,2026-07-23T11:13:58.437507,0,NORMAL
22,False,0.2721,0.0,NORMAL,1.87,0.011,8.2,2026-07-23T11:13:58.445502,0,NORMAL
24,False,0.2582,0.0,NORMAL,1.51,0.0062,3.9,2026-07-23T11:13:58.453464,0,NORMAL
25,False,0.2422,0.0,WATCH,1.78,0.0043,9.1,2026-07-23T11:13:58.461218,0,NORMAL
23,False,0.2686,0.0,NORMAL,2.19,0.0131,8.9,2026-07-23T11:13:58.469081,0,NORMAL
24,False,0.2598,0.0,NORMAL,2.38,0.0131,10.0,2026-07-23T11:13:58.477016,0,NORMAL
23,False,0.2652,0.0,NORMAL,1.54,0.006,5.9,2026-07-23T11:13:58.485037,0,NORMAL
22,False,0.2735,0.0,NORMAL,2.43,0.0145,6.8,2026-07-23T11:13:58.492977,0,NORMAL
25,False,0.245,0.0,WATCH,2.68,0.0068,9.2,2026-07-23T11:13:58.500774,0,NORMAL
21,False,0.2832,0.0,NORMAL,2.21,0.0113,6.3,2026-07-23T11:13:58.508541,0,NORMAL
24,False,0.2508,0.0,NORMAL,2.94,0.0141,3.5,2026-07-23T11:13:58.516367,0,NORMAL
22,False,0.2708,0.0,NORMAL,1.61,0.0098,3.7,2026-07-23T11:13:58.524333,0,NORMAL
23,False,0.2663,0.0,NORMAL,1.38,0.0123,5.7,2026-07-23T11:13:58.532147,0,NORMAL
29,False,0.2001,0.0,WATCH,1.11,0.0074,1.1,2026-07-23T11:13:58.540074,0,NORMAL
23,False,0.267,0.0,NORMAL,2.75,0.009,4.6,2026-07-23T11:13:58.547942,0,NORMAL
23,False,0.2692,0.0,NORMAL,2.33,0.009,8.3,2026-07-23T11:13:58.555740,0,NORMAL
27,False,0.224,0.0,WATCH,1.97,0.0063,0.0,2026-07-23T11:13:58.563592,0,NORMAL
23,False,0.2623,0.0,NORMAL,2.14,0.0091,9.6,2026-07-23T11:13:58.571425,0,NORMAL
28,False,0.211,0.0,WATCH,1.44,0.0023,8.4,2026-07-23T11:13:58.579346,0,NORMAL
27,False,0.2216,0.0,WATCH,3.22,0.0075,3.6,2026-07-23T11:13:58.587215,0,NORMAL
22,False,0.2786,0.0,NORMAL,2.06,0.0086,6.6,2026-07-23T11:13:58.595085,0,NORMAL
21,False,0.2822,0.0,NORMAL,2.05,0.0087,5.0,2026-07-23T11:13:58.603122,0,NORMAL
23,False,0.2625,0.0,NORMAL,2.36,0.0088,8.7,2026-07-23T11:13:58.611113,0,NORMAL
22,False,0.2762,0.0,NORMAL,2.24,0.0097,7.9,2026-07-23T11:13:58.619016,0,NORMAL
24,False,0.2508,0.0,NORMAL,2.11,0.0124,0.8,2026-07-23T11:13:58.626981,0,NORMAL
22,False,0.2715,0.0,NORMAL,1.6,0.0144,6.8,2026-07-23T11:13:58.634908,0,NORMAL
22,False,0.2748,0.0,NORMAL,2.24,0.0068,4.4,2026-07-23T11:13:58.642764,0,NORMAL
27,False,0.2237,0.0,WATCH,2.94,0.004,5.2,2026-07-23T11:13:58.650614,0,NORMAL
26,False,0.2372,0.0,WATCH,2.67,0.0048,2.8,2026-07-23T11:13:58.658461,0,NORMAL
26,False,0.2352,0.0,WATCH,2.8,0.0076,10.2,2026-07-23T11:13:58.666515,0,NORMAL
23,False,0.264,0.0,NORMAL,1.74,0.0082,8.1,2026-07-23T11:13:58.674283,0,NORMAL
24,False,0.2531,0.0,NORMAL,1.51,0.0062,2.8,2026-07-23T11:13:58.682079,0,NORMAL
28,False,0.2169,0.0,WATCH,1.94,0.0035,1.0,2026-07-23T11:13:58.689962,0,NORMAL
22,False,0.2737,0.0,NORMAL,2.03,0.0077,3.8,2026-07-23T11:13:58.697826,0,NORMAL
22,False,0.2767,0.0,NORMAL,2.55,0.0109,6.3,2026-07-23T11:13:58.705977,0,NORMAL
25,False,0.2493,0.0,WATCH,1.15,0.013,5.7,2026-07-23T11:13:58.713888,0,NORMAL
25,False,0.2439,0.0,WATCH,2.76,0.0072,8.8,2026-07-23T11:13:58.721758,0,NORMAL
22,False,0.272,0.0,NORMAL,1.92,0.0079,7.4,2026-07-23T11:13:58.729552,0,NORMAL
24,False,0.2548,0.0,NORMAL,1.79,0.0054,7.9,2026-07-23T11:13:58.737442,0,NORMAL
22,False,0.2733,0.0,NORMAL,1.49,0.0098,6.0,2026-07-23T11:13:58.745310,0,NORMAL
30,False,0.1943,0.0,WATCH,1.17,0.0058,0.8,2026-07-23T11:13:58.753138,0,NORMAL
22,False,0.2781,0.0,NORMAL,2.41,0.0129,4.4,2026-07-23T11:13:58.761066,0,NORMAL
28,False,0.2112,0.0,WATCH,2.04,0.0011,8.2,2026-07-23T11:13:58.772397,0,NORMAL
23,False,0.2618,0.0,NORMAL,1.36,0.0082,4.8,2026-07-23T11:13:58.785972,0,NORMAL
23,False,0.2671,0.0,NORMAL,1.35,0.0115,6.5,2026-07-23T11:13:58.794535,0,NORMAL
22,False,0.2795,0.0,NORMAL,1.83,0.0109,4.0,2026-07-23T11:13:58.802626,0,NORMAL
33,False,0.1632,0.0,WATCH,2.83,0.0235,1.9,2026-07-23T11:13:58.810625,0,NORMAL
21,False,0.281,0.0,NORMAL,1.87,0.0117,4.6,2026-07-23T11:13:58.818544,0,NORMAL
26,False,0.2359,0.0,WATCH,1.25,0.005,5.9,2026-07-23T11:13:58.826555,0,NORMAL
22,False,0.2708,0.0,NORMAL,1.88,0.0095,3.0,2026-07-23T11:13:58.834599,0,NORMAL
28,False,0.2178,0.0,WATCH,1.86,0.0011,4.3,2026-07-23T11:13:58.842594,0,NORMAL
32,False,0.179,0.0,WATCH,0.65,0.0096,2.2,2026-07-23T11:13:58.850500,0,NORMAL
24,False,0.2576,0.0,NORMAL,1.97,0.0058,8.4,2026-07-23T11:13:58.858455,0,NORMAL
22,False,0.2734,0.0,NORMAL,1.88,0.0146,4.1,2026-07-23T11:13:58.866307,0,NORMAL
24,False,0.253,0.0,NORMAL,2.35,0.0073,9.4,2026-07-23T11:13:58.874272,0,NORMAL
25,False,0.2412,0.0,WATCH,2.92,0.0094,9.6,2026-07-23T11:13:58.882276,0,NORMAL
23,False,0.2664,0.0,NORMAL,2.56,0.0068,4.8,2026-07-23T11:13:58.890304,0,NORMAL
27,False,0.2225,0.0,WATCH,1.87,0.0187,2.0,2026-07-23T11:13:58.898243,0,NORMAL
28,False,0.2133,0.0,WATCH,1.45,0.0084,0.0,2026-07-23T11:13:58.906336,0,NORMAL
34,False,0.1564,0.0,WATCH,3.29,0.0192,0.6,2026-07-23T11:13:58.914371,0,NORMAL
25,False,0.2469,0.0,WATCH,2.03,0.0141,0.9,2026-07-23T11:13:58.922317,0,NORMAL
23,False,0.264,0.0,NORMAL,2.01,0.0124,9.1,2026-07-23T11:13:58.930241,0,NORMAL
21,False,0.2829,0.0,NORMAL,1.99,0.0118,5.3,2026-07-23T11:13:58.938092,0,NORMAL
21,False,0.2822,0.0,NORMAL,2.1,0.012,6.2,2026-07-23T11:13:58.945858,0,NORMAL
34,False,0.1546,0.0,WATCH,1.93,0.0004,0.0,2026-07-23T11:13:58.953959,0,NORMAL
25,False,0.2499,0.0,WATCH,1.71,0.0086,1.4,2026-07-23T11:13:58.962253,0,NORMAL
23,False,0.2694,0.0,NORMAL,1.73,0.0142,7.7,2026-07-23T11:13:58.970709,0,NORMAL
21,False,0.2849,0.0,NORMAL,1.98,0.0098,5.9,2026-07-23T11:13:58.978872,0,NORMAL
25,False,0.2407,0.0,WATCH,1.73,0.003,4.6,2026-07-23T11:13:58.986920,0,NORMAL
22,False,0.2741,0.0,NORMAL,1.64,0.0097,6.7,2026-07-23T11:13:58.995127,0,NORMAL
25,False,0.2433,0.0,WATCH,2.05,0.0185,9.9,2026-07-23T11:13:59.003285,0,NORMAL
23,False,0.2651,0.0,NORMAL,1.87,0.0162,4.3,2026-07-23T11:13:59.011388,0,NORMAL
23,False,0.2693,0.0,NORMAL,2.75,0.0097,5.2,2026-07-23T11:13:59.019258,0,NORMAL
29,False,0.2057,0.0,WATCH,0.67,0.0148,5.6,2026-07-23T11:13:59.027112,0,NORMAL
27,False,0.2276,0.0,WATCH,2.55,0.0082,12.2,2026-07-23T11:13:59.035092,0,NORMAL
33,False,0.1603,0.0,WATCH,2.62,0.0015,0.0,2026-07-23T11:13:59.043106,0,NORMAL
29,False,0.2063,0.0,WATCH,0.96,0.0054,7.0,2026-07-23T11:13:59.050941,0,NORMAL
23,False,0.2613,0.0,NORMAL,1.83,0.0178,4.7,2026-07-23T11:13:59.058799,0,NORMAL
22,False,0.2769,0.0,NORMAL,1.81,0.0086,6.7,2026-07-23T11:13:59.066547,0,NORMAL
25,False,0.2447,0.0,WATCH,1.3,0.0088,3.0,2026-07-23T11:13:59.074400,0,NORMAL
22,False,0.2751,0.0,NORMAL,1.61,0.0085,4.9,2026-07-23T11:13:59.082275,0,NORMAL
26,False,0.2317,0.0,WATCH,1.44,0.0195,7.1,2026-07-23T11:13:59.090146,0,NORMAL
30,False,0.1978,0.0,WATCH,2.88,0.0181,14.3,2026-07-23T11:13:59.098045,0,NORMAL
27,False,0.2261,0.0,WATCH,2.47,0.0211,7.4,2026-07-23T11:13:59.105882,0,NORMAL
24,False,0.2529,0.0,NORMAL,2.64,0.0092,2.5,2026-07-23T11:13:59.113849,0,NORMAL
22,False,0.2747,0.0,NORMAL,2.36,0.0115,3.7,2026-07-23T11:13:59.121606,0,NORMAL
28,False,0.2181,0.0,WATCH,1.44,0.0024,3.6,2026-07-23T11:13:59.129667,0,NORMAL
30,False,0.1992,0.0,WATCH,1.74,0.0174,0.0,2026-07-23T11:13:59.137618,0,NORMAL
23,False,0.2604,0.0,NORMAL,2.24,0.0042,4.0,2026-07-23T11:13:59.145504,0,NORMAL
23,False,0.2619,0.0,NORMAL,1.39,0.0111,7.2,2026-07-23T11:13:59.153553,0,NORMAL
27,False,0.2244,0.0,WATCH,2.36,0.0045,1.2,2026-07-23T11:13:59.161453,0,NORMAL
23,False,0.2615,0.0,NORMAL,1.88,0.0071,8.1,2026-07-23T11:13:59.169278,0,NORMAL
23,False,0.2699,0.0,NORMAL,1.81,0.0058,6.5,2026-07-23T11:13:59.177172,0,NORMAL
23,False,0.2609,0.0,NORMAL,2.36,0.007,2.8,2026-07-23T11:13:59.185138,0,NORMAL
21,False,0.2808,0.0,NORMAL,2.22,0.0073,4.6,2026-07-23T11:13:59.193279,0,NORMAL
25,False,0.247,0.0,WATCH,1.82,0.0073,9.8,2026-07-23T11:13:59.201432,0,NORMAL
22,False,0.271,0.0,NORMAL,2.58,0.0142,7.2,2026-07-23T11:13:59.209252,0,NORMAL
24,False,0.2506,0.0,NORMAL,1.46,0.0045,5.0,2026-07-23T11:13:59.217105,0,NORMAL
21,False,0.2805,0.0,NORMAL,2.31,0.0111,4.3,2026-07-23T11:13:59.224956,0,NORMAL
22,False,0.2716,0.0,NORMAL,2.3,0.0161,5.2,2026-07-23T11:13:59.232859,0,NORMAL
22,False,0.2722,0.0,NORMAL,1.85,0.0074,3.5,2026-07-23T11:13:59.240731,0,NORMAL
27,False,0.2221,0.0,WATCH,2.16,0.0064,0.0,2026-07-23T11:13:59.248557,0,NORMAL
28,False,0.2145,0.0,WATCH,1.37,0.0088,11.1,2026-07-23T11:13:59.256413,0,NORMAL
22,False,0.2705,0.0,NORMAL,2.46,0.0159,5.5,2026-07-23T11:13:59.264314,0,NORMAL
21,False,0.2851,0.0,NORMAL,1.91,0.011,6.2,2026-07-23T11:13:59.272113,0,NORMAL
22,False,0.2776,0.0,NORMAL,1.74,0.0073,4.8,2026-07-23T11:13:59.280022,0,NORMAL
23,False,0.2665,0.0,NORMAL,2.52,0.0124,2.8,2026-07-23T11:13:59.287958,0,NORMAL
24,False,0.257,0.0,NORMAL,1.65,0.0045,4.4,2026-07-23T11:13:59.295845,0,NORMAL
29,False,0.2045,0.0,WATCH,1.3,0.0134,0.2,2026-07-23T11:13:59.303624,0,NORMAL
30,False,0.1926,0.0,WATCH,1.22,0.012,11.8,2026-07-23T11:13:59.311653,0,NORMAL
25,False,0.2482,0.0,WATCH,2.3,0.0085,1.3,2026-07-23T11:13:59.319593,0,NORMAL
27,False,0.2253,0.0,WATCH,1.36,0.0058,1.9,2026-07-23T11:13:59.327599,0,NORMAL
26,False,0.2372,0.0,WATCH,2.88,0.0056,3.7,2026-07-23T11:13:59.335642,0,NORMAL
29,False,0.2091,0.0,WATCH,0.96,0.0127,8.9,2026-07-23T11:13:59.343553,0,NORMAL
24,False,0.2501,0.0,NORMAL,2.85,0.0161,5.0,2026-07-23T11:13:59.351439,0,NORMAL
25,False,0.2452,0.0,WATCH,2.11,0.0068,1.3,2026-07-23T11:13:59.359412,0,NORMAL
23,False,0.2654,0.0,NORMAL,1.95,0.0123,8.8,2026-07-23T11:13:59.367292,0,NORMAL
30,False,0.1976,0.0,WATCH,1.73,0.0,7.2,2026-07-23T11:13:59.375178,0,NORMAL
22,False,0.2744,0.0,NORMAL,2.2,0.0071,6.6,2026-07-23T11:13:59.382947,0,NORMAL
22,False,0.278,0.0,NORMAL,1.98,0.0098,7.1,2026-07-23T11:13:59.390831,0,NORMAL
28,False,0.2163,0.0,WATCH,2.55,0.0055,12.2,2026-07-23T11:13:59.398832,0,NORMAL
27,False,0.2258,0.0,WATCH,2.06,0.0053,11.6,2026-07-23T11:13:59.406682,0,NORMAL
23,False,0.2652,0.0,NORMAL,2.08,0.0067,2.9,2026-07-23T11:13:59.414586,0,NORMAL
24,False,0.2572,0.0,NORMAL,1.82,0.0115,9.9,2026-07-23T11:13:59.422555,0,NORMAL
21,False,0.2832,0.0,NORMAL,1.97,0.0091,6.1,2026-07-23T11:13:59.430501,0,NORMAL
29,False,0.2059,0.0,WATCH,2.15,0.0,6.5,2026-07-23T11:13:59.438390,0,NORMAL
38,False,0.1132,0.0,WATCH,1.14,0.0,0.0,2026-07-23T11:13:59.446287,0,NORMAL
24,False,0.2548,0.0,NORMAL,1.33,0.007,4.5,2026-07-23T11:13:59.454345,0,NORMAL
23,False,0.2666,0.0,NORMAL,2.37,0.0123,2.6,2026-07-23T11:13:59.462310,0,NORMAL
29,False,0.202,0.0,WATCH,2.09,0.0,7.5,2026-07-23T11:13:59.470173,0,NORMAL
23,False,0.265,0.0,NORMAL,1.91,0.0075,8.2,2026-07-23T11:13:59.478137,0,NORMAL
26,False,0.2321,0.0,WATCH,2.01,0.0074,0.0,2026-07-23T11:13:59.486074,0,NORMAL
23,False,0.267,0.0,NORMAL,2.17,0.0169,4.9,2026-07-23T11:13:59.493970,0,NORMAL
23,False,0.2608,0.0,NORMAL,1.73,0.0081,8.4,2026-07-23T11:13:59.501760,0,NORMAL
22,False,0.2762,0.0,NORMAL,1.61,0.0119,4.4,2026-07-23T11:13:59.509615,0,NORMAL
22,False,0.2795,0.0,NORMAL,2.1,0.0107,7.2,2026-07-23T11:13:59.517521,0,NORMAL
30,False,0.1959,0.0,WATCH,1.51,0.0,6.1,2026-07-23T11:13:59.525402,0,NORMAL
21,False,0.2837,0.0,NORMAL,2.2,0.0138,6.0,2026-07-23T11:13:59.533184,0,NORMAL
25,False,0.2488,0.0,WATCH,1.15,0.0111,4.2,2026-07-23T11:13:59.541009,0,NORMAL
25,False,0.2486,0.0,WATCH,2.51,0.0125,1.4,2026-07-23T11:13:59.548828,0,NORMAL
34,False,0.1535,0.0,WATCH,2.24,0.0296,1.6,2026-07-23T11:13:59.556735,0,NORMAL
29,False,0.2055,0.0,WATCH,2.13,0.0,7.1,2026-07-23T11:13:59.564632,0,NORMAL
24,False,0.2514,0.0,NORMAL,2.49,0.0186,5.1,2026-07-23T11:13:59.572702,0,NORMAL
24,False,0.2568,0.0,NORMAL,2.83,0.0086,4.6,2026-07-23T11:13:59.580879,0,NORMAL
22,False,0.2738,0.0,NORMAL,2.51,0.0114,3.7,2026-07-23T11:13:59.588805,0,NORMAL
26,False,0.2384,0.0,WATCH,1.08,0.0098,4.1,2026-07-23T11:13:59.596630,0,NORMAL
25,False,0.2435,0.0,WATCH,1.36,0.0079,8.1,2026-07-23T11:13:59.604694,0,NORMAL
23,False,0.269,0.0,NORMAL,1.69,0.0072,4.0,2026-07-23T11:13:59.612516,0,NORMAL
25,False,0.2499,0.0,WATCH,2.01,0.0116,1.0,2026-07-23T11:13:59.620288,0,NORMAL
26,False,0.2367,0.0,WATCH,2.26,0.0024,7.2,2026-07-23T11:13:59.628177,0,NORMAL
22,False,0.2749,0.0,NORMAL,1.64,0.0138,4.4,2026-07-23T11:13:59.636137,0,NORMAL
22,False,0.2799,0.0,NORMAL,2.09,0.0079,5.1,2026-07-23T11:13:59.644026,0,NORMAL
27,False,0.2296,0.0,WATCH,1.62,0.0043,9.8,2026-07-23T11:13:59.651828,0,NORMAL
22,False,0.277,0.0,NORMAL,1.69,0.0077,4.9,2026-07-23T11:13:59.659787,0,NORMAL
25,False,0.2468,0.0,WATCH,1.3,0.0163,5.9,2026-07-23T11:13:59.667656,0,NORMAL
25,False,0.2433,0.0,WATCH,1.54,0.0073,1.5,2026-07-23T11:13:59.675615,0,NORMAL
24,False,0.2583,0.0,NORMAL,1.32,0.0118,4.3,2026-07-23T11:13:59.683435,0,NORMAL
24,False,0.2596,0.0,NORMAL,1.51,0.0063,6.8,2026-07-23T11:13:59.691282,0,NORMAL
27,False,0.2266,0.0,WATCH,2.53,0.0138,0.3,2026-07-23T11:13:59.699254,0,NORMAL
22,False,0.2756,0.0,NORMAL,1.53,0.0134,5.6,2026-07-23T11:13:59.707100,0,NORMAL
28,False,0.2113,0.0,WATCH,3.32,0.0192,5.3,2026-07-23T11:13:59.715006,0,NORMAL
21,False,0.2833,0.0,NORMAL,2.25,0.0091,5.1,2026-07-23T11:13:59.722874,0,NORMAL
22,False,0.2737,0.0,NORMAL,2.09,0.0133,8.1,2026-07-23T11:13:59.730790,0,NORMAL
22,False,0.2779,0.0,NORMAL,1.57,0.0105,6.0,2026-07-23T11:13:59.738714,0,NORMAL
24,False,0.2527,0.0,NORMAL,2.35,0.0165,9.4,2026-07-23T11:13:59.746610,0,NORMAL
25,False,0.2494,0.0,WATCH,1.71,0.0064,2.0,2026-07-23T11:13:59.754530,0,NORMAL
21,False,0.283,0.0,NORMAL,2.06,0.0137,5.4,2026-07-23T11:13:59.762356,0,NORMAL
26,False,0.2324,0.0,WATCH,3.28,0.009,5.3,2026-07-23T11:13:59.770179,0,NORMAL
23,False,0.2613,0.0,NORMAL,1.95,0.0097,1.8,2026-07-23T11:13:59.778004,0,NORMAL
23,False,0.2675,0.0,NORMAL,2.57,0.0105,7.9,2026-07-23T11:13:59.785981,0,NORMAL
27,False,0.2238,0.0,WATCH,1.65,0.0113,12.0,2026-07-23T11:13:59.793823,0,NORMAL
21,False,0.2863,0.0,NORMAL,1.98,0.0094,4.9,2026-07-23T11:13:59.801670,0,NORMAL
23,False,0.2605,0.0,NORMAL,2.89,0.0111,6.5,2026-07-23T11:13:59.809601,0,NORMAL
23,False,0.2603,0.0,NORMAL,1.69,0.0179,5.3,2026-07-23T11:13:59.817453,0,NORMAL
25,False,0.2409,0.0,WATCH,2.91,0.0149,2.9,2026-07-23T11:13:59.825333,0,NORMAL
27,False,0.2223,0.0,WATCH,2.35,0.0143,0.0,2026-07-23T11:13:59.833230,0,NORMAL
23,False,0.2643,0.0,NORMAL,1.72,0.0077,2.9,2026-07-23T11:13:59.841276,0,NORMAL
27,False,0.2295,0.0,WATCH,2.32,0.0056,0.8,2026-07-23T11:13:59.849251,0,NORMAL
24,False,0.2532,0.0,NORMAL,2.49,0.0148,10.1,2026-07-23T11:13:59.857292,0,NORMAL
22,False,0.2767,0.0,NORMAL,2.31,0.0144,4.7,2026-07-23T11:13:59.865282,0,NORMAL
27,False,0.2262,0.0,WATCH,1.21,0.0174,4.0,2026-07-23T11:13:59.873204,0,NORMAL
24,False,0.256,0.0,NORMAL,1.64,0.007,7.7,2026-07-23T11:13:59.881089,0,NORMAL
24,False,0.2569,0.0,NORMAL,1.88,0.0089,1.6,2026-07-23T11:13:59.888941,0,NORMAL
27,False,0.2204,0.0,WATCH,1.96,0.0018,2.7,2026-07-23T11:13:59.896803,0,NORMAL
22,False,0.2789,0.0,NORMAL,2.31,0.008,5.2,2026-07-23T11:13:59.904903,0,NORMAL
22,False,0.2701,0.0,NORMAL,2.09,0.015,8.1,2026-07-23T11:13:59.912753,0,NORMAL
24,False,0.2594,0.0,NORMAL,1.33,0.0077,6.5,2026-07-23T11:13:59.920675,0,NORMAL
21,False,0.2844,0.0,NORMAL,2.19,0.0132,5.7,2026-07-23T11:13:59.928471,0,NORMAL
21,False,0.2821,0.0,NORMAL,2.31,0.009,5.2,2026-07-23T11:13:59.936269,0,NORMAL
21,False,0.2817,0.0,NORMAL,2.28,0.0116,6.2,2026-07-23T11:13:59.944171,0,NORMAL
24,False,0.2532,0.0,NORMAL,2.54,0.0043,5.6,2026-07-23T11:13:59.952089,0,NORMAL
24,False,0.2562,0.0,NORMAL,2.42,0.0104,1.9,2026-07-23T11:13:59.960090,0,NORMAL
28,False,0.2103,0.0,WATCH,2.23,0.0,5.1,2026-07-23T11:13:59.967926,0,NORMAL
24,False,0.2596,0.0,NORMAL,1.96,0.0091,1.8,2026-07-23T11:13:59.975859,0,NORMAL
29,False,0.2013,0.0,WATCH,1.17,0.0018,5.2,2026-07-23T11:13:59.983946,0,NORMAL
23,False,0.2668,0.0,NORMAL,2.21,0.016,3.6,2026-07-23T11:13:59.991775,0,NORMAL
26,False,0.2319,0.0,WATCH,2.1,0.0139,12.6,2026-07-23T11:13:59.999561,0,NORMAL
21,False,0.2845,0.0,NORMAL,2.14,0.0123,4.9,2026-07-23T11:14:00.007369,0,NORMAL
30,False,0.1953,0.0,WATCH,1.36,0.0176,0.8,2026-07-23T11:14:00.015260,0,NORMAL
24,False,0.2565,0.0,NORMAL,1.46,0.0053,4.6,2026-07-23T11:14:00.023164,0,NORMAL
24,False,0.2516,0.0,NORMAL,2.53,0.0187,6.6,2026-07-23T11:14:00.032202,0,NORMAL
24,False,0.2565,0.0,NORMAL,1.98,0.0147,10.0,2026-07-23T11:14:00.042669,0,NORMAL
22,False,0.271,0.0,NORMAL,2.34,0.0088,3.2,2026-07-23T11:14:00.052281,0,NORMAL
27,False,0.2242,0.0,WATCH,2.01,0.0157,0.3,2026-07-23T11:14:00.060693,0,NORMAL
24,False,0.2558,0.0,NORMAL,2.01,0.0045,7.5,2026-07-23T11:14:00.068839,0,NORMAL
27,False,0.2263,0.0,WATCH,2.47,0.0059,0.9,2026-07-23T11:14:00.076834,0,NORMAL
23,False,0.2677,0.0,NORMAL,1.74,0.007,3.7,2026-07-23T11:14:00.084821,0,NORMAL
22,False,0.2774,0.0,NORMAL,2.05,0.0074,4.2,2026-07-23T11:14:00.092819,0,NORMAL
23,False,0.2617,0.0,NORMAL,1.77,0.0047,4.8,2026-07-23T11:14:00.100759,0,NORMAL
23,False,0.2668,0.0,NORMAL,1.78,0.0161,7.1,2026-07-23T11:14:00.108906,0,NORMAL
23,False,0.27,0.0,NORMAL,1.85,0.0087,2.9,2026-07-23T11:14:00.117094,0,NORMAL
22,False,0.2794,0.0,NORMAL,2.11,0.0118,4.2,2026-07-23T11:14:00.125129,0,NORMAL
22,False,0.2763,0.0,NORMAL,1.76,0.0071,5.0,2026-07-23T11:14:00.133059,0,NORMAL
29,False,0.204,0.0,WATCH,2.63,0.0009,5.4,2026-07-23T11:14:00.141094,0,NORMAL
22,False,0.2777,0.0,NORMAL,1.55,0.0114,5.3,2026-07-23T11:14:00.149265,0,NORMAL
29,False,0.2088,0.0,WATCH,1.91,0.0004,6.3,2026-07-23T11:14:00.157391,0,NORMAL
22,False,0.2746,0.0,NORMAL,1.78,0.0097,7.5,2026-07-23T11:14:00.165297,0,NORMAL
26,False,0.2325,0.0,WATCH,2.72,0.0032,6.2,2026-07-23T11:14:00.173104,0,NORMAL
25,False,0.2439,0.0,WATCH,2.1,0.0199,6.4,2026-07-23T11:14:00.181140,0,NORMAL
27,False,0.2224,0.0,WATCH,2.52,0.0146,0.3,2026-07-23T11:14:00.189080,0,NORMAL
24,False,0.2594,0.0,NORMAL,1.26,0.0105,5.2,2026-07-23T11:14:00.197104,0,NORMAL
23,False,0.2697,0.0,NORMAL,2.13,0.0163,6.4,2026-07-23T11:14:00.205455,0,NORMAL
24,False,0.2584,0.0,NORMAL,2.44,0.0058,7.2,2026-07-23T11:14:00.213478,0,NORMAL
22,False,0.2724,0.0,NORMAL,2.04,0.0127,2.9,2026-07-23T11:14:00.221329,0,NORMAL
23,False,0.2649,0.0,NORMAL,2.53,0.011,3.0,2026-07-23T11:14:00.229254,0,NORMAL
22,False,0.2745,0.0,NORMAL,1.74,0.0113,3.3,2026-07-23T11:14:00.237035,0,NORMAL
24,False,0.26,0.0,NORMAL,2.7,0.0164,6.6,2026-07-23T11:14:00.244951,0,NORMAL
26,False,0.2386,0.0,WATCH,3.15,0.0137,8.1,2026-07-23T11:14:00.252849,0,NORMAL
22,False,0.2765,0.0,NORMAL,1.82,0.0114,3.8,2026-07-23T11:14:00.260907,0,NORMAL
27,False,0.222,0.0,WATCH,1.78,0.0017,7.7,2026-07-23T11:14:00.268768,0,NORMAL
24,False,0.2511,0.0,NORMAL,2.73,0.0052,5.4,2026-07-23T11:14:00.276712,0,NORMAL
23,False,0.264,0.0,NORMAL,2.79,0.0094,4.6,2026-07-23T11:14:00.284469,0,NORMAL
21,False,0.2809,0.0,NORMAL,1.74,0.0105,4.4,2026-07-23T11:14:00.292375,0,NORMAL
24,False,0.2541,0.0,NORMAL,1.79,0.0043,7.2,2026-07-23T11:14:00.300340,0,NORMAL
28,False,0.2196,0.0,WATCH,1.86,0.0221,6.0,2026-07-23T11:14:00.308239,0,NORMAL
30,False,0.1926,0.0,WATCH,1.33,0.0176,11.8,2026-07-23T11:14:00.316013,0,NORMAL
23,False,0.2621,0.0,NORMAL,1.54,0.013,2.4,2026-07-23T11:14:00.323837,0,NORMAL
22,False,0.2716,0.0,NORMAL,1.5,0.0104,6.6,2026-07-23T11:14:00.331847,0,NORMAL
22,False,0.2705,0.0,NORMAL,1.62,0.0089,3.4,2026-07-23T11:14:00.339968,0,NORMAL
24,False,0.2542,0.0,NORMAL,1.98,0.0052,2.4,2026-07-23T11:14:00.348115,0,NORMAL
21,False,0.2846,0.0,NORMAL,2.12,0.0104,5.0,2026-07-23T11:14:00.356034,0,NORMAL
23,False,0.2683,0.0,NORMAL,2.78,0.0113,5.4,2026-07-23T11:14:00.363910,0,NORMAL
32,False,0.1746,0.0,WATCH,1.5,0.0038,13.8,2026-07-23T11:14:00.371957,0,NORMAL
22,False,0.2758,0.0,NORMAL,2.49,0.0117,4.4,2026-07-23T11:14:00.379755,0,NORMAL
24,False,0.2594,0.0,NORMAL,1.89,0.0092,1.6,2026-07-23T11:14:00.387677,0,NORMAL
29,False,0.2077,0.0,WATCH,1.98,0.0005,5.8,2026-07-23T11:14:00.395549,0,NORMAL
28,False,0.217,0.0,WATCH,2.34,0.0057,0.0,2026-07-23T11:14:00.403441,0,NORMAL
23,False,0.2683,0.0,NORMAL,1.44,0.0079,4.7,2026-07-23T11:14:00.411399,0,NORMAL
25,False,0.2471,0.0,WATCH,2.19,0.0194,5.0,2026-07-23T11:14:00.419234,0,NORMAL
22,False,0.2784,0.0,NORMAL,2.08,0.0128,7.4,2026-07-23T11:14:00.427136,0,NORMAL
25,False,0.2468,0.0,WATCH,2.25,0.0033,7.9,2026-07-23T11:14:00.435105,0,NORMAL
22,False,0.2771,0.0,NORMAL,2.14,0.0124,3.5,2026-07-23T11:14:00.443161,0,NORMAL
31,False,0.1846,0.0,WATCH,3.23,0.0023,4.5,2026-07-23T11:14:00.451128,0,NORMAL
24,False,0.256,0.0,NORMAL,1.68,0.0154,2.7,2026-07-23T11:14:00.458950,0,NORMAL
24,False,0.2516,0.0,NORMAL,1.73,0.0076,1.6,2026-07-23T11:14:00.466825,0,NORMAL
22,False,0.2787,0.0,NORMAL,1.69,0.0095,5.9,2026-07-23T11:14:00.474612,0,NORMAL
27,False,0.2252,0.0,WATCH,1.72,0.0166,1.2,2026-07-23T11:14:00.482564,0,NORMAL
25,False,0.2424,0.0,WATCH,1.68,0.0036,3.8,2026-07-23T11:14:00.490587,0,NORMAL
28,False,0.2149,0.0,WATCH,2.59,0.003,2.0,2026-07-23T11:14:00.498464,0,NORMAL
24,False,0.2588,0.0,NORMAL,2.71,0.0071,6.6,2026-07-23T11:14:00.506756,0,NORMAL
25,False,0.2465,0.0,WATCH,1.71,0.0152,10.4,2026-07-23T11:14:00.514622,0,NORMAL
30,False,0.1925,0.0,WATCH,1.58,0.0024,1.1,2026-07-23T11:14:00.522469,0,NORMAL
34,False,0.1544,0.0,WATCH,2.24,0.0,0.0,2026-07-23T11:14:00.530361,0,NORMAL
22,False,0.2785,0.0,NORMAL,1.72,0.0077,4.6,2026-07-23T11:14:00.538421,0,NORMAL
21,False,0.282,0.0,NORMAL,2.32,0.0128,5.0,2026-07-23T11:14:00.546198,0,NORMAL
22,False,0.2724,0.0,NORMAL,2.1,0.016,5.7,2026-07-23T11:14:00.554107,0,NORMAL
25,False,0.2479,0.0,WATCH,1.24,0.0077,3.7,2026-07-23T11:14:00.561999,0,NORMAL
23,False,0.2613,0.0,NORMAL,2.77,0.0079,4.4,2026-07-23T11:14:00.569923,0,NORMAL
24,False,0.2549,0.0,NORMAL,2.9,0.0158,6.1,2026-07-23T11:14:00.577840,0,NORMAL
30,False,0.1991,0.0,WATCH,1.69,0.0007,8.1,2026-07-23T11:14:00.585790,0,NORMAL
26,False,0.2302,0.0,WATCH,1.81,0.0081,0.0,2026-07-23T11:14:00.593609,0,NORMAL
21,False,0.28,0.0,NORMAL,2.14,0.011,3.9,2026-07-23T11:14:00.601629,0,NORMAL
21,False,0.2832,0.0,NORMAL,2.17,0.0122,5.6,2026-07-23T11:14:00.609567,0,NORMAL
24,False,0.2555,0.0,NORMAL,2.33,0.0075,2.2,2026-07-23T11:14:00.617622,0,NORMAL
26,False,0.2337,0.0,WATCH,3.01,0.0102,10.2,2026-07-23T11:14:00.625574,0,NORMAL
30,False,0.1927,0.0,WATCH,1.91,0.0,3.1,2026-07-23T11:14:00.633316,0,NORMAL
23,False,0.2699,0.0,NORMAL,1.6,0.0067,4.9,2026-07-23T11:14:00.641150,0,NORMAL
23,False,0.2609,0.0,NORMAL,1.31,0.0123,6.7,2026-07-23T11:14:00.649065,0,NORMAL
24,False,0.2516,0.0,NORMAL,1.63,0.0051,3.2,2026-07-23T11:14:00.656912,0,NORMAL
26,False,0.2378,0.0,WATCH,1.98,0.0103,0.0,2026-07-23T11:14:00.664773,0,NORMAL
24,False,0.2555,0.0,NORMAL,2.9,0.0122,3.7,2026-07-23T11:14:00.672656,0,NORMAL
23,False,0.2627,0.0,NORMAL,1.74,0.0083,8.1,2026-07-23T11:14:00.680572,0,NORMAL
21,False,0.2803,0.0,NORMAL,2.11,0.0109,4.0,2026-07-23T11:14:00.688466,0,NORMAL
24,False,0.2535,0.0,NORMAL,1.99,0.0052,2.5,2026-07-23T11:14:00.696322,0,NORMAL
23,False,0.2662,0.0,NORMAL,2.59,0.009,7.8,2026-07-23T11:14:00.704145,0,NORMAL
26,False,0.2341,0.0,WATCH,3.26,0.0131,4.0,2026-07-23T11:14:00.711944,0,NORMAL
22,False,0.2755,0.0,NORMAL,1.73,0.0108,3.5,2026-07-23T11:14:00.719798,0,NORMAL
22,False,0.2745,0.0,NORMAL,1.76,0.0071,5.4,2026-07-23T11:14:00.727804,0,NORMAL
22,False,0.2748,0.0,NORMAL,2.52,0.0111,7.3,2026-07-23T11:14:00.735936,0,NORMAL
26,False,0.2324,0.0,WATCH,2.34,0.0136,12.1,2026-07-23T11:14:00.743731,0,NORMAL
32,False,0.1728,0.0,WATCH,2.92,0.0,7.5,2026-07-23T11:14:00.751733,0,NORMAL
23,False,0.2649,0.0,NORMAL,2.29,0.0158,8.5,2026-07-23T11:14:00.759614,0,NORMAL
22,False,0.2736,0.0,NORMAL,1.82,0.0083,3.5,2026-07-23T11:14:00.767512,0,NORMAL
24,False,0.2592,0.0,NORMAL,2.3,0.0121,1.9,2026-07-23T11:14:00.775622,0,NORMAL
22,False,0.2703,0.0,NORMAL,2.55,0.016,5.2,2026-07-23T11:14:00.783502,0,NORMAL
25,False,0.2465,0.0,WATCH,2.41,0.0031,5.3,2026-07-23T11:14:00.791262,0,NORMAL
25,False,0.2465,0.0,WATCH,2.25,0.0065,1.8,2026-07-23T11:14:00.799397,0,NORMAL
22,False,0.275,0.0,NORMAL,2.53,0.0086,4.5,2026-07-23T11:14:00.807305,0,NORMAL
23,False,0.2637,0.0,NORMAL,2.58,0.0061,6.2,2026-07-23T11:14:00.815177,0,NORMAL
25,False,0.2473,0.0,WATCH,2.69,0.0187,6.1,2026-07-23T11:14:00.822995,0,NORMAL
23,False,0.2658,0.0,NORMAL,2.32,0.0057,6.5,2026-07-23T11:14:00.830993,0,NORMAL
22,False,0.2771,0.0,NORMAL,1.92,0.0072,5.9,2026-07-23T11:14:00.838929,0,NORMAL
22,False,0.2773,0.0,NORMAL,2.07,0.011,3.5,2026-07-23T11:14:00.846844,0,NORMAL
25,False,0.2402,0.0,WATCH,2.6,0.004,3.5,2026-07-23T11:14:00.854710,0,NORMAL
25,False,0.2452,0.0,WATCH,1.59,0.008,1.4,2026-07-23T11:14:00.862626,0,NORMAL
24,False,0.2566,0.0,NORMAL,2.18,0.0116,10.4,2026-07-23T11:14:00.870422,0,NORMAL
22,False,0.2785,0.0,NORMAL,1.8,0.0083,5.0,2026-07-23T11:14:00.878305,0,NORMAL
21,False,0.2813,0.0,NORMAL,2.01,0.0095,4.3,2026-07-23T11:14:00.886256,0,NORMAL
25,False,0.2446,0.0,WATCH,2.64,0.0074,2.2,2026-07-23T11:14:00.894320,0,NORMAL
31,False,0.183,0.0,WATCH,2.1,0.0024,13.8,2026-07-23T11:14:00.902138,0,NORMAL
24,False,0.2594,0.0,NORMAL,2.02,0.0116,1.8,2026-07-23T11:14:00.910113,0,NORMAL
27,False,0.2251,0.0,WATCH,1.32,0.0188,3.7,2026-07-23T11:14:00.918040,0,NORMAL
22,False,0.2776,0.0,NORMAL,2.37,0.0101,6.2,2026-07-23T11:14:00.925804,0,NORMAL
22,False,0.2794,0.0,NORMAL,2.32,0.0111,6.8,2026-07-23T11:14:00.933654,0,NORMAL
25,False,0.2455,0.0,WATCH,3.08,0.0135,7.9,2026-07-23T11:14:00.941510,0,NORMAL
27,False,0.2235,0.0,WATCH,1.85,0.0037,10.4,2026-07-23T11:14:00.949393,0,NORMAL
24,False,0.2588,0.0,NORMAL,2.11,0.0185,6.5,2026-07-23T11:14:00.957185,0,NORMAL
23,False,0.261,0.0,NORMAL,2.12,0.011,1.8,2026-07-23T11:14:00.965060,0,NORMAL
26,False,0.2362,0.0,WATCH,2.79,0.0182,4.2,2026-07-23T11:14:00.972974,0,NORMAL
22,False,0.2727,0.0,NORMAL,1.95,0.0063,5.9,2026-07-23T11:14:00.980911,0,NORMAL
27,False,0.2279,0.0,WATCH,2.14,0.0191,11.2,2026-07-23T11:14:00.988749,0,NORMAL
25,False,0.2429,0.0,WATCH,2.3,0.0139,0.8,2026-07-23T11:14:00.996729,0,NORMAL
23,False,0.2692,0.0,NORMAL,2.09,0.0128,8.6,2026-07-23T11:14:01.004812,0,NORMAL
21,False,0.284,0.0,NORMAL,1.78,0.0112,5.5,2026-07-23T11:14:01.012777,0,NORMAL
22,False,0.276,0.0,NORMAL,2.1,0.0088,7.5,2026-07-23T11:14:01.020588,0,NORMAL
23,False,0.2686,0.0,NORMAL,2.54,0.016,4.7,2026-07-23T11:14:01.028330,0,NORMAL
24,False,0.2571,0.0,NORMAL,1.49,0.0107,2.5,2026-07-23T11:14:01.036213,0,NORMAL
29,False,0.2053,0.0,WATCH,2.07,0.0002,7.3,2026-07-23T11:14:01.044280,0,NORMAL
24,False,0.2525,0.0,NORMAL,1.65,0.0044,7.0,2026-07-23T11:14:01.052357,0,NORMAL
23,False,0.2664,0.0,NORMAL,2.6,0.0091,7.9,2026-07-23T11:14:01.060347,0,NORMAL
24,False,0.2584,0.0,NORMAL,1.24,0.0115,5.0,2026-07-23T11:14:01.068160,0,NORMAL
22,False,0.27,0.0,NORMAL,1.72,0.0097,3.2,2026-07-23T11:14:01.076060,0,NORMAL
28,False,0.2189,0.0,WATCH,2.19,0.0161,0.3,2026-07-23T11:14:01.084007,0,NORMAL
31,False,0.1847,0.0,WATCH,2.78,0.0002,7.5,2026-07-23T11:14:01.091997,0,NORMAL
21,False,0.2846,0.0,NORMAL,1.97,0.0107,6.3,2026-07-23T11:14:01.099869,0,NORMAL
30,False,0.1908,0.0,WATCH,1.72,0.0009,2.1,2026-07-23T11:14:01.107698,0,NORMAL
24,False,0.2503,0.0,NORMAL,2.94,0.0138,3.4,2026-07-23T11:14:01.115697,0,NORMAL
24,False,0.2517,0.0,NORMAL,1.28,0.0095,3.6,2026-07-23T11:14:01.123702,0,NORMAL
32,False,0.1779,0.0,WATCH,0.9,0.0121,0.6,2026-07-23T11:14:01.131662,0,NORMAL
24,False,0.259,0.0,NORMAL,2.22,0.0057,2.5,2026-07-23T11:14:01.139546,0,NORMAL
26,False,0.2346,0.0,WATCH,1.75,0.0164,1.6,2026-07-23T11:14:01.147390,0,NORMAL
23,False,0.2616,0.0,NORMAL,1.49,0.0152,3.8,2026-07-23T11:14:01.155376,0,NORMAL
22,False,0.2701,0.0,NORMAL,2.35,0.0129,2.8,2026-07-23T11:14:01.163147,0,NORMAL
26,False,0.2348,0.0,WATCH,2.12,0.0094,0.1,2026-07-23T11:14:01.171013,0,NORMAL
26,False,0.2389,0.0,WATCH,1.72,0.0129,11.1,2026-07-23T11:14:01.179047,0,NORMAL
27,False,0.2294,0.0,WATCH,1.36,0.0065,8.8,2026-07-23T11:14:01.186900,0,NORMAL
23,False,0.2628,0.0,NORMAL,2.44,0.0143,2.7,2026-07-23T11:14:01.194786,0,NORMAL
24,False,0.2575,0.0,NORMAL,2.33,0.0182,5.8,2026-07-23T11:14:01.202674,0,NORMAL
22,False,0.2748,0.0,NORMAL,1.95,0.0154,6.3,2026-07-23T11:14:01.210745,0,NORMAL
26,False,0.2321,0.0,WATCH,2.92,0.0064,8.6,2026-07-23T11:14:01.218797,0,NORMAL
24,False,0.2552,0.0,NORMAL,1.46,0.0118,2.5,2026-07-23T11:14:01.226793,0,NORMAL
29,False,0.2077,0.0,WATCH,1.24,0.0035,8.3,2026-07-23T11:14:01.234695,0,NORMAL
22,False,0.2726,0.0,NORMAL,1.65,0.0129,3.4,2026-07-23T11:14:01.242949,0,NORMAL
24,False,0.2523,0.0,NORMAL,1.98,0.0123,1.0,2026-07-23T11:14:01.253631,0,NORMAL
29,False,0.2086,0.0,WATCH,2.12,0.0007,7.2,2026-07-23T11:14:01.262339,0,NORMAL
25,False,0.2428,0.0,WATCH,1.88,0.0042,8.9,2026-07-23T11:14:01.271229,0,NORMAL
27,False,0.2287,0.0,WATCH,2.18,0.0086,12.8,2026-07-23T11:14:01.279432,0,NORMAL
27,False,0.2294,0.0,WATCH,1.37,0.0085,1.4,2026-07-23T11:14:01.287371,0,NORMAL
26,False,0.2366,0.0,WATCH,2.72,0.004,7.1,2026-07-23T11:14:01.295364,0,NORMAL
22,False,0.2768,0.0,NORMAL,1.96,0.0119,3.8,2026-07-23T11:14:01.303362,0,NORMAL
22,False,0.2733,0.0,NORMAL,2.56,0.0113,7.4,2026-07-23T11:14:01.311376,0,NORMAL
25,False,0.2416,0.0,WATCH,2.17,0.009,0.6,2026-07-23T11:14:01.319506,0,NORMAL
25,False,0.2417,0.0,WATCH,2.23,0.0062,1.2,2026-07-23T11:14:01.327415,0,NORMAL
23,False,0.2642,0.0,NORMAL,2.28,0.0152,2.7,2026-07-23T11:14:01.335547,0,NORMAL
23,False,0.26,0.0,NORMAL,2.22,0.0183,5.2,2026-07-23T11:14:01.343665,0,NORMAL
23,False,0.2642,0.0,NORMAL,2.32,0.0076,3.1,2026-07-23T11:14:01.351669,0,NORMAL
24,False,0.2564,0.0,NORMAL,2.66,0.0069,7.0,2026-07-23T11:14:01.359615,0,NORMAL
22,False,0.2742,0.0,NORMAL,2.1,0.0125,8.1,2026-07-23T11:14:01.367487,0,NORMAL
22,False,0.2722,0.0,NORMAL,2.35,0.0082,6.8,2026-07-23T11:14:01.375293,0,NORMAL
24,False,0.2583,0.0,NORMAL,1.96,0.0093,9.9,2026-07-23T11:14:01.383184,0,NORMAL
23,False,0.2691,0.0,NORMAL,2.72,0.0137,6.2,2026-07-23T11:14:01.391251,0,NORMAL
33,False,0.17,0.0,WATCH,1.66,0.0005,1.3,2026-07-23T11:14:01.399462,0,NORMAL
26,False,0.2378,0.0,WATCH,2.9,0.0166,9.1,2026-07-23T11:14:01.407343,0,NORMAL
22,False,0.274,0.0,NORMAL,1.98,0.0104,3.2,2026-07-23T11:14:01.415228,0,NORMAL
25,False,0.2408,0.0,WATCH,1.28,0.0079,7.7,2026-07-23T11:14:01.423147,0,NORMAL
24,False,0.2592,0.0,NORMAL,2.06,0.0096,9.7,2026-07-23T11:14:01.431060,0,NORMAL
22,False,0.2769,0.0,NORMAL,1.66,0.0098,6.4,2026-07-23T11:14:01.439128,0,NORMAL
33,False,0.1683,0.0,WATCH,2.42,0.0013,0.5,2026-07-23T11:14:01.447242,0,NORMAL
26,False,0.2307,0.0,WATCH,1.67,0.0175,2.2,2026-07-23T11:14:01.455314,0,NORMAL
23,False,0.2616,0.0,NORMAL,1.78,0.0102,9.0,2026-07-23T11:14:01.463069,0,NORMAL
26,False,0.2384,0.0,WATCH,1.06,0.0122,4.5,2026-07-23T11:14:01.470978,0,NORMAL
21,False,0.2804,0.0,NORMAL,1.77,0.0148,5.2,2026-07-23T11:14:01.478908,0,NORMAL
31,False,0.1869,0.0,WATCH,0.79,0.0049,7.3,2026-07-23T11:14:01.486846,0,NORMAL
25,False,0.2474,0.0,WATCH,1.21,0.0124,7.1,2026-07-23T11:14:01.494763,0,NORMAL
22,False,0.2785,0.0,NORMAL,2.38,0.0087,5.8,2026-07-23T11:14:01.502644,0,NORMAL
22,False,0.2758,0.0,NORMAL,2.39,0.0142,4.4,2026-07-23T11:14:01.510644,0,NORMAL
29,False,0.2057,0.0,WATCH,2.21,0.0,4.1,2026-07-23T11:14:01.518574,0,NORMAL
23,False,0.2633,0.0,NORMAL,1.52,0.0095,7.6,2026-07-23T11:14:01.526496,0,NORMAL
22,False,0.273,0.0,NORMAL,1.98,0.007,6.7,2026-07-23T11:14:01.534346,0,NORMAL
21,False,0.2811,0.0,NORMAL,2.0,0.0122,4.2,2026-07-23T11:14:01.542211,0,NORMAL
24,False,0.2518,0.0,NORMAL,1.42,0.0124,8.2,2026-07-23T11:14:01.550076,0,NORMAL
24,False,0.256,0.0,NORMAL,2.75,0.0065,4.6,2026-07-23T11:14:01.558037,0,NORMAL
24,False,0.2511,0.0,NORMAL,2.44,0.0064,2.4,2026-07-23T11:14:01.565895,0,NORMAL
22,False,0.2712,0.0,NORMAL,1.89,0.0094,2.7,2026-07-23T11:14:01.573847,0,NORMAL
24,False,0.2502,0.0,NORMAL,2.01,0.0055,2.1,2026-07-23T11:14:01.581756,0,NORMAL
22,False,0.2787,0.0,NORMAL,2.1,0.0142,4.2,2026-07-23T11:14:01.589725,0,NORMAL
29,False,0.2018,0.0,WATCH,0.98,0.0082,8.7,2026-07-23T11:14:01.597736,0,NORMAL
31,False,0.1888,0.0,WATCH,1.88,0.0,2.6,2026-07-23T11:14:01.605605,0,NORMAL
22,False,0.2744,0.0,NORMAL,1.66,0.0081,5.6,2026-07-23T11:14:01.613546,0,NORMAL
25,False,0.2412,0.0,WATCH,1.5,0.0048,3.0,2026-07-23T11:14:01.621366,0,NORMAL
26,False,0.2334,0.0,WATCH,1.86,0.0018,4.2,2026-07-23T11:14:01.629212,0,NORMAL
32,False,0.1735,0.0,WATCH,2.9,0.0038,0.5,2026-07-23T11:14:01.637104,0,NORMAL
22,False,0.2797,0.0,NORMAL,2.32,0.0105,4.3,2026-07-23T11:14:01.645010,0,NORMAL
23,False,0.2619,0.0,NORMAL,1.71,0.0166,4.4,2026-07-23T11:14:01.653008,0,NORMAL
21,False,0.2818,0.0,NORMAL,2.29,0.0116,6.6,2026-07-23T11:14:01.660817,0,NORMAL
24,False,0.2594,0.0,NORMAL,2.7,0.007,5.7,2026-07-23T11:14:01.668684,0,NORMAL
24,False,0.2503,0.0,NORMAL,2.46,0.0123,1.4,2026-07-23T11:14:01.676697,0,NORMAL
23,False,0.2662,0.0,NORMAL,2.03,0.0077,8.3,2026-07-23T11:14:01.684565,0,NORMAL
23,False,0.2691,0.0,NORMAL,1.68,0.0065,5.6,2026-07-23T11:14:01.692483,0,NORMAL
24,False,0.2576,0.0,NORMAL,2.35,0.0042,5.6,2026-07-23T11:14:01.700622,0,NORMAL
27,False,0.2246,0.0,WATCH,2.2,0.0012,5.0,2026-07-23T11:14:01.708473,0,NORMAL
23,False,0.2683,0.0,NORMAL,2.45,0.0081,3.4,2026-07-23T11:14:01.716316,0,NORMAL
21,False,0.2804,0.0,NORMAL,2.32,0.0108,5.7,2026-07-23T11:14:01.724362,0,NORMAL
22,False,0.2773,0.0,NORMAL,2.52,0.0095,6.4,2026-07-23T11:14:01.732294,0,NORMAL
26,False,0.2322,0.0,WATCH,1.73,0.0079,0.0,2026-07-23T11:14:01.740168,0,NORMAL
25,False,0.248,0.0,WATCH,2.66,0.0053,3.4,2026-07-23T11:14:01.748127,0,NORMAL
21,False,0.2806,0.0,NORMAL,2.1,0.013,4.2,2026-07-23T11:14:01.756105,0,NORMAL
28,False,0.2112,0.0,WATCH,3.04,0.0034,5.8,2026-07-23T11:14:01.763943,0,NORMAL
23,False,0.264,0.0,NORMAL,1.66,0.0139,8.6,2026-07-23T11:14:01.771966,0,NORMAL
27,False,0.223,0.0,WATCH,2.87,0.005,2.7,2026-07-23T11:14:01.780114,0,NORMAL
23,False,0.2681,0.0,NORMAL,2.1,0.0062,3.5,2026-07-23T11:14:01.788141,0,NORMAL
27,False,0.2274,0.0,WATCH,1.67,0.0027,3.5,2026-07-23T11:14:01.796040,0,NORMAL
23,False,0.2632,0.0,NORMAL,1.76,0.0075,2.6,2026-07-23T11:14:01.803975,0,NORMAL
22,False,0.2727,0.0,NORMAL,1.84,0.0149,4.0,2026-07-23T11:14:01.812061,0,NORMAL
22,False,0.2788,0.0,NORMAL,2.21,0.0126,7.3,2026-07-23T11:14:01.820044,0,NORMAL
24,False,0.2516,0.0,NORMAL,2.26,0.0149,1.8,2026-07-23T11:14:01.828037,0,NORMAL
22,False,0.2794,0.0,NORMAL,1.71,0.0126,6.3,2026-07-23T11:14:01.836079,0,NORMAL
29,False,0.2093,0.0,WATCH,1.99,0.0045,0.0,2026-07-23T11:14:01.844026,0,NORMAL
26,False,0.2354,0.0,WATCH,3.07,0.0083,3.3,2026-07-23T11:14:01.851989,0,NORMAL
25,False,0.2434,0.0,WATCH,2.86,0.0061,4.0,2026-07-23T11:14:01.859832,0,NORMAL
24,False,0.2536,0.0,NORMAL,2.22,0.0167,10.0,2026-07-23T11:14:01.868979,0,NORMAL
24,False,0.2576,0.0,NORMAL,2.02,0.004,4.2,2026-07-23T11:14:01.884528,0,NORMAL
27,False,0.2252,0.0,WATCH,2.06,0.0145,0.0,2026-07-23T11:14:01.895903,0,NORMAL
27,False,0.2203,0.0,WATCH,2.31,0.0145,0.0,2026-07-23T11:14:01.904043,0,NORMAL
25,False,0.2412,0.0,WATCH,1.49,0.0191,5.1,2026-07-23T11:14:01.912066,0,NORMAL
22,False,0.2744,0.0,NORMAL,1.87,0.008,6.8,2026-07-23T11:14:01.920098,0,NORMAL
25,False,0.2498,0.0,WATCH,1.17,0.0136,6.1,2026-07-23T11:14:01.928034,0,NORMAL
27,False,0.2241,0.0,WATCH,2.2,0.0214,5.5,2026-07-23T11:14:01.935994,0,NORMAL
23,False,0.2609,0.0,NORMAL,2.32,0.0069,8.5,2026-07-23T11:14:01.943946,0,NORMAL
27,False,0.2263,0.0,WATCH,1.76,0.0023,3.4,2026-07-23T11:14:01.951902,0,NORMAL
31,False,0.1843,0.0,WATCH,2.79,0.0006,7.7,2026-07-23T11:14:01.959937,0,NORMAL
28,False,0.2111,0.0,WATCH,1.39,0.0136,0.1,2026-07-23T11:14:01.967846,0,NORMAL
33,False,0.1644,0.0,WATCH,1.27,0.0006,2.3,2026-07-23T11:14:01.975693,0,NORMAL
26,False,0.2332,0.0,WATCH,2.11,0.0081,0.0,2026-07-23T11:14:01.983514,0,NORMAL
22,False,0.2741,0.0,NORMAL,2.52,0.0122,4.2,2026-07-23T11:14:01.991346,0,NORMAL
23,False,0.2612,0.0,NORMAL,2.84,0.0109,4.9,2026-07-23T11:14:01.999349,0,NORMAL
21,False,0.2813,0.0,NORMAL,1.77,0.0121,5.3,2026-07-23T11:14:02.007354,0,NORMAL
22,False,0.2792,0.0,NORMAL,2.54,0.0111,5.2,2026-07-23T11:14:02.015444,0,NORMAL
25,False,0.2471,0.0,WATCH,1.98,0.0164,2.2,2026-07-23T11:14:02.023512,0,NORMAL
23,False,0.2679,0.0,NORMAL,1.91,0.0052,4.4,2026-07-23T11:14:02.031523,0,NORMAL
27,False,0.222,0.0,WATCH,2.44,0.0066,0.5,2026-07-23T11:14:02.039523,0,NORMAL
24,False,0.2538,0.0,NORMAL,2.33,0.0061,9.1,2026-07-23T11:14:02.047434,0,NORMAL
24,False,0.2516,0.0,NORMAL,1.21,0.0142,4.1,2026-07-23T11:14:02.055437,0,NORMAL
24,False,0.2598,0.0,NORMAL,2.74,0.0145,3.5,2026-07-23T11:14:02.063352,0,NORMAL
24,False,0.2548,0.0,NORMAL,2.69,0.0123,9.8,2026-07-23T11:14:02.071254,0,NORMAL
26,False,0.2335,0.0,WATCH,1.69,0.0159,1.3,2026-07-23T11:14:02.079175,0,NORMAL
26,False,0.2358,0.0,WATCH,2.2,0.0041,1.6,2026-07-23T11:14:02.086965,0,NORMAL
27,False,0.2237,0.0,WATCH,2.25,0.0183,1.7,2026-07-23T11:14:02.094833,0,NORMAL
23,False,0.2636,0.0,NORMAL,2.13,0.0176,4.8,2026-07-23T11:14:02.102830,0,NORMAL
21,False,0.2801,0.0,NORMAL,1.72,0.0137,6.3,2026-07-23T11:14:02.110816,0,NORMAL
25,False,0.2453,0.0,WATCH,1.66,0.0189,7.2,2026-07-23T11:14:02.118716,0,NORMAL
31,False,0.1821,0.0,WATCH,1.99,0.0017,12.7,2026-07-23T11:14:02.126637,0,NORMAL
28,False,0.2173,0.0,WATCH,2.59,0.0074,0.0,2026-07-23T11:14:02.134541,0,NORMAL
23,False,0.2696,0.0,NORMAL,2.27,0.0063,6.8,2026-07-23T11:14:02.142410,0,NORMAL
22,False,0.275,0.0,NORMAL,1.81,0.0136,3.3,2026-07-23T11:14:02.150374,0,NORMAL
24,False,0.2528,0.0,NORMAL,2.39,0.0047,3.2,2026-07-23T11:14:02.158164,0,NORMAL
31,False,0.1893,0.0,WATCH,0.58,0.0138,3.1,2026-07-23T11:14:02.166122,0,NORMAL
26,False,0.2322,0.0,WATCH,2.57,0.0169,2.3,2026-07-23T11:14:02.173958,0,NORMAL
28,False,0.2124,0.0,WATCH,1.13,0.0135,10.1,2026-07-23T11:14:02.181738,0,NORMAL
22,False,0.2774,0.0,NORMAL,1.82,0.0114,7.5,2026-07-23T11:14:02.189601,0,NORMAL
24,False,0.2523,0.0,NORMAL,1.44,0.0051,5.1,2026-07-23T11:14:02.197478,0,NORMAL
27,False,0.2218,0.0,WATCH,1.35,0.0058,9.1,2026-07-23T11:14:02.205481,0,NORMAL
28,False,0.2108,0.0,WATCH,2.58,0.0162,0.5,2026-07-23T11:14:02.213429,0,NORMAL
25,False,0.2446,0.0,WATCH,1.77,0.0139,1.0,2026-07-23T11:14:02.221382,0,NORMAL
26,False,0.2361,0.0,WATCH,2.17,0.0098,0.0,2026-07-23T11:14:02.229388,0,NORMAL
23,False,0.2695,0.0,NORMAL,1.98,0.0079,2.9,2026-07-23T11:14:02.237280,0,NORMAL
29,False,0.2088,0.0,WATCH,2.24,0.0,5.5,2026-07-23T11:14:02.245201,0,NORMAL
23,False,0.264,0.0,NORMAL,2.04,0.0046,5.3,2026-07-23T11:14:02.252998,0,NORMAL
27,False,0.2297,0.0,WATCH,1.36,0.0196,5.4,2026-07-23T11:14:02.260805,0,NORMAL
29,False,0.2039,0.0,WATCH,2.5,0.0036,0.8,2026-07-23T11:14:02.268674,0,NORMAL
22,False,0.2784,0.0,NORMAL,1.75,0.0109,7.4,2026-07-23T11:14:02.276553,0,NORMAL
24,False,0.2528,0.0,NORMAL,1.22,0.015,5.7,2026-07-23T11:14:02.284388,0,NORMAL
25,False,0.2492,0.0,WATCH,1.79,0.0037,7.2,2026-07-23T11:14:02.292289,0,NORMAL
28,False,0.2149,0.0,WATCH,2.75,0.0109,0.0,2026-07-23T11:14:02.300141,0,NORMAL
22,False,0.2761,0.0,NORMAL,2.43,0.0147,5.9,2026-07-23T11:14:02.308384,0,NORMAL
24,False,0.254,0.0,NORMAL,1.83,0.0101,1.4,2026-07-23T11:14:02.316205,0,NORMAL
30,False,0.1951,0.0,WATCH,1.83,0.0243,3.8,2026-07-23T11:14:02.324208,0,NORMAL
27,False,0.2293,0.0,WATCH,1.84,0.0017,6.6,2026-07-23T11:14:02.332222,0,NORMAL
25,False,0.2463,0.0,WATCH,3.04,0.0153,5.3,2026-07-23T11:14:02.340301,0,NORMAL
23,False,0.2689,0.0,NORMAL,2.19,0.0091,2.4,2026-07-23T11:14:02.348304,0,NORMAL
21,False,0.2831,0.0,NORMAL,2.22,0.0139,5.0,2026-07-23T11:14:02.356276,0,NORMAL
26,False,0.2311,0.0,WATCH,2.52,0.0122,0.4,2026-07-23T11:14:02.364321,0,NORMAL
23,False,0.2602,0.0,NORMAL,2.12,0.0063,8.5,2026-07-23T11:14:02.372448,0,NORMAL
21,False,0.2805,0.0,NORMAL,1.87,0.0111,4.4,2026-07-23T11:14:02.380366,0,NORMAL
29,False,0.2018,0.0,WATCH,1.9,0.0007,8.4,2026-07-23T11:14:02.388206,0,NORMAL
22,False,0.2765,0.0,NORMAL,1.96,0.013,3.4,2026-07-23T11:14:02.396060,0,NORMAL
22,False,0.2765,0.0,NORMAL,1.98,0.0115,3.4,2026-07-23T11:14:02.403951,0,NORMAL
23,False,0.2673,0.0,NORMAL,2.36,0.0132,2.7,2026-07-23T11:14:02.411847,0,NORMAL
22,False,0.2709,0.0,NORMAL,2.03,0.0153,7.6,2026-07-23T11:14:02.419648,0,NORMAL
23,False,0.2676,0.0,NORMAL,2.37,0.0118,2.9,2026-07-23T11:14:02.427509,0,NORMAL
21,False,0.2823,0.0,NORMAL,1.96,0.0107,6.9,2026-07-23T11:14:02.435404,0,NORMAL
23,False,0.2653,0.0,NORMAL,2.04,0.0056,3.9,2026-07-23T11:14:02.443382,0,NORMAL
33,False,0.1627,0.0,WATCH,1.0,0.0064,0.0,2026-07-23T11:14:02.451227,0,NORMAL
23,False,0.2613,0.0,NORMAL,2.46,0.0159,3.3,2026-07-23T11:14:02.459182,0,NORMAL
27,False,0.2283,0.0,WATCH,2.17,0.0172,1.5,2026-07-23T11:14:02.466985,0,NORMAL
22,False,0.2763,0.0,NORMAL,2.5,0.0088,5.1,2026-07-23T11:14:02.474796,0,NORMAL
33,False,0.1694,0.0,WATCH,0.55,0.0102,1.4,2026-07-23T11:14:02.482605,0,NORMAL
27,False,0.2221,0.0,WATCH,3.04,0.0055,7.8,2026-07-23T11:14:02.490502,0,NORMAL
22,False,0.2742,0.0,NORMAL,1.93,0.0159,4.7,2026-07-23T11:14:02.498420,0,NORMAL
22,False,0.2756,0.0,NORMAL,2.55,0.0133,4.5,2026-07-23T11:14:02.506298,0,NORMAL
26,False,0.2318,0.0,WATCH,1.48,0.0197,7.0,2026-07-23T11:14:02.514220,0,NORMAL
24,False,0.259,0.0,NORMAL,2.31,0.0056,7.9,2026-07-23T11:14:02.522161,0,NORMAL
23,False,0.2691,0.0,NORMAL,1.47,0.0081,4.9,2026-07-23T11:14:02.530116,0,NORMAL
23,False,0.2683,0.0,NORMAL,1.69,0.0112,2.7,2026-07-23T11:14:02.538054,0,NORMAL
29,False,0.202,0.0,WATCH,2.96,0.0132,0.0,2026-07-23T11:14:02.545909,0,NORMAL
22,False,0.2712,0.0,NORMAL,1.9,0.0089,2.9,2026-07-23T11:14:02.553797,0,NORMAL
23,False,0.2623,0.0,NORMAL,2.11,0.0056,3.1,2026-07-23T11:14:02.561724,0,NORMAL
22,False,0.2757,0.0,NORMAL,2.44,0.0144,5.3,2026-07-23T11:14:02.569649,0,NORMAL
22,False,0.2796,0.0,NORMAL,2.25,0.0136,4.0,2026-07-23T11:14:02.577477,0,NORMAL
23,False,0.2644,0.0,NORMAL,2.08,0.0054,7.1,2026-07-23T11:14:02.585311,0,NORMAL
24,False,0.2549,0.0,NORMAL,2.18,0.0168,3.2,2026-07-23T11:14:02.593252,0,NORMAL
26,False,0.2324,0.0,WATCH,3.2,0.0159,4.8,2026-07-23T11:14:02.601337,0,NORMAL
22,False,0.2703,0.0,NORMAL,1.97,0.0107,8.6,2026-07-23T11:14:02.609252,0,NORMAL
21,False,0.2843,0.0,NORMAL,2.1,0.0104,6.0,2026-07-23T11:14:02.617134,0,NORMAL
22,False,0.2791,0.0,NORMAL,2.53,0.0128,4.8,2026-07-23T11:14:02.624891,0,NORMAL
24,False,0.2523,0.0,NORMAL,2.55,0.0057,3.2,2026-07-23T11:14:02.632690,0,NORMAL
23,False,0.2616,0.0,NORMAL,2.59,0.0102,3.1,2026-07-23T11:14:02.640638,0,NORMAL
30,False,0.1912,0.0,WATCH,2.32,0.0,2.4,2026-07-23T11:14:02.648505,0,NORMAL
24,False,0.2581,0.0,NORMAL,1.43,0.0144,3.4,2026-07-23T11:14:02.656334,0,NORMAL
29,False,0.2083,0.0,WATCH,2.82,0.0022,7.3,2026-07-23T11:14:02.664290,0,NORMAL
25,False,0.2438,0.0,WATCH,1.43,0.0175,4.3,2026-07-23T11:14:02.672171,0,NORMAL
25,False,0.2443,0.0,WATCH,2.15,0.0083,1.0,2026-07-23T11:14:02.680110,0,NORMAL
25,False,0.2444,0.0,WATCH,1.62,0.0089,10.3,2026-07-23T11:14:02.687980,0,NORMAL
22,False,0.277,0.0,NORMAL,1.97,0.0069,6.0,2026-07-23T11:14:02.695777,0,NORMAL
25,False,0.243,0.0,WATCH,2.16,0.0086,0.8,2026-07-23T11:14:02.703577,0,NORMAL
24,False,0.2594,0.0,NORMAL,2.16,0.0171,3.7,2026-07-23T11:14:02.711457,0,NORMAL
28,False,0.2106,0.0,WATCH,2.21,0.0,5.3,2026-07-23T11:14:02.719460,0,NORMAL
26,False,0.2395,0.0,WATCH,2.81,0.0164,10.1,2026-07-23T11:14:02.727330,0,NORMAL
24,False,0.2585,0.0,NORMAL,2.23,0.0117,1.7,2026-07-23T11:14:02.735309,0,NORMAL
25,False,0.2494,0.0,WATCH,1.88,0.004,7.9,2026-07-23T11:14:02.743349,0,NORMAL
25,False,0.2421,0.0,WATCH,2.48,0.0046,9.2,2026-07-23T11:14:02.751302,0,NORMAL
26,False,0.2372,0.0,WATCH,2.59,0.0184,3.1,2026-07-23T11:14:02.759213,0,NORMAL
25,False,0.2456,0.0,WATCH,1.39,0.0053,4.2,2026-07-23T11:14:02.767153,0,NORMAL
26,False,0.2346,0.0,WATCH,2.3,0.0042,1.9,2026-07-23T11:14:02.774883,0,NORMAL
23,False,0.2691,0.0,NORMAL,2.35,0.0157,4.4,2026-07-23T11:14:02.782679,0,NORMAL
21,False,0.2838,0.0,NORMAL,1.85,0.0117,4.9,2026-07-23T11:14:02.790669,0,NORMAL
25,False,0.2469,0.0,WATCH,2.69,0.0053,7.0,2026-07-23T11:14:02.798691,0,NORMAL
22,False,0.2722,0.0,NORMAL,1.92,0.0111,8.3,2026-07-23T11:14:02.808472,0,NORMAL
24,False,0.2563,0.0,NORMAL,2.06,0.0049,2.8,2026-07-23T11:14:02.817713,0,NORMAL
28,False,0.2182,0.0,WATCH,1.91,0.0155,0.0,2026-07-23T11:14:02.826290,0,NORMAL
22,False,0.2768,0.0,NORMAL,2.01,0.0153,4.9,2026-07-23T11:14:02.835130,0,NORMAL
22,False,0.2709,0.0,NORMAL,1.45,0.0127,5.9,2026-07-23T11:14:02.843659,0,NORMAL
23,False,0.2606,0.0,NORMAL,1.28,0.0118,5.7,2026-07-23T11:14:02.851985,0,NORMAL
26,False,0.2311,0.0,WATCH,2.8,0.0188,4.0,2026-07-23T11:14:02.860361,0,NORMAL
22,False,0.2766,0.0,NORMAL,1.58,0.01,5.4,2026-07-23T11:14:02.868794,0,NORMAL
27,False,0.2202,0.0,WATCH,1.5,0.0041,9.5,2026-07-23T11:14:02.877382,0,NORMAL
26,False,0.233,0.0,WATCH,0.92,0.0122,6.1,2026-07-23T11:14:02.885600,0,NORMAL
27,False,0.2226,0.0,WATCH,1.68,0.0204,3.9,2026-07-23T11:14:02.893884,0,NORMAL
26,False,0.2379,0.0,WATCH,1.34,0.0049,3.5,2026-07-23T11:14:02.902205,0,NORMAL
24,False,0.2584,0.0,NORMAL,2.82,0.0082,4.5,2026-07-23T11:14:02.910673,0,NORMAL
24,False,0.2571,0.0,NORMAL,2.5,0.0121,9.9,2026-07-23T11:14:02.919004,0,NORMAL
22,False,0.2768,0.0,NORMAL,1.66,0.0097,4.5,2026-07-23T11:14:02.927313,0,NORMAL
28,False,0.2178,0.0,WATCH,3.13,0.0051,4.9,2026-07-23T11:14:02.935510,0,NORMAL
23,False,0.2629,0.0,NORMAL,2.49,0.0156,3.6,2026-07-23T11:14:02.943750,0,NORMAL
28,False,0.2147,0.0,WATCH,1.84,0.0216,8.3,2026-07-23T11:14:02.952134,0,NORMAL
32,False,0.1752,0.0,WATCH,0.75,0.011,10.9,2026-07-23T11:14:02.960380,0,NORMAL
27,False,0.2202,0.0,WATCH,3.15,0.0055,6.4,2026-07-23T11:14:02.968623,0,NORMAL
28,False,0.2158,0.0,WATCH,1.31,0.0023,5.2,2026-07-23T11:14:02.976887,0,NORMAL
24,False,0.2534,0.0,NORMAL,1.18,0.0113,5.1,2026-07-23T11:14:02.985005,0,NORMAL
28,False,0.2107,0.0,WATCH,2.51,0.0155,0.0,2026-07-23T11:14:02.993255,0,NORMAL
25,False,0.2404,0.0,WATCH,3.22,0.0124,7.2,2026-07-23T11:14:03.001602,0,NORMAL
22,False,0.2717,0.0,NORMAL,2.69,0.01,5.4,2026-07-23T11:14:03.009955,0,NORMAL
22,False,0.274,0.0,NORMAL,2.28,0.0071,6.3,2026-07-23T11:14:03.018256,0,NORMAL
24,False,0.2505,0.0,NORMAL,2.3,0.0045,2.9,2026-07-23T11:14:03.026442,0,NORMAL
22,False,0.2723,0.0,NORMAL,2.43,0.0142,3.8,2026-07-23T11:14:03.034685,0,NORMAL
23,False,0.2684,0.0,NORMAL,2.38,0.0146,3.8,2026-07-23T11:14:03.042789,0,NORMAL
26,False,0.2339,0.0,WATCH,2.14,0.0023,8.1,2026-07-23T11:14:03.051123,0,NORMAL
24,False,0.252,0.0,NORMAL,2.05,0.0179,3.9,2026-07-23T11:14:03.059467,0,NORMAL
25,False,0.241,0.0,WATCH,1.97,0.0129,11.2,2026-07-23T11:14:03.067565,0,NORMAL
24,False,0.2599,0.0,NORMAL,1.62,0.017,6.3,2026-07-23T11:14:03.075630,0,NORMAL
28,False,0.2158,0.0,WATCH,1.86,0.0033,1.2,2026-07-23T11:14:03.083754,0,NORMAL
28,False,0.2128,0.0,WATCH,1.15,0.0032,4.6,2026-07-23T11:14:03.091865,0,NORMAL
22,False,0.2725,0.0,NORMAL,1.95,0.0093,3.0,2026-07-23T11:14:03.099853,0,NORMAL
27,False,0.2231,0.0,WATCH,1.51,0.0125,0.0,2026-07-23T11:14:03.108027,0,NORMAL
27,False,0.2217,0.0,WATCH,1.45,0.019,9.8,2026-07-23T11:14:03.116147,0,NORMAL
22,False,0.2797,0.0,NORMAL,2.09,0.0135,7.1,2026-07-23T11:14:03.124303,0,NORMAL
23,False,0.2676,0.0,NORMAL,2.7,0.0088,6.6,2026-07-23T11:14:03.132478,0,NORMAL
24,False,0.2592,0.0,NORMAL,2.46,0.0049,5.5,2026-07-23T11:14:03.140871,0,NORMAL
30,False,0.1924,0.0,WATCH,1.21,0.0162,0.9,2026-07-23T11:14:03.149001,0,NORMAL
24,False,0.2509,0.0,NORMAL,1.51,0.0052,3.5,2026-07-23T11:14:03.157146,0,NORMAL
24,False,0.2523,0.0,NORMAL,2.47,0.0181,7.5,2026-07-23T11:14:03.165274,0,NORMAL
25,False,0.2462,0.0,WATCH,1.51,0.0086,1.8,2026-07-23T11:14:03.173473,0,NORMAL
30,False,0.1998,0.0,WATCH,1.89,0.018,0.0,2026-07-23T11:14:03.181670,0,NORMAL
21,False,0.2827,0.0,NORMAL,2.28,0.0134,4.3,2026-07-23T11:14:03.189786,0,NORMAL
22,False,0.2747,0.0,NORMAL,1.52,0.0093,4.6,2026-07-23T11:14:03.197905,0,NORMAL
22,False,0.2789,0.0,NORMAL,2.05,0.0074,5.4,2026-07-23T11:14:03.206066,0,NORMAL
24,False,0.2522,0.0,NORMAL,1.33,0.0083,7.2,2026-07-23T11:14:03.214381,0,NORMAL
22,False,0.2753,0.0,NORMAL,1.7,0.0121,6.9,2026-07-23T11:14:03.222513,0,NORMAL
21,False,0.2837,0.0,NORMAL,2.16,0.0104,5.8,2026-07-23T11:14:03.230639,0,NORMAL
27,False,0.2238,0.0,WATCH,1.2,0.007,8.6,2026-07-23T11:14:03.238787,0,NORMAL
25,False,0.2404,0.0,WATCH,2.22,0.0092,0.4,2026-07-23T11:14:03.246936,0,NORMAL
21,False,0.2834,0.0,NORMAL,1.99,0.0104,6.5,2026-07-23T11:14:03.255093,0,NORMAL
29,False,0.2044,0.0,WATCH,2.28,0.0,6.9,2026-07-23T11:14:03.269342,0,NORMAL
24,False,0.2571,0.0,NORMAL,2.11,0.0123,1.3,2026-07-23T11:14:03.284134,0,NORMAL
30,False,0.1988,0.0,WATCH,2.68,0.0051,0.5,2026-07-23T11:14:03.292560,0,NORMAL
24,False,0.2537,0.0,NORMAL,2.06,0.0042,2.8,2026-07-23T11:14:03.300863,0,NORMAL
28,False,0.2133,0.0,WATCH,1.79,0.0016,3.0,2026-07-23T11:14:03.309108,0,NORMAL
28,False,0.2134,0.0,WATCH,2.06,0.001,7.3,2026-07-23T11:14:03.317222,0,NORMAL
25,False,0.244,0.0,WATCH,2.27,0.0032,3.2,2026-07-23T11:14:03.325152,0,NORMAL
24,False,0.2572,0.0,NORMAL,2.02,0.0065,2.4,2026-07-23T11:14:03.333149,0,NORMAL
27,False,0.2279,0.0,WATCH,2.02,0.0198,3.2,2026-07-23T11:14:03.341199,0,NORMAL
24,False,0.2568,0.0,NORMAL,1.65,0.0074,8.4,2026-07-23T11:14:03.349267,0,NORMAL
21,False,0.2805,0.0,NORMAL,1.67,0.0109,5.0,2026-07-23T11:14:03.357284,0,NORMAL
24,False,0.2576,0.0,NORMAL,1.3,0.012,4.5,2026-07-23T11:14:03.365257,0,NORMAL
23,False,0.2608,0.0,NORMAL,2.87,0.0107,4.7,2026-07-23T11:14:03.373152,0,NORMAL
26,False,0.2374,0.0,WATCH,1.38,0.0096,8.9,2026-07-23T11:14:03.381083,0,NORMAL
25,False,0.2418,0.0,WATCH,1.65,0.004,2.8,2026-07-23T11:14:03.388958,0,NORMAL
25,False,0.247,0.0,WATCH,1.64,0.0173,8.9,2026-07-23T11:14:03.396811,0,NORMAL
25,False,0.2486,0.0,WATCH,2.45,0.019,5.6,2026-07-23T11:14:03.404909,0,NORMAL
27,False,0.2292,0.0,WATCH,1.85,0.0016,4.5,2026-07-23T11:14:03.412860,0,NORMAL
28,False,0.2112,0.0,WATCH,2.62,0.0049,12.5,2026-07-23T11:14:03.420774,0,NORMAL
24,False,0.2527,0.0,NORMAL,1.66,0.0086,1.8,2026-07-23T11:14:03.428594,0,NORMAL
23,False,0.2644,0.0,NORMAL,2.14,0.0052,3.9,2026-07-23T11:14:03.436606,0,NORMAL
24,False,0.2513,0.0,NORMAL,1.58,0.0125,1.3,2026-07-23T11:14:03.444577,0,NORMAL
27,False,0.2268,0.0,WATCH,3.07,0.0064,7.9,2026-07-23T11:14:03.452526,0,NORMAL
30,False,0.1977,0.0,WATCH,1.41,0.0208,10.1,2026-07-23T11:14:03.460399,0,NORMAL
24,False,0.2564,0.0,NORMAL,2.15,0.016,10.0,2026-07-23T11:14:03.468306,0,NORMAL
23,False,0.2689,0.0,NORMAL,2.32,0.0111,8.7,2026-07-23T11:14:03.476207,0,NORMAL
22,False,0.2766,0.0,NORMAL,2.21,0.0151,4.4,2026-07-23T11:14:03.484167,0,NORMAL
23,False,0.2695,0.0,NORMAL,1.91,0.0155,3.9,2026-07-23T11:14:03.492180,0,NORMAL
27,False,0.2293,0.0,WATCH,1.94,0.0072,0.0,2026-07-23T11:14:03.499988,0,NORMAL
26,False,0.2327,0.0,WATCH,2.02,0.0059,11.1,2026-07-23T11:14:03.507785,0,NORMAL
21,False,0.2833,0.0,NORMAL,1.93,0.0104,6.4,2026-07-23T11:14:03.515553,0,NORMAL
23,False,0.2687,0.0,NORMAL,2.48,0.0143,3.5,2026-07-23T11:14:03.523378,0,NORMAL
26,False,0.2339,0.0,WATCH,3.11,0.0107,9.0,2026-07-23T11:14:03.531375,0,NORMAL
29,False,0.2072,0.0,WATCH,1.72,0.0021,2.1,2026-07-23T11:14:03.539221,0,NORMAL
24,False,0.2529,0.0,NORMAL,1.32,0.006,6.2,2026-07-23T11:14:03.547141,0,NORMAL
21,False,0.2845,0.0,NORMAL,1.96,0.0096,4.5,2026-07-23T11:14:03.555251,0,NORMAL
27,False,0.229,0.0,WATCH,3.29,0.0096,6.9,2026-07-23T11:14:03.563243,0,NORMAL
26,False,0.238,0.0,WATCH,1.6,0.0199,4.8,2026-07-23T11:14:03.571202,0,NORMAL
32,False,0.177,0.0,WATCH,2.82,0.0031,0.6,2026-07-23T11:14:03.579484,0,NORMAL
23,False,0.2648,0.0,NORMAL,2.84,0.0125,5.2,2026-07-23T11:14:03.590547,0,NORMAL
24,False,0.2528,0.0,NORMAL,1.72,0.0174,8.1,2026-07-23T11:14:03.608451,0,NORMAL
27,False,0.2228,0.0,WATCH,2.28,0.0214,4.9,2026-07-23T11:14:03.618545,0,NORMAL
24,False,0.2543,0.0,NORMAL,2.81,0.008,7.3,2026-07-23T11:14:03.626659,0,NORMAL
23,False,0.2608,0.0,NORMAL,1.81,0.0125,1.9,2026-07-23T11:14:03.634668,0,NORMAL
21,False,0.2829,0.0,NORMAL,1.9,0.0128,4.9,2026-07-23T11:14:03.642690,0,NORMAL
23,False,0.2671,0.0,NORMAL,1.71,0.011,3.1,2026-07-23T11:14:03.650602,0,NORMAL
23,False,0.2631,0.0,NORMAL,1.49,0.0095,7.2,2026-07-23T11:14:03.658582,0,NORMAL
22,False,0.2773,0.0,NORMAL,1.68,0.0122,5.1,2026-07-23T11:14:03.666629,0,NORMAL
31,False,0.1857,0.0,WATCH,1.39,0.0,7.1,2026-07-23T11:14:03.674590,0,NORMAL
22,False,0.2713,0.0,NORMAL,2.02,0.0134,8.3,2026-07-23T11:14:03.682540,0,NORMAL
22,False,0.2711,0.0,NORMAL,1.62,0.0106,7.1,2026-07-23T11:14:03.690451,0,NORMAL
21,False,0.282,0.0,NORMAL,2.12,0.0089,5.8,2026-07-23T11:14:03.698404,0,NORMAL
31,False,0.182,0.0,WATCH,1.22,0.0202,2.0,2026-07-23T11:14:03.706363,0,NORMAL
22,False,0.2757,0.0,NORMAL,2.17,0.0066,5.0,2026-07-23T11:14:03.714235,0,NORMAL
23,False,0.2686,0.0,NORMAL,2.42,0.008,3.4,2026-07-23T11:14:03.722209,0,NORMAL
31,False,0.1851,0.0,WATCH,1.0,0.02,4.0,2026-07-23T11:14:03.730240,0,NORMAL
23,False,0.2684,0.0,NORMAL,2.19,0.0058,3.9,2026-07-23T11:14:03.738255,0,NORMAL
25,False,0.2432,0.0,WATCH,2.61,0.0072,2.1,2026-07-23T11:14:03.746164,0,NORMAL
28,False,0.2108,0.0,WATCH,1.4,0.0093,0.0,2026-07-23T11:14:03.754037,0,NORMAL
25,False,0.2453,0.0,WATCH,2.84,0.0142,3.0,2026-07-23T11:14:03.761918,0,NORMAL
21,False,0.2843,0.0,NORMAL,2.21,0.011,5.6,2026-07-23T11:14:03.769837,0,NORMAL
28,False,0.2116,0.0,WATCH,1.65,0.0035,1.0,2026-07-23T11:14:03.777765,0,NORMAL
22,False,0.2794,0.0,NORMAL,1.97,0.0073,5.0,2026-07-23T11:14:03.785685,0,NORMAL
25,False,0.2435,0.0,WATCH,2.28,0.007,10.7,2026-07-23T11:14:03.793668,0,NORMAL
22,False,0.2728,0.0,NORMAL,2.04,0.0096,8.1,2026-07-23T11:14:03.801421,0,NORMAL
23,False,0.2619,0.0,NORMAL,2.27,0.0121,9.9,2026-07-23T11:14:03.809338,0,NORMAL
22,False,0.2751,0.0,NORMAL,1.54,0.0121,6.2,2026-07-23T11:14:03.817308,0,NORMAL
28,False,0.2105,0.0,WATCH,2.08,0.0011,8.5,2026-07-23T11:14:03.825331,0,NORMAL
26,False,0.2364,0.0,WATCH,1.29,0.0153,2.8,2026-07-23T11:14:03.833289,0,NORMAL
22,False,0.2728,0.0,NORMAL,1.94,0.0113,3.1,2026-07-23T11:14:03.841506,0,NORMAL
30,False,0.195,0.0,WATCH,1.55,0.0169,0.0,2026-07-23T11:14:03.849453,0,NORMAL
23,False,0.2605,0.0,NORMAL,1.63,0.0122,8.6,2026-07-23T11:14:03.857345,0,NORMAL
24,False,0.2531,0.0,NORMAL,2.62,0.0155,9.6,2026-07-23T11:14:03.865264,0,NORMAL
23,False,0.2693,0.0,NORMAL,2.55,0.0123,3.3,2026-07-23T11:14:03.873194,0,NORMAL
23,False,0.2635,0.0,NORMAL,2.3,0.0167,4.2,2026-07-23T11:14:03.881257,0,NORMAL
24,False,0.2599,0.0,NORMAL,1.45,0.0126,2.7,2026-07-23T11:14:03.889200,0,NORMAL
21,False,0.2832,0.0,NORMAL,1.84,0.0095,6.1,2026-07-23T11:14:03.897101,0,NORMAL
28,False,0.2195,0.0,WATCH,2.61,0.0214,8.4,2026-07-23T11:14:03.905056,0,NORMAL
27,False,0.2259,0.0,WATCH,2.07,0.0144,0.0,2026-07-23T11:14:03.912859,0,NORMAL
25,False,0.2429,0.0,WATCH,3.16,0.0129,6.2,2026-07-23T11:14:03.920799,0,NORMAL
24,False,0.256,0.0,NORMAL,2.2,0.0036,4.2,2026-07-23T11:14:03.928871,0,NORMAL
24,False,0.2571,0.0,NORMAL,2.1,0.0036,5.3,2026-07-23T11:14:03.936826,0,NORMAL
21,False,0.2836,0.0,NORMAL,1.85,0.0115,6.4,2026-07-23T11:14:03.944779,0,NORMAL
21,False,0.2828,0.0,NORMAL,2.07,0.0107,4.4,2026-07-23T11:14:03.952595,0,NORMAL
22,False,0.2762,0.0,NORMAL,1.92,0.0069,4.7,2026-07-23T11:14:03.960456,0,NORMAL
22,False,0.2788,0.0,NORMAL,2.35,0.0107,4.4,2026-07-23T11:14:03.968451,0,NORMAL
24,False,0.2535,0.0,NORMAL,2.48,0.0179,7.9,2026-07-23T11:14:03.976518,0,NORMAL
22,False,0.2765,0.0,NORMAL,1.61,0.0135,6.3,2026-07-23T11:14:03.984451,0,NORMAL
25,False,0.2432,0.0,WATCH,1.33,0.0043,5.7,2026-07-23T11:14:03.992318,0,NORMAL
29,False,0.2072,0.0,WATCH,1.08,0.0094,1.2,2026-07-23T11:14:04.000199,0,NORMAL
23,False,0.2676,0.0,NORMAL,2.25,0.006,3.9,2026-07-23T11:14:04.008020,0,NORMAL
24,False,0.2511,0.0,NORMAL,1.45,0.0081,7.7,2026-07-23T11:14:04.015926,0,NORMAL
27,False,0.2256,0.0,WATCH,0.92,0.0079,5.1,2026-07-23T11:14:04.023765,0,NORMAL
22,False,0.2736,0.0,NORMAL,2.19,0.0076,7.0,2026-07-23T11:14:04.031813,0,NORMAL
31,False,0.1863,0.0,WATCH,3.25,0.0037,10.3,2026-07-23T11:14:04.039710,0,NORMAL
22,False,0.2703,0.0,NORMAL,2.0,0.0094,8.1,2026-07-23T11:14:04.047704,0,NORMAL
22,False,0.2734,0.0,NORMAL,2.42,0.0072,5.3,2026-07-23T11:14:04.055645,0,NORMAL
29,False,0.2028,0.0,WATCH,2.04,0.0,3.5,2026-07-23T11:14:04.063534,0,NORMAL
31,False,0.1807,0.0,WATCH,1.95,0.0203,0.0,2026-07-23T11:14:04.071408,0,NORMAL
23,False,0.2693,0.0,NORMAL,2.46,0.0154,4.5,2026-07-23T11:14:04.079270,0,NORMAL
22,False,0.2746,0.0,NORMAL,1.85,0.0081,4.0,2026-07-23T11:14:04.087228,0,NORMAL
21,False,0.2833,0.0,NORMAL,2.13,0.0101,6.2,2026-07-23T11:14:04.095186,0,NORMAL
23,False,0.265,0.0,NORMAL,2.16,0.0041,4.5,2026-07-23T11:14:04.103046,0,NORMAL
25,False,0.2468,0.0,WATCH,1.67,0.0185,4.0,2026-07-23T11:14:04.110963,0,NORMAL
31,False,0.1809,0.0,WATCH,2.5,0.0195,0.0,2026-07-23T11:14:04.118774,0,NORMAL
23,False,0.2666,0.0,NORMAL,1.91,0.0108,2.2,2026-07-23T11:14:04.126701,0,NORMAL
22,False,0.2706,0.0,NORMAL,1.62,0.0151,6.4,2026-07-23T11:14:04.134714,0,NORMAL
24,False,0.2589,0.0,NORMAL,2.27,0.0109,10.1,2026-07-23T11:14:04.142790,0,NORMAL
25,False,0.244,0.0,WATCH,1.55,0.0033,4.7,2026-07-23T11:14:04.150702,0,NORMAL
22,False,0.2789,0.0,NORMAL,2.01,0.0079,6.0,2026-07-23T11:14:04.158781,0,NORMAL
22,False,0.2746,0.0,NORMAL,2.0,0.0107,7.9,2026-07-23T11:14:04.166536,0,NORMAL
24,False,0.2582,0.0,NORMAL,2.54,0.0077,2.6,2026-07-23T11:14:04.174395,0,NORMAL
21,False,0.2824,0.0,NORMAL,2.24,0.0089,6.1,2026-07-23T11:14:04.182254,0,NORMAL
22,False,0.2739,0.0,NORMAL,1.99,0.0095,2.8,2026-07-23T11:14:04.190228,0,NORMAL
22,False,0.2706,0.0,NORMAL,2.41,0.0096,7.6,2026-07-23T11:14:04.198209,0,NORMAL
22,False,0.2708,0.0,NORMAL,2.7,0.0103,5.5,2026-07-23T11:14:04.206087,0,NORMAL
23,False,0.2638,0.0,NORMAL,2.28,0.0047,5.9,2026-07-23T11:14:04.213963,0,NORMAL
23,False,0.2614,0.0,NORMAL,2.01,0.0064,2.7,2026-07-23T11:14:04.222008,0,NORMAL
27,False,0.2295,0.0,WATCH,1.34,0.0036,7.1,2026-07-23T11:14:04.229914,0,NORMAL
27,False,0.2239,0.0,WATCH,1.47,0.0149,11.3,2026-07-23T11:14:04.237787,0,NORMAL
32,False,0.1784,0.0,WATCH,1.85,0.0,2.0,2026-07-23T11:14:04.245642,0,NORMAL
23,False,0.2643,0.0,NORMAL,1.7,0.0158,4.0,2026-07-23T11:14:04.253544,0,NORMAL
23,False,0.2642,0.0,NORMAL,1.91,0.0169,5.7,2026-07-23T11:14:04.261460,0,NORMAL
22,False,0.2726,0.0,NORMAL,2.03,0.0085,7.4,2026-07-23T11:14:04.269318,0,NORMAL
29,False,0.2007,0.0,WATCH,2.26,0.0,3.3,2026-07-23T11:14:04.277282,0,NORMAL
26,False,0.2345,0.0,WATCH,1.96,0.0082,0.0,2026-07-23T11:14:04.285024,0,NORMAL
23,False,0.2671,0.0,NORMAL,2.24,0.0097,9.1,2026-07-23T11:14:04.292982,0,NORMAL
24,False,0.2597,0.0,NORMAL,2.03,0.0049,7.3,2026-07-23T11:14:04.300869,0,NORMAL
33,False,0.1683,0.0,WATCH,1.01,0.0074,0.0,2026-07-23T11:14:04.308794,0,NORMAL
26,False,0.2392,0.0,WATCH,1.53,0.0177,3.2,2026-07-23T11:14:04.316861,0,NORMAL
24,False,0.2595,0.0,NORMAL,1.93,0.0133,9.7,2026-07-23T11:14:04.324693,0,NORMAL
27,False,0.2224,0.0,WATCH,1.4,0.0054,9.3,2026-07-23T11:14:04.332694,0,NORMAL
27,False,0.2293,0.0,WATCH,2.3,0.002,7.8,2026-07-23T11:14:04.340694,0,NORMAL
23,False,0.2628,0.0,NORMAL,2.77,0.0084,4.5,2026-07-23T11:14:04.348644,0,NORMAL
22,False,0.2737,0.0,NORMAL,2.61,0.0089,5.2,2026-07-23T11:14:04.356526,0,NORMAL
21,False,0.2829,0.0,NORMAL,1.89,0.0125,4.6,2026-07-23T11:14:04.364458,0,NORMAL
24,False,0.2514,0.0,NORMAL,2.75,0.0073,8.4,2026-07-23T11:14:04.372390,0,NORMAL
23,False,0.2693,0.0,NORMAL,2.07,0.0126,2.4,2026-07-23T11:14:04.380299,0,NORMAL
27,False,0.2244,0.0,WATCH,1.83,0.0197,2.6,2026-07-23T11:14:04.388332,0,NORMAL
23,False,0.2669,0.0,NORMAL,1.69,0.0141,8.0,2026-07-23T11:14:04.396310,0,NORMAL
21,False,0.2841,0.0,NORMAL,1.85,0.0098,4.9,2026-07-23T11:14:04.404289,0,NORMAL
23,False,0.2608,0.0,NORMAL,1.81,0.0091,9.1,2026-07-23T11:14:04.412311,0,NORMAL
23,False,0.2695,0.0,NORMAL,2.09,0.0082,3.0,2026-07-23T11:14:04.420227,0,NORMAL
22,False,0.275,0.0,NORMAL,2.08,0.0159,4.8,2026-07-23T11:14:04.428072,0,NORMAL
24,False,0.2563,0.0,NORMAL,2.0,0.0069,2.2,2026-07-23T11:14:04.436261,0,NORMAL
21,False,0.2845,0.0,NORMAL,2.22,0.0102,5.0,2026-07-23T11:14:04.444032,0,NORMAL
27,False,0.2278,0.0,WATCH,2.6,0.0103,0.6,2026-07-23T11:14:04.451851,0,NORMAL
23,False,0.2668,0.0,NORMAL,2.47,0.0075,3.5,2026-07-23T11:14:04.459850,0,NORMAL
32,False,0.1771,0.0,WATCH,1.26,0.0031,0.7,2026-07-23T11:14:04.468026,0,NORMAL
29,False,0.2041,0.0,WATCH,0.72,0.0116,7.1,2026-07-23T11:14:04.475848,0,NORMAL
22,False,0.2734,0.0,NORMAL,2.47,0.0097,7.1,2026-07-23T11:14:04.483654,0,NORMAL
29,False,0.2035,0.0,WATCH,1.32,0.0125,0.0,2026-07-23T11:14:04.491468,0,NORMAL
24,False,0.2561,0.0,NORMAL,1.89,0.0073,9.0,2026-07-23T11:14:04.499338,0,NORMAL
29,False,0.2001,0.0,WATCH,1.41,0.0161,12.5,2026-07-23T11:14:04.507311,0,NORMAL
26,False,0.2322,0.0,WATCH,1.1,0.0056,5.1,2026-07-23T11:14:04.515197,0,NORMAL
25,False,0.2403,0.0,WATCH,2.27,0.0186,3.1,2026-07-23T11:14:04.523118,0,NORMAL
33,False,0.1608,0.0,WATCH,2.38,0.0013,13.5,2026-07-23T11:14:04.531133,0,NORMAL
25,False,0.2447,0.0,WATCH,1.71,0.0122,1.0,2026-07-23T11:14:04.539112,0,NORMAL
29,False,0.2077,0.0,WATCH,0.7,0.0124,5.1,2026-07-23T11:14:04.546965,0,NORMAL
22,False,0.27,0.0,NORMAL,1.73,0.006,5.5,2026-07-23T11:14:04.554843,0,NORMAL
23,False,0.2665,0.0,NORMAL,2.2,0.0121,9.0,2026-07-23T11:14:04.562781,0,NORMAL
25,False,0.2444,0.0,WATCH,1.26,0.0164,6.1,2026-07-23T11:14:04.570855,0,NORMAL
29,False,0.2034,0.0,WATCH,2.09,0.0,3.5,2026-07-23T11:14:04.578832,0,NORMAL
23,False,0.2674,0.0,NORMAL,1.99,0.0125,2.1,2026-07-23T11:14:04.586632,0,NORMAL
29,False,0.2041,0.0,WATCH,2.29,0.0,4.0,2026-07-23T11:14:04.594631,0,NORMAL
25,False,0.2468,0.0,WATCH,2.06,0.0052,2.0,2026-07-23T11:14:04.602639,0,NORMAL
24,False,0.2517,0.0,NORMAL,1.51,0.0181,5.1,2026-07-23T11:14:04.610575,0,NORMAL
24,False,0.2593,0.0,NORMAL,2.6,0.0071,3.3,2026-07-23T11:14:04.618367,0,NORMAL
28,False,0.2159,0.0,WATCH,1.92,0.0041,0.5,2026-07-23T11:14:04.626248,0,NORMAL
23,False,0.2617,0.0,NORMAL,1.99,0.009,8.8,2026-07-23T11:14:04.634111,0,NORMAL
27,False,0.2213,0.0,WATCH,1.53,0.0203,3.5,2026-07-23T11:14:04.642030,0,NORMAL
32,False,0.1716,0.0,WATCH,1.78,0.0008,1.2,2026-07-23T11:14:04.650052,0,NORMAL
24,False,0.2564,0.0,NORMAL,1.56,0.0047,4.5,2026-07-23T11:14:04.657907,0,NORMAL
23,False,0.264,0.0,NORMAL,1.91,0.0175,5.2,2026-07-23T11:14:04.665716,0,NORMAL
33,False,0.164,0.0,WATCH,2.86,0.0193,0.0,2026-07-23T11:14:04.673531,0,NORMAL
23,False,0.264,0.0,NORMAL,1.31,0.0095,6.0,2026-07-23T11:14:04.681371,0,NORMAL
30,False,0.192,0.0,WATCH,1.19,0.0038,1.9,2026-07-23T11:14:04.689291,0,NORMAL
27,False,0.2226,0.0,WATCH,2.74,0.0205,10.1,2026-07-23T11:14:04.697335,0,NORMAL
24,False,0.26,0.0,NORMAL,1.9,0.018,6.6,2026-07-23T11:14:04.705471,0,NORMAL
22,False,0.2733,0.0,NORMAL,1.67,0.0134,3.8,2026-07-23T11:14:04.713378,0,NORMAL
24,False,0.2547,0.0,NORMAL,2.52,0.0059,2.8,2026-07-23T11:14:04.721291,0,NORMAL
22,False,0.2793,0.0,NORMAL,1.7,0.0098,4.7,2026-07-23T11:14:04.729102,0,NORMAL
24,False,0.2545,0.0,NORMAL,2.91,0.0092,6.8,2026-07-23T11:14:04.737175,0,NORMAL
21,False,0.2811,0.0,NORMAL,2.34,0.0117,4.9,2026-07-23T11:14:04.745139,0,NORMAL
24,False,0.2588,0.0,NORMAL,1.76,0.0173,4.3,2026-07-23T11:14:04.753038,0,NORMAL
25,False,0.2445,0.0,WATCH,3.08,0.0144,5.2,2026-07-23T11:14:04.760976,0,NORMAL
25,False,0.2475,0.0,WATCH,1.7,0.0046,3.2,2026-07-23T11:14:04.768883,0,NORMAL
24,False,0.2566,0.0,NORMAL,2.37,0.0169,4.0,2026-07-23T11:14:04.776788,0,NORMAL
26,False,0.2359,0.0,WATCH,2.15,0.0116,0.0,2026-07-23T11:14:04.784730,0,NORMAL
23,False,0.2681,0.0,NORMAL,2.65,0.0134,7.9,2026-07-23T11:14:04.792729,0,NORMAL
25,False,0.2467,0.0,WATCH,2.78,0.0173,5.9,2026-07-23T11:14:04.800542,0,NORMAL
25,False,0.2494,0.0,WATCH,2.02,0.0044,2.7,2026-07-23T11:14:04.808326,0,NORMAL
25,False,0.2416,0.0,WATCH,1.62,0.0098,10.7,2026-07-23T11:14:04.816183,0,NORMAL
21,False,0.2808,0.0,NORMAL,2.23,0.0073,5.3,2026-07-23T11:14:04.824058,0,NORMAL
29,False,0.2009,0.0,WATCH,1.66,0.0022,1.9,2026-07-23T11:14:04.832055,0,NORMAL
24,False,0.2503,0.0,NORMAL,3.01,0.0117,7.6,2026-07-23T11:14:04.840109,0,NORMAL
28,False,0.2162,0.0,WATCH,2.07,0.0226,6.2,2026-07-23T11:14:04.848089,0,NORMAL
28,False,0.2119,0.0,WATCH,1.82,0.0008,6.2,2026-07-23T11:14:04.856008,0,NORMAL
22,False,0.2782,0.0,NORMAL,2.09,0.0098,3.7,2026-07-23T11:14:04.864076,0,NORMAL
23,False,0.2629,0.0,NORMAL,1.33,0.0132,6.4,2026-07-23T11:14:04.872196,0,NORMAL
22,False,0.2725,0.0,NORMAL,1.51,0.0106,4.2,2026-07-23T11:14:04.880113,0,NORMAL
22,False,0.2711,0.0,NORMAL,2.6,0.0094,6.7,2026-07-23T11:14:04.887984,0,NORMAL
30,False,0.1966,0.0,WATCH,1.67,0.0035,0.0,2026-07-23T11:14:04.895861,0,NORMAL
23,False,0.2684,0.0,NORMAL,1.48,0.0112,3.7,2026-07-23T11:14:04.903812,0,NORMAL
25,False,0.2481,0.0,WATCH,2.27,0.0062,10.2,2026-07-23T11:14:04.911784,0,NORMAL
31,False,0.1813,0.0,WATCH,2.59,0.0,2.7,2026-07-23T11:14:04.919690,0,NORMAL
23,False,0.2601,0.0,NORMAL,2.36,0.016,3.2,2026-07-23T11:14:04.927737,0,NORMAL
23,False,0.2682,0.0,NORMAL,2.5,0.0148,3.7,2026-07-23T11:14:04.935582,0,NORMAL
25,False,0.2497,0.0,WATCH,1.62,0.0103,1.4,2026-07-23T11:14:04.943472,0,NORMAL
29,False,0.2028,0.0,WATCH,1.29,0.0111,0.0,2026-07-23T11:14:04.951369,0,NORMAL
23,False,0.26,0.0,NORMAL,2.75,0.0154,4.3,2026-07-23T11:14:04.959312,0,NORMAL
21,False,0.285,0.0,NORMAL,1.84,0.0111,5.4,2026-07-23T11:14:04.967093,0,NORMAL
22,False,0.2773,0.0,NORMAL,1.87,0.0145,4.8,2026-07-23T11:14:04.974978,0,NORMAL
23,False,0.2674,0.0,NORMAL,2.66,0.0085,4.6,2026-07-23T11:14:04.982961,0,NORMAL
23,False,0.2693,0.0,NORMAL,2.28,0.0166,5.1,2026-07-23T11:14:04.991035,0,NORMAL
22,False,0.2741,0.0,NORMAL,2.23,0.0116,8.1,2026-07-23T11:14:04.999030,0,NORMAL
25,False,0.2431,0.0,WATCH,3.08,0.011,4.4,2026-07-23T11:14:05.007015,0,NORMAL
25,False,0.241,0.0,WATCH,1.68,0.0036,3.3,2026-07-23T11:14:05.014856,0,NORMAL
22,False,0.2747,0.0,NORMAL,2.46,0.0114,4.2,2026-07-23T11:14:05.022746,0,NORMAL
23,False,0.2675,0.0,NORMAL,2.03,0.0058,6.7,2026-07-23T11:14:05.030733,0,NORMAL
24,False,0.2574,0.0,NORMAL,2.13,0.0068,9.2,2026-07-23T11:14:05.038672,0,NORMAL
25,False,0.2423,0.0,WATCH,2.76,0.0059,3.1,2026-07-23T11:14:05.046621,0,NORMAL
23,False,0.2646,0.0,NORMAL,2.25,0.0047,5.3,2026-07-23T11:14:05.054526,0,NORMAL
26,False,0.2369,0.0,WATCH,2.27,0.0206,6.0,2026-07-23T11:14:05.062449,0,NORMAL
26,False,0.2333,0.0,WATCH,2.54,0.0167,2.0,2026-07-23T11:14:05.070363,0,NORMAL
25,False,0.2434,0.0,WATCH,1.82,0.0196,5.1,2026-07-23T11:14:05.078368,0,NORMAL
29,False,0.206,0.0,WATCH,1.58,0.0039,0.6,2026-07-23T11:14:05.086380,0,NORMAL
28,False,0.2198,0.0,WATCH,1.48,0.0104,0.0,2026-07-23T11:14:05.094311,0,NORMAL
29,False,0.204,0.0,WATCH,1.02,0.0035,6.1,2026-07-23T11:14:05.102150,0,NORMAL
26,False,0.2309,0.0,WATCH,3.03,0.0065,3.8,2026-07-23T11:14:05.110064,0,NORMAL
24,False,0.2545,0.0,NORMAL,1.45,0.0054,5.6,2026-07-23T11:14:05.117925,0,NORMAL
22,False,0.2712,0.0,NORMAL,1.89,0.0162,4.9,2026-07-23T11:14:05.125834,0,NORMAL
24,False,0.2585,0.0,NORMAL,1.86,0.008,2.1,2026-07-23T11:14:05.133917,0,NORMAL
22,False,0.2767,0.0,NORMAL,2.15,0.0153,4.9,2026-07-23T11:14:05.141765,0,NORMAL
24,False,0.2515,0.0,NORMAL,2.41,0.013,1.3,2026-07-23T11:14:05.149564,0,NORMAL
28,False,0.2178,0.0,WATCH,2.43,0.0215,9.2,2026-07-23T11:14:05.157485,0,NORMAL
30,False,0.1946,0.0,WATCH,1.71,0.0026,0.9,2026-07-23T11:14:05.165489,0,NORMAL
23,False,0.2663,0.0,NORMAL,1.92,0.0163,4.4,2026-07-23T11:14:05.173489,0,NORMAL
25,False,0.2494,0.0,WATCH,2.14,0.0157,1.9,2026-07-23T11:14:05.181607,0,NORMAL
23,False,0.2619,0.0,NORMAL,1.88,0.0051,6.7,2026-07-23T11:14:05.189543,0,NORMAL
24,False,0.257,0.0,NORMAL,2.8,0.015,4.0,2026-07-23T11:14:05.197369,0,NORMAL
22,False,0.2748,0.0,NORMAL,2.25,0.0117,3.4,2026-07-23T11:14:05.205371,0,NORMAL
23,False,0.2685,0.0,NORMAL,2.37,0.0089,7.6,2026-07-23T11:14:05.213255,0,NORMAL
23,False,0.2699,0.0,NORMAL,2.33,0.0059,5.1,2026-07-23T11:14:05.221262,0,NORMAL
23,False,0.2604,0.0,NORMAL,2.59,0.0064,6.5,2026-07-23T11:14:05.229230,0,NORMAL
28,False,0.2133,0.0,WATCH,2.09,0.0202,2.1,2026-07-23T11:14:05.237054,0,NORMAL
27,False,0.2221,0.0,WATCH,1.35,0.01,0.8,2026-07-23T11:14:05.244911,0,NORMAL
21,False,0.2843,0.0,NORMAL,2.2,0.0139,5.3,2026-07-23T11:14:05.252837,0,NORMAL
23,False,0.2645,0.0,NORMAL,1.67,0.006,4.0,2026-07-23T11:14:05.260792,0,NORMAL
23,False,0.2652,0.0,NORMAL,1.74,0.0061,6.9,2026-07-23T11:14:05.268585,0,NORMAL
22,False,0.2756,0.0,NORMAL,2.29,0.0154,4.8,2026-07-23T11:14:05.276485,0,NORMAL
26,False,0.2389,0.0,WATCH,2.62,0.0033,5.6,2026-07-23T11:14:05.284354,0,NORMAL
26,False,0.2336,0.0,WATCH,2.01,0.0079,0.1,2026-07-23T11:14:05.292154,0,NORMAL
24,False,0.2532,0.0,NORMAL,2.15,0.0102,10.7,2026-07-23T11:14:05.300020,0,NORMAL
24,False,0.2583,0.0,NORMAL,2.85,0.0106,4.5,2026-07-23T11:14:05.308023,0,NORMAL
22,False,0.277,0.0,NORMAL,2.12,0.0091,7.1,2026-07-23T11:14:05.315863,0,NORMAL
28,False,0.2134,0.0,WATCH,3.3,0.012,2.5,2026-07-23T11:14:05.323909,0,NORMAL
21,False,0.2825,0.0,NORMAL,2.28,0.0135,5.9,2026-07-23T11:14:05.332068,0,NORMAL
29,False,0.2057,0.0,WATCH,1.12,0.0137,1.1,2026-07-23T11:14:05.340141,0,NORMAL
23,False,0.2606,0.0,NORMAL,2.38,0.0051,6.4,2026-07-23T11:14:05.348125,0,NORMAL
22,False,0.2791,0.0,NORMAL,2.19,0.0086,3.9,2026-07-23T11:14:05.356142,0,NORMAL
23,False,0.2655,0.0,NORMAL,2.64,0.016,5.1,2026-07-23T11:14:05.364085,0,NORMAL
22,False,0.2718,0.0,NORMAL,2.34,0.0145,7.1,2026-07-23T11:14:05.372057,0,NORMAL
28,False,0.2169,0.0,WATCH,1.93,0.0031,1.3,2026-07-23T11:14:05.379966,0,NORMAL
24,False,0.252,0.0,NORMAL,1.39,0.0118,2.9,2026-07-23T11:14:05.388032,0,NORMAL
29,False,0.2041,0.0,WATCH,1.9,0.0001,6.4,2026-07-23T11:14:05.395917,0,NORMAL
26,False,0.2319,0.0,WATCH,1.57,0.0102,11.3,2026-07-23T11:14:05.403847,0,NORMAL
26,False,0.2388,0.0,WATCH,1.71,0.0195,4.6,2026-07-23T11:14:05.411790,0,NORMAL
23,False,0.2632,0.0,NORMAL,2.29,0.0053,6.8,2026-07-23T11:14:05.419684,0,NORMAL
25,False,0.2479,0.0,WATCH,2.83,0.0058,4.7,2026-07-23T11:14:05.427750,0,NORMAL
24,False,0.2516,0.0,NORMAL,2.2,0.0138,10.8,2026-07-23T11:14:05.435764,0,NORMAL
33,False,0.1635,0.0,WATCH,1.4,0.0023,0.0,2026-07-23T11:14:05.443648,0,NORMAL
22,False,0.277,0.0,NORMAL,2.22,0.0068,5.3,2026-07-23T11:14:05.451611,0,NORMAL
27,False,0.2244,0.0,WATCH,2.6,0.013,0.1,2026-07-23T11:14:05.459562,0,NORMAL
27,False,0.2245,0.0,WATCH,1.7,0.0068,0.0,2026-07-23T11:14:05.467469,0,NORMAL
21,False,0.2831,0.0,NORMAL,1.93,0.0088,5.9,2026-07-23T11:14:05.475328,0,NORMAL
21,False,0.2839,0.0,NORMAL,2.01,0.0137,5.4,2026-07-23T11:14:05.483157,0,NORMAL
22,False,0.2743,0.0,NORMAL,1.61,0.0121,4.1,2026-07-23T11:14:05.491205,0,NORMAL
21,False,0.2822,0.0,NORMAL,2.32,0.0113,4.7,2026-07-23T11:14:05.499144,0,NORMAL
28,False,0.2123,0.0,WATCH,1.94,0.0083,14.3,2026-07-23T11:14:05.507050,0,NORMAL
21,False,0.2807,0.0,NORMAL,2.21,0.0119,4.2,2026-07-23T11:14:05.514933,0,NORMAL
22,False,0.2736,0.0,NORMAL,1.56,0.0094,6.5,2026-07-23T11:14:05.522851,0,NORMAL
23,False,0.2697,0.0,NORMAL,1.78,0.0123,3.1,2026-07-23T11:14:05.530670,0,NORMAL
22,False,0.2748,0.0,NORMAL,2.36,0.0075,5.9,2026-07-23T11:14:05.538609,0,NORMAL
21,False,0.2804,0.0,NORMAL,1.81,0.0091,4.3,2026-07-23T11:14:05.546543,0,NORMAL
26,False,0.23,0.0,WATCH,2.86,0.0051,3.8,2026-07-23T11:14:05.554440,0,NORMAL
25,False,0.25,0.0,WATCH,1.8,0.0098,10.5,2026-07-23T11:14:05.562331,0,NORMAL
24,False,0.2582,0.0,NORMAL,2.11,0.0059,8.5,2026-07-23T11:14:05.570384,0,NORMAL
24,False,0.2555,0.0,NORMAL,2.47,0.0044,5.4,2026-07-23T11:14:05.578392,0,NORMAL
29,False,0.202,0.0,WATCH,1.29,0.0113,0.0,2026-07-23T11:14:05.586288,0,NORMAL
25,False,0.2453,0.0,WATCH,1.12,0.0111,3.9,2026-07-23T11:14:05.594220,0,NORMAL
31,False,0.1843,0.0,WATCH,1.24,0.0139,13.1,2026-07-23T11:14:05.602162,0,NORMAL
23,False,0.2672,0.0,NORMAL,2.63,0.0078,4.3,2026-07-23T11:14:05.610147,0,NORMAL
23,False,0.2663,0.0,NORMAL,1.72,0.012,8.3,2026-07-23T11:14:05.618011,0,NORMAL
27,False,0.2283,0.0,WATCH,3.28,0.0128,9.3,2026-07-23T11:14:05.626034,0,NORMAL
22,False,0.2797,0.0,NORMAL,1.72,0.0122,5.7,2026-07-23T11:14:05.633905,0,NORMAL
24,False,0.2574,0.0,NORMAL,2.09,0.0059,2.5,2026-07-23T11:14:05.641895,0,NORMAL
28,False,0.2132,0.0,WATCH,2.77,0.0107,0.0,2026-07-23T11:14:05.649766,0,NORMAL
24,False,0.25,0.0,NORMAL,3.0,0.0118,7.1,2026-07-23T11:14:05.657793,0,NORMAL
26,False,0.2344,0.0,WATCH,3.03,0.01,2.6,2026-07-23T11:14:05.665718,0,NORMAL
30,False,0.1972,0.0,WATCH,2.6,0.0,5.5,2026-07-23T11:14:05.673591,0,NORMAL
25,False,0.2484,0.0,WATCH,2.51,0.0108,1.3,2026-07-23T11:14:05.681484,0,NORMAL
27,False,0.2255,0.0,WATCH,2.3,0.0211,4.2,2026-07-23T11:14:05.689466,0,NORMAL
22,False,0.276,0.0,NORMAL,2.39,0.0082,5.1,2026-07-23T11:14:05.697330,0,NORMAL
22,False,0.27,0.0,NORMAL,1.72,0.0064,5.8,2026-07-23T11:14:05.705181,0,NORMAL
24,False,0.253,0.0,NORMAL,1.59,0.0119,1.7,2026-07-23T11:14:05.713223,0,NORMAL
23,False,0.268,0.0,NORMAL,2.0,0.0116,8.6,2026-07-23T11:14:05.721211,0,NORMAL
23,False,0.2631,0.0,NORMAL,1.91,0.016,3.2,2026-07-23T11:14:05.729327,0,NORMAL
29,False,0.2028,0.0,WATCH,1.77,0.0037,0.0,2026-07-23T11:14:05.737315,0,NORMAL
21,False,0.2804,0.0,NORMAL,2.35,0.0137,4.7,2026-07-23T11:14:05.745190,0,NORMAL
22,False,0.2782,0.0,NORMAL,2.48,0.013,5.1,2026-07-23T11:14:05.753007,0,NORMAL
21,False,0.283,0.0,NORMAL,2.04,0.0093,5.5,2026-07-23T11:14:05.761014,0,NORMAL
24,False,0.2544,0.0,NORMAL,2.74,0.0117,9.1,2026-07-23T11:14:05.769036,0,NORMAL
23,False,0.2614,0.0,NORMAL,1.43,0.0151,4.3,2026-07-23T11:14:05.776926,0,NORMAL
22,False,0.2792,0.0,NORMAL,1.9,0.0144,4.6,2026-07-23T11:14:05.784796,0,NORMAL
26,False,0.2305,0.0,WATCH,1.64,0.0043,1.7,2026-07-23T11:14:05.792789,0,NORMAL
26,False,0.234,0.0,WATCH,1.07,0.0141,7.5,2026-07-23T11:14:05.800733,0,NORMAL
21,False,0.2842,0.0,NORMAL,1.96,0.0097,5.6,2026-07-23T11:14:05.808627,0,NORMAL
22,False,0.2782,0.0,NORMAL,1.94,0.0104,3.7,2026-07-23T11:14:05.816390,0,NORMAL
28,False,0.2132,0.0,WATCH,2.76,0.0104,0.0,2026-07-23T11:14:05.824437,0,NORMAL
23,False,0.2644,0.0,NORMAL,2.32,0.0092,9.3,2026-07-23T11:14:05.832328,0,NORMAL
27,False,0.2262,0.0,WATCH,1.49,0.016,1.3,2026-07-23T11:14:05.840377,0,NORMAL
25,False,0.247,0.0,WATCH,2.93,0.0096,3.2,2026-07-23T11:14:05.848305,0,NORMAL
24,False,0.2512,0.0,NORMAL,2.61,0.0044,6.1,2026-07-23T11:14:05.856276,0,NORMAL
24,False,0.251,0.0,NORMAL,2.29,0.008,1.4,2026-07-23T11:14:05.864349,0,NORMAL
25,False,0.2446,0.0,WATCH,1.89,0.0109,0.5,2026-07-23T11:14:05.872295,0,NORMAL
29,False,0.2006,0.0,WATCH,1.52,0.0161,0.0,2026-07-23T11:14:05.880259,0,NORMAL
22,False,0.277,0.0,NORMAL,1.81,0.013,7.2,2026-07-23T11:14:05.888116,0,NORMAL
24,False,0.2579,0.0,NORMAL,2.54,0.0057,3.4,2026-07-23T11:14:05.896155,0,NORMAL
31,False,0.1813,0.0,WATCH,2.94,0.0224,13.8,2026-07-23T11:14:05.904034,0,NORMAL
25,False,0.2434,0.0,WATCH,2.77,0.0113,2.0,2026-07-23T11:14:05.912000,0,NORMAL
25,False,0.243,0.0,WATCH,1.76,0.0164,2.2,2026-07-23T11:14:05.919936,0,NORMAL
23,False,0.2616,0.0,NORMAL,1.44,0.0092,3.3,2026-07-23T11:14:05.928098,0,NORMAL
21,False,0.2828,0.0,NORMAL,2.07,0.0127,5.7,2026-07-23T11:14:05.935970,0,NORMAL
26,False,0.239,0.0,WATCH,1.12,0.0142,3.6,2026-07-23T11:14:05.943858,0,NORMAL
22,False,0.2707,0.0,NORMAL,2.16,0.0161,6.8,2026-07-23T11:14:05.951874,0,NORMAL
24,False,0.2568,0.0,NORMAL,1.93,0.0153,2.1,2026-07-23T11:14:05.959844,0,NORMAL
26,False,0.2395,0.0,WATCH,1.77,0.0144,0.9,2026-07-23T11:14:05.967776,0,NORMAL
30,False,0.1907,0.0,WATCH,1.2,0.0084,0.0,2026-07-23T11:14:05.975761,0,NORMAL
27,False,0.2255,0.0,WATCH,2.26,0.0071,0.0,2026-07-23T11:14:05.983635,0,NORMAL
22,False,0.2728,0.0,NORMAL,1.73,0.0117,3.4,2026-07-23T11:14:05.991705,0,NORMAL
24,False,0.2585,0.0,NORMAL,1.42,0.0147,4.1,2026-07-23T11:14:05.999733,0,NORMAL
31,False,0.187,0.0,WATCH,0.56,0.0089,3.1,2026-07-23T11:14:06.007560,0,NORMAL
23,False,0.2603,0.0,NORMAL,1.99,0.0153,8.7,2026-07-23T11:14:06.015411,0,NORMAL
26,False,0.2363,0.0,WATCH,2.89,0.0173,8.7,2026-07-23T11:14:06.023298,0,NORMAL
26,False,0.2396,0.0,WATCH,2.83,0.0054,4.0,2026-07-23T11:14:06.031245,0,NORMAL
27,False,0.2211,0.0,WATCH,1.77,0.0058,0.0,2026-07-23T11:14:06.039261,0,NORMAL
22,False,0.2724,0.0,NORMAL,1.7,0.0093,3.3,2026-07-23T11:14:06.047192,0,NORMAL
22,False,0.2736,0.0,NORMAL,2.23,0.0115,3.2,2026-07-23T11:14:06.055136,0,NORMAL
24,False,0.2546,0.0,NORMAL,1.5,0.0074,3.0,2026-07-23T11:14:06.063036,0,NORMAL
24,False,0.2544,0.0,NORMAL,2.15,0.0168,2.9,2026-07-23T11:14:06.070936,0,NORMAL
23,False,0.2679,0.0,NORMAL,2.38,0.0121,3.0,2026-07-23T11:14:06.078849,0,NORMAL
23,False,0.2663,0.0,NORMAL,2.61,0.0102,3.8,2026-07-23T11:14:06.086779,0,NORMAL
26,False,0.2329,0.0,WATCH,1.95,0.0028,3.1,2026-07-23T11:14:06.094704,0,NORMAL
24,False,0.2521,0.0,NORMAL,1.9,0.0034,5.6,2026-07-23T11:14:06.102724,0,NORMAL
22,False,0.2781,0.0,NORMAL,1.56,0.0114,6.1,2026-07-23T11:14:06.110507,0,NORMAL
32,False,0.1777,0.0,WATCH,1.59,0.0,2.3,2026-07-23T11:14:06.118403,0,NORMAL
23,False,0.2608,0.0,NORMAL,1.89,0.0151,8.8,2026-07-23T11:14:06.126370,0,NORMAL
23,False,0.265,0.0,NORMAL,2.18,0.0092,2.1,2026-07-23T11:14:06.134421,0,NORMAL
35,False,0.1431,0.0,WATCH,2.46,0.0262,0.1,2026-07-23T11:14:06.142383,0,NORMAL
28,False,0.2157,0.0,WATCH,1.6,0.0215,6.1,2026-07-23T11:14:06.150438,0,NORMAL
25,False,0.2487,0.0,WATCH,2.75,0.0091,2.5,2026-07-23T11:14:06.158321,0,NORMAL
21,False,0.2829,0.0,NORMAL,1.86,0.0095,6.0,2026-07-23T11:14:06.166159,0,NORMAL
27,False,0.226,0.0,WATCH,1.99,0.015,0.0,2026-07-23T11:14:06.174025,0,NORMAL
26,False,0.2398,0.0,WATCH,1.63,0.0185,9.2,2026-07-23T11:14:06.181889,0,NORMAL
33,False,0.1643,0.0,WATCH,0.79,0.0018,7.0,2026-07-23T11:14:06.189755,0,NORMAL
33,False,0.1645,0.0,WATCH,2.44,0.0011,0.5,2026-07-23T11:14:06.197622,0,NORMAL
27,False,0.2266,0.0,WATCH,2.37,0.0069,0.6,2026-07-23T11:14:06.205544,0,NORMAL
24,False,0.2551,0.0,NORMAL,1.86,0.0129,10.0,2026-07-23T11:14:06.213492,0,NORMAL
22,False,0.2739,0.0,NORMAL,2.03,0.0125,2.8,2026-07-23T11:14:06.221545,0,NORMAL
23,False,0.2601,0.0,NORMAL,2.26,0.0153,2.5,2026-07-23T11:14:06.229452,0,NORMAL
33,False,0.1676,0.0,WATCH,1.22,0.004,0.0,2026-07-23T11:14:06.237364,0,NORMAL
30,False,0.1971,0.0,WATCH,1.74,0.0,3.9,2026-07-23T11:14:06.245297,0,NORMAL
22,False,0.2759,0.0,NORMAL,2.4,0.0143,4.3,2026-07-23T11:14:06.253274,0,NORMAL
25,False,0.2471,0.0,WATCH,1.37,0.0059,7.1,2026-07-23T11:14:06.261269,0,NORMAL
33,False,0.1642,0.0,WATCH,2.15,0.0,0.8,2026-07-23T11:14:06.269227,0,NORMAL
28,False,0.2152,0.0,WATCH,1.32,0.0107,0.4,2026-07-23T11:14:06.277146,0,NORMAL
21,False,0.2811,0.0,NORMAL,2.23,0.014,6.4,2026-07-23T11:14:06.285065,0,NORMAL
22,False,0.2726,0.0,NORMAL,1.98,0.0094,8.0,2026-07-23T11:14:06.292995,0,NORMAL
30,False,0.1963,0.0,WATCH,1.19,0.0077,0.3,2026-07-23T11:14:06.301038,0,NORMAL
23,False,0.2653,0.0,NORMAL,2.58,0.0092,8.2,2026-07-23T11:14:06.308962,0,NORMAL
22,False,0.2736,0.0,NORMAL,1.63,0.0081,5.1,2026-07-23T11:14:06.316893,0,NORMAL
26,False,0.2308,0.0,WATCH,1.59,0.0033,8.3,2026-07-23T11:14:06.324684,0,NORMAL
22,False,0.2743,0.0,NORMAL,2.1,0.0064,4.8,2026-07-23T11:14:06.332675,0,NORMAL
27,False,0.2265,0.0,WATCH,2.57,0.0126,0.0,2026-07-23T11:14:06.340747,0,NORMAL
22,False,0.2729,0.0,NORMAL,1.49,0.0116,4.5,2026-07-23T11:14:06.348715,0,NORMAL
22,False,0.2725,0.0,NORMAL,2.03,0.0108,8.2,2026-07-23T11:14:06.356670,0,NORMAL
25,False,0.2496,0.0,WATCH,2.21,0.005,2.3,2026-07-23T11:14:06.364538,0,NORMAL
22,False,0.2722,0.0,NORMAL,2.35,0.0091,3.8,2026-07-23T11:14:06.372485,0,NORMAL
29,False,0.2094,0.0,WATCH,2.09,0.0,4.5,2026-07-23T11:14:06.380340,0,NORMAL
26,False,0.2369,0.0,WATCH,1.82,0.0109,0.0,2026-07-23T11:14:06.388345,0,NORMAL
26,False,0.2391,0.0,WATCH,1.59,0.0171,10.0,2026-07-23T11:14:06.396317,0,NORMAL
27,False,0.2205,0.0,WATCH,2.04,0.0026,2.3,2026-07-23T11:14:06.404255,0,NORMAL
23,False,0.2623,0.0,NORMAL,1.46,0.0071,6.5,2026-07-23T11:14:06.412180,0,NORMAL
29,False,0.2042,0.0,WATCH,0.54,0.0116,4.7,2026-07-23T11:14:06.419993,0,NORMAL
24,False,0.2586,0.0,NORMAL,2.22,0.0163,8.8,2026-07-23T11:14:06.427966,0,NORMAL
22,False,0.2743,0.0,NORMAL,2.45,0.0078,6.2,2026-07-23T11:14:06.435987,0,NORMAL
29,False,0.2074,0.0,WATCH,0.82,0.0065,4.3,2026-07-23T11:14:06.444078,0,NORMAL
32,False,0.1797,0.0,WATCH,1.5,0.0002,2.3,2026-07-23T11:14:06.452152,0,NORMAL
22,False,0.2748,0.0,NORMAL,2.31,0.0105,7.4,2026-07-23T11:14:06.459997,0,NORMAL
34,False,0.1532,0.0,WATCH,3.03,0.0202,0.0,2026-07-23T11:14:06.467960,0,NORMAL
21,False,0.2806,0.0,NORMAL,2.01,0.0114,6.9,2026-07-23T11:14:06.475961,0,NORMAL
24,False,0.2523,0.0,NORMAL,1.64,0.0099,1.7,2026-07-23T11:14:06.483835,0,NORMAL
23,False,0.264,0.0,NORMAL,1.91,0.0116,8.8,2026-07-23T11:14:06.491687,0,NORMAL
22,False,0.2713,0.0,NORMAL,2.69,0.0099,5.5,2026-07-23T11:14:06.499571,0,NORMAL
23,False,0.2639,0.0,NORMAL,1.68,0.0059,6.9,2026-07-23T11:14:06.507481,0,NORMAL
22,False,0.2786,0.0,NORMAL,1.6,0.0141,5.2,2026-07-23T11:14:06.515411,0,NORMAL
26,False,0.2372,0.0,WATCH,1.76,0.0111,0.0,2026-07-23T11:14:06.523560,0,NORMAL
24,False,0.2581,0.0,NORMAL,1.52,0.0101,2.4,2026-07-23T11:14:06.531519,0,NORMAL
23,False,0.2626,0.0,NORMAL,2.06,0.0051,7.0,2026-07-23T11:14:06.539507,0,NORMAL
24,False,0.2518,0.0,NORMAL,2.81,0.0165,5.5,2026-07-23T11:14:06.547515,0,NORMAL
22,False,0.2715,0.0,NORMAL,2.16,0.0133,8.5,2026-07-23T11:14:06.555533,0,NORMAL
22,False,0.2748,0.0,NORMAL,1.87,0.0072,6.2,2026-07-23T11:14:06.563549,0,NORMAL
24,False,0.2577,0.0,NORMAL,1.85,0.015,2.1,2026-07-23T11:14:06.571485,0,NORMAL
26,False,0.2331,0.0,WATCH,1.22,0.0075,2.6,2026-07-23T11:14:06.579460,0,NORMAL
23,False,0.2681,0.0,NORMAL,2.44,0.0061,5.3,2026-07-23T11:14:06.587526,0,NORMAL
27,False,0.2235,0.0,WATCH,1.96,0.0062,0.0,2026-07-23T11:14:06.595495,0,NORMAL
30,False,0.193,0.0,WATCH,1.91,0.0011,10.0,2026-07-23T11:14:06.603361,0,NORMAL
27,False,0.2251,0.0,WATCH,3.6,0.0124,6.3,2026-07-23T11:14:06.611194,0,NORMAL
29,False,0.2038,0.0,WATCH,2.15,0.0008,8.7,2026-07-23T11:14:06.619258,0,NORMAL
29,False,0.2018,0.0,WATCH,1.62,0.0039,0.3,2026-07-23T11:14:06.627256,0,NORMAL
30,False,0.1914,0.0,WATCH,1.79,0.0,8.7,2026-07-23T11:14:06.635096,0,NORMAL
26,False,0.2336,0.0,WATCH,2.57,0.0096,11.7,2026-07-23T11:14:06.642930,0,NORMAL
25,False,0.2494,0.0,WATCH,2.06,0.0092,1.0,2026-07-23T11:14:06.650812,0,NORMAL
25,False,0.2472,0.0,WATCH,1.28,0.0084,7.3,2026-07-23T11:14:06.658734,0,NORMAL
24,False,0.2583,0.0,NORMAL,2.46,0.0048,5.0,2026-07-23T11:14:06.666647,0,NORMAL
29,False,0.2073,0.0,WATCH,1.67,0.0041,0.4,2026-07-23T11:14:06.674446,0,NORMAL
24,False,0.258,0.0,NORMAL,2.94,0.0123,6.5,2026-07-23T11:14:06.682387,0,NORMAL
23,False,0.2622,0.0,NORMAL,2.54,0.0072,7.5,2026-07-23T11:14:06.690275,0,NORMAL
23,False,0.2698,0.0,NORMAL,1.78,0.0116,3.2,2026-07-23T11:14:06.698132,0,NORMAL
25,False,0.2455,0.0,WATCH,2.64,0.0056,8.5,2026-07-23T11:14:06.706085,0,NORMAL
25,False,0.2403,0.0,WATCH,2.03,0.0109,0.0,2026-07-23T11:14:06.714036,0,NORMAL
28,False,0.2126,0.0,WATCH,2.43,0.0165,0.5,2026-07-23T11:14:06.721946,0,NORMAL
21,False,0.2851,0.0,NORMAL,2.24,0.0129,5.4,2026-07-23T11:14:06.729828,0,NORMAL
22,False,0.2735,0.0,NORMAL,1.58,0.0079,5.1,2026-07-23T11:14:06.737725,0,NORMAL
23,False,0.2678,0.0,NORMAL,1.68,0.0113,2.9,2026-07-23T11:14:06.745665,0,NORMAL
22,False,0.2702,0.0,NORMAL,2.51,0.0088,7.4,2026-07-23T11:14:06.753456,0,NORMAL
21,False,0.2816,0.0,NORMAL,1.83,0.01,6.6,2026-07-23T11:14:06.761407,0,NORMAL
23,False,0.2679,0.0,NORMAL,1.8,0.0084,7.6,2026-07-23T11:14:06.769239,0,NORMAL
22,False,0.2753,0.0,NORMAL,1.52,0.0092,4.6,2026-07-23T11:14:06.777039,0,NORMAL
21,False,0.2831,0.0,NORMAL,2.21,0.0111,6.8,2026-07-23T11:14:06.784933,0,NORMAL
28,False,0.2191,0.0,WATCH,3.03,0.005,3.7,2026-07-23T11:14:06.792923,0,NORMAL
29,False,0.2059,0.0,WATCH,1.47,0.0049,11.2,2026-07-23T11:14:06.800965,0,NORMAL
26,False,0.2344,0.0,WATCH,2.01,0.0031,2.6,2026-07-23T11:14:06.808824,0,NORMAL
31,False,0.1896,0.0,WATCH,2.71,0.002,11.3,2026-07-23T11:14:06.816975,0,NORMAL
23,False,0.2601,0.0,NORMAL,1.96,0.0039,5.1,2026-07-23T11:14:06.824851,0,NORMAL
24,False,0.2516,0.0,NORMAL,2.23,0.0108,0.9,2026-07-23T11:14:06.832812,0,NORMAL
27,False,0.2288,0.0,WATCH,1.47,0.0055,9.1,2026-07-23T11:14:06.840886,0,NORMAL
21,False,0.2838,0.0,NORMAL,2.21,0.0126,5.4,2026-07-23T11:14:06.848774,0,NORMAL
22,False,0.2735,0.0,NORMAL,1.91,0.0102,7.6,2026-07-23T11:14:06.856762,0,NORMAL
30,False,0.195,0.0,WATCH,2.49,0.0002,8.7,2026-07-23T11:14:06.864646,0,NORMAL
22,False,0.2762,0.0,NORMAL,2.59,0.0133,6.0,2026-07-23T11:14:06.872579,0,NORMAL
27,False,0.2235,0.0,WATCH,3.29,0.0141,3.2,2026-07-23T11:14:06.880508,0,NORMAL
24,False,0.2591,0.0,NORMAL,2.29,0.005,7.9,2026-07-23T11:14:06.888444,0,NORMAL
21,False,0.2827,0.0,NORMAL,2.16,0.0121,5.0,2026-07-23T11:14:06.896351,0,NORMAL
23,False,0.2655,0.0,NORMAL,2.1,0.0057,7.1,2026-07-23T11:14:06.904305,0,NORMAL
26,False,0.2354,0.0,WATCH,1.82,0.0105,0.0,2026-07-23T11:14:06.912317,0,NORMAL
24,False,0.2589,0.0,NORMAL,2.17,0.0037,6.3,2026-07-23T11:14:06.920271,0,NORMAL
29,False,0.204,0.0,WATCH,1.85,0.001,3.1,2026-07-23T11:14:06.928120,0,NORMAL
24,False,0.2543,0.0,NORMAL,2.08,0.0081,10.0,2026-07-23T11:14:06.936051,0,NORMAL
23,False,0.2675,0.0,NORMAL,2.66,0.0094,6.9,2026-07-23T11:14:06.944024,0,NORMAL
23,False,0.2694,0.0,NORMAL,1.5,0.008,5.7,2026-07-23T11:14:06.951827,0,NORMAL
25,False,0.2474,0.0,WATCH,2.57,0.0041,6.5,2026-07-23T11:14:06.959754,0,NORMAL
25,False,0.2428,0.0,WATCH,2.66,0.008,2.0,2026-07-23T11:14:06.967659,0,NORMAL
24,False,0.2594,0.0,NORMAL,1.94,0.0113,9.9,2026-07-23T11:14:06.975604,0,NORMAL
31,False,0.188,0.0,WATCH,0.94,0.0098,11.0,2026-07-23T11:14:06.983681,0,NORMAL
21,False,0.2821,0.0,NORMAL,1.7,0.0109,6.2,2026-07-23T11:14:06.991743,0,NORMAL
25,False,0.2411,0.0,WATCH,2.65,0.0066,9.8,2026-07-23T11:14:06.999642,0,NORMAL
23,False,0.2658,0.0,NORMAL,1.99,0.0159,3.3,2026-07-23T11:14:07.007625,0,NORMAL
26,False,0.2376,0.0,WATCH,1.5,0.0041,2.6,2026-07-23T11:14:07.015479,0,NORMAL
21,False,0.2822,0.0,NORMAL,1.75,0.0124,5.1,2026-07-23T11:14:07.023537,0,NORMAL
23,False,0.2694,0.0,NORMAL,2.42,0.0159,6.3,2026-07-23T11:14:07.031400,0,NORMAL
22,False,0.2792,0.0,NORMAL,2.27,0.0124,3.8,2026-07-23T11:14:07.039429,0,NORMAL
22,False,0.2797,0.0,NORMAL,1.88,0.009,6.6,2026-07-23T11:14:07.047275,0,NORMAL
22,False,0.2782,0.0,NORMAL,1.82,0.0074,5.9,2026-07-23T11:14:07.055235,0,NORMAL
24,False,0.2536,0.0,NORMAL,1.8,0.0152,2.0,2026-07-23T11:14:07.063359,0,NORMAL
26,False,0.2327,0.0,WATCH,1.54,0.0029,6.6,2026-07-23T11:14:07.071330,0,NORMAL
26,False,0.2347,0.0,WATCH,2.81,0.0051,7.6,2026-07-23T11:14:07.079203,0,NORMAL
22,False,0.2798,0.0,NORMAL,1.84,0.008,5.5,2026-07-23T11:14:07.087149,0,NORMAL
24,False,0.2566,0.0,NORMAL,2.61,0.0162,8.5,2026-07-23T11:14:07.095027,0,NORMAL
26,False,0.2338,0.0,WATCH,2.76,0.0119,1.3,2026-07-23T11:14:07.103003,0,NORMAL
24,False,0.2591,0.0,NORMAL,2.5,0.0052,6.4,2026-07-23T11:14:07.110983,0,NORMAL
24,False,0.2511,0.0,NORMAL,1.78,0.0084,1.5,2026-07-23T11:14:07.119227,0,NORMAL
25,False,0.2493,0.0,WATCH,2.2,0.0069,1.7,2026-07-23T11:14:07.127073,0,NORMAL
23,False,0.2632,0.0,NORMAL,1.99,0.0065,3.1,2026-07-23T11:14:07.135016,0,NORMAL
24,False,0.2516,0.0,NORMAL,1.55,0.0149,2.2,2026-07-23T11:14:07.142926,0,NORMAL
25,False,0.2475,0.0,WATCH,2.16,0.0031,3.4,2026-07-23T11:14:07.150941,0,NORMAL
26,False,0.2381,0.0,WATCH,1.41,0.018,4.4,2026-07-23T11:14:07.158894,0,NORMAL
22,False,0.2701,0.0,NORMAL,2.59,0.0141,7.5,2026-07-23T11:14:07.166906,0,NORMAL
23,False,0.2692,0.0,NORMAL,1.77,0.0155,4.0,2026-07-23T11:14:07.174695,0,NORMAL
26,False,0.2362,0.0,WATCH,2.1,0.0077,0.2,2026-07-23T11:14:07.182591,0,NORMAL
22,False,0.2721,0.0,NORMAL,2.14,0.0093,8.4,2026-07-23T11:14:07.190467,0,NORMAL
27,False,0.226,0.0,WATCH,1.87,0.0028,2.5,2026-07-23T11:14:07.198399,0,NORMAL
22,False,0.2793,0.0,NORMAL,2.29,0.0074,4.8,2026-07-23T11:14:07.206362,0,NORMAL
21,False,0.2827,0.0,NORMAL,1.76,0.0125,6.3,2026-07-23T11:14:07.214262,0,NORMAL
23,False,0.2652,0.0,NORMAL,2.44,0.0165,5.6,2026-07-23T11:14:07.222169,0,NORMAL
27,False,0.2247,0.0,WATCH,1.33,0.0045,8.3,2026-07-23T11:14:07.230097,0,NORMAL
22,False,0.2772,0.0,NORMAL,2.06,0.0082,6.4,2026-07-23T11:14:07.238028,0,NORMAL
26,False,0.2355,0.0,WATCH,2.97,0.0092,2.4,2026-07-23T11:14:07.245905,0,NORMAL
31,False,0.1842,0.0,WATCH,1.5,0.003,11.5,2026-07-23T11:14:07.253975,0,NORMAL
22,False,0.279,0.0,NORMAL,1.66,0.013,5.6,2026-07-23T11:14:07.261999,0,NORMAL
22,False,0.2739,0.0,NORMAL,2.26,0.0064,4.6,2026-07-23T11:14:07.270184,0,NORMAL
22,False,0.2746,0.0,NORMAL,2.09,0.009,7.9,2026-07-23T11:14:07.277922,0,NORMAL
21,False,0.28,0.0,NORMAL,2.18,0.0077,5.7,2026-07-23T11:14:07.285817,0,NORMAL
22,False,0.2726,0.0,NORMAL,2.24,0.0061,6.2,2026-07-23T11:14:07.293735,0,NORMAL
26,False,0.2321,0.0,WATCH,2.32,0.01,12.5,2026-07-23T11:14:07.301756,0,NORMAL
22,False,0.2713,0.0,NORMAL,2.55,0.0089,4.2,2026-07-23T11:14:07.309689,0,NORMAL
22,False,0.2779,0.0,NORMAL,2.2,0.0081,4.0,2026-07-23T11:14:07.317660,0,NORMAL
22,False,0.2709,0.0,NORMAL,1.88,0.0064,5.3,2026-07-23T11:14:07.325557,0,NORMAL
22,False,0.271,0.0,NORMAL,2.34,0.0116,8.2,2026-07-23T11:14:07.333670,0,NORMAL
32,False,0.173,0.0,WATCH,2.95,0.0183,0.5,2026-07-23T11:14:07.341701,0,NORMAL
26,False,0.2395,0.0,WATCH,1.93,0.0107,0.0,2026-07-23T11:14:07.349655,0,NORMAL
23,False,0.2619,0.0,NORMAL,1.51,0.015,3.2,2026-07-23T11:14:07.357674,0,NORMAL
31,False,0.1887,0.0,WATCH,2.55,0.003,0.1,2026-07-23T11:14:07.365610,0,NORMAL
22,False,0.2792,0.0,NORMAL,1.94,0.0108,3.7,2026-07-23T11:14:07.373560,0,NORMAL
29,False,0.2054,0.0,WATCH,0.91,0.0045,6.5,2026-07-23T11:14:07.381507,0,NORMAL
28,False,0.2135,0.0,WATCH,2.42,0.0026,2.3,2026-07-23T11:14:07.389367,0,NORMAL
26,False,0.2316,0.0,WATCH,1.73,0.0063,0.7,2026-07-23T11:14:07.397267,0,NORMAL
22,False,0.2756,0.0,NORMAL,1.95,0.016,5.2,2026-07-23T11:14:07.405188,0,NORMAL
22,False,0.2749,0.0,NORMAL,2.17,0.0148,7.6,2026-07-23T11:14:07.413315,0,NORMAL
26,False,0.2373,0.0,WATCH,2.1,0.0112,0.0,2026-07-23T11:14:07.421247,0,NORMAL
27,False,0.2277,0.0,WATCH,2.35,0.0023,7.5,2026-07-23T11:14:07.429214,0,NORMAL
22,False,0.2739,0.0,NORMAL,1.78,0.009,7.5,2026-07-23T11:14:07.437169,0,NORMAL
22,False,0.276,0.0,NORMAL,2.26,0.0115,7.9,2026-07-23T11:14:07.445089,0,NORMAL
23,False,0.2669,0.0,NORMAL,1.87,0.0109,8.7,2026-07-23T11:14:07.452984,0,NORMAL
32,False,0.1706,0.0,WATCH,2.37,0.0008,11.6,2026-07-23T11:14:07.461059,0,NORMAL
23,False,0.2628,0.0,NORMAL,2.31,0.0055,3.9,2026-07-23T11:14:07.469057,0,NORMAL
22,False,0.2745,0.0,NORMAL,1.53,0.0097,5.3,2026-07-23T11:14:07.476992,0,NORMAL
22,False,0.2727,0.0,NORMAL,2.54,0.0127,3.8,2026-07-23T11:14:07.484938,0,NORMAL
29,False,0.2061,0.0,WATCH,1.73,0.0,5.0,2026-07-23T11:14:07.492879,0,NORMAL
24,False,0.2583,0.0,NORMAL,2.4,0.0092,9.6,2026-07-23T11:14:07.500822,0,NORMAL
24,False,0.2527,0.0,NORMAL,2.18,0.0107,1.0,2026-07-23T11:14:07.508734,0,NORMAL
26,False,0.2367,0.0,WATCH,2.92,0.0142,2.4,2026-07-23T11:14:07.516512,0,NORMAL
23,False,0.2635,0.0,NORMAL,1.89,0.0135,9.1,2026-07-23T11:14:07.524405,0,NORMAL
22,False,0.2713,0.0,NORMAL,1.83,0.0129,8.1,2026-07-23T11:14:07.532408,0,NORMAL
23,False,0.2688,0.0,NORMAL,1.99,0.006,3.9,2026-07-23T11:14:07.540460,0,NORMAL
29,False,0.2018,0.0,WATCH,1.85,0.0005,7.6,2026-07-23T11:14:07.548485,0,NORMAL
22,False,0.2768,0.0,NORMAL,2.4,0.008,6.0,2026-07-23T11:14:07.556352,0,NORMAL
28,False,0.2195,0.0,WATCH,1.19,0.015,9.5,2026-07-23T11:14:07.564236,0,NORMAL
24,False,0.2562,0.0,NORMAL,1.47,0.017,5.2,2026-07-23T11:14:07.572318,0,NORMAL
24,False,0.2591,0.0,NORMAL,1.47,0.0136,8.1,2026-07-23T11:14:07.580255,0,NORMAL
27,False,0.2232,0.0,WATCH,2.48,0.0121,12.9,2026-07-23T11:14:07.588236,0,NORMAL
23,False,0.2606,0.0,NORMAL,2.86,0.0119,6.8,2026-07-23T11:14:07.596086,0,NORMAL
22,False,0.2783,0.0,NORMAL,1.95,0.0072,5.1,2026-07-23T11:14:07.604017,0,NORMAL
22,False,0.2766,0.0,NORMAL,1.92,0.0093,7.2,2026-07-23T11:14:07.611904,0,NORMAL
24,False,0.2509,0.0,NORMAL,2.04,0.0183,3.9,2026-07-23T11:14:07.619880,0,NORMAL
28,False,0.215,0.0,WATCH,2.58,0.0053,12.2,2026-07-23T11:14:07.628031,0,NORMAL
24,False,0.2519,0.0,NORMAL,1.54,0.0181,5.5,2026-07-23T11:14:07.636125,0,NORMAL
22,False,0.2792,0.0,NORMAL,2.12,0.0084,4.2,2026-07-23T11:14:07.644001,0,NORMAL
25,False,0.2417,0.0,WATCH,2.49,0.0166,2.5,2026-07-23T11:14:07.651935,0,NORMAL
26,False,0.2392,0.0,WATCH,2.25,0.003,8.3,2026-07-23T11:14:07.659868,0,NORMAL
22,False,0.2755,0.0,NORMAL,2.09,0.0129,7.6,2026-07-23T11:14:07.667910,0,NORMAL
23,False,0.2616,0.0,NORMAL,2.5,0.0063,3.5,2026-07-23T11:14:07.675762,0,NORMAL
33,False,0.166,0.0,WATCH,0.65,0.0029,6.7,2026-07-23T11:14:07.683639,0,NORMAL
26,False,0.2385,0.0,WATCH,2.34,0.0111,0.5,2026-07-23T11:14:07.691581,0,NORMAL
22,False,0.2743,0.0,NORMAL,1.67,0.015,5.6,2026-07-23T11:14:07.699602,0,NORMAL
26,False,0.2314,0.0,WATCH,1.08,0.0058,6.4,2026-07-23T11:14:07.707447,0,NORMAL
28,False,0.2185,0.0,WATCH,2.26,0.0025,10.1,2026-07-23T11:14:07.715472,0,NORMAL
24,False,0.2554,0.0,NORMAL,2.69,0.0095,2.7,2026-07-23T11:14:07.723374,0,NORMAL
24,False,0.255,0.0,NORMAL,1.93,0.0096,1.2,2026-07-23T11:14:07.731261,0,NORMAL
24,False,0.2589,0.0,NORMAL,2.48,0.0127,2.3,2026-07-23T11:14:07.739196,0,NORMAL
28,False,0.2153,0.0,WATCH,2.81,0.0147,1.0,2026-07-23T11:14:07.747206,0,NORMAL
24,False,0.2588,0.0,NORMAL,2.66,0.0097,9.0,2026-07-23T11:14:07.755195,0,NORMAL
27,False,0.2258,0.0,WATCH,2.82,0.0193,9.6,2026-07-23T11:14:07.763094,0,NORMAL
21,False,0.2808,0.0,NORMAL,2.37,0.0111,6.0,2026-07-23T11:14:07.770915,0,NORMAL
23,False,0.2627,0.0,NORMAL,2.04,0.0083,8.7,2026-07-23T11:14:07.778793,0,NORMAL
29,False,0.2028,0.0,WATCH,1.2,0.0019,5.4,2026-07-23T11:14:07.786915,0,NORMAL
21,False,0.2811,0.0,NORMAL,1.88,0.0087,4.7,2026-07-23T11:14:07.794925,0,NORMAL
23,False,0.2693,0.0,NORMAL,1.58,0.0083,4.0,2026-07-23T11:14:07.802808,0,NORMAL
26,False,0.2387,0.0,WATCH,3.09,0.0148,4.1,2026-07-23T11:14:07.810641,0,NORMAL
25,False,0.2418,0.0,WATCH,1.91,0.0123,0.4,2026-07-23T11:14:07.818542,0,NORMAL
23,False,0.2629,0.0,NORMAL,2.06,0.0041,5.8,2026-07-23T11:14:07.826614,0,NORMAL
21,False,0.2854,0.0,NORMAL,2.28,0.0109,4.9,2026-07-23T11:14:07.834799,0,NORMAL
22,False,0.2781,0.0,NORMAL,2.02,0.0134,7.2,2026-07-23T11:14:07.842913,0,NORMAL
25,False,0.2417,0.0,WATCH,2.85,0.0176,5.3,2026-07-23T11:14:07.850990,0,NORMAL
22,False,0.2737,0.0,NORMAL,1.69,0.0144,4.5,2026-07-23T11:14:07.859019,0,NORMAL
23,False,0.2664,0.0,NORMAL,2.1,0.0138,2.4,2026-07-23T11:14:07.867412,0,NORMAL
22,False,0.2778,0.0,NORMAL,1.63,0.0103,5.2,2026-07-23T11:14:07.875615,0,NORMAL
24,False,0.2586,0.0,NORMAL,1.34,0.0119,7.2,2026-07-23T11:14:07.883609,0,NORMAL
26,False,0.2332,0.0,WATCH,1.69,0.0162,1.6,2026-07-23T11:14:07.891710,0,NORMAL
24,False,0.2555,0.0,NORMAL,1.98,0.0033,5.3,2026-07-23T11:14:07.899775,0,NORMAL
22,False,0.2778,0.0,NORMAL,1.79,0.0083,5.7,2026-07-23T11:14:07.907854,0,NORMAL
24,False,0.2577,0.0,NORMAL,1.65,0.0061,2.8,2026-07-23T11:14:07.915763,0,NORMAL
25,False,0.2488,0.0,WATCH,1.3,0.0119,3.2,2026-07-23T11:14:07.923795,0,NORMAL
22,False,0.271,0.0,NORMAL,1.96,0.0162,5.7,2026-07-23T11:14:07.931754,0,NORMAL
28,False,0.2177,0.0,WATCH,1.25,0.007,1.6,2026-07-23T11:14:07.939696,0,NORMAL
29,False,0.2022,0.0,WATCH,2.38,0.0,6.0,2026-07-23T11:14:07.947640,0,NORMAL
23,False,0.2621,0.0,NORMAL,2.04,0.0079,2.3,2026-07-23T11:14:07.955532,0,NORMAL
26,False,0.2384,0.0,WATCH,1.27,0.0146,8.2,2026-07-23T11:14:07.963573,0,NORMAL
27,False,0.2271,0.0,WATCH,1.85,0.0127,12.0,2026-07-23T11:14:07.971619,0,NORMAL
23,False,0.2634,0.0,NORMAL,1.62,0.0121,2.4,2026-07-23T11:14:07.979605,0,NORMAL
22,False,0.28,0.0,NORMAL,2.16,0.0086,6.6,2026-07-23T11:14:07.987559,0,NORMAL
27,False,0.2256,0.0,WATCH,2.67,0.0036,2.8,2026-07-23T11:14:07.995451,0,NORMAL
27,False,0.2245,0.0,WATCH,1.06,0.0126,8.1,2026-07-23T11:14:08.003293,0,NORMAL
25,False,0.2409,0.0,WATCH,2.06,0.0058,1.2,2026-07-23T11:14:08.011474,0,NORMAL
27,False,0.2294,0.0,WATCH,1.92,0.0209,6.4,2026-07-23T11:14:08.019537,0,NORMAL
23,False,0.2663,0.0,NORMAL,2.34,0.0129,2.4,2026-07-23T11:14:08.027557,0,NORMAL
22,False,0.2753,0.0,NORMAL,2.11,0.0071,4.4,2026-07-23T11:14:08.035814,0,NORMAL
25,False,0.2474,0.0,WATCH,1.62,0.0069,1.9,2026-07-23T11:14:08.044312,0,NORMAL
22,False,0.2743,0.0,NORMAL,1.84,0.0095,7.5,2026-07-23T11:14:08.052812,0,NORMAL
23,False,0.2607,0.0,NORMAL,1.6,0.0088,2.5,2026-07-23T11:14:08.061224,0,NORMAL
23,False,0.27,0.0,NORMAL,2.54,0.0156,6.7,2026-07-23T11:14:08.069880,0,NORMAL
22,False,0.2793,0.0,NORMAL,2.01,0.0109,4.0,2026-07-23T11:14:08.081618,0,NORMAL
25,False,0.2407,0.0,WATCH,2.95,0.0063,4.7,2026-07-23T11:14:08.089961,0,NORMAL
25,False,0.2475,0.0,WATCH,1.97,0.0195,5.4,2026-07-23T11:14:08.098015,0,NORMAL
23,False,0.2646,0.0,NORMAL,1.65,0.0102,2.7,2026-07-23T11:14:08.106110,0,NORMAL
24,False,0.2565,0.0,NORMAL,1.24,0.0138,5.6,2026-07-23T11:14:08.114122,0,NORMAL
29,False,0.2,0.0,WATCH,1.1,0.007,9.6,2026-07-23T11:14:08.122234,0,NORMAL
25,False,0.2407,0.0,WATCH,1.21,0.0118,2.7,2026-07-23T11:14:08.130152,0,NORMAL
22,False,0.271,0.0,NORMAL,2.13,0.0116,8.5,2026-07-23T11:14:08.138132,0,NORMAL
30,False,0.1938,0.0,WATCH,2.25,0.0006,9.5,2026-07-23T11:14:08.146285,0,NORMAL
30,False,0.1917,0.0,WATCH,1.21,0.0201,2.6,2026-07-23T11:14:08.154779,0,NORMAL
28,False,0.2143,0.0,WATCH,2.45,0.0165,0.6,2026-07-23T11:14:08.165354,0,NORMAL
22,False,0.2793,0.0,NORMAL,1.76,0.008,5.9,2026-07-23T11:14:08.182657,0,NORMAL
24,False,0.2586,0.0,NORMAL,2.07,0.0045,3.4,2026-07-23T11:14:08.197869,0,NORMAL
26,False,0.2391,0.0,WATCH,2.81,0.0117,10.6,2026-07-23T11:14:08.206845,0,NORMAL
22,False,0.2793,0.0,NORMAL,2.45,0.0104,5.1,2026-07-23T11:14:08.215357,0,NORMAL
23,False,0.2694,0.0,NORMAL,1.87,0.0118,2.6,2026-07-23T11:14:08.223910,0,NORMAL
24,False,0.2526,0.0,NORMAL,1.55,0.011,1.6,2026-07-23T11:14:08.232268,0,NORMAL
28,False,0.2162,0.0,WATCH,0.92,0.0125,8.3,2026-07-23T11:14:08.240571,0,NORMAL
25,False,0.2481,0.0,WATCH,1.64,0.0172,3.3,2026-07-23T11:14:08.248890,0,NORMAL
21,False,0.2818,0.0,NORMAL,1.89,0.0128,5.1,2026-07-23T11:14:08.257221,0,NORMAL
25,False,0.2401,0.0,WATCH,1.51,0.0048,7.9,2026-07-23T11:14:08.265478,0,NORMAL
24,False,0.2581,0.0,NORMAL,1.93,0.0168,3.5,2026-07-23T11:14:08.273696,0,NORMAL
24,False,0.2598,0.0,NORMAL,2.04,0.0182,4.9,2026-07-23T11:14:08.281936,0,NORMAL
29,False,0.2027,0.0,WATCH,1.89,0.0258,5.0,2026-07-23T11:14:08.290164,0,NORMAL
24,False,0.2524,0.0,NORMAL,1.67,0.0044,7.0,2026-07-23T11:14:08.298474,0,NORMAL
21,False,0.2835,0.0,NORMAL,2.08,0.0112,6.8,2026-07-23T11:14:08.306759,0,NORMAL
29,False,0.2081,0.0,WATCH,2.22,0.0,4.3,2026-07-23T11:14:08.315010,0,NORMAL
22,False,0.2718,0.0,NORMAL,1.45,0.0128,5.2,2026-07-23T11:14:08.323161,0,NORMAL
24,False,0.2565,0.0,NORMAL,2.71,0.0073,3.9,2026-07-23T11:14:08.331269,0,NORMAL
30,False,0.1919,0.0,WATCH,1.95,0.0196,0.6,2026-07-23T11:14:08.339591,0,NORMAL
22,False,0.2708,0.0,NORMAL,2.01,0.0061,5.8,2026-07-23T11:14:08.347968,0,NORMAL
30,False,0.1991,0.0,WATCH,2.35,0.0016,10.7,2026-07-23T11:14:08.356167,0,NORMAL
23,False,0.2615,0.0,NORMAL,2.12,0.0076,2.3,2026-07-23T11:14:08.364211,0,NORMAL
31,False,0.1862,0.0,WATCH,2.48,0.0001,2.7,2026-07-23T11:14:08.372439,0,NORMAL
23,False,0.2673,0.0,NORMAL,2.14,0.0138,2.4,2026-07-23T11:14:08.380607,0,NORMAL
30,False,0.1972,0.0,WATCH,1.69,0.0,7.2,2026-07-23T11:14:08.388821,0,NORMAL
21,False,0.2827,0.0,NORMAL,2.18,0.0101,6.3,2026-07-23T11:14:08.397029,0,NORMAL
30,False,0.1936,0.0,WATCH,1.43,0.0,4.5,2026-07-23T11:14:08.405273,0,NORMAL
23,False,0.2608,0.0,NORMAL,2.05,0.0084,2.2,2026-07-23T11:14:08.413396,0,NORMAL
23,False,0.2616,0.0,NORMAL,1.98,0.0182,5.3,2026-07-23T11:14:08.421636,0,NORMAL
26,False,0.2398,0.0,WATCH,1.9,0.0118,0.3,2026-07-23T11:14:08.429752,0,NORMAL
22,False,0.2714,0.0,NORMAL,1.94,0.0057,5.4,2026-07-23T11:14:08.437833,0,NORMAL
27,False,0.2271,0.0,WATCH,1.06,0.0098,7.6,2026-07-23T11:14:08.445914,0,NORMAL
24,False,0.2503,0.0,NORMAL,1.73,0.0101,1.2,2026-07-23T11:14:08.454017,0,NORMAL
25,False,0.2405,0.0,WATCH,2.05,0.0124,0.4,2026-07-23T11:14:08.462164,0,NORMAL
27,False,0.2282,0.0,WATCH,2.08,0.0032,9.7,2026-07-23T11:14:08.470297,0,NORMAL
23,False,0.2615,0.0,NORMAL,1.49,0.013,3.2,2026-07-23T11:14:08.478469,0,NORMAL
31,False,0.1881,0.0,WATCH,2.63,0.0,8.4,2026-07-23T11:14:08.486500,0,NORMAL
23,False,0.2696,0.0,NORMAL,1.57,0.0069,4.5,2026-07-23T11:14:08.494573,0,NORMAL
22,False,0.2728,0.0,NORMAL,2.48,0.0076,4.5,2026-07-23T11:14:08.502649,0,NORMAL
21,False,0.2824,0.0,NORMAL,2.21,0.0132,6.3,2026-07-23T11:14:08.510763,0,NORMAL
24,False,0.2593,0.0,NORMAL,1.68,0.0101,2.3,2026-07-23T11:14:08.518894,0,NORMAL
28,False,0.216,0.0,WATCH,2.89,0.003,5.4,2026-07-23T11:14:08.526920,0,NORMAL
25,False,0.2408,0.0,WATCH,1.4,0.0051,3.9,2026-07-23T11:14:08.534966,0,NORMAL
25,False,0.2424,0.0,WATCH,2.46,0.011,1.0,2026-07-23T11:14:08.543102,0,NORMAL
22,False,0.2793,0.0,NORMAL,2.5,0.0096,6.0,2026-07-23T11:14:08.551326,0,NORMAL
23,False,0.2699,0.0,NORMAL,1.66,0.0071,4.2,2026-07-23T11:14:08.559388,0,NORMAL
23,False,0.2634,0.0,NORMAL,2.7,0.0076,4.5,2026-07-23T11:14:08.567447,0,NORMAL
24,False,0.2552,0.0,NORMAL,1.87,0.0135,1.4,2026-07-23T11:14:08.575655,0,NORMAL
24,False,0.2541,0.0,NORMAL,2.14,0.0074,9.8,2026-07-23T11:14:08.584669,0,NORMAL
22,False,0.2758,0.0,NORMAL,2.13,0.0096,7.6,2026-07-23T11:14:08.601465,0,NORMAL
27,False,0.2261,0.0,WATCH,1.93,0.0208,7.9,2026-07-23T11:14:08.613769,0,NORMAL
26,False,0.2369,0.0,WATCH,2.41,0.0029,4.1,2026-07-23T11:14:08.622152,0,NORMAL
34,False,0.1564,0.0,WATCH,2.4,0.0007,0.0,2026-07-23T11:14:08.630326,0,NORMAL
29,False,0.2022,0.0,WATCH,1.13,0.0139,10.9,2026-07-23T11:14:08.638593,0,NORMAL
23,False,0.2633,0.0,NORMAL,2.65,0.0066,4.8,2026-07-23T11:14:08.646853,0,NORMAL
26,False,0.2315,0.0,WATCH,1.17,0.0084,2.8,2026-07-23T11:14:08.655027,0,NORMAL
23,False,0.2657,0.0,NORMAL,2.52,0.0061,6.3,2026-07-23T11:14:08.663417,0,NORMAL
23,False,0.2629,0.0,NORMAL,2.56,0.0087,8.5,2026-07-23T11:14:08.671586,0,NORMAL
25,False,0.2488,0.0,WATCH,1.45,0.018,4.9,2026-07-23T11:14:08.679673,0,NORMAL
23,False,0.2634,0.0,NORMAL,1.79,0.014,8.8,2026-07-23T11:14:08.687640,0,NORMAL
24,False,0.2538,0.0,NORMAL,1.45,0.0143,8.2,2026-07-23T11:14:08.695678,0,NORMAL
28,False,0.2169,0.0,WATCH,1.89,0.0029,1.8,2026-07-23T11:14:08.703727,0,NORMAL
24,False,0.2503,0.0,NORMAL,1.85,0.0042,3.0,2026-07-23T11:14:08.711703,0,NORMAL
30,False,0.197,0.0,WATCH,2.39,0.0,7.9,2026-07-23T11:14:08.719635,0,NORMAL
29,False,0.2065,0.0,WATCH,2.66,0.006,0.0,2026-07-23T11:14:08.727642,0,NORMAL
23,False,0.2657,0.0,NORMAL,2.7,0.0148,4.6,2026-07-23T11:14:08.735716,0,NORMAL
25,False,0.2458,0.0,WATCH,1.72,0.0126,0.7,2026-07-23T11:14:08.743666,0,NORMAL
22,False,0.2757,0.0,NORMAL,1.9,0.0089,3.6,2026-07-23T11:14:08.751538,0,NORMAL
25,False,0.2434,0.0,WATCH,1.16,0.0099,4.1,2026-07-23T11:14:08.759438,0,NORMAL
23,False,0.2649,0.0,NORMAL,1.6,0.0066,3.9,2026-07-23T11:14:08.767447,0,NORMAL
22,False,0.2709,0.0,NORMAL,2.48,0.011,3.3,2026-07-23T11:14:08.775461,0,NORMAL
27,False,0.2298,0.0,WATCH,2.81,0.0138,1.7,2026-07-23T11:14:08.783555,0,NORMAL
33,False,0.1662,0.0,WATCH,1.38,0.0019,11.9,2026-07-23T11:14:08.791390,0,NORMAL
25,False,0.2453,0.0,WATCH,1.7,0.0115,10.6,2026-07-23T11:14:08.799333,0,NORMAL
24,False,0.253,0.0,NORMAL,1.99,0.0147,1.5,2026-07-23T11:14:08.807265,0,NORMAL
24,False,0.2562,0.0,NORMAL,2.14,0.0079,9.7,2026-07-23T11:14:08.815254,0,NORMAL
22,False,0.2719,0.0,NORMAL,1.6,0.0135,3.8,2026-07-23T11:14:08.823206,0,NORMAL
29,False,0.2061,0.0,WATCH,2.21,0.0241,5.4,2026-07-23T11:14:08.831155,0,NORMAL
21,False,0.2831,0.0,NORMAL,1.76,0.0095,4.8,2026-07-23T11:14:08.839105,0,NORMAL
22,False,0.2724,0.0,NORMAL,1.99,0.012,3.0,2026-07-23T11:14:08.847115,0,NORMAL
23,False,0.2654,0.0,NORMAL,2.27,0.0063,8.0,2026-07-23T11:14:08.855063,0,NORMAL
21,False,0.285,0.0,NORMAL,2.0,0.0109,5.4,2026-07-23T11:14:08.863091,0,NORMAL
22,False,0.2754,0.0,NORMAL,1.78,0.0123,3.6,2026-07-23T11:14:08.871049,0,NORMAL
24,False,0.2535,0.0,NORMAL,1.95,0.011,1.1,2026-07-23T11:14:08.878961,0,NORMAL
25,False,0.2498,0.0,WATCH,1.96,0.0049,2.3,2026-07-23T11:14:08.886960,0,NORMAL
26,False,0.2366,0.0,WATCH,1.81,0.011,0.1,2026-07-23T11:14:08.894768,0,NORMAL
23,False,0.2615,0.0,NORMAL,1.87,0.0173,5.0,2026-07-23T11:14:08.902695,0,NORMAL
26,False,0.2316,0.0,WATCH,2.8,0.0122,1.4,2026-07-23T11:14:08.910819,0,NORMAL
22,False,0.2771,0.0,NORMAL,2.28,0.0148,4.2,2026-07-23T11:14:08.918884,0,NORMAL
24,False,0.259,0.0,NORMAL,1.85,0.0088,9.1,2026-07-23T11:14:08.926709,0,NORMAL
23,False,0.2671,0.0,NORMAL,2.35,0.0137,8.6,2026-07-23T11:14:08.934670,0,NORMAL
21,False,0.2842,0.0,NORMAL,1.83,0.0114,4.9,2026-07-23T11:14:08.942633,0,NORMAL
24,False,0.2584,0.0,NORMAL,2.59,0.0052,4.7,2026-07-23T11:14:08.950679,0,NORMAL
24,False,0.2534,0.0,NORMAL,2.18,0.0116,10.6,2026-07-23T11:14:08.958967,0,NORMAL
23,False,0.2645,0.0,NORMAL,1.95,0.005,6.6,2026-07-23T11:14:08.967484,0,NORMAL
22,False,0.2733,0.0,NORMAL,2.22,0.0068,4.0,2026-07-23T11:14:08.976151,0,NORMAL
28,False,0.2123,0.0,WATCH,1.21,0.0109,0.7,2026-07-23T11:14:08.984315,0,NORMAL
22,False,0.2715,0.0,NORMAL,1.44,0.0115,6.2,2026-07-23T11:14:08.992344,0,NORMAL
26,False,0.2325,0.0,WATCH,1.4,0.0041,7.5,2026-07-23T11:14:09.000486,0,NORMAL
23,False,0.2679,0.0,NORMAL,2.07,0.0153,3.1,2026-07-23T11:14:09.008490,0,NORMAL
23,False,0.2637,0.0,NORMAL,2.87,0.0129,5.9,2026-07-23T11:14:09.016544,0,NORMAL
27,False,0.2229,0.0,WATCH,3.12,0.0065,3.9,2026-07-23T11:14:09.024580,0,NORMAL
26,False,0.2393,0.0,WATCH,2.32,0.0023,4.4,2026-07-23T11:14:09.032696,0,NORMAL
26,False,0.2335,0.0,WATCH,2.25,0.0093,0.0,2026-07-23T11:14:09.040766,0,NORMAL
25,False,0.242,0.0,WATCH,1.1,0.0078,4.3,2026-07-23T11:14:09.048636,0,NORMAL
22,False,0.2702,0.0,NORMAL,1.73,0.0106,7.9,2026-07-23T11:14:09.056619,0,NORMAL
23,False,0.2625,0.0,NORMAL,1.61,0.0082,3.1,2026-07-23T11:14:09.064565,0,NORMAL
29,False,0.2047,0.0,WATCH,1.69,0.0,5.2,2026-07-23T11:14:09.072495,0,NORMAL
23,False,0.2679,0.0,NORMAL,1.92,0.0081,2.7,2026-07-23T11:14:09.080425,0,NORMAL
22,False,0.2787,0.0,NORMAL,1.76,0.0085,6.1,2026-07-23T11:14:09.088390,0,NORMAL
26,False,0.2352,0.0,WATCH,1.01,0.0132,4.4,2026-07-23T11:14:09.096347,0,NORMAL
24,False,0.2503,0.0,NORMAL,2.37,0.0065,2.2,2026-07-23T11:14:09.104317,0,NORMAL
26,False,0.232,0.0,WATCH,1.46,0.0184,9.0,2026-07-23T11:14:09.112294,0,NORMAL
29,False,0.205,0.0,WATCH,2.12,0.0004,7.8,2026-07-23T11:14:09.120139,0,NORMAL
27,False,0.2221,0.0,WATCH,3.04,0.0166,3.2,2026-07-23T11:14:09.128074,0,NORMAL
22,False,0.2735,0.0,NORMAL,1.54,0.0089,6.5,2026-07-23T11:14:09.136009,0,NORMAL
28,False,0.2118,0.0,WATCH,0.73,0.0143,6.6,2026-07-23T11:14:09.143994,0,NORMAL
22,False,0.279,0.0,NORMAL,1.86,0.0104,6.9,2026-07-23T11:14:09.151955,0,NORMAL
28,False,0.2103,0.0,WATCH,2.55,0.0157,0.0,2026-07-23T11:14:09.159847,0,NORMAL
26,False,0.2389,0.0,WATCH,2.98,0.0081,8.0,2026-07-23T11:14:09.167840,0,NORMAL
26,False,0.2365,0.0,WATCH,1.39,0.0045,3.3,2026-07-23T11:14:09.176017,0,NORMAL
24,False,0.259,0.0,NORMAL,2.25,0.0171,3.9,2026-07-23T11:14:09.184034,0,NORMAL
28,False,0.2193,0.0,WATCH,1.77,0.0094,12.9,2026-07-23T11:14:09.192052,0,NORMAL
21,False,0.2855,0.0,NORMAL,1.95,0.0111,5.9,2026-07-23T11:14:09.200077,0,NORMAL
28,False,0.2151,0.0,WATCH,3.32,0.0162,3.8,2026-07-23T11:14:09.208008,0,NORMAL
32,False,0.1748,0.0,WATCH,1.25,0.0048,0.0,2026-07-23T11:14:09.215972,0,NORMAL
23,False,0.2672,0.0,NORMAL,2.13,0.013,9.2,2026-07-23T11:14:09.224053,0,NORMAL
26,False,0.2394,0.0,WATCH,2.23,0.0071,1.0,2026-07-23T11:14:09.231934,0,NORMAL
24,False,0.2516,0.0,NORMAL,2.54,0.0093,2.0,2026-07-23T11:14:09.240017,0,NORMAL
21,False,0.2807,0.0,NORMAL,2.05,0.0104,4.0,2026-07-23T11:14:09.247916,0,NORMAL
26,False,0.2306,0.0,WATCH,2.15,0.0025,9.2,2026-07-23T11:14:09.255861,0,NORMAL
23,False,0.2629,0.0,NORMAL,1.8,0.0061,7.3,2026-07-23T11:14:09.264027,0,NORMAL
23,False,0.2682,0.0,NORMAL,2.13,0.0168,4.5,2026-07-23T11:14:09.272000,0,NORMAL
22,False,0.2791,0.0,NORMAL,1.83,0.0144,5.9,2026-07-23T11:14:09.280014,0,NORMAL
22,False,0.2726,0.0,NORMAL,2.31,0.0097,3.2,2026-07-23T11:14:09.288140,0,NORMAL
21,False,0.2846,0.0,NORMAL,1.82,0.0112,5.4,2026-07-23T11:14:09.296116,0,NORMAL
21,False,0.2828,0.0,NORMAL,2.19,0.0085,5.2,2026-07-23T11:14:09.304075,0,NORMAL
23,False,0.2611,0.0,NORMAL,1.99,0.0168,7.9,2026-07-23T11:14:09.311993,0,NORMAL
23,False,0.2666,0.0,NORMAL,2.56,0.009,7.9,2026-07-23T11:14:09.319962,0,NORMAL
21,False,0.2844,0.0,NORMAL,1.97,0.0112,6.5,2026-07-23T11:14:09.328053,0,NORMAL
26,False,0.2338,0.0,WATCH,1.11,0.0157,3.9,2026-07-23T11:14:09.336146,0,NORMAL
24,False,0.2542,0.0,NORMAL,2.63,0.0061,7.2,2026-07-23T11:14:09.344314,0,NORMAL
24,False,0.2558,0.0,NORMAL,1.55,0.0178,4.7,2026-07-23T11:14:09.352203,0,NORMAL
29,False,0.2028,0.0,WATCH,1.67,0.0023,1.8,2026-07-23T11:14:09.360188,0,NORMAL
25,False,0.245,0.0,WATCH,1.7,0.0181,3.8,2026-07-23T11:14:09.368120,0,NORMAL
23,False,0.2684,0.0,NORMAL,2.69,0.0081,5.3,2026-07-23T11:14:09.376148,0,NORMAL
28,False,0.2143,0.0,WATCH,0.93,0.0088,7.7,2026-07-23T11:14:09.384146,0,NORMAL
35,False,0.1473,0.0,WATCH,3.57,0.0005,4.4,2026-07-23T11:14:09.392229,0,NORMAL
25,False,0.2415,0.0,WATCH,2.53,0.0077,1.4,2026-07-23T11:14:09.400097,0,NORMAL
23,False,0.2659,0.0,NORMAL,2.11,0.0048,5.2,2026-07-23T11:14:09.408014,0,NORMAL
22,False,0.2758,0.0,NORMAL,1.97,0.007,5.3,2026-07-23T11:14:09.416036,0,NORMAL
21,False,0.2835,0.0,NORMAL,2.14,0.0093,5.6,2026-07-23T11:14:09.424113,0,NORMAL
22,False,0.2737,0.0,NORMAL,2.26,0.0148,7.8,2026-07-23T11:14:09.432075,0,NORMAL
22,False,0.273,0.0,NORMAL,2.32,0.011,8.1,2026-07-23T11:14:09.440128,0,NORMAL
22,False,0.2754,0.0,NORMAL,2.28,0.0115,3.2,2026-07-23T11:14:09.448097,0,NORMAL
24,False,0.2561,0.0,NORMAL,2.04,0.0045,3.2,2026-07-23T11:14:09.456027,0,NORMAL
25,False,0.246,0.0,WATCH,1.9,0.0056,1.9,2026-07-23T11:14:09.463914,0,NORMAL
25,False,0.2479,0.0,WATCH,1.92,0.019,7.1,2026-07-23T11:14:09.471885,0,NORMAL
24,False,0.2512,0.0,NORMAL,1.9,0.0063,9.3,2026-07-23T11:14:09.479781,0,NORMAL
25,False,0.247,0.0,WATCH,2.57,0.0183,4.1,2026-07-23T11:14:09.487748,0,NORMAL
21,False,0.2802,0.0,NORMAL,2.3,0.0088,4.3,2026-07-23T11:14:09.495756,0,NORMAL
31,False,0.1808,0.0,WATCH,0.53,0.01,9.4,2026-07-23T11:14:09.503749,0,NORMAL
22,False,0.2718,0.0,NORMAL,2.33,0.0154,6.5,2026-07-23T11:14:09.511575,0,NORMAL
23,False,0.2693,0.0,NORMAL,2.1,0.0164,6.3,2026-07-23T11:14:09.519533,0,NORMAL
24,False,0.2579,0.0,NORMAL,1.99,0.0094,1.4,2026-07-23T11:14:09.527523,0,NORMAL
22,False,0.2723,0.0,NORMAL,1.81,0.0081,7.0,2026-07-23T11:14:09.535518,0,NORMAL
24,False,0.2547,0.0,NORMAL,2.56,0.0097,2.2,2026-07-23T11:14:09.543507,0,NORMAL
24,False,0.2503,0.0,NORMAL,2.47,0.0117,1.6,2026-07-23T11:14:09.551408,0,NORMAL
23,False,0.2684,0.0,NORMAL,1.61,0.0145,4.0,2026-07-23T11:14:09.559373,0,NORMAL
22,False,0.2769,0.0,NORMAL,2.2,0.01,3.2,2026-07-23T11:14:09.567536,0,NORMAL
22,False,0.273,0.0,NORMAL,1.51,0.0131,4.3,2026-07-23T11:14:09.575673,0,NORMAL
32,False,0.1794,0.0,WATCH,1.31,0.0182,0.7,2026-07-23T11:14:09.583588,0,NORMAL
23,False,0.2676,0.0,NORMAL,1.69,0.0119,7.9,2026-07-23T11:14:09.591477,0,NORMAL
23,False,0.2689,0.0,NORMAL,2.43,0.0116,8.4,2026-07-23T11:14:09.599392,0,NORMAL
31,False,0.1803,0.0,WATCH,2.48,0.0024,0.0,2026-07-23T11:14:09.607296,0,NORMAL
29,False,0.2026,0.0,WATCH,2.26,0.0,7.9,2026-07-23T11:14:09.615242,0,NORMAL
23,False,0.2671,0.0,NORMAL,2.36,0.0119,2.6,2026-07-23T11:14:09.623113,0,NORMAL
22,False,0.2754,0.0,NORMAL,2.26,0.0095,7.6,2026-07-23T11:14:09.631108,0,NORMAL
22,False,0.2761,0.0,NORMAL,1.68,0.0074,4.8,2026-07-23T11:14:09.639120,0,NORMAL
21,False,0.285,0.0,NORMAL,2.22,0.0112,5.1,2026-07-23T11:14:09.647263,0,NORMAL
21,False,0.2803,0.0,NORMAL,2.4,0.0097,4.4,2026-07-23T11:14:09.655310,0,NORMAL
23,False,0.2621,0.0,NORMAL,2.38,0.0156,8.6,2026-07-23T11:14:09.663280,0,NORMAL
25,False,0.2456,0.0,WATCH,2.59,0.0104,1.3,2026-07-23T11:14:09.671317,0,NORMAL
23,False,0.2651,0.0,NORMAL,2.35,0.0063,6.8,2026-07-23T11:14:09.679427,0,NORMAL
23,False,0.2694,0.0,NORMAL,2.18,0.015,8.3,2026-07-23T11:14:09.687492,0,NORMAL
22,False,0.2709,0.0,NORMAL,2.54,0.0089,7.1,2026-07-23T11:14:09.695538,0,NORMAL
26,False,0.2304,0.0,WATCH,1.99,0.0126,12.0,2026-07-23T11:14:09.703449,0,NORMAL
23,False,0.2638,0.0,NORMAL,1.56,0.0076,3.4,2026-07-23T11:14:09.711434,0,NORMAL
23,False,0.2629,0.0,NORMAL,1.92,0.0068,7.9,2026-07-23T11:14:09.719422,0,NORMAL
22,False,0.2792,0.0,NORMAL,1.63,0.0104,4.7,2026-07-23T11:14:09.727410,0,NORMAL
24,False,0.2592,0.0,NORMAL,1.66,0.0101,8.7,2026-07-23T11:14:09.735350,0,NORMAL
21,False,0.2842,0.0,NORMAL,1.93,0.0124,5.0,2026-07-23T11:14:09.743274,0,NORMAL
22,False,0.2705,0.0,NORMAL,1.6,0.0087,3.8,2026-07-23T11:14:09.751167,0,NORMAL
30,False,0.1961,0.0,WATCH,1.85,0.0008,8.9,2026-07-23T11:14:09.759099,0,NORMAL
27,False,0.2276,0.0,WATCH,1.05,0.0078,3.5,2026-07-23T11:14:09.767024,0,NORMAL
25,False,0.2464,0.0,WATCH,2.11,0.014,0.8,2026-07-23T11:14:09.775075,0,NORMAL
22,False,0.275,0.0,NORMAL,2.0,0.0085,3.4,2026-07-23T11:14:09.783174,0,NORMAL
22,False,0.2705,0.0,NORMAL,1.59,0.0088,6.9,2026-07-23T11:14:09.791042,0,NORMAL
23,False,0.2621,0.0,NORMAL,2.33,0.0149,9.2,2026-07-23T11:14:09.799162,0,NORMAL
23,False,0.2677,0.0,NORMAL,2.47,0.0064,5.3,2026-07-23T11:14:09.807169,0,NORMAL
31,False,0.1855,0.0,WATCH,1.2,0.0023,9.0,2026-07-23T11:14:09.815140,0,NORMAL
25,False,0.2431,0.0,WATCH,1.62,0.0092,0.9,2026-07-23T11:14:09.823063,0,NORMAL
23,False,0.2675,0.0,NORMAL,1.62,0.0076,3.7,2026-07-23T11:14:09.830935,0,NORMAL
24,False,0.2549,0.0,NORMAL,1.53,0.0052,4.1,2026-07-23T11:14:09.838869,0,NORMAL
22,False,0.2783,0.0,NORMAL,2.41,0.0091,4.7,2026-07-23T11:14:09.846937,0,NORMAL
21,False,0.2849,0.0,NORMAL,1.9,0.0125,5.3,2026-07-23T11:14:09.855053,0,NORMAL
22,False,0.2755,0.0,NORMAL,1.87,0.01,7.1,2026-07-23T11:14:09.863065,0,NORMAL
27,False,0.2267,0.0,WATCH,1.0,0.0115,3.7,2026-07-23T11:14:09.870908,0,NORMAL
25,False,0.2498,0.0,WATCH,2.32,0.0191,5.4,2026-07-23T11:14:09.878854,0,NORMAL
23,False,0.2632,0.0,NORMAL,1.38,0.0083,4.9,2026-07-23T11:14:09.886913,0,NORMAL
23,False,0.2647,0.0,NORMAL,2.03,0.0114,2.2,2026-07-23T11:14:09.894899,0,NORMAL
21,False,0.2805,0.0,NORMAL,2.14,0.0075,4.7,2026-07-23T11:14:09.902864,0,NORMAL
24,False,0.2571,0.0,NORMAL,2.68,0.0058,4.6,2026-07-23T11:14:09.910711,0,NORMAL
24,False,0.2584,0.0,NORMAL,1.35,0.0071,4.5,2026-07-23T11:14:09.918678,0,NORMAL
30,False,0.1969,0.0,WATCH,0.49,0.0076,5.1,2026-07-23T11:14:09.926695,0,NORMAL
21,False,0.2831,0.0,NORMAL,2.09,0.0118,5.2,2026-07-23T11:14:09.934569,0,NORMAL
30,False,0.1987,0.0,WATCH,2.9,0.0217,3.7,2026-07-23T11:14:09.942522,0,NORMAL
25,False,0.2484,0.0,WATCH,2.62,0.0064,8.8,2026-07-23T11:14:09.950355,0,NORMAL
24,False,0.2531,0.0,NORMAL,2.1,0.0079,1.5,2026-07-23T11:14:09.958240,0,NORMAL
22,False,0.2704,0.0,NORMAL,1.75,0.0097,2.8,2026-07-23T11:14:09.966239,0,NORMAL
28,False,0.2199,0.0,WATCH,2.4,0.012,13.3,2026-07-23T11:14:09.974155,0,NORMAL
24,False,0.2513,0.0,NORMAL,1.51,0.0113,1.9,2026-07-23T11:14:09.982112,0,NORMAL
27,False,0.226,0.0,WATCH,2.24,0.0164,0.9,2026-07-23T11:14:09.990065,0,NORMAL
29,False,0.2042,0.0,WATCH,2.25,0.0,7.2,2026-07-23T11:14:09.998013,0,NORMAL
35,False,0.1474,0.0,WATCH,2.53,0.0,0.0,2026-07-23T11:14:10.005988,0,NORMAL
28,False,0.2165,0.0,WATCH,3.38,0.0075,4.3,2026-07-23T11:14:10.013812,0,NORMAL
26,False,0.2399,0.0,WATCH,2.2,0.0155,11.4,2026-07-23T11:14:10.021909,0,NORMAL
31,False,0.1821,0.0,WATCH,1.75,0.0022,0.4,2026-07-23T11:14:10.029879,0,NORMAL
34,False,0.1532,0.0,WATCH,1.99,0.0,0.0,2026-07-23T11:14:10.037800,0,NORMAL
30,False,0.1974,0.0,WATCH,1.12,0.0129,0.5,2026-07-23T11:14:10.045729,0,NORMAL
23,False,0.2684,0.0,NORMAL,1.65,0.0112,7.7,2026-07-23T11:14:10.053660,0,NORMAL
25,False,0.2493,0.0,WATCH,1.8,0.0045,8.4,2026-07-23T11:14:10.061710,0,NORMAL
24,False,0.257,0.0,NORMAL,1.74,0.0051,3.5,2026-07-23T11:14:10.069836,0,NORMAL
23,False,0.2634,0.0,NORMAL,2.08,0.0052,7.0,2026-07-23T11:14:10.077870,0,NORMAL
24,False,0.2557,0.0,NORMAL,1.59,0.0106,9.2,2026-07-23T11:14:10.085904,0,NORMAL
25,False,0.2424,0.0,WATCH,2.56,0.0069,10.4,2026-07-23T11:14:10.094046,0,NORMAL
21,False,0.2828,0.0,NORMAL,2.0,0.0125,4.3,2026-07-23T11:14:10.101963,0,NORMAL
34,False,0.1537,0.0,WATCH,2.0,0.0,0.0,2026-07-23T11:14:10.109965,0,NORMAL
24,False,0.2561,0.0,NORMAL,1.84,0.0057,2.5,2026-07-23T11:14:10.117980,0,NORMAL
23,False,0.2602,0.0,NORMAL,2.08,0.0044,3.7,2026-07-23T11:14:10.125904,0,NORMAL
22,False,0.2755,0.0,NORMAL,2.41,0.0087,4.2,2026-07-23T11:14:10.133787,0,NORMAL
22,False,0.2712,0.0,NORMAL,1.57,0.0073,4.4,2026-07-23T11:14:10.141736,0,NORMAL
23,False,0.2646,0.0,NORMAL,1.67,0.014,8.4,2026-07-23T11:14:10.149701,0,NORMAL
30,False,0.1941,0.0,WATCH,1.85,0.0007,8.8,2026-07-23T11:14:10.157527,0,NORMAL
23,False,0.2607,0.0,NORMAL,1.33,0.0102,4.5,2026-07-23T11:14:10.165698,0,NORMAL
23,False,0.2631,0.0,NORMAL,1.59,0.0128,8.3,2026-07-23T11:14:10.173802,0,NORMAL
25,False,0.2481,0.0,WATCH,1.76,0.0193,6.1,2026-07-23T11:14:10.181932,0,NORMAL
22,False,0.2746,0.0,NORMAL,2.44,0.0076,5.2,2026-07-23T11:14:10.189872,0,NORMAL
22,False,0.2761,0.0,NORMAL,2.13,0.0116,7.7,2026-07-23T11:14:10.197807,0,NORMAL
27,False,0.2244,0.0,WATCH,2.1,0.001,5.2,2026-07-23T11:14:10.205740,0,NORMAL
33,False,0.1699,0.0,WATCH,2.43,0.0,11.2,2026-07-23T11:14:10.213708,0,NORMAL
25,False,0.2434,0.0,WATCH,1.93,0.0142,0.7,2026-07-23T11:14:10.221668,0,NORMAL
22,False,0.2769,0.0,NORMAL,2.2,0.01,3.5,2026-07-23T11:14:10.229619,0,NORMAL
22,False,0.274,0.0,NORMAL,1.95,0.0159,4.6,2026-07-23T11:14:10.237739,0,NORMAL
24,False,0.2529,0.0,NORMAL,2.13,0.0031,6.3,2026-07-23T11:14:10.245737,0,NORMAL
23,False,0.2605,0.0,NORMAL,1.71,0.0126,8.8,2026-07-23T11:14:10.253626,0,NORMAL
31,False,0.1848,0.0,WATCH,0.78,0.0193,4.9,2026-07-23T11:14:10.261492,0,NORMAL
25,False,0.2487,0.0,WATCH,1.93,0.0121,0.7,2026-07-23T11:14:10.269444,0,NORMAL
23,False,0.2688,0.0,NORMAL,2.71,0.0114,7.5,2026-07-23T11:14:10.277444,0,NORMAL
22,False,0.2728,0.0,NORMAL,2.46,0.01,7.3,2026-07-23T11:14:10.285377,0,NORMAL
32,False,0.1761,0.0,WATCH,2.48,0.0021,0.0,2026-07-23T11:14:10.293334,0,NORMAL
24,False,0.2593,0.0,NORMAL,2.62,0.0168,5.0,2026-07-23T11:14:10.301249,0,NORMAL
27,False,0.2291,0.0,WATCH,2.04,0.0069,0.2,2026-07-23T11:14:10.309223,0,NORMAL
22,False,0.2729,0.0,NORMAL,2.1,0.0125,3.0,2026-07-23T11:14:10.317225,0,NORMAL
29,False,0.2073,0.0,WATCH,1.69,0.0022,2.3,2026-07-23T11:14:10.325159,0,NORMAL
24,False,0.2537,0.0,NORMAL,1.84,0.0041,7.4,2026-07-23T11:14:10.333060,0,NORMAL
23,False,0.2623,0.0,NORMAL,2.31,0.0172,5.4,2026-07-23T11:14:10.341013,0,NORMAL
26,False,0.2336,0.0,WATCH,2.6,0.0083,1.1,2026-07-23T11:14:10.348972,0,NORMAL
24,False,0.2589,0.0,NORMAL,1.93,0.0173,7.6,2026-07-23T11:14:10.356943,0,NORMAL
25,False,0.2447,0.0,WATCH,1.77,0.0096,0.7,2026-07-23T11:14:10.364877,0,NORMAL
28,False,0.2112,0.0,WATCH,2.0,0.0008,6.0,2026-07-23T11:14:10.372896,0,NORMAL
23,False,0.2636,0.0,NORMAL,2.3,0.0145,2.6,2026-07-23T11:14:10.380775,0,NORMAL
25,False,0.2483,0.0,WATCH,1.28,0.0071,3.9,2026-07-23T11:14:10.388730,0,NORMAL
27,False,0.2254,0.0,WATCH,0.85,0.0135,6.5,2026-07-23T11:14:10.396831,0,NORMAL
22,False,0.2795,0.0,NORMAL,1.72,0.0101,6.6,2026-07-23T11:14:10.404768,0,NORMAL
30,False,0.1999,0.0,WATCH,1.39,0.0023,9.0,2026-07-23T11:14:10.412681,0,NORMAL
21,False,0.2844,0.0,NORMAL,1.75,0.0108,4.8,2026-07-23T11:14:10.420612,0,NORMAL
27,False,0.2281,0.0,WATCH,1.93,0.021,5.9,2026-07-23T11:14:10.428496,0,NORMAL
22,False,0.2776,0.0,NORMAL,1.77,0.0125,3.7,2026-07-23T11:14:10.436447,0,NORMAL
22,False,0.2704,0.0,NORMAL,2.73,0.0097,5.5,2026-07-23T11:14:10.444458,0,NORMAL
22,False,0.274,0.0,NORMAL,2.16,0.0154,6.3,2026-07-23T11:14:10.452397,0,NORMAL
21,False,0.2851,0.0,NORMAL,2.15,0.0111,4.7,2026-07-23T11:14:10.460497,0,NORMAL
26,False,0.2343,0.0,WATCH,2.31,0.011,0.0,2026-07-23T11:14:10.468424,0,NORMAL
25,False,0.2488,0.0,WATCH,1.43,0.0045,6.0,2026-07-23T11:14:10.476362,0,NORMAL
22,False,0.2799,0.0,NORMAL,2.52,0.0112,6.1,2026-07-23T11:14:10.484260,0,NORMAL
23,False,0.266,0.0,NORMAL,1.96,0.0152,3.0,2026-07-23T11:14:10.492244,0,NORMAL
26,False,0.2341,0.0,WATCH,2.34,0.0058,1.1,2026-07-23T11:14:10.500201,0,NORMAL
26,False,0.2344,0.0,WATCH,1.46,0.0171,9.4,2026-07-23T11:14:10.508095,0,NORMAL
24,False,0.2558,0.0,NORMAL,1.22,0.0095,6.5,2026-07-23T11:14:10.515986,0,NORMAL
23,False,0.264,0.0,NORMAL,2.41,0.0056,4.3,2026-07-23T11:14:10.523952,0,NORMAL
24,False,0.2533,0.0,NORMAL,2.19,0.015,1.6,2026-07-23T11:14:10.531926,0,NORMAL
24,False,0.2599,0.0,NORMAL,1.55,0.0086,2.5,2026-07-23T11:14:10.539915,0,NORMAL
24,False,0.2549,0.0,NORMAL,1.57,0.0138,8.9,2026-07-23T11:14:10.547864,0,NORMAL
22,False,0.2729,0.0,NORMAL,2.56,0.0085,5.4,2026-07-23T11:14:10.555835,0,NORMAL
24,False,0.2564,0.0,NORMAL,1.41,0.0097,3.3,2026-07-23T11:14:10.563779,0,NORMAL
23,False,0.2649,0.0,NORMAL,2.82,0.0125,6.5,2026-07-23T11:14:10.571664,0,NORMAL
23,False,0.2633,0.0,NORMAL,1.55,0.0115,2.6,2026-07-23T11:14:10.579565,0,NORMAL
30,False,0.1913,0.0,WATCH,2.32,0.0,9.5,2026-07-23T11:14:10.587662,0,NORMAL
25,False,0.2415,0.0,WATCH,1.84,0.0044,9.1,2026-07-23T11:14:10.595698,0,NORMAL
22,False,0.2715,0.0,NORMAL,2.3,0.0146,3.6,2026-07-23T11:14:10.603689,0,NORMAL
23,False,0.2683,0.0,NORMAL,1.73,0.0093,3.1,2026-07-23T11:14:10.611556,0,NORMAL
26,False,0.2318,0.0,WATCH,1.92,0.0074,0.0,2026-07-23T11:14:10.619493,0,NORMAL
29,False,0.2086,0.0,WATCH,2.02,0.0032,0.6,2026-07-23T11:14:10.627448,0,NORMAL
28,False,0.2143,0.0,WATCH,1.5,0.0046,1.0,2026-07-23T11:14:10.635440,0,NORMAL
29,False,0.2041,0.0,WATCH,2.37,0.0,5.4,2026-07-23T11:14:10.643421,0,NORMAL
22,False,0.2784,0.0,NORMAL,1.74,0.0095,4.0,2026-07-23T11:14:10.651328,0,NORMAL
26,False,0.2392,0.0,WATCH,1.89,0.007,1.0,2026-07-23T11:14:10.659304,0,NORMAL
24,False,0.2534,0.0,NORMAL,1.5,0.0052,4.2,2026-07-23T11:14:10.667309,0,NORMAL
28,False,0.2101,0.0,WATCH,0.72,0.0097,6.5,2026-07-23T11:14:10.675443,0,NORMAL
21,False,0.2816,0.0,NORMAL,1.9,0.0118,6.6,2026-07-23T11:14:10.683472,0,NORMAL
35,False,0.1455,0.0,WATCH,3.21,0.0205,0.0,2026-07-23T11:14:10.691418,0,NORMAL
26,False,0.2362,0.0,WATCH,2.39,0.0024,4.6,2026-07-23T11:14:10.699288,0,NORMAL
26,False,0.234,0.0,WATCH,1.99,0.0158,0.8,2026-07-23T11:14:10.707212,0,NORMAL
22,False,0.2703,0.0,NORMAL,1.87,0.0149,7.7,2026-07-23T11:14:10.715349,0,NORMAL
23,False,0.2643,0.0,NORMAL,2.01,0.0061,7.4,2026-07-23T11:14:10.723355,0,NORMAL
23,False,0.2666,0.0,NORMAL,2.27,0.011,2.3,2026-07-23T11:14:10.731309,0,NORMAL
25,False,0.2477,0.0,WATCH,1.41,0.0077,2.7,2026-07-23T11:14:10.739465,0,NORMAL
22,False,0.2705,0.0,NORMAL,2.56,0.0109,3.6,2026-07-23T11:14:10.747450,0,NORMAL
30,False,0.1976,0.0,WATCH,2.36,0.0175,0.0,2026-07-23T11:14:10.755383,0,NORMAL
21,False,0.2806,0.0,NORMAL,2.36,0.013,6.0,2026-07-23T11:14:10.763427,0,NORMAL
21,False,0.282,0.0,NORMAL,2.22,0.0125,4.2,2026-07-23T11:14:10.771398,0,NORMAL
23,False,0.2679,0.0,NORMAL,2.01,0.0078,7.9,2026-07-23T11:14:10.779366,0,NORMAL
29,False,0.2078,0.0,WATCH,2.34,0.0026,1.7,2026-07-23T11:14:10.787321,0,NORMAL
22,False,0.2708,0.0,NORMAL,2.3,0.009,3.1,2026-07-23T11:14:10.795253,0,NORMAL
27,False,0.2206,0.0,WATCH,1.82,0.016,0.5,2026-07-23T11:14:10.803181,0,NORMAL
29,False,0.2078,0.0,WATCH,1.71,0.0024,2.0,2026-07-23T11:14:10.811168,0,NORMAL
26,False,0.2347,0.0,WATCH,2.05,0.0047,1.5,2026-07-23T11:14:10.819045,0,NORMAL
23,False,0.2607,0.0,NORMAL,2.77,0.0106,8.0,2026-07-23T11:14:10.826981,0,NORMAL
26,False,0.2339,0.0,WATCH,1.38,0.0051,2.9,2026-07-23T11:14:10.834931,0,NORMAL
25,False,0.2485,0.0,WATCH,1.27,0.006,5.4,2026-07-23T11:14:10.843059,0,NORMAL
22,False,0.2745,0.0,NORMAL,2.08,0.0079,3.9,2026-07-23T11:14:10.851107,0,NORMAL
28,False,0.2168,0.0,WATCH,2.03,0.0032,1.2,2026-07-23T11:14:10.859121,0,NORMAL
23,False,0.2683,0.0,NORMAL,2.09,0.0051,4.5,2026-07-23T11:14:10.866870,0,NORMAL
21,False,0.2828,0.0,NORMAL,2.12,0.0135,6.8,2026-07-23T11:14:10.874732,0,NORMAL
27,False,0.2201,0.0,WATCH,1.89,0.0035,1.4,2026-07-23T11:14:10.882650,0,NORMAL
28,False,0.2114,0.0,WATCH,2.74,0.002,7.4,2026-07-23T11:14:10.890713,0,NORMAL
27,False,0.2246,0.0,WATCH,1.2,0.0068,2.5,2026-07-23T11:14:10.898641,0,NORMAL
22,False,0.2712,0.0,NORMAL,1.59,0.0137,3.6,2026-07-23T11:14:10.906535,0,NORMAL
21,False,0.2819,0.0,NORMAL,1.95,0.009,6.6,2026-07-23T11:14:10.914508,0,NORMAL
26,False,0.2329,0.0,WATCH,1.18,0.0077,3.0,2026-07-23T11:14:10.922416,0,NORMAL
21,False,0.2839,0.0,NORMAL,1.91,0.0102,5.1,2026-07-23T11:14:10.930304,0,NORMAL
30,False,0.1947,0.0,WATCH,2.83,0.0013,4.1,2026-07-23T11:14:10.938253,0,NORMAL
21,False,0.284,0.0,NORMAL,2.01,0.0125,5.4,2026-07-23T11:14:10.946215,0,NORMAL
26,False,0.2352,0.0,WATCH,2.12,0.0119,0.0,2026-07-23T11:14:10.954184,0,NORMAL
29,False,0.2064,0.0,WATCH,1.37,0.008,0.0,2026-07-23T11:14:10.962080,0,NORMAL
22,False,0.2721,0.0,NORMAL,1.69,0.015,6.8,2026-07-23T11:14:10.969985,0,NORMAL
24,False,0.2505,0.0,NORMAL,1.81,0.0044,8.1,2026-07-23T11:14:10.977932,0,NORMAL
24,False,0.2511,0.0,NORMAL,1.84,0.0156,2.3,2026-07-23T11:14:10.985866,0,NORMAL
22,False,0.2703,0.0,NORMAL,2.64,0.0108,4.3,2026-07-23T11:14:10.993969,0,NORMAL
22,False,0.2798,0.0,NORMAL,2.28,0.0083,5.9,2026-07-23T11:14:11.001994,0,NORMAL
23,False,0.2685,0.0,NORMAL,2.35,0.0142,3.1,2026-07-23T11:14:11.009975,1,WATCH
28,False,0.215,0.0,WATCH,1.0,0.0069,3.4,2026-07-23T11:14:11.017813,1,WATCH
26,False,0.2378,0.0,WATCH,1.59,0.0146,11.0,2026-07-23T11:14:11.025752,1,WATCH
31,False,0.19,0.0,WATCH,1.9,0.0,2.7,2026-07-23T11:14:11.033689,1,WATCH
28,False,0.2127,0.0,WATCH,2.46,0.0068,13.2,2026-07-23T11:14:11.041673,1,WATCH
29,False,0.2079,0.0,WATCH,3.43,0.0058,7.0,2026-07-23T11:14:11.049554,1,WATCH
23,False,0.2619,0.0,NORMAL,2.01,0.0042,6.0,2026-07-23T11:14:11.057717,1,WATCH
24,False,0.2577,0.0,NORMAL,1.4,0.0097,7.3,2026-07-23T11:14:11.065637,1,WATCH
28,False,0.2131,0.0,WATCH,2.4,0.0129,14.3,2026-07-23T11:14:11.073487,1,WATCH
26,False,0.2398,0.0,WATCH,2.93,0.0147,2.7,2026-07-23T11:14:11.081435,1,WATCH
23,False,0.2677,0.0,NORMAL,2.28,0.0124,2.3,2026-07-23T11:14:11.089429,1,WATCH
22,False,0.2721,0.0,NORMAL,1.74,0.0077,3.6,2026-07-23T11:14:11.097369,1,WATCH
23,False,0.2653,0.0,NORMAL,2.81,0.0133,6.5,2026-07-23T11:14:11.105319,1,WATCH
27,False,0.2218,0.0,WATCH,2.67,0.0121,0.4,2026-07-23T11:14:11.113198,1,WATCH
23,False,0.2668,0.0,NORMAL,1.72,0.0166,6.6,2026-07-23T11:14:11.121202,1,WATCH
27,False,0.2261,0.0,WATCH,2.56,0.0159,12.8,2026-07-23T11:14:11.129254,1,WATCH
24,False,0.2542,0.0,NORMAL,2.95,0.012,7.3,2026-07-23T11:14:11.137273,1,WATCH
26,False,0.2355,0.0,WATCH,3.08,0.007,5.8,2026-07-23T11:14:11.145245,1,WATCH
22,False,0.278,0.0,NORMAL,2.36,0.0084,4.7,2026-07-23T11:14:11.153090,1,WATCH
24,False,0.2536,0.0,NORMAL,2.21,0.0091,10.5,2026-07-23T11:14:11.161026,1,WATCH
26,False,0.2328,0.0,WATCH,3.2,0.0105,4.1,2026-07-23T11:14:11.169002,1,WATCH
28,False,0.2118,0.0,WATCH,1.72,0.0138,14.4,2026-07-23T11:14:11.177222,1,WATCH
30,False,0.1997,0.0,WATCH,2.76,0.0165,14.9,2026-07-23T11:14:11.185353,1,WATCH
23,False,0.2631,0.0,NORMAL,1.65,0.0123,8.6,2026-07-23T11:14:11.193238,1,WATCH
26,False,0.2361,0.0,WATCH,3.21,0.0128,7.6,2026-07-23T11:14:11.201125,1,WATCH
26,False,0.2344,0.0,WATCH,2.39,0.0136,11.9,2026-07-23T11:14:11.209019,1,WATCH
30,False,0.1935,0.0,WATCH,3.4,0.01,12.3,2026-07-23T11:14:11.216929,1,WATCH
24,False,0.2509,0.0,NORMAL,2.92,0.0077,4.7,2026-07-23T11:14:11.224803,1,WATCH
25,False,0.2459,0.0,WATCH,1.82,0.003,6.0,2026-07-23T11:14:11.232757,1,WATCH
29,False,0.2016,0.0,WATCH,3.59,0.0092,2.8,2026-07-23T11:14:11.240659,1,WATCH
30,False,0.1998,0.0,WATCH,3.71,0.0161,10.1,2026-07-23T11:14:11.248547,1,WATCH
29,False,0.2073,0.0,WATCH,3.29,0.0093,11.3,2026-07-23T11:14:11.256509,1,WATCH
22,False,0.2732,0.0,NORMAL,2.2,0.0122,2.8,2026-07-23T11:14:11.264432,1,WATCH
23,False,0.2649,0.0,NORMAL,2.53,0.0164,6.7,2026-07-23T11:14:11.272384,1,WATCH
27,False,0.225,0.0,WATCH,2.86,0.0169,3.0,2026-07-23T11:14:11.280312,1,WATCH
22,False,0.2784,0.0,NORMAL,2.29,0.0075,5.0,2026-07-23T11:14:11.288298,1,WATCH
32,False,0.1773,0.0,WATCH,3.99,0.02,11.5,2026-07-23T11:14:11.296279,1,WATCH
28,False,0.2144,0.0,WATCH,2.93,0.0209,5.9,2026-07-23T11:14:11.304315,1,WATCH
29,False,0.2087,0.0,WATCH,0.92,0.0074,7.9,2026-07-23T11:14:11.312382,1,WATCH
28,False,0.2154,0.0,WATCH,3.12,0.0093,2.0,2026-07-23T11:14:11.320391,1,WATCH
29,False,0.2099,0.0,WATCH,2.64,0.0218,10.3,2026-07-23T11:14:11.328368,1,WATCH
25,False,0.2481,0.0,WATCH,2.86,0.0137,9.4,2026-07-23T11:14:11.336199,1,WATCH
29,False,0.2037,0.0,WATCH,2.67,0.001,6.3,2026-07-23T11:14:11.344191,1,WATCH
30,False,0.1937,0.0,WATCH,3.56,0.0061,8.9,2026-07-23T11:14:11.352239,1,WATCH
30,False,0.1935,0.0,WATCH,3.82,0.0134,10.8,2026-07-23T11:14:11.360481,1,WATCH
26,False,0.2322,0.0,WATCH,3.22,0.0078,6.1,2026-07-23T11:14:11.368527,1,WATCH
24,False,0.255,0.0,NORMAL,2.77,0.0125,3.1,2026-07-23T11:14:11.376444,1,WATCH
32,False,0.1755,0.0,WATCH,3.02,0.0155,19.0,2026-07-23T11:14:11.384401,1,WATCH
31,False,0.1899,0.0,WATCH,3.09,0.0246,7.3,2026-07-23T11:14:11.392425,1,WATCH
24,False,0.2575,0.0,NORMAL,2.47,0.0136,10.0,2026-07-23T11:14:11.400343,1,WATCH
33,False,0.1642,0.0,WATCH,3.57,0.0224,15.6,2026-07-23T11:14:11.408299,1,WATCH
38,False,0.1184,0.0,WATCH,3.5,0.0249,28.3,2026-07-23T11:14:11.416221,1,WATCH
36,False,0.1331,0.0,WATCH,4.38,0.0251,4.5,2026-07-23T11:14:11.424298,1,WATCH
33,False,0.1671,0.0,WATCH,4.18,0.0178,13.2,2026-07-23T11:14:11.432334,1,WATCH
26,False,0.2319,0.0,WATCH,2.66,0.0033,7.4,2026-07-23T11:14:11.440206,1,WATCH
31,False,0.187,0.0,WATCH,3.89,0.0192,8.4,2026-07-23T11:14:11.448248,1,WATCH
29,False,0.2062,0.0,WATCH,2.48,0.0231,7.5,2026-07-23T11:14:11.456154,1,WATCH
30,False,0.1997,0.0,WATCH,3.84,0.0158,5.5,2026-07-23T11:14:11.464036,1,WATCH
33,False,0.1692,0.0,WATCH,2.87,0.028,11.3,2026-07-23T11:14:11.471916,1,WATCH
29,False,0.205,0.0,WATCH,2.47,0.0223,3.8,2026-07-23T11:14:11.479861,1,WATCH
33,False,0.1691,0.0,WATCH,3.57,0.0205,16.8,2026-07-23T11:14:11.487832,1,WATCH
35,False,0.1408,0.0,WATCH,1.11,0.0241,12.1,2026-07-23T11:14:11.495761,1,WATCH
30,False,0.1967,0.0,WATCH,1.9,0.0192,14.2,2026-07-23T11:14:11.503755,1,WATCH
34,False,0.1539,0.0,WATCH,3.26,0.0002,9.5,2026-07-23T11:14:11.511699,1,WATCH
29,False,0.2094,0.0,WATCH,3.5,0.0138,10.1,2026-07-23T11:14:11.519576,1,WATCH
33,False,0.1696,0.0,WATCH,3.13,0.0254,13.9,2026-07-23T11:14:11.527473,1,WATCH
21,False,0.2822,0.0,NORMAL,2.1,0.0118,5.9,2026-07-23T11:14:11.535485,1,WATCH
26,False,0.2373,0.0,WATCH,2.78,0.016,10.5,2026-07-23T11:14:11.543537,1,WATCH
30,False,0.1926,0.0,WATCH,3.86,0.0104,7.7,2026-07-23T11:14:11.551521,1,WATCH
36,False,0.135,0.0,WATCH,4.06,0.0301,7.6,2026-07-23T11:14:11.559463,1,WATCH
39,False,0.1028,0.0,WATCH,3.55,0.0295,0.7,2026-07-23T11:14:11.567467,1,WATCH
37,False,0.1244,0.0,WATCH,4.62,0.0118,20.7,2026-07-23T11:14:11.575282,1,WATCH
31,False,0.1842,0.0,WATCH,3.97,0.0191,9.1,2026-07-23T11:14:11.583227,1,WATCH
33,False,0.1693,0.0,WATCH,2.95,0.0134,20.0,2026-07-23T11:14:11.591212,1,WATCH
34,False,0.153,0.0,WATCH,3.4,0.0226,19.6,2026-07-23T11:14:11.599218,1,WATCH
28,False,0.2188,0.0,WATCH,2.39,0.022,5.8,2026-07-23T11:14:11.607064,1,WATCH
32,False,0.1761,0.0,WATCH,3.6,0.0243,7.0,2026-07-23T11:14:11.615052,1,WATCH
38,False,0.1141,0.0,WATCH,4.76,0.021,29.0,2026-07-23T11:14:11.622974,1,WATCH
40,False,0.0912,0.0,WATCH,4.38,0.0398,24.3,2026-07-23T11:14:11.630991,1,WATCH
37,False,0.1294,0.0,WATCH,5.09,0.0114,13.6,2026-07-23T11:14:11.639044,1,WATCH
34,False,0.1574,0.0,WATCH,3.5,0.0066,15.5,2026-07-23T11:14:11.647058,1,WATCH
35,False,0.1472,0.0,WATCH,5.09,0.0162,10.2,2026-07-23T11:14:11.655209,1,WATCH
34,False,0.1539,0.0,WATCH,3.65,0.0077,16.8,2026-07-23T11:14:11.663254,1,WATCH
36,False,0.1382,0.0,WATCH,5.27,0.0084,9.8,2026-07-23T11:14:11.671390,1,WATCH
32,False,0.1751,0.0,WATCH,3.86,0.012,1.6,2026-07-23T11:14:11.679560,1,WATCH
33,False,0.1668,0.0,WATCH,4.59,0.0127,6.1,2026-07-23T11:14:11.687545,1,WATCH
37,False,0.1295,0.0,WATCH,5.37,0.0125,14.7,2026-07-23T11:14:11.695513,1,WATCH
32,False,0.1703,0.0,WATCH,3.75,0.0236,7.5,2026-07-23T11:14:11.703469,1,WATCH
33,False,0.1668,0.0,WATCH,4.18,0.0161,14.4,2026-07-23T11:14:11.711418,1,WATCH
35,False,0.1456,0.0,WATCH,5.27,0.0186,8.0,2026-07-23T11:14:11.719418,1,WATCH
34,False,0.1564,0.0,WATCH,3.88,0.0268,10.0,2026-07-23T11:14:11.727439,1,WATCH
33,False,0.1691,0.0,WATCH,2.7,0.0144,20.8,2026-07-23T11:14:11.735538,1,WATCH
37,False,0.1297,0.0,WATCH,6.23,0.0183,16.9,2026-07-23T11:14:11.743567,1,WATCH
33,False,0.1605,0.0,WATCH,3.6,0.0232,15.3,2026-07-23T11:14:11.751556,1,WATCH
38,False,0.1164,0.0,WATCH,4.26,0.0057,21.4,2026-07-23T11:14:11.759471,1,WATCH
40,False,0.0967,0.0,WATCH,5.31,0.0024,18.8,2026-07-23T11:14:11.767439,1,WATCH
36,False,0.1316,0.0,WATCH,3.51,0.0234,25.5,2026-07-23T11:14:11.775464,1,WATCH
32,False,0.1745,0.0,WATCH,3.12,0.0246,12.7,2026-07-23T11:14:11.783401,1,WATCH
39,False,0.1021,0.0,WATCH,4.46,0.0369,13.0,2026-07-23T11:14:11.791296,1,WATCH
28,False,0.212,0.0,WATCH,2.32,0.0223,7.1,2026-07-23T11:14:11.799231,1,WATCH
34,False,0.1518,0.0,WATCH,3.93,0.0276,13.2,2026-07-23T11:14:11.807165,1,WATCH
35,False,0.1401,0.0,WATCH,4.52,0.0198,23.0,2026-07-23T11:14:11.815101,1,WATCH
36,False,0.1338,0.0,WATCH,3.99,0.0237,25.5,2026-07-23T11:14:11.823032,1,WATCH
40,False,0.0978,0.0,WATCH,2.64,0.0346,23.3,2026-07-23T11:14:11.830958,1,WATCH
38,False,0.1121,0.0,WATCH,6.05,0.0048,3.9,2026-07-23T11:14:11.838870,1,WATCH
36,False,0.1371,0.0,WATCH,4.46,0.025,24.4,2026-07-23T11:14:11.846709,1,WATCH
44,False,0.0586,0.0,WATCH,5.93,0.0388,3.7,2026-07-23T11:14:11.854642,1,WATCH
35,False,0.1416,0.0,WATCH,4.11,0.0242,23.4,2026-07-23T11:14:11.862509,1,WATCH
37,False,0.1208,0.0,WATCH,3.44,0.0353,14.4,2026-07-23T11:14:11.870473,1,WATCH
36,False,0.134,0.0,WATCH,4.73,0.0171,22.3,2026-07-23T11:14:11.878427,1,WATCH
34,False,0.1565,0.0,WATCH,4.22,0.022,7.6,2026-07-23T11:14:11.886383,1,WATCH
36,False,0.1365,0.0,WATCH,3.16,0.0227,26.0,2026-07-23T11:14:11.894396,1,WATCH
38,False,0.1116,0.0,WATCH,6.16,0.0045,6.7,2026-07-23T11:14:11.902379,1,WATCH
31,False,0.1811,0.0,WATCH,3.82,0.0131,12.7,2026-07-23T11:14:11.910527,1,WATCH
24,False,0.2534,0.0,NORMAL,2.46,0.0138,10.3,2026-07-23T11:14:11.918471,1,WATCH
40,False,0.0989,0.0,WATCH,6.09,0.0296,4.7,2026-07-23T11:14:11.926487,1,WATCH
36,False,0.1364,0.0,WATCH,4.01,0.0301,18.7,2026-07-23T11:14:11.934537,1,WATCH
39,False,0.1059,0.0,WATCH,3.91,0.0258,31.8,2026-07-23T11:14:11.942621,1,WATCH
43,False,0.0666,0.0,WATCH,2.59,0.03,38.5,2026-07-23T11:14:11.950584,1,WATCH
37,False,0.1247,0.0,WATCH,6.69,0.0219,19.0,2026-07-23T11:14:11.958794,1,WATCH
40,False,0.098,0.0,WATCH,3.17,0.0334,27.0,2026-07-23T11:14:11.966729,1,WATCH
35,False,0.1424,0.0,WATCH,4.77,0.0236,20.3,2026-07-23T11:14:11.974698,1,WATCH
36,False,0.1359,0.0,WATCH,5.8,0.0241,22.5,2026-07-23T11:14:11.982591,1,WATCH
36,False,0.139,0.0,WATCH,5.25,0.0215,16.1,2026-07-23T11:14:11.990681,1,WATCH
36,False,0.1334,0.0,WATCH,4.7,0.0296,20.4,2026-07-23T11:14:11.998590,1,WATCH
34,False,0.1533,0.0,WATCH,2.75,0.0204,23.2,2026-07-23T11:14:12.006452,1,WATCH
36,False,0.1349,0.0,WATCH,3.84,0.0324,14.5,2026-07-23T11:14:12.014353,1,WATCH
36,False,0.1333,0.0,WATCH,5.07,0.0145,18.6,2026-07-23T11:14:12.022366,1,WATCH
34,False,0.1589,0.0,WATCH,3.9,0.0149,18.8,2026-07-23T11:14:12.030501,1,WATCH
37,False,0.1273,0.0,WATCH,5.13,0.0303,26.1,2026-07-23T11:14:12.038471,1,WATCH
37,False,0.128,0.0,WATCH,5.74,0.0238,10.9,2026-07-23T11:14:12.046400,1,WATCH
37,False,0.1299,0.0,WATCH,6.11,0.0207,19.2,2026-07-23T11:14:12.054329,1,WATCH
42,False,0.0786,0.0,WATCH,3.43,0.0325,35.4,2026-07-23T11:14:12.062275,1,WATCH
40,False,0.09,0.0,WATCH,7.7,0.0196,29.4,2026-07-23T11:14:12.070254,1,WATCH
38,False,0.1102,0.0,WATCH,5.95,0.0232,31.1,2026-07-23T11:14:12.078243,1,WATCH
40,False,0.0998,0.0,WATCH,5.01,0.0374,20.3,2026-07-23T11:14:12.086128,1,WATCH
39,False,0.1006,0.0,WATCH,6.41,0.0387,22.9,2026-07-23T11:14:12.094015,1,WATCH
41,False,0.0808,0.0,WATCH,8.05,0.0392,28.7,2026-07-23T11:14:12.101949,1,WATCH
39,False,0.1004,0.0,WATCH,3.26,0.0229,33.5,2026-07-23T11:14:12.109966,1,WATCH
42,False,0.0725,0.0,WATCH,4.82,0.0365,4.1,2026-07-23T11:14:12.117904,1,WATCH
24,False,0.2517,0.0,NORMAL,2.08,0.0172,9.5,2026-07-23T11:14:12.125892,1,WATCH
39,False,0.1013,0.0,WATCH,5.4,0.0176,31.9,2026-07-23T11:14:12.133832,1,WATCH
39,False,0.1054,0.0,WATCH,5.65,0.0048,18.5,2026-07-23T11:14:12.141696,1,WATCH
41,False,0.0824,0.0,WATCH,5.14,0.041,15.2,2026-07-23T11:14:12.149661,1,WATCH
33,False,0.1675,0.0,WATCH,4.36,0.0183,10.3,2026-07-23T11:14:12.157725,1,WATCH
33,False,0.1665,0.0,WATCH,2.56,0.0251,16.4,2026-07-23T11:14:12.165719,1,WATCH
36,False,0.1369,0.0,WATCH,5.75,0.018,9.1,2026-07-23T11:14:12.173727,1,WATCH
41,False,0.0861,0.0,WATCH,7.21,0.0328,39.7,2026-07-23T11:14:12.181919,1,WATCH
35,False,0.1439,0.0,WATCH,4.52,0.0231,21.3,2026-07-23T11:14:12.190020,1,WATCH
37,False,0.123,0.0,WATCH,5.92,0.0147,21.1,2026-07-23T11:14:12.197977,1,WATCH
38,False,0.1109,0.0,WATCH,3.25,0.0308,27.0,2026-07-23T11:14:12.206000,1,WATCH
41,False,0.0896,0.0,WATCH,5.99,0.0137,30.4,2026-07-23T11:14:12.213915,1,WATCH
39,False,0.1071,0.0,WATCH,4.87,0.0192,30.4,2026-07-23T11:14:12.222209,1,WATCH
42,False,0.0791,0.0,WATCH,4.39,0.0076,31.7,2026-07-23T11:14:12.230503,1,WATCH
34,False,0.1521,0.0,WATCH,4.41,0.014,16.5,2026-07-23T11:14:12.238693,1,WATCH
36,False,0.1363,0.0,WATCH,4.93,0.029,19.6,2026-07-23T11:14:12.246730,1,WATCH
41,False,0.0846,0.0,WATCH,6.01,0.009,29.4,2026-07-23T11:14:12.255019,1,WATCH
33,False,0.1679,0.0,WATCH,3.7,0.0136,17.7,2026-07-23T11:14:12.263014,1,WATCH
36,False,0.1379,0.0,WATCH,4.98,0.0276,22.6,2026-07-23T11:14:12.271104,1,WATCH
36,False,0.1307,0.0,WATCH,5.5,0.0226,26.4,2026-07-23T11:14:12.279128,1,WATCH
44,False,0.0592,0.0,WATCH,4.04,0.0467,30.1,2026-07-23T11:14:12.287199,1,WATCH
45,False,0.0401,0.0,WATCH,8.11,0.0454,6.5,2026-07-23T11:14:12.295212,1,WATCH
38,False,0.1117,0.0,WATCH,4.42,0.0198,29.8,2026-07-23T11:14:12.303071,1,WATCH
38,False,0.1195,0.0,WATCH,4.7,0.0335,21.0,2026-07-23T11:14:12.311013,1,WATCH
40,False,0.0965,0.0,WATCH,4.28,0.0355,30.0,2026-07-23T11:14:12.319023,1,WATCH
41,False,0.0823,0.0,WATCH,8.24,0.0227,30.8,2026-07-23T11:14:12.327084,1,WATCH
43,False,0.0651,0.0,WATCH,6.5,0.0141,38.8,2026-07-23T11:14:12.335117,1,WATCH
41,False,0.0839,0.0,WATCH,4.39,0.0285,36.6,2026-07-23T11:14:12.343007,1,WATCH
40,False,0.0928,0.0,WATCH,7.35,0.0271,36.7,2026-07-23T11:14:12.350998,1,WATCH
41,False,0.0898,0.0,WATCH,6.07,0.0246,37.8,2026-07-23T11:14:12.358937,1,WATCH
38,False,0.1191,0.0,WATCH,6.17,0.0333,26.8,2026-07-23T11:14:12.367034,1,WATCH
36,False,0.1353,0.0,WATCH,5.32,0.0218,24.4,2026-07-23T11:14:12.375068,1,WATCH
40,False,0.0978,0.0,WATCH,4.75,0.0179,32.7,2026-07-23T11:14:12.382976,1,WATCH
38,False,0.1107,0.0,WATCH,6.36,0.0304,31.5,2026-07-23T11:14:12.390920,1,WATCH
38,False,0.1192,0.0,WATCH,5.09,0.0332,21.4,2026-07-23T11:14:12.398895,1,WATCH
42,False,0.0724,0.0,WATCH,8.6,0.0179,28.5,2026-07-23T11:14:12.406894,1,WATCH
40,False,0.0906,0.0,WATCH,4.05,0.0389,24.3,2026-07-23T11:14:12.414947,1,WATCH
42,False,0.0768,0.0,WATCH,8.24,0.0122,16.3,2026-07-23T11:14:12.422939,1,WATCH
41,False,0.0898,0.0,WATCH,5.81,0.0241,37.7,2026-07-23T11:14:12.430896,1,WATCH
37,False,0.13,0.0,WATCH,6.45,0.0274,25.6,2026-07-23T11:14:12.438914,1,WATCH
43,False,0.0676,0.0,WATCH,9.07,0.0393,32.1,2026-07-23T11:14:12.446796,1,WATCH
39,False,0.1055,0.0,WATCH,3.56,0.034,23.6,2026-07-23T11:14:12.454728,1,WATCH
36,False,0.1371,0.0,WATCH,5.16,0.0269,18.7,2026-07-23T11:14:12.462661,1,WATCH
39,False,0.1069,0.0,WATCH,6.05,0.022,31.0,2026-07-23T11:14:12.470645,1,WATCH
39,False,0.1015,0.0,WATCH,7.71,0.0275,28.9,2026-07-23T11:14:12.478489,1,WATCH
38,False,0.1162,0.0,WATCH,6.6,0.0331,16.9,2026-07-23T11:14:12.486414,1,WATCH
41,False,0.0864,0.0,WATCH,6.47,0.0268,39.2,2026-07-23T11:14:12.494421,1,WATCH
38,False,0.1105,0.0,WATCH,4.31,0.0331,27.9,2026-07-23T11:14:12.502430,1,WATCH
40,False,0.0919,0.0,WATCH,4.26,0.0344,32.3,2026-07-23T11:14:12.510464,1,WATCH
41,False,0.0807,0.0,WATCH,6.48,0.0383,38.9,2026-07-23T11:14:12.518371,1,WATCH
41,False,0.0827,0.0,WATCH,3.95,0.0428,25.2,2026-07-23T11:14:12.526347,1,WATCH
37,False,0.1202,0.0,WATCH,5.2,0.0308,28.2,2026-07-23T11:14:12.534260,1,WATCH
40,False,0.0938,0.0,WATCH,6.75,0.0169,33.1,2026-07-23T11:14:12.542189,1,WATCH
35,False,0.1419,0.0,WATCH,4.53,0.0265,17.8,2026-07-23T11:14:12.550270,1,WATCH
40,False,0.092,0.0,WATCH,8.41,0.0304,25.5,2026-07-23T11:14:12.558820,1,WATCH
42,False,0.0762,0.0,WATCH,7.84,0.0116,26.3,2026-07-23T11:14:12.567413,1,WATCH
41,False,0.081,0.0,WATCH,3.64,0.0439,15.4,2026-07-23T11:14:12.576641,1,WATCH
45,False,0.0413,0.0,WATCH,4.6,0.0314,48.2,2026-07-23T11:14:12.586143,1,WATCH
36,False,0.1359,0.0,WATCH,2.57,0.0338,10.9,2026-07-23T11:14:12.594632,1,WATCH
42,False,0.0754,0.0,WATCH,4.83,0.0437,12.0,2026-07-23T11:14:12.602843,1,WATCH
41,False,0.0884,0.0,WATCH,7.15,0.0237,38.1,2026-07-23T11:14:12.611033,1,WATCH
40,False,0.0964,0.0,WATCH,5.38,0.0357,32.1,2026-07-23T11:14:12.619203,1,WATCH
38,False,0.1166,0.0,WATCH,6.69,0.0289,14.7,2026-07-23T11:14:12.627251,1,WATCH
39,False,0.1024,0.0,WATCH,3.72,0.0282,31.1,2026-07-23T11:14:12.635276,1,WATCH
42,False,0.075,0.0,WATCH,7.2,0.0223,39.7,2026-07-23T11:14:12.643271,1,WATCH
42,False,0.0723,0.0,WATCH,5.17,0.0467,24.7,2026-07-23T11:14:12.651304,1,WATCH
45,False,0.0425,0.0,WATCH,6.02,0.0262,51.0,2026-07-23T11:14:12.659364,1,WATCH
41,False,0.0836,0.0,WATCH,5.86,0.037,7.8,2026-07-23T11:14:12.667397,1,WATCH
41,False,0.089,0.0,WATCH,4.09,0.0112,31.9,2026-07-23T11:14:12.675428,1,WATCH
43,False,0.0631,0.0,WATCH,4.27,0.0418,36.7,2026-07-23T11:14:12.683350,1,WATCH
41,False,0.0887,0.0,WATCH,7.45,0.0405,33.9,2026-07-23T11:14:12.691304,1,WATCH
37,False,0.1258,0.0,WATCH,6.6,0.031,23.0,2026-07-23T11:14:12.699290,1,WATCH
38,False,0.1138,0.0,WATCH,7.58,0.0277,22.1,2026-07-23T11:14:12.707276,1,WATCH
38,False,0.1102,0.0,WATCH,6.49,0.034,29.4,2026-07-23T11:14:12.715268,1,WATCH
44,False,0.0519,0.0,WATCH,6.21,0.0529,33.2,2026-07-23T11:14:12.723231,1,WATCH
39,False,0.1,0.0,WATCH,3.41,0.0124,31.0,2026-07-23T11:14:12.731236,1,WATCH
41,False,0.0862,0.0,WATCH,5.59,0.0378,35.4,2026-07-23T11:14:12.739290,1,WATCH
37,False,0.1284,0.0,WATCH,5.96,0.0209,14.8,2026-07-23T11:14:12.747352,1,WATCH
41,False,0.0825,0.0,WATCH,8.93,0.0298,22.7,2026-07-23T11:14:12.755351,1,WATCH
38,False,0.1172,0.0,WATCH,7.03,0.0275,15.6,2026-07-23T11:14:12.763294,1,WATCH
40,False,0.092,0.0,WATCH,8.3,0.0257,21.1,2026-07-23T11:14:12.771224,1,WATCH
39,False,0.1012,0.0,WATCH,6.9,0.0299,35.2,2026-07-23T11:14:12.779180,1,WATCH
37,False,0.1276,0.0,WATCH,4.93,0.0187,26.1,2026-07-23T11:14:12.787223,1,WATCH
45,False,0.0445,0.0,WATCH,6.18,0.0403,51.1,2026-07-23T11:14:12.795201,1,WATCH
40,False,0.0961,0.0,WATCH,6.35,0.0121,26.9,2026-07-23T11:14:12.803202,1,WATCH
39,False,0.1086,0.0,WATCH,4.59,0.0354,25.6,2026-07-23T11:14:12.811200,1,WATCH
36,False,0.1333,0.0,WATCH,5.42,0.0267,26.1,2026-07-23T11:14:12.819153,1,WATCH
36,False,0.1374,0.0,WATCH,5.69,0.0183,18.6,2026-07-23T11:14:12.827173,1,WATCH
40,False,0.0926,0.0,WATCH,8.41,0.032,24.4,2026-07-23T11:14:12.835045,1,WATCH
41,False,0.089,0.0,WATCH,2.88,0.0144,36.3,2026-07-23T11:14:12.843028,1,WATCH
39,False,0.1072,0.0,WATCH,7.81,0.0304,26.1,2026-07-23T11:14:12.851024,1,WATCH
35,False,0.1468,0.0,WATCH,4.59,0.0158,17.1,2026-07-23T11:14:12.859326,1,WATCH
38,False,0.1174,0.0,WATCH,3.94,0.0346,15.7,2026-07-23T11:14:12.867407,1,WATCH
39,False,0.1036,0.0,WATCH,7.77,0.0208,20.5,2026-07-23T11:14:12.875374,1,WATCH
37,False,0.1217,0.0,WATCH,7.1,0.0255,25.7,2026-07-23T11:14:12.883185,1,WATCH
41,False,0.0886,0.0,WATCH,7.88,0.0329,36.9,2026-07-23T11:14:12.891099,1,WATCH
39,False,0.1033,0.0,WATCH,7.2,0.0223,11.6,2026-07-23T11:14:12.899105,1,WATCH
41,False,0.0805,0.0,WATCH,9.09,0.0294,21.8,2026-07-23T11:14:12.907093,1,WATCH
39,False,0.1037,0.0,WATCH,6.84,0.0149,26.4,2026-07-23T11:14:12.915081,1,WATCH
41,False,0.0864,0.0,WATCH,5.77,0.0363,6.7,2026-07-23T11:14:12.923034,1,WATCH
43,False,0.0606,0.0,WATCH,6.51,0.0476,16.7,2026-07-23T11:14:12.930954,1,WATCH
46,False,0.0344,0.0,WATCH,7.87,0.0579,18.2,2026-07-23T11:14:12.938912,1,WATCH
37,False,0.1272,0.0,WATCH,4.83,0.0309,17.0,2026-07-23T11:14:12.946841,1,WATCH
40,False,0.094,0.0,WATCH,5.02,0.0379,26.9,2026-07-23T11:14:12.954882,1,WATCH
39,False,0.1081,0.0,WATCH,5.54,0.0122,23.4,2026-07-23T11:14:12.962727,1,WATCH
42,False,0.0732,0.0,WATCH,2.84,0.045,19.4,2026-07-23T11:14:12.970673,1,WATCH
40,False,0.0991,0.0,WATCH,6.21,0.0378,29.3,2026-07-23T11:14:12.978632,1,WATCH
44,False,0.0591,0.0,WATCH,3.17,0.0252,42.2,2026-07-23T11:14:12.986491,1,WATCH
43,False,0.0647,0.0,WATCH,6.08,0.0424,41.4,2026-07-23T11:14:12.994481,1,WATCH
40,False,0.0931,0.0,WATCH,7.3,0.0275,5.8,2026-07-23T11:14:13.002497,1,WATCH
38,False,0.1164,0.0,WATCH,5.28,0.0254,30.8,2026-07-23T11:14:13.010528,1,WATCH
41,False,0.0808,0.0,WATCH,8.52,0.0348,23.2,2026-07-23T11:14:13.018527,1,WATCH
36,False,0.133,0.0,WATCH,3.81,0.0194,26.6,2026-07-23T11:14:13.026356,1,WATCH
41,False,0.0852,0.0,WATCH,7.79,0.0402,21.0,2026-07-23T11:14:13.034364,1,WATCH
38,False,0.1185,0.0,WATCH,7.01,0.0194,26.2,2026-07-23T11:14:13.042321,1,WATCH
36,False,0.1362,0.0,WATCH,3.43,0.0195,26.5,2026-07-23T11:14:13.050216,1,WATCH
43,False,0.0632,0.0,WATCH,10.07,0.0209,19.2,2026-07-23T11:14:13.058155,1,WATCH
40,False,0.0965,0.0,WATCH,5.9,0.0376,16.0,2026-07-23T11:14:13.066065,1,WATCH
35,False,0.1428,0.0,WATCH,4.68,0.0238,20.5,2026-07-23T11:14:13.073948,1,WATCH
37,False,0.1241,0.0,WATCH,3.89,0.0165,27.3,2026-07-23T11:14:13.081979,1,WATCH
38,False,0.1116,0.0,WATCH,5.67,0.0239,31.0,2026-07-23T11:14:13.089967,1,WATCH
39,False,0.1076,0.0,WATCH,5.81,0.0297,33.5,2026-07-23T11:14:13.097829,1,WATCH
36,False,0.1304,0.0,WATCH,6.15,0.0182,20.1,2026-07-23T11:14:13.105907,1,WATCH
38,False,0.1169,0.0,WATCH,5.55,0.0185,27.8,2026-07-23T11:14:13.113944,1,WATCH
44,False,0.0584,0.0,WATCH,6.95,0.0511,34.6,2026-07-23T11:14:13.121800,1,WATCH
41,False,0.0871,0.0,WATCH,5.42,0.0214,36.7,2026-07-23T11:14:13.129783,1,WATCH
36,False,0.1357,0.0,WATCH,3.1,0.0268,24.4,2026-07-23T11:14:13.137754,1,WATCH
36,False,0.1353,0.0,WATCH,5.78,0.0263,22.8,2026-07-23T11:14:13.145679,1,WATCH
38,False,0.1188,0.0,WATCH,2.45,0.0258,26.9,2026-07-23T11:14:13.153652,1,WATCH
40,False,0.0919,0.0,WATCH,6.53,0.0362,13.5,2026-07-23T11:14:13.161919,1,WATCH
40,False,0.0951,0.0,WATCH,4.53,0.0395,23.1,2026-07-23T11:14:13.169875,1,WATCH
38,False,0.1117,0.0,WATCH,6.25,0.0269,32.4,2026-07-23T11:14:13.177864,1,WATCH
42,False,0.0793,0.0,WATCH,7.97,0.0176,31.4,2026-07-23T11:14:13.185874,1,WATCH
41,False,0.0869,0.0,WATCH,4.58,0.0427,22.3,2026-07-23T11:14:13.193915,1,WATCH
39,False,0.1091,0.0,WATCH,7.59,0.029,27.2,2026-07-23T11:14:13.201825,1,WATCH
43,False,0.0625,0.0,WATCH,5.35,0.0473,16.8,2026-07-23T11:14:13.209782,1,WATCH
45,False,0.0471,0.0,WATCH,8.63,0.0075,32.0,2026-07-23T11:14:13.217774,1,WATCH
37,False,0.1283,0.0,WATCH,5.45,0.032,24.2,2026-07-23T11:14:13.225889,1,WATCH
43,False,0.0629,0.0,WATCH,4.74,0.0492,22.2,2026-07-23T11:14:13.233772,1,WATCH
37,False,0.126,0.0,WATCH,7.03,0.0265,21.4,2026-07-23T11:14:13.241643,1,WATCH
36,False,0.1357,0.0,WATCH,5.35,0.0277,24.4,2026-07-23T11:14:13.249604,1,WATCH
37,False,0.1221,0.0,WATCH,4.74,0.033,20.5,2026-07-23T11:14:13.257520,1,WATCH
38,False,0.1119,0.0,WATCH,5.28,0.0244,31.6,2026-07-23T11:14:13.265490,1,WATCH
36,False,0.1355,0.0,WATCH,5.93,0.0269,21.0,2026-07-23T11:14:13.273569,1,WATCH
43,False,0.0698,0.0,WATCH,8.01,0.0266,40.9,2026-07-23T11:14:13.281433,1,WATCH
42,False,0.074,0.0,WATCH,3.1,0.0237,39.7,2026-07-23T11:14:13.289480,1,WATCH
41,False,0.0827,0.0,WATCH,6.03,0.0423,16.1,2026-07-23T11:14:13.297522,1,WATCH
38,False,0.1144,0.0,WATCH,6.94,0.0346,25.7,2026-07-23T11:14:13.305557,1,WATCH
37,False,0.1203,0.0,WATCH,6.29,0.0325,18.5,2026-07-23T11:14:13.313597,1,WATCH
41,False,0.0872,0.0,WATCH,7.96,0.0381,21.7,2026-07-23T11:14:13.321463,1,WATCH
43,False,0.0607,0.0,WATCH,5.89,0.0274,45.0,2026-07-23T11:14:13.329389,1,WATCH
36,False,0.1335,0.0,WATCH,5.72,0.0223,21.9,2026-07-23T11:14:13.337421,1,WATCH
38,False,0.1151,0.0,WATCH,6.89,0.024,28.6,2026-07-23T11:14:13.345252,1,WATCH
38,False,0.1173,0.0,WATCH,6.15,0.03,30.4,2026-07-23T11:14:13.353074,1,WATCH
36,False,0.1367,0.0,WATCH,5.41,0.0194,15.0,2026-07-23T11:14:13.361040,1,WATCH
37,False,0.1231,0.0,WATCH,6.77,0.025,16.4,2026-07-23T11:14:13.369060,1,WATCH
36,False,0.1357,0.0,WATCH,5.02,0.0248,12.9,2026-07-23T11:14:13.377090,1,WATCH
45,False,0.0465,0.0,WATCH,5.08,0.0512,16.1,2026-07-23T11:14:13.384975,1,WATCH
42,False,0.0793,0.0,WATCH,5.21,0.0023,0.0,2026-07-23T11:14:13.392881,1,WATCH
40,False,0.0958,0.0,WATCH,8.03,0.0282,30.4,2026-07-23T11:14:13.400828,1,WATCH
49,False,0.0043,0.0,WATCH,1.17,0.0473,45.5,2026-07-23T11:14:13.408698,1,WATCH
37,False,0.1255,0.0,WATCH,6.59,0.0312,26.5,2026-07-23T11:14:13.416592,1,WATCH
40,False,0.0933,0.0,WATCH,6.05,0.0375,10.8,2026-07-23T11:14:13.424444,1,WATCH
36,False,0.1306,0.0,WATCH,3.48,0.031,18.6,2026-07-23T11:14:13.432436,1,WATCH
37,False,0.13,0.0,WATCH,6.46,0.0233,20.4,2026-07-23T11:14:13.440416,1,WATCH
39,False,0.1019,0.0,WATCH,6.71,0.0076,14.8,2026-07-23T11:14:13.448316,1,WATCH
39,False,0.1069,0.0,WATCH,6.88,0.0321,33.6,2026-07-23T11:14:13.456428,1,WATCH
39,False,0.1049,0.0,WATCH,2.02,0.0222,33.1,2026-07-23T11:14:13.464394,1,WATCH
41,False,0.0887,0.0,WATCH,8.05,0.022,13.4,2026-07-23T11:14:13.472383,1,WATCH
38,False,0.1101,0.0,WATCH,4.89,0.025,32.3,2026-07-23T11:14:13.480314,1,WATCH
44,False,0.0547,0.0,WATCH,7.03,0.0474,40.3,2026-07-23T11:14:13.488252,1,WATCH
45,False,0.0428,0.0,WATCH,7.11,0.054,44.0,2026-07-23T11:14:13.496217,1,WATCH
46,False,0.0331,0.0,WATCH,4.68,0.0322,53.7,2026-07-23T11:14:13.504202,1,WATCH
38,False,0.1186,0.0,WATCH,6.99,0.0254,16.0,2026-07-23T11:14:13.512108,1,WATCH
47,False,0.0293,0.0,WATCH,5.42,0.0182,53.2,2026-07-23T11:14:13.520057,1,WATCH
39,False,0.1074,0.0,WATCH,2.89,0.0347,21.5,2026-07-23T11:14:13.528152,1,WATCH
44,False,0.0523,0.0,WATCH,7.75,0.0478,19.1,2026-07-23T11:14:13.536309,1,WATCH
37,False,0.123,0.0,WATCH,4.84,0.0275,28.3,2026-07-23T11:14:13.544373,1,WATCH
38,False,0.1192,0.0,WATCH,4.72,0.0062,19.2,2026-07-23T11:14:13.552359,1,WATCH
40,False,0.0964,0.0,WATCH,5.4,0.0367,29.0,2026-07-23T11:14:13.560363,1,WATCH
42,False,0.0784,0.0,WATCH,6.41,0.0399,11.8,2026-07-23T11:14:13.568331,1,WATCH
38,False,0.1144,0.0,WATCH,5.91,0.0141,22.6,2026-07-23T11:14:13.576571,1,WATCH
40,False,0.0928,0.0,WATCH,6.82,0.0318,37.9,2026-07-23T11:14:13.584604,1,WATCH
39,False,0.1093,0.0,WATCH,3.99,0.0345,24.4,2026-07-23T11:14:13.592543,1,WATCH
37,False,0.1298,0.0,WATCH,4.89,0.0293,26.4,2026-07-23T11:14:13.600418,1,WATCH
38,False,0.111,0.0,WATCH,5.83,0.0221,29.8,2026-07-23T11:14:13.608346,1,WATCH
42,False,0.0705,0.0,WATCH,8.85,0.0402,36.7,2026-07-23T11:14:13.616240,1,WATCH
38,False,0.1185,0.0,WATCH,5.83,0.026,8.4,2026-07-23T11:14:13.624252,1,WATCH
41,False,0.0816,0.0,WATCH,7.63,0.0151,30.8,2026-07-23T11:14:13.632421,1,WATCH
39,False,0.1041,0.0,WATCH,6.06,0.0095,22.3,2026-07-23T11:14:13.640369,1,WATCH
41,False,0.0869,0.0,WATCH,5.27,0.0426,26.7,2026-07-23T11:14:13.648276,1,WATCH
41,False,0.0888,0.0,WATCH,5.63,0.0362,35.6,2026-07-23T11:14:13.656325,1,WATCH
38,False,0.1166,0.0,WATCH,5.75,0.0309,13.1,2026-07-23T11:14:13.664246,1,WATCH
38,False,0.115,0.0,WATCH,6.91,0.0256,14.9,2026-07-23T11:14:13.672399,1,WATCH
41,False,0.0848,0.0,WATCH,8.06,0.0247,5.6,2026-07-23T11:14:13.680401,1,WATCH
37,False,0.13,0.0,WATCH,6.54,0.0192,19.5,2026-07-23T11:14:13.688367,1,WATCH
41,False,0.0812,0.0,WATCH,7.78,0.0257,38.3,2026-07-23T11:14:13.696439,1,WATCH
39,False,0.1095,0.0,WATCH,4.55,0.0088,23.8,2026-07-23T11:14:13.704431,1,WATCH
36,False,0.135,0.0,WATCH,5.38,0.0226,11.6,2026-07-23T11:14:13.712342,1,WATCH
36,False,0.1397,0.0,WATCH,4.91,0.0269,20.1,2026-07-23T11:14:13.720315,1,WATCH
41,False,0.0872,0.0,WATCH,6.47,0.0361,10.1,2026-07-23T11:14:13.728328,1,WATCH
37,False,0.1261,0.0,WATCH,5.46,0.0296,13.7,2026-07-23T11:14:13.736263,1,WATCH
40,False,0.0976,0.0,WATCH,7.09,0.0379,28.9,2026-07-23T11:14:13.744255,1,WATCH
42,False,0.0766,0.0,WATCH,4.6,0.0435,13.3,2026-07-23T11:14:13.752370,1,WATCH
41,False,0.0837,0.0,WATCH,6.06,0.0406,36.1,2026-07-23T11:14:13.760615,1,WATCH
38,False,0.1118,0.0,WATCH,7.03,0.0347,24.3,2026-07-23T11:14:13.768590,1,WATCH
38,False,0.1168,0.0,WATCH,2.9,0.0301,25.9,2026-07-23T11:14:13.776682,1,WATCH
42,False,0.0712,0.0,WATCH,9.18,0.0202,22.2,2026-07-23T11:14:13.784712,1,WATCH
40,False,0.092,0.0,WATCH,5.58,0.0374,32.7,2026-07-23T11:14:13.792593,1,WATCH
44,False,0.0503,0.0,WATCH,2.96,0.0468,32.8,2026-07-23T11:14:13.800489,1,WATCH
38,False,0.1187,0.0,WATCH,6.24,0.0334,28.4,2026-07-23T11:14:13.808414,1,WATCH
43,False,0.0669,0.0,WATCH,6.05,0.0492,30.6,2026-07-23T11:14:13.816311,1,WATCH
38,False,0.1187,0.0,WATCH,5.88,0.0147,22.9,2026-07-23T11:14:13.824443,1,WATCH
40,False,0.0932,0.0,WATCH,7.49,0.0185,30.4,2026-07-23T11:14:13.832470,1,WATCH
40,False,0.0986,0.0,WATCH,7.12,0.0386,21.6,2026-07-23T11:14:13.840403,1,WATCH
37,False,0.1239,0.0,WATCH,6.45,0.0326,25.0,2026-07-23T11:14:13.848359,1,WATCH
41,False,0.0882,0.0,WATCH,6.68,0.0431,22.3,2026-07-23T11:14:13.856356,1,WATCH
36,False,0.1317,0.0,WATCH,5.84,0.0298,20.4,2026-07-23T11:14:13.864314,1,WATCH
42,False,0.0783,0.0,WATCH,8.66,0.0213,18.1,2026-07-23T11:14:13.872322,1,WATCH
39,False,0.1097,0.0,WATCH,3.78,0.0279,29.7,2026-07-23T11:14:13.880187,1,WATCH
42,False,0.0719,0.0,WATCH,6.21,0.0147,38.1,2026-07-23T11:14:13.888131,1,WATCH
41,False,0.0842,0.0,WATCH,6.1,0.0187,36.7,2026-07-23T11:14:13.896084,1,WATCH
42,False,0.0703,0.0,WATCH,7.22,0.0397,12.4,2026-07-23T11:14:13.904100,1,WATCH
43,False,0.0698,0.0,WATCH,4.73,0.0387,37.9,2026-07-23T11:14:13.912193,1,WATCH
38,False,0.1133,0.0,WATCH,3.38,0.0336,21.8,2026-07-23T11:14:13.920208,1,WATCH
41,False,0.0851,0.0,WATCH,6.24,0.0128,31.0,2026-07-23T11:14:13.928146,1,WATCH
37,False,0.1215,0.0,WATCH,6.42,0.0264,15.9,2026-07-23T11:14:13.936140,1,WATCH
41,False,0.0849,0.0,WATCH,8.23,0.0178,26.4,2026-07-23T11:14:13.944012,1,WATCH
42,False,0.0779,0.0,WATCH,4.09,0.0418,28.1,2026-07-23T11:14:13.951900,1,WATCH
40,False,0.0906,0.0,WATCH,7.73,0.0242,10.2,2026-07-23T11:14:13.959913,1,WATCH
44,False,0.057,0.0,WATCH,9.55,0.0191,31.1,2026-07-23T11:14:13.967961,1,WATCH
41,False,0.0862,0.0,WATCH,5.43,0.0303,38.5,2026-07-23T11:14:13.975893,1,WATCH
36,False,0.1387,0.0,WATCH,4.06,0.0236,23.3,2026-07-23T11:14:13.983748,1,WATCH
44,False,0.0587,0.0,WATCH,5.39,0.0448,38.6,2026-07-23T11:14:13.991685,1,WATCH
36,False,0.1312,0.0,WATCH,6.02,0.0227,23.1,2026-07-23T11:14:13.999586,1,WATCH
41,False,0.0855,0.0,WATCH,6.85,0.016,33.5,2026-07-23T11:14:14.007527,1,WATCH
35,False,0.1415,0.0,WATCH,5.11,0.0085,2.8,2026-07-23T11:14:14.015525,1,WATCH
44,False,0.0515,0.0,WATCH,8.33,0.0297,49.2,2026-07-23T11:14:14.023553,1,WATCH
43,False,0.0695,0.0,WATCH,4.33,0.0244,40.0,2026-07-23T11:14:14.031502,1,WATCH
34,False,0.1513,0.0,WATCH,3.39,0.0157,22.2,2026-07-23T11:14:14.039447,1,WATCH
45,False,0.0452,0.0,WATCH,7.66,0.0419,5.3,2026-07-23T11:14:14.047477,1,WATCH
42,False,0.0756,0.0,WATCH,2.59,0.0367,27.9,2026-07-23T11:14:14.055645,1,WATCH
38,False,0.1188,0.0,WATCH,5.69,0.0297,10.6,2026-07-23T11:14:14.063586,1,WATCH
45,False,0.0468,0.0,WATCH,10.68,0.0436,29.4,2026-07-23T11:14:14.071558,1,WATCH
39,False,0.1018,0.0,WATCH,5.98,0.0366,29.1,2026-07-23T11:14:14.079753,1,WATCH
34,False,0.1506,0.0,WATCH,4.32,0.0218,15.6,2026-07-23T11:14:14.087931,1,WATCH
41,False,0.0872,0.0,WATCH,5.91,0.0196,36.2,2026-07-23T11:14:14.095938,1,WATCH
40,False,0.092,0.0,WATCH,5.92,0.0382,33.1,2026-07-23T11:14:14.103966,1,WATCH
40,False,0.0983,0.0,WATCH,6.24,0.034,34.8,2026-07-23T11:14:14.111959,1,WATCH
37,False,0.1224,0.0,WATCH,6.99,0.0317,25.1,2026-07-23T11:14:14.119891,1,WATCH
34,False,0.1546,0.0,WATCH,4.44,0.0215,10.8,2026-07-23T11:14:14.127895,1,WATCH
42,False,0.0777,0.0,WATCH,8.53,0.0361,34.8,2026-07-23T11:14:14.135820,1,WATCH
37,False,0.1294,0.0,WATCH,6.37,0.0224,22.3,2026-07-23T11:14:14.143848,1,WATCH
39,False,0.1067,0.0,WATCH,7.09,0.029,11.1,2026-07-23T11:14:14.151757,1,WATCH
44,False,0.0524,0.0,WATCH,5.06,0.0445,38.5,2026-07-23T11:14:14.159676,1,WATCH
44,False,0.0575,0.0,WATCH,7.93,0.0234,46.0,2026-07-23T11:14:14.167738,1,WATCH
38,False,0.1111,0.0,WATCH,5.61,0.0143,24.6,2026-07-23T11:14:14.175761,1,WATCH
44,False,0.0546,0.0,WATCH,6.42,0.0195,46.6,2026-07-23T11:14:14.183723,1,WATCH
40,False,0.0916,0.0,WATCH,4.6,0.0399,25.9,2026-07-23T11:14:14.191652,1,WATCH
37,False,0.1268,0.0,WATCH,4.5,0.0325,21.2,2026-07-23T11:14:14.199541,1,WATCH
37,False,0.1241,0.0,WATCH,7.03,0.0287,18.7,2026-07-23T11:14:14.207546,1,WATCH
43,False,0.0697,0.0,WATCH,5.33,0.0249,41.4,2026-07-23T11:14:14.215523,1,WATCH
38,False,0.1107,0.0,WATCH,4.72,0.0349,17.2,2026-07-23T11:14:14.223567,1,WATCH
39,False,0.1035,0.0,WATCH,5.04,0.0215,32.4,2026-07-23T11:14:14.231485,1,WATCH
38,False,0.1151,0.0,WATCH,7.05,0.0331,19.4,2026-07-23T11:14:14.239492,1,WATCH
36,False,0.1375,0.0,WATCH,5.06,0.0227,20.4,2026-07-23T11:14:14.247451,1,WATCH
40,False,0.0936,0.0,WATCH,5.82,0.021,35.3,2026-07-23T11:14:14.255490,1,WATCH
36,False,0.1347,0.0,WATCH,6.02,0.0236,21.2,2026-07-23T11:14:14.263441,1,WATCH
35,False,0.1446,0.0,WATCH,3.12,0.0262,21.0,2026-07-23T11:14:14.271402,1,WATCH
42,False,0.0777,0.0,WATCH,3.79,0.0295,36.3,2026-07-23T11:14:14.279379,1,WATCH
42,False,0.0785,0.0,WATCH,6.5,0.0324,41.0,2026-07-23T11:14:14.287361,1,WATCH
44,False,0.0503,0.0,WATCH,4.89,0.0,31.4,2026-07-23T11:14:14.295349,1,WATCH
39,False,0.1054,0.0,WATCH,7.59,0.0219,18.5,2026-07-23T11:14:14.303341,1,WATCH
38,False,0.1128,0.0,WATCH,7.45,0.0261,19.9,2026-07-23T11:14:14.311372,1,WATCH
42,False,0.0799,0.0,WATCH,7.08,0.0451,25.8,2026-07-23T11:14:14.319293,1,WATCH
42,False,0.0728,0.0,WATCH,8.73,0.0192,28.2,2026-07-23T11:14:14.327284,1,WATCH
38,False,0.1188,0.0,WATCH,5.88,0.0316,15.1,2026-07-23T11:14:14.335379,1,WATCH
42,False,0.0751,0.0,WATCH,6.97,0.045,32.2,2026-07-23T11:14:14.343378,1,WATCH
37,False,0.1228,0.0,WATCH,5.12,0.0169,25.9,2026-07-23T11:14:14.351389,1,WATCH
44,False,0.0506,0.0,WATCH,9.68,0.0339,7.8,2026-07-23T11:14:14.359404,1,WATCH
42,False,0.0723,0.0,WATCH,8.98,0.022,15.7,2026-07-23T11:14:14.367335,1,WATCH
36,False,0.1357,0.0,WATCH,6.02,0.025,20.0,2026-07-23T11:14:14.375197,1,WATCH
37,False,0.1253,0.0,WATCH,6.58,0.022,24.3,2026-07-23T11:14:14.383204,1,WATCH
43,False,0.0615,0.0,WATCH,8.04,0.0227,43.9,2026-07-23T11:14:14.391211,1,WATCH
45,False,0.0485,0.0,WATCH,5.78,0.0572,27.4,2026-07-23T11:14:14.399144,1,WATCH
40,False,0.0923,0.0,WATCH,5.02,0.0384,16.6,2026-07-23T11:14:14.407064,1,WATCH
41,False,0.0878,0.0,WATCH,7.31,0.041,27.2,2026-07-23T11:14:14.415072,1,WATCH
38,False,0.1162,0.0,WATCH,6.12,0.0349,21.5,2026-07-23T11:14:14.423060,1,WATCH
39,False,0.1013,0.0,WATCH,6.27,0.0139,28.2,2026-07-23T11:14:14.431081,1,WATCH
40,False,0.0987,0.0,WATCH,4.75,0.0339,30.8,2026-07-23T11:14:14.439159,1,WATCH
44,False,0.0576,0.0,WATCH,3.42,0.0407,37.1,2026-07-23T11:14:14.447122,1,WATCH
37,False,0.1244,0.0,WATCH,6.35,0.0215,24.8,2026-07-23T11:14:14.455060,1,WATCH
42,False,0.0716,0.0,WATCH,7.36,0.0397,41.4,2026-07-23T11:14:14.463010,1,WATCH
40,False,0.0937,0.0,WATCH,5.66,0.037,34.1,2026-07-23T11:14:14.470939,1,WATCH
45,False,0.0452,0.0,WATCH,8.15,0.0485,17.9,2026-07-23T11:14:14.478872,1,WATCH
44,False,0.0505,0.0,WATCH,4.94,0.0258,47.1,2026-07-23T11:14:14.486952,1,WATCH
37,False,0.1209,0.0,WATCH,4.42,0.019,28.3,2026-07-23T11:14:14.495041,1,WATCH
36,False,0.1309,0.0,WATCH,5.9,0.0264,16.6,2026-07-23T11:14:14.503084,1,WATCH
44,False,0.0533,0.0,WATCH,5.88,0.0444,41.5,2026-07-23T11:14:14.510956,1,WATCH
46,False,0.0392,0.0,WATCH,7.15,0.0117,45.8,2026-07-23T11:14:14.518932,1,WATCH
38,False,0.1106,0.0,WATCH,4.84,0.0093,24.7,2026-07-23T11:14:14.526958,1,WATCH
40,False,0.0983,0.0,WATCH,8.05,0.0309,20.0,2026-07-23T11:14:14.534952,1,WATCH
42,False,0.0782,0.0,WATCH,8.95,0.0256,23.3,2026-07-23T11:14:14.542982,1,WATCH
38,False,0.111,0.0,WATCH,5.94,0.0301,32.1,2026-07-23T11:14:14.550886,1,WATCH
41,False,0.0802,0.0,WATCH,7.87,0.0395,37.8,2026-07-23T11:14:14.559071,1,WATCH
38,False,0.1126,0.0,WATCH,4.42,0.0245,30.7,2026-07-23T11:14:14.566978,1,WATCH
41,False,0.0835,0.0,WATCH,7.61,0.0113,26.0,2026-07-23T11:14:14.575177,1,WATCH
44,False,0.053,0.0,WATCH,7.57,0.0504,40.0,2026-07-23T11:14:14.583388,1,WATCH
38,False,0.1138,0.0,WATCH,7.3,0.02,21.9,2026-07-23T11:14:14.591409,1,WATCH
40,False,0.0909,0.0,WATCH,5.98,0.0194,35.3,2026-07-23T11:14:14.599379,1,WATCH
43,False,0.0689,0.0,WATCH,1.57,0.041,22.1,2026-07-23T11:14:14.607387,1,WATCH
38,False,0.115,0.0,WATCH,5.04,0.0262,29.3,2026-07-23T11:14:14.620806,1,WATCH
36,False,0.1309,0.0,WATCH,5.06,0.0294,23.9,2026-07-23T11:14:14.635652,1,WATCH
38,False,0.1114,0.0,WATCH,4.53,0.0348,24.4,2026-07-23T11:14:14.644026,1,WATCH
40,False,0.094,0.0,WATCH,6.18,0.0408,21.2,2026-07-23T11:14:14.652146,1,WATCH
41,False,0.0861,0.0,WATCH,5.37,0.0267,38.4,2026-07-23T11:14:14.660344,1,WATCH
42,False,0.0728,0.0,WATCH,4.76,0.0452,17.7,2026-07-23T11:14:14.668725,1,WATCH
35,False,0.1407,0.0,WATCH,4.41,0.0086,17.6,2026-07-23T11:14:14.676881,1,WATCH
45,False,0.0439,0.0,WATCH,4.93,0.0376,46.2,2026-07-23T11:14:14.684930,1,WATCH
41,False,0.0881,0.0,WATCH,7.68,0.0216,34.8,2026-07-23T11:14:14.693028,1,WATCH
46,False,0.0382,0.0,WATCH,5.01,0.0437,1.1,2026-07-23T11:14:14.701012,1,WATCH
37,False,0.1283,0.0,WATCH,5.23,0.0314,19.3,2026-07-23T11:14:14.709044,1,WATCH
37,False,0.1296,0.0,WATCH,5.31,0.0233,6.9,2026-07-23T11:14:14.717173,1,WATCH
40,False,0.0937,0.0,WATCH,6.51,0.0366,15.5,2026-07-23T11:14:14.725154,1,WATCH
46,False,0.0326,0.0,WATCH,6.68,0.0389,0.0,2026-07-23T11:14:14.733164,1,WATCH
42,False,0.0789,0.0,WATCH,1.43,0.0364,23.6,2026-07-23T11:14:14.741173,1,WATCH
40,False,0.0988,0.0,WATCH,7.53,0.0197,13.6,2026-07-23T11:14:14.749123,1,WATCH
40,False,0.0963,0.0,WATCH,8.15,0.0252,25.6,2026-07-23T11:14:14.757177,1,WATCH
37,False,0.129,0.0,WATCH,4.42,0.03,8.7,2026-07-23T11:14:14.765198,1,WATCH
36,False,0.1308,0.0,WATCH,4.54,0.0296,25.8,2026-07-23T11:14:14.773415,1,WATCH
39,False,0.103,0.0,WATCH,5.32,0.0375,20.9,2026-07-23T11:14:14.781437,1,WATCH
45,False,0.0486,0.0,WATCH,4.87,0.0099,40.0,2026-07-23T11:14:14.789379,1,WATCH
41,False,0.0884,0.0,WATCH,6.34,0.0333,39.1,2026-07-23T11:14:14.797347,1,WATCH
40,False,0.0982,0.0,WATCH,3.08,0.0271,32.9,2026-07-23T11:14:14.805315,1,WATCH
35,False,0.1487,0.0,WATCH,4.32,0.0216,21.7,2026-07-23T11:14:14.813260,1,WATCH
44,False,0.0538,0.0,WATCH,8.31,0.0226,44.9,2026-07-23T11:14:14.821330,1,WATCH
36,False,0.1331,0.0,WATCH,4.61,0.0279,9.5,2026-07-23T11:14:14.829275,1,WATCH
44,False,0.0567,0.0,WATCH,7.87,0.0,11.0,2026-07-23T11:14:14.837220,1,WATCH
37,False,0.1247,0.0,WATCH,6.53,0.023,24.2,2026-07-23T11:14:14.845208,1,WATCH
45,False,0.0461,0.0,WATCH,3.29,0.0212,47.5,2026-07-23T11:14:14.853153,1,WATCH
39,False,0.11,0.0,WATCH,6.95,0.0353,23.0,2026-07-23T11:14:14.861154,1,WATCH
36,False,0.1304,0.0,WATCH,5.82,0.0219,23.2,2026-07-23T11:14:14.869148,1,WATCH
37,False,0.1267,0.0,WATCH,5.32,0.0278,10.6,2026-07-23T11:14:14.877171,1,WATCH
42,False,0.0715,0.0,WATCH,6.37,0.0454,34.5,2026-07-23T11:14:14.885174,1,WATCH
41,False,0.0887,0.0,WATCH,6.71,0.0399,34.5,2026-07-23T11:14:14.893113,1,WATCH
40,False,0.0942,0.0,WATCH,7.06,0.039,32.9,2026-07-23T11:14:14.901141,1,WATCH
39,False,0.1029,0.0,WATCH,7.77,0.025,18.7,2026-07-23T11:14:14.909127,1,WATCH
39,False,0.1075,0.0,WATCH,6.61,0.0354,17.9,2026-07-23T11:14:14.917157,1,WATCH
34,False,0.1506,0.0,WATCH,3.94,0.0277,12.1,2026-07-23T11:14:14.925065,1,WATCH
36,False,0.1356,0.0,WATCH,5.29,0.028,25.8,2026-07-23T11:14:14.932982,1,WATCH
44,False,0.0562,0.0,WATCH,10.41,0.0341,14.2,2026-07-23T11:14:14.940912,1,WATCH
38,False,0.1101,0.0,WATCH,7.09,0.024,13.2,2026-07-23T11:14:14.948947,1,WATCH
45,False,0.0478,0.0,WATCH,9.55,0.0449,20.8,2026-07-23T11:14:14.956974,1,WATCH
39,False,0.1003,0.0,WATCH,8.09,0.0284,20.1,2026-07-23T11:14:14.964927,1,WATCH
39,False,0.1067,0.0,WATCH,6.36,0.0362,19.6,2026-07-23T11:14:14.973217,1,WATCH
42,False,0.0789,0.0,WATCH,6.45,0.0446,29.7,2026-07-23T11:14:14.981203,1,WATCH
40,False,0.0988,0.0,WATCH,5.95,0.0403,25.8,2026-07-23T11:14:14.989201,1,WATCH
34,False,0.1529,0.0,WATCH,3.39,0.0159,22.1,2026-07-23T11:14:14.997116,1,WATCH
38,False,0.1157,0.0,WATCH,6.03,0.0344,26.8,2026-07-23T11:14:15.005123,1,WATCH
42,False,0.07,0.0,WATCH,7.82,0.0385,15.1,2026-07-23T11:14:15.013130,1,WATCH
40,False,0.0942,0.0,WATCH,5.1,0.0389,26.1,2026-07-23T11:14:15.021123,1,WATCH
38,False,0.119,0.0,WATCH,6.62,0.0189,26.5,2026-07-23T11:14:15.029017,1,WATCH
39,False,0.101,0.0,WATCH,7.28,0.0234,10.0,2026-07-23T11:14:15.036969,1,WATCH
42,False,0.0723,0.0,WATCH,4.64,0.0399,35.0,2026-07-23T11:14:15.044977,1,WATCH
36,False,0.1361,0.0,WATCH,5.32,0.0224,16.2,2026-07-23T11:14:15.052960,1,WATCH
36,False,0.1336,0.0,WATCH,4.47,0.027,25.9,2026-07-23T11:14:15.060957,1,WATCH
44,False,0.055,0.0,WATCH,4.77,0.0458,36.6,2026-07-23T11:14:15.068948,1,WATCH
40,False,0.098,0.0,WATCH,4.07,0.0295,34.3,2026-07-23T11:14:15.076995,1,WATCH
36,False,0.1343,0.0,WATCH,4.65,0.0227,25.3,2026-07-23T11:14:15.085133,1,WATCH
40,False,0.0982,0.0,WATCH,8.13,0.0212,21.4,2026-07-23T11:14:15.093235,1,WATCH
40,False,0.0904,0.0,WATCH,4.63,0.0333,34.5,2026-07-23T11:14:15.101283,1,WATCH
40,False,0.0937,0.0,WATCH,6.19,0.0167,31.7,2026-07-23T11:14:15.109352,1,WATCH
36,False,0.1356,0.0,WATCH,5.25,0.0275,18.8,2026-07-23T11:14:15.117367,1,WATCH
40,False,0.0935,0.0,WATCH,7.77,0.0333,17.1,2026-07-23T11:14:15.125277,1,WATCH
46,False,0.0355,0.0,WATCH,7.97,0.043,4.3,2026-07-23T11:14:15.133264,1,WATCH
40,False,0.0978,0.0,WATCH,7.3,0.0367,26.5,2026-07-23T11:14:15.141202,1,WATCH
37,False,0.1253,0.0,WATCH,6.46,0.0229,24.2,2026-07-23T11:14:15.149184,1,WATCH
42,False,0.0779,0.0,WATCH,5.65,0.0418,36.4,2026-07-23T11:14:15.157214,1,WATCH
37,False,0.1204,0.0,WATCH,4.21,0.027,28.6,2026-07-23T11:14:15.165184,1,WATCH
44,False,0.0526,0.0,WATCH,8.92,0.0176,38.3,2026-07-23T11:14:15.173213,1,WATCH
36,False,0.1379,0.0,WATCH,4.86,0.0283,18.0,2026-07-23T11:14:15.181207,1,WATCH
42,False,0.0719,0.0,WATCH,7.0,0.0444,36.4,2026-07-23T11:14:15.189173,1,WATCH
39,False,0.108,0.0,WATCH,7.59,0.0317,19.7,2026-07-23T11:14:15.197191,1,WATCH
39,False,0.1073,0.0,WATCH,5.17,0.0301,32.8,2026-07-23T11:14:15.205323,1,WATCH
44,False,0.0554,0.0,WATCH,7.56,0.0464,10.4,2026-07-23T11:14:15.213292,1,WATCH
40,False,0.0996,0.0,WATCH,7.15,0.0157,27.4,2026-07-23T11:14:15.221260,1,WATCH
41,False,0.0864,0.0,WATCH,8.59,0.0171,5.2,2026-07-23T11:14:15.229268,1,WATCH
37,False,0.1207,0.0,WATCH,5.3,0.0138,22.3,2026-07-23T11:14:15.237302,1,WATCH
40,False,0.0977,0.0,WATCH,4.07,0.0337,29.4,2026-07-23T11:14:15.245237,1,WATCH
36,False,0.1306,0.0,WATCH,5.24,0.0317,19.8,2026-07-23T11:14:15.253202,1,WATCH
43,False,0.0699,0.0,WATCH,6.31,0.0454,14.5,2026-07-23T11:14:15.261114,1,WATCH
39,False,0.107,0.0,WATCH,6.09,0.0324,33.5,2026-07-23T11:14:15.269325,1,WATCH
36,False,0.1359,0.0,WATCH,5.41,0.026,24.0,2026-07-23T11:14:15.277348,1,WATCH
36,False,0.1354,0.0,WATCH,3.14,0.03,20.1,2026-07-23T11:14:15.285359,1,WATCH
37,False,0.1263,0.0,WATCH,6.71,0.0312,25.4,2026-07-23T11:14:15.293401,1,WATCH
48,False,0.0153,0.0,WATCH,8.96,0.0133,51.4,2026-07-23T11:14:15.301329,1,WATCH
45,False,0.0456,0.0,WATCH,6.7,0.0571,36.5,2026-07-23T11:14:15.309344,1,WATCH
41,False,0.0886,0.0,WATCH,6.91,0.0352,36.6,2026-07-23T11:14:15.317259,1,WATCH
38,False,0.1129,0.0,WATCH,6.86,0.0321,29.4,2026-07-23T11:14:15.325258,1,WATCH
39,False,0.1056,0.0,WATCH,6.6,0.0362,26.7,2026-07-23T11:14:15.333167,1,WATCH
41,False,0.0887,0.0,WATCH,2.41,0.036,21.8,2026-07-23T11:14:15.341088,2,WARNING
42,False,0.076,0.0,WATCH,5.06,0.0264,39.2,2026-07-23T11:14:15.349160,2,WARNING
39,False,0.1067,0.0,WATCH,5.44,0.0304,33.8,2026-07-23T11:14:15.357111,2,WARNING
41,False,0.0853,0.0,WATCH,3.36,0.0327,0.0,2026-07-23T11:14:15.365170,2,WARNING
38,False,0.1155,0.0,WATCH,4.55,0.0334,16.1,2026-07-23T11:14:15.373110,2,WARNING
45,False,0.0489,0.0,WATCH,3.31,0.0439,36.4,2026-07-23T11:14:15.381109,2,WARNING
40,False,0.093,0.0,WATCH,6.48,0.0407,28.6,2026-07-23T11:14:15.389078,2,WARNING
47,False,0.0299,0.0,WATCH,7.95,0.058,16.7,2026-07-23T11:14:15.397066,2,WARNING
47,False,0.0248,0.0,WATCH,8.53,0.0605,21.1,2026-07-23T11:14:15.405022,2,WARNING
43,False,0.0699,0.0,WATCH,7.49,0.036,8.0,2026-07-23T11:14:15.413000,2,WARNING
43,False,0.0657,0.0,WATCH,5.29,0.0,27.4,2026-07-23T11:14:15.420955,2,WARNING
48,False,0.0102,0.0,WATCH,3.73,0.0516,52.2,2026-07-23T11:14:15.428881,2,WARNING
42,False,0.0785,0.0,WATCH,4.09,0.0299,37.6,2026-07-23T11:14:15.436879,2,WARNING
46,False,0.036,0.0,WATCH,4.99,0.0269,52.9,2026-07-23T11:14:15.444851,2,WARNING
41,False,0.0848,0.0,WATCH,5.72,0.0326,39.2,2026-07-23T11:14:15.452815,2,WARNING
42,False,0.0781,0.0,WATCH,7.07,0.0325,41.2,2026-07-23T11:14:15.460905,2,WARNING
47,False,0.0258,0.0,WATCH,5.64,0.0473,51.9,2026-07-23T11:14:15.468851,2,WARNING
42,False,0.0719,0.0,WATCH,8.13,0.018,34.9,2026-07-23T11:14:15.476907,2,WARNING
39,False,0.1091,0.0,WATCH,7.2,0.025,29.0,2026-07-23T11:14:15.484971,2,WARNING
44,False,0.0586,0.0,WATCH,7.73,0.0456,42.8,2026-07-23T11:14:15.493035,2,WARNING
45,False,0.0428,0.0,WATCH,9.89,0.0503,47.9,2026-07-23T11:14:15.500915,2,WARNING
44,False,0.0592,0.0,WATCH,5.7,0.0512,26.7,2026-07-23T11:14:15.508813,2,WARNING
41,False,0.0844,0.0,WATCH,8.76,0.0306,24.3,2026-07-23T11:14:15.516766,2,WARNING
41,False,0.0887,0.0,WATCH,8.04,0.0281,34.3,2026-07-23T11:14:15.524765,2,WARNING
42,False,0.075,0.0,WATCH,7.52,0.0357,42.5,2026-07-23T11:14:15.532638,2,WARNING
45,False,0.0485,0.0,WATCH,9.95,0.0478,42.5,2026-07-23T11:14:15.540734,2,WARNING
48,False,0.011,0.0,WATCH,10.04,0.0681,17.4,2026-07-23T11:14:15.548736,2,WARNING
48,False,0.0182,0.0,WATCH,6.58,0.0123,56.1,2026-07-23T11:14:15.556647,2,WARNING
42,False,0.0761,0.0,WATCH,8.16,0.0421,27.0,2026-07-23T11:14:15.564599,2,WARNING
43,False,0.066,0.0,WATCH,9.17,0.0243,31.7,2026-07-23T11:14:15.572916,2,WARNING
40,False,0.0921,0.0,WATCH,8.15,0.0192,24.6,2026-07-23T11:14:15.581119,2,WARNING
47,False,0.0219,0.0,WATCH,9.97,0.0638,67.1,2026-07-23T11:14:15.589608,2,WARNING
45,False,0.0455,0.0,WATCH,9.45,0.0573,38.6,2026-07-23T11:14:15.598101,2,WARNING
49,False,0.0042,0.0,WATCH,12.73,0.0564,26.0,2026-07-23T11:14:15.606364,2,WARNING
47,False,0.0202,0.0,WATCH,5.88,0.0653,46.8,2026-07-23T11:14:15.614483,2,WARNING
44,False,0.0573,0.0,WATCH,8.89,0.0411,46.0,2026-07-23T11:14:15.622579,2,WARNING
41,False,0.0832,0.0,WATCH,7.32,0.0424,34.9,2026-07-23T11:14:15.630612,2,WARNING
47,False,0.0267,0.0,WATCH,10.61,0.0908,47.6,2026-07-23T11:14:15.638732,2,WARNING
42,False,0.0737,0.0,WATCH,5.95,0.0468,27.8,2026-07-23T11:14:15.646935,2,WARNING
47,False,0.0263,0.0,WATCH,10.25,0.0657,32.1,2026-07-23T11:14:15.655100,2,WARNING
47,False,0.0291,0.0,WATCH,8.23,0.0526,13.9,2026-07-23T11:14:15.663366,2,WARNING
40,False,0.0951,0.0,WATCH,8.08,0.0175,22.5,2026-07-23T11:14:15.671501,2,WARNING
48,False,0.0107,0.0,WATCH,6.58,0.0139,61.5,2026-07-23T11:14:15.679573,2,WARNING
46,False,0.0314,0.0,WATCH,8.83,0.0428,59.9,2026-07-23T11:14:15.687652,2,WARNING
47,False,0.0279,0.0,WATCH,12.39,0.0757,40.7,2026-07-23T11:14:15.695798,2,WARNING
47,False,0.0292,0.0,WATCH,9.99,0.0711,61.0,2026-07-23T11:14:15.703872,2,WARNING
47,False,0.0244,0.0,WATCH,11.56,0.0744,38.5,2026-07-23T11:14:15.711916,2,WARNING
47,False,0.0276,0.0,WATCH,14.04,0.0361,37.8,2026-07-23T11:14:15.720109,2,WARNING
48,False,0.0187,0.0,WATCH,10.92,0.0906,41.9,2026-07-23T11:14:15.728209,2,WARNING
43,False,0.0626,0.0,WATCH,9.1,0.0373,39.9,2026-07-23T11:14:15.736229,2,WARNING
46,False,0.0312,0.0,WATCH,11.59,0.0626,39.1,2026-07-23T11:14:15.744292,2,WARNING
46,False,0.037,0.0,WATCH,9.3,0.0584,56.9,2026-07-23T11:14:15.752376,2,WARNING
45,False,0.0441,0.0,WATCH,9.48,0.0554,44.5,2026-07-23T11:14:15.760511,2,WARNING
49,False,0.0099,0.0,WATCH,7.13,0.0891,52.1,2026-07-23T11:14:15.768694,2,WARNING
46,False,0.0337,0.0,WATCH,13.09,0.0447,56.6,2026-07-23T11:14:15.777066,2,WARNING
45,False,0.0433,0.0,WATCH,10.01,0.0307,48.6,2026-07-23T11:14:15.785521,2,WARNING
48,False,0.0185,0.0,WATCH,11.48,0.0619,31.1,2026-07-23T11:14:15.793795,2,WARNING
46,False,0.0381,0.0,WATCH,8.57,0.0529,26.4,2026-07-23T11:14:15.802009,2,WARNING
51,True,-0.0101,0.0,WARNING,12.29,0.1404,46.5,2026-07-23T11:14:15.810110,2,WARNING
46,False,0.033,0.0,WATCH,9.4,0.0789,42.6,2026-07-23T11:14:15.818258,2,WARNING
46,False,0.0353,0.0,WATCH,11.04,0.0541,46.4,2026-07-23T11:14:15.826357,2,WARNING
47,False,0.0274,0.0,WATCH,13.7,0.0392,45.3,2026-07-23T11:14:15.834309,2,WARNING
52,True,-0.0276,0.0,WARNING,13.59,0.0198,80.7,2026-07-23T11:14:15.842345,2,WARNING
46,False,0.038,0.0,WATCH,11.61,0.0406,28.2,2026-07-23T11:14:15.850305,2,WARNING
48,False,0.019,0.0,WATCH,7.19,0.0688,19.5,2026-07-23T11:14:15.858368,2,WARNING
51,True,-0.0182,0.0,WARNING,19.61,0.1016,51.4,2026-07-23T11:14:15.866436,2,WARNING
50,True,-0.0055,0.0,WARNING,16.49,0.0949,42.1,2026-07-23T11:14:15.874593,2,WARNING
46,False,0.0383,0.0,WATCH,13.92,0.0734,51.9,2026-07-23T11:14:15.882536,2,WARNING
46,False,0.0381,0.0,WATCH,10.12,0.06,56.0,2026-07-23T11:14:15.890528,2,WARNING
47,False,0.0239,0.0,WATCH,11.9,0.0756,66.1,2026-07-23T11:14:15.898559,2,WARNING
48,False,0.0196,0.0,WATCH,10.84,0.056,27.6,2026-07-23T11:14:15.906603,2,WARNING
51,True,-0.0153,0.0,WARNING,15.79,0.1145,41.1,2026-07-23T11:14:15.914718,2,WARNING
45,False,0.0421,0.0,WATCH,13.18,0.0655,55.3,2026-07-23T11:14:15.922805,2,WARNING
46,False,0.0317,0.0,WATCH,10.42,0.0687,60.5,2026-07-23T11:14:15.930813,2,WARNING
53,True,-0.0372,0.0,WARNING,11.36,0.0126,81.0,2026-07-23T11:14:15.939022,2,WARNING
47,False,0.022,0.0,WATCH,15.84,0.0669,63.9,2026-07-23T11:14:15.946952,2,WARNING
49,False,0.001,0.0,WATCH,17.28,0.0953,49.8,2026-07-23T11:14:15.954969,2,WARNING
50,True,-0.0001,0.0,WARNING,17.2,0.0441,38.2,2026-07-23T11:14:15.962896,2,WARNING
48,False,0.0121,0.0,WATCH,15.14,0.0532,43.2,2026-07-23T11:14:15.971053,2,WARNING
48,False,0.0189,0.0,WATCH,12.39,0.0964,43.1,2026-07-23T11:14:15.979242,2,WARNING
48,False,0.0107,0.0,WATCH,3.96,0.0336,61.5,2026-07-23T11:14:15.987738,2,WARNING
47,False,0.0262,0.0,WATCH,14.13,0.1053,56.0,2026-07-23T11:14:15.995925,2,WARNING
48,False,0.0164,0.0,WATCH,13.37,0.0609,33.3,2026-07-23T11:14:16.004068,2,WARNING
46,False,0.0316,0.0,WATCH,13.87,0.0655,46.6,2026-07-23T11:14:16.012052,2,WARNING
48,False,0.0128,0.0,WATCH,13.71,0.0447,66.2,2026-07-23T11:14:16.020129,2,WARNING
48,False,0.0182,0.0,WATCH,9.75,0.0888,58.8,2026-07-23T11:14:16.028131,2,WARNING
50,True,-0.0061,0.0,WARNING,15.37,0.1505,62.4,2026-07-23T11:14:16.036159,2,WARNING
47,False,0.0202,0.0,WATCH,15.7,0.102,60.0,2026-07-23T11:14:16.044148,2,WARNING
51,True,-0.0186,0.0,WARNING,15.95,0.0537,79.0,2026-07-23T11:14:16.052218,2,WARNING
49,False,0.0074,0.0,WATCH,16.84,0.1141,58.5,2026-07-23T11:14:16.060255,2,WARNING
46,False,0.0358,0.0,WATCH,12.84,0.0401,48.2,2026-07-23T11:14:16.068220,2,WARNING
46,False,0.0363,0.0,WATCH,11.25,0.0577,53.0,2026-07-23T11:14:16.076227,2,WARNING
47,False,0.0245,0.0,WATCH,14.75,0.0958,59.4,2026-07-23T11:14:16.084205,2,WARNING
48,False,0.0178,0.0,WATCH,6.68,0.0802,26.8,2026-07-23T11:14:16.092389,2,WARNING
51,True,-0.0128,0.0,WARNING,13.45,0.1083,31.5,2026-07-23T11:14:16.100578,2,WARNING
47,False,0.0268,0.0,WATCH,13.38,0.0854,45.4,2026-07-23T11:14:16.108499,2,WARNING
46,False,0.0333,0.0,WATCH,9.91,0.0694,58.1,2026-07-23T11:14:16.116478,2,WARNING
51,True,-0.0121,0.0,WARNING,11.22,0.1444,51.4,2026-07-23T11:14:16.124510,2,WARNING
50,True,-0.0085,0.0,WARNING,16.43,0.0772,77.2,2026-07-23T11:14:16.132556,2,WARNING
52,True,-0.0255,0.0,WARNING,14.69,0.1149,32.8,2026-07-23T11:14:16.140620,2,WARNING
47,False,0.0252,0.0,WATCH,14.31,0.068,43.7,2026-07-23T11:14:16.148638,2,WARNING
50,True,-0.0062,0.0,WARNING,14.92,0.1013,77.8,2026-07-23T11:14:16.156695,2,WARNING
47,False,0.0216,0.0,WATCH,14.28,0.1078,57.0,2026-07-23T11:14:16.164847,2,WARNING
50,True,-0.0027,0.0,WARNING,17.73,0.0863,68.3,2026-07-23T11:14:16.173010,2,WARNING
54,True,-0.0403,0.0,WARNING,14.37,0.0094,85.8,2026-07-23T11:14:16.181202,2,WARNING
46,False,0.0322,0.0,WATCH,9.63,0.0805,44.6,2026-07-23T11:14:16.189285,2,WARNING
51,True,-0.0168,0.0,WARNING,18.89,0.1169,53.5,2026-07-23T11:14:16.197331,2,WARNING
48,False,0.017,0.0,WATCH,15.11,0.0958,50.9,2026-07-23T11:14:16.205304,2,WARNING
51,True,-0.01,0.0,WARNING,12.23,0.0934,25.7,2026-07-23T11:14:16.213342,2,WARNING
46,False,0.0389,0.0,WATCH,10.24,0.0283,50.3,2026-07-23T11:14:16.221375,2,WARNING
48,False,0.0142,0.0,WATCH,15.19,0.0584,68.2,2026-07-23T11:14:16.229348,2,WARNING
46,False,0.0311,0.0,WATCH,13.65,0.0923,63.1,2026-07-23T11:14:16.237313,2,WARNING
50,True,-0.0033,0.0,WARNING,18.72,0.0923,64.3,2026-07-23T11:14:16.245326,2,WARNING
48,False,0.0162,0.0,WATCH,12.96,0.1164,49.4,2026-07-23T11:14:16.253475,2,WARNING
46,False,0.0303,0.0,WATCH,11.49,0.0757,45.2,2026-07-23T11:14:16.261575,2,WARNING
50,True,-0.0039,0.0,WARNING,16.69,0.0922,74.0,2026-07-23T11:14:16.269589,2,WARNING
49,False,0.0036,0.0,WATCH,16.78,0.0805,47.5,2026-07-23T11:14:16.277613,2,WARNING
48,False,0.0197,0.0,WATCH,14.51,0.0504,59.4,2026-07-23T11:14:16.285639,2,WARNING
51,True,-0.0125,0.0,WARNING,16.03,0.0123,57.5,2026-07-23T11:14:16.293704,2,WARNING
50,True,-0.0005,0.0,WARNING,13.89,0.0929,76.9,2026-07-23T11:14:16.301779,2,WARNING
48,False,0.0131,0.0,WATCH,14.7,0.0852,69.6,2026-07-23T11:14:16.309920,2,WARNING
51,True,-0.0138,0.0,WARNING,17.49,0.0615,35.6,2026-07-23T11:14:16.317854,2,WARNING
49,False,0.0075,0.0,WATCH,15.88,0.0314,37.2,2026-07-23T11:14:16.325922,2,WARNING
47,False,0.0248,0.0,WATCH,13.49,0.0989,63.7,2026-07-23T11:14:16.333953,2,WARNING
49,False,0.0,0.0,WATCH,18.06,0.072,54.0,2026-07-23T11:14:16.341938,2,WARNING
49,False,0.0001,0.0,WATCH,6.91,0.0967,48.2,2026-07-23T11:14:16.349996,2,WARNING
52,True,-0.0235,0.0,WARNING,20.16,0.1359,70.2,2026-07-23T11:14:16.357948,2,WARNING
48,False,0.0115,0.0,WATCH,8.88,0.0158,57.8,2026-07-23T11:14:16.365979,2,WARNING
46,False,0.038,0.0,WATCH,12.12,0.059,55.8,2026-07-23T11:14:16.374009,2,WARNING
47,False,0.0259,0.0,WATCH,13.88,0.0737,66.7,2026-07-23T11:14:16.382052,2,WARNING
49,False,0.007,0.0,WATCH,13.56,0.1236,49.4,2026-07-23T11:14:16.390048,2,WARNING
52,True,-0.0286,0.0,WARNING,17.02,0.0309,78.5,2026-07-23T11:14:16.397990,2,WARNING
51,True,-0.0171,0.0,WARNING,10.83,0.1381,43.2,2026-07-23T11:14:16.406430,2,WARNING
47,False,0.0245,0.0,WATCH,14.78,0.0841,64.9,2026-07-23T11:14:16.415609,2,WARNING
49,False,0.0004,0.0,WATCH,12.27,0.0771,76.5,2026-07-23T11:14:16.424453,2,WARNING
50,True,-0.0001,0.0,WARNING,14.89,0.0741,34.3,2026-07-23T11:14:16.434667,2,WARNING
46,False,0.0383,0.0,WATCH,13.81,0.0669,49.8,2026-07-23T11:14:16.443523,2,WARNING
49,False,0.0039,0.0,WATCH,14.28,0.1114,72.1,2026-07-23T11:14:16.452626,2,WARNING
50,True,-0.0035,0.0,WARNING,12.35,0.0479,72.4,2026-07-23T11:14:16.461902,2,WARNING
46,False,0.0351,0.0,WATCH,12.47,0.0904,52.4,2026-07-23T11:14:16.470757,2,WARNING
47,False,0.023,0.0,WATCH,14.86,0.0685,44.0,2026-07-23T11:14:16.479251,2,WARNING
50,True,-0.0001,0.0,WARNING,16.83,0.0571,69.3,2026-07-23T11:14:16.487885,2,WARNING
52,True,-0.0219,0.0,WARNING,12.21,0.1576,72.8,2026-07-23T11:14:16.496220,2,WARNING
48,False,0.0117,0.0,WATCH,11.39,0.0926,37.5,2026-07-23T11:14:16.504607,2,WARNING
51,True,-0.0116,0.0,WARNING,15.84,0.0984,36.9,2026-07-23T11:14:16.512971,2,WARNING
47,False,0.0237,0.0,WATCH,13.9,0.1141,58.4,2026-07-23T11:14:16.521393,2,WARNING
50,True,-0.0028,0.0,WARNING,16.49,0.0374,64.4,2026-07-23T11:14:16.529627,2,WARNING
50,True,-0.004,0.0,WARNING,11.28,0.1326,50.5,2026-07-23T11:14:16.537825,2,WARNING
50,True,-0.004,0.0,WARNING,8.66,0.0047,65.2,2026-07-23T11:14:16.546018,2,WARNING
46,False,0.037,0.0,WATCH,12.4,0.0569,44.3,2026-07-23T11:14:16.554188,2,WARNING
49,False,0.0029,0.0,WATCH,11.7,0.0662,23.3,2026-07-23T11:14:16.562415,2,WARNING
47,False,0.022,0.0,WATCH,13.76,0.0975,48.6,2026-07-23T11:14:16.570669,2,WARNING
46,False,0.0322,0.0,WATCH,12.09,0.0866,55.9,2026-07-23T11:14:16.579397,2,WARNING
48,False,0.0156,0.0,WATCH,16.22,0.075,50.9,2026-07-23T11:14:16.588786,2,WARNING
48,False,0.0185,0.0,WATCH,13.14,0.0796,37.6,2026-07-23T11:14:16.607297,2,WARNING
50,True,-0.0021,0.0,WARNING,14.45,0.0507,27.8,2026-07-23T11:14:16.618839,2,WARNING
48,False,0.0117,0.0,WATCH,14.47,0.0351,47.3,2026-07-23T11:14:16.627360,2,WARNING
48,False,0.0115,0.0,WATCH,14.58,0.1018,68.5,2026-07-23T11:14:16.635837,2,WARNING
49,False,0.0024,0.0,WATCH,13.93,0.1008,73.8,2026-07-23T11:14:16.644181,2,WARNING
50,True,-0.0037,0.0,WARNING,15.53,0.1275,72.8,2026-07-23T11:14:16.652490,2,WARNING
46,False,0.0342,0.0,WATCH,11.61,0.0563,42.8,2026-07-23T11:14:16.660842,2,WARNING
53,True,-0.0315,0.0,WARNING,18.2,0.1008,37.7,2026-07-23T11:14:16.668946,2,WARNING
46,False,0.0372,0.0,WATCH,13.29,0.0715,62.4,2026-07-23T11:14:16.677199,2,WARNING
49,False,0.0035,0.0,WATCH,10.07,0.1157,64.5,2026-07-23T11:14:16.685347,2,WARNING
48,False,0.0191,0.0,WATCH,14.56,0.1107,61.0,2026-07-23T11:14:16.693396,2,WARNING
50,True,-0.0092,0.0,WARNING,11.45,0.0863,24.8,2026-07-23T11:14:16.701562,2,WARNING
49,False,0.0084,0.0,WATCH,16.0,0.0698,42.0,2026-07-23T11:14:16.709714,2,WARNING
52,True,-0.0235,0.0,WARNING,20.63,0.1088,54.6,2026-07-23T11:14:16.717788,2,WARNING
48,False,0.0177,0.0,WATCH,11.64,0.0994,62.3,2026-07-23T11:14:16.725889,2,WARNING
48,False,0.0189,0.0,WATCH,15.0,0.0595,66.5,2026-07-23T11:14:16.733974,2,WARNING
46,False,0.039,0.0,WATCH,8.73,0.0402,57.2,2026-07-23T11:14:16.742039,2,WARNING
47,False,0.0276,0.0,WATCH,15.36,0.0713,60.0,2026-07-23T11:14:16.750003,2,WARNING
49,False,0.0014,0.0,WATCH,11.34,0.1255,56.3,2026-07-23T11:14:16.757968,2,WARNING
48,False,0.0115,0.0,WATCH,12.13,0.1144,65.3,2026-07-23T11:14:16.766018,2,WARNING
47,False,0.0248,0.0,WATCH,10.7,0.0466,59.7,2026-07-23T11:14:16.774168,2,WARNING
48,False,0.0116,0.0,WATCH,16.2,0.045,56.0,2026-07-23T11:14:16.782143,2,WARNING
50,True,-0.0059,0.0,WARNING,17.02,0.1182,51.0,2026-07-23T11:14:16.790144,2,WARNING
47,False,0.0259,0.0,WATCH,14.07,0.0459,56.2,2026-07-23T11:14:16.798214,2,WARNING
47,False,0.0201,0.0,WATCH,11.41,0.0953,62.3,2026-07-23T11:14:16.806415,2,WARNING
50,True,-0.0015,0.0,WARNING,18.77,0.0615,59.0,2026-07-23T11:14:16.814717,2,WARNING
49,False,0.0009,0.0,WATCH,11.75,0.1285,60.7,2026-07-23T11:14:16.822713,2,WARNING
51,True,-0.0151,0.0,WARNING,7.51,0.0569,75.1,2026-07-23T11:14:16.830837,2,WARNING
48,False,0.0187,0.0,WATCH,15.38,0.1143,59.0,2026-07-23T11:14:16.838771,2,WARNING
47,False,0.0276,0.0,WATCH,10.69,0.0855,45.3,2026-07-23T11:14:16.846846,2,WARNING
49,False,0.0066,0.0,WATCH,16.97,0.0876,68.3,2026-07-23T11:14:16.854834,2,WARNING
47,False,0.0238,0.0,WATCH,12.86,0.0209,34.5,2026-07-23T11:14:16.862992,2,WARNING
50,True,-0.0053,0.0,WARNING,15.81,0.0139,38.8,2026-07-23T11:14:16.871157,2,WARNING
49,False,0.0016,0.0,WATCH,18.2,0.0734,60.0,2026-07-23T11:14:16.879278,2,WARNING
47,False,0.0226,0.0,WATCH,10.37,0.0874,62.7,2026-07-23T11:14:16.887379,2,WARNING
46,False,0.0356,0.0,WATCH,12.3,0.0462,36.3,2026-07-23T11:14:16.895348,2,WARNING
47,False,0.0263,0.0,WATCH,13.77,0.0473,49.3,2026-07-23T11:14:16.903517,2,WARNING
52,True,-0.0208,0.0,WARNING,18.61,0.0968,45.9,2026-07-23T11:14:16.911641,2,WARNING
47,False,0.0226,0.0,WATCH,12.02,0.0969,47.7,2026-07-23T11:14:16.919708,2,WARNING
48,False,0.0173,0.0,WATCH,12.22,0.0759,69.2,2026-07-23T11:14:16.927763,2,WARNING
48,False,0.0161,0.0,WATCH,15.43,0.1034,65.6,2026-07-23T11:14:16.935695,2,WARNING
46,False,0.0316,0.0,WATCH,12.27,0.0448,54.7,2026-07-23T11:14:16.943765,2,WARNING
47,False,0.0263,0.0,WATCH,14.46,0.0693,46.8,2026-07-23T11:14:16.951952,2,WARNING
52,True,-0.0229,0.0,WARNING,9.35,0.1294,34.8,2026-07-23T11:14:16.959910,2,WARNING
53,True,-0.0305,0.0,WARNING,20.64,0.082,76.3,2026-07-23T11:14:16.967876,2,WARNING
48,False,0.0183,0.0,WATCH,9.96,0.0838,63.9,2026-07-23T11:14:16.975943,2,WARNING
52,True,-0.0243,0.0,WARNING,13.03,0.1492,44.4,2026-07-23T11:14:16.983997,2,WARNING
48,False,0.0105,0.0,WATCH,13.9,0.038,65.8,2026-07-23T11:14:16.992196,2,WARNING
51,True,-0.0156,0.0,WARNING,19.74,0.1039,53.9,2026-07-23T11:14:17.000221,2,WARNING
50,True,-0.0035,0.0,WARNING,10.03,0.1299,50.7,2026-07-23T11:14:17.008247,2,WARNING
51,True,-0.012,0.0,WARNING,19.95,0.0703,61.5,2026-07-23T11:14:17.016167,2,WARNING
50,True,-0.0045,0.0,WARNING,16.27,0.1058,43.9,2026-07-23T11:14:17.024240,2,WARNING
48,False,0.0172,0.0,WATCH,15.25,0.0505,49.8,2026-07-23T11:14:17.032248,2,WARNING
46,False,0.037,0.0,WATCH,11.05,0.0594,56.8,2026-07-23T11:14:17.040320,2,WARNING
49,False,0.0095,0.0,WATCH,15.71,0.0915,47.5,2026-07-23T11:14:17.048317,2,WARNING
48,False,0.014,0.0,WATCH,11.83,0.104,65.0,2026-07-23T11:14:17.056332,2,WARNING
52,True,-0.0236,0.0,WARNING,17.8,0.1136,83.0,2026-07-23T11:14:17.064521,2,WARNING
50,True,-0.0092,0.0,WARNING,11.09,0.1271,43.7,2026-07-23T11:14:17.072536,2,WARNING
49,False,0.0004,0.0,WATCH,13.66,0.078,30.0,2026-07-23T11:14:17.080619,2,WARNING
52,True,-0.0277,0.0,WARNING,12.33,0.1158,25.0,2026-07-23T11:14:17.088678,2,WARNING
46,False,0.036,0.0,WATCH,11.04,0.0697,52.7,2026-07-23T11:14:17.096874,2,WARNING
50,True,-0.0059,0.0,WARNING,16.22,0.1071,45.1,2026-07-23T11:14:17.104925,2,WARNING
47,False,0.0244,0.0,WATCH,15.61,0.0862,58.1,2026-07-23T11:14:17.113176,2,WARNING
49,False,0.003,0.0,WATCH,17.63,0.0934,57.0,2026-07-23T11:14:17.121338,2,WARNING
49,False,0.0031,0.0,WATCH,8.66,0.0927,31.0,2026-07-23T11:14:17.129400,2,WARNING
50,True,-0.0038,0.0,WARNING,17.19,0.0319,27.8,2026-07-23T11:14:17.137502,2,WARNING
53,True,-0.0324,0.0,WARNING,21.52,0.0463,59.4,2026-07-23T11:14:17.145545,2,WARNING
46,False,0.0368,0.0,WATCH,12.65,0.0831,57.0,2026-07-23T11:14:17.153591,2,WARNING
53,True,-0.0324,0.0,WARNING,19.69,0.0294,48.6,2026-07-23T11:14:17.161717,2,WARNING
51,True,-0.0138,0.0,WARNING,13.21,0.1049,30.1,2026-07-23T11:14:17.169742,2,WARNING
48,False,0.0116,0.0,WATCH,9.88,0.1061,62.1,2026-07-23T11:14:17.177766,2,WARNING
49,False,0.0028,0.0,WATCH,13.08,0.0898,74.1,2026-07-23T11:14:17.185871,2,WARNING
49,False,0.0037,0.0,WATCH,17.14,0.0464,59.2,2026-07-23T11:14:17.193890,2,WARNING
50,True,-0.0055,0.0,WARNING,11.49,0.1214,42.3,2026-07-23T11:14:17.201858,2,WARNING
50,True,-0.0025,0.0,WARNING,12.2,0.1411,55.7,2026-07-23T11:14:17.210005,2,WARNING
50,True,-0.0087,0.0,WARNING,15.78,0.0844,34.5,2026-07-23T11:14:17.218050,2,WARNING
49,False,0.0084,0.0,WATCH,14.01,0.0953,70.9,2026-07-23T11:14:17.226050,2,WARNING
47,False,0.0231,0.0,WATCH,15.75,0.0861,56.2,2026-07-23T11:14:17.234097,2,WARNING
52,True,-0.026,0.0,WARNING,14.71,0.0959,28.5,2026-07-23T11:14:17.242040,2,WARNING
47,False,0.0219,0.0,WATCH,15.44,0.0764,50.5,2026-07-23T11:14:17.250098,2,WARNING
46,False,0.0339,0.0,WATCH,12.7,0.079,61.9,2026-07-23T11:14:17.258190,2,WARNING
48,False,0.014,0.0,WATCH,14.7,0.1072,50.0,2026-07-23T11:14:17.266173,2,WARNING
51,True,-0.0166,0.0,WARNING,11.22,0.1504,50.9,2026-07-23T11:14:17.274247,2,WARNING
51,True,-0.0118,0.0,WARNING,17.87,0.038,36.6,2026-07-23T11:14:17.282185,2,WARNING
47,False,0.0285,0.0,WATCH,12.1,0.0769,63.5,2026-07-23T11:14:17.290296,2,WARNING
50,True,-0.0067,0.0,WARNING,17.39,0.0446,45.3,2026-07-23T11:14:17.298305,2,WARNING
53,True,-0.0388,0.0,WARNING,13.3,0.1278,22.7,2026-07-23T11:14:17.306460,2,WARNING
47,False,0.0251,0.0,WATCH,14.61,0.0624,49.4,2026-07-23T11:14:17.314508,2,WARNING
50,True,-0.0012,0.0,WARNING,12.52,0.0367,69.7,2026-07-23T11:14:17.322616,2,WARNING
48,False,0.0197,0.0,WATCH,10.95,0.0991,49.2,2026-07-23T11:14:17.330619,2,WARNING
53,True,-0.0347,0.0,WARNING,8.77,0.1323,81.1,2026-07-23T11:14:17.338688,2,WARNING
48,False,0.0155,0.0,WATCH,10.83,0.0999,61.4,2026-07-23T11:14:17.346767,2,WARNING
46,False,0.0325,0.0,WATCH,13.03,0.0861,60.1,2026-07-23T11:14:17.354830,2,WARNING
47,False,0.0237,0.0,WATCH,14.64,0.0923,53.1,2026-07-23T11:14:17.362851,2,WARNING
50,True,-0.0016,0.0,WARNING,17.03,0.1224,54.0,2026-07-23T11:14:17.370838,2,WARNING
46,False,0.0341,0.0,WATCH,12.66,0.0538,51.0,2026-07-23T11:14:17.378991,2,WARNING
46,False,0.0347,0.0,WATCH,11.35,0.0766,50.5,2026-07-23T11:14:17.387058,2,WARNING
47,False,0.0245,0.0,WATCH,9.67,0.0664,63.0,2026-07-23T11:14:17.395143,2,WARNING
49,False,0.0069,0.0,WATCH,15.44,0.045,41.0,2026-07-23T11:14:17.403126,2,WARNING
51,True,-0.0166,0.0,WARNING,18.15,0.0701,38.9,2026-07-23T11:14:17.411214,2,WARNING
53,True,-0.0334,0.0,WARNING,17.8,0.1132,38.2,2026-07-23T11:14:17.419524,2,WARNING
51,True,-0.018,0.0,WARNING,16.13,0.097,85.7,2026-07-23T11:14:17.427643,2,WARNING
47,False,0.0207,0.0,WATCH,15.92,0.0993,63.0,2026-07-23T11:14:17.435636,2,WARNING
50,True,-0.0086,0.0,WARNING,19.09,0.0844,59.6,2026-07-23T11:14:17.443596,2,WARNING
50,True,-0.0033,0.0,WARNING,15.0,0.0957,39.1,2026-07-23T11:14:17.451633,2,WARNING
48,False,0.0113,0.0,WATCH,15.94,0.056,64.4,2026-07-23T11:14:17.459576,2,WARNING
45,False,0.0407,0.0,WATCH,13.04,0.0707,53.3,2026-07-23T11:14:17.467600,2,WARNING
47,False,0.023,0.0,WATCH,9.91,0.0858,58.2,2026-07-23T11:14:17.475645,2,WARNING
48,False,0.0164,0.0,WATCH,11.95,0.0883,40.4,2026-07-23T11:14:17.483717,2,WARNING
46,False,0.033,0.0,WATCH,13.97,0.0896,57.4,2026-07-23T11:14:17.491591,2,WARNING
46,False,0.0304,0.0,WATCH,14.18,0.0758,48.6,2026-07-23T11:14:17.499584,2,WARNING
52,True,-0.0209,0.0,WARNING,19.78,0.0687,43.5,2026-07-23T11:14:17.507702,2,WARNING
51,True,-0.0147,0.0,WARNING,14.24,0.1747,66.0,2026-07-23T11:14:17.515932,2,WARNING
54,True,-0.0402,0.0,WARNING,17.54,0.1072,31.9,2026-07-23T11:14:17.523966,2,WARNING
47,False,0.0278,0.0,WATCH,12.69,0.0924,63.5,2026-07-23T11:14:17.532125,2,WARNING
47,False,0.0288,0.0,WATCH,13.06,0.073,65.3,2026-07-23T11:14:17.540170,2,WARNING
46,False,0.0386,0.0,WATCH,11.36,0.0683,54.8,2026-07-23T11:14:17.548219,3,DANGER
49,False,0.002,0.0,WATCH,11.7,0.1285,51.9,2026-07-23T11:14:17.556404,3,DANGER
46,False,0.0312,0.0,WATCH,13.69,0.0649,63.3,2026-07-23T11:14:17.564341,3,DANGER
52,True,-0.0293,0.0,WARNING,15.43,0.1319,39.1,2026-07-23T11:14:17.572350,3,DANGER
48,False,0.0155,0.0,WATCH,14.27,0.1188,56.6,2026-07-23T11:14:17.580228,3,DANGER
48,False,0.0176,0.0,WATCH,16.31,0.0631,63.3,2026-07-23T11:14:17.588356,3,DANGER
52,True,-0.0221,0.0,WARNING,20.77,0.1081,58.5,2026-07-23T11:14:17.596499,3,DANGER
50,True,-0.0036,0.0,WARNING,13.66,0.0983,78.0,2026-07-23T11:14:17.604511,3,DANGER
51,True,-0.0106,0.0,WARNING,9.88,0.1261,70.2,2026-07-23T11:14:17.612491,3,DANGER
50,True,-0.0057,0.0,WARNING,18.41,0.0975,59.5,2026-07-23T11:14:17.620500,3,DANGER
52,True,-0.0278,0.0,WARNING,21.48,0.097,63.2,2026-07-23T11:14:17.628485,3,DANGER
51,True,-0.0179,0.0,WARNING,17.38,0.1655,64.8,2026-07-23T11:14:17.636500,3,DANGER
48,False,0.0143,0.0,WATCH,12.53,0.1106,66.7,2026-07-23T11:14:17.644542,3,DANGER
54,True,-0.0489,0.0,WARNING,16.0,0.1514,36.2,2026-07-23T11:14:17.652603,3,DANGER
47,False,0.0248,0.0,WATCH,12.72,0.1109,58.0,2026-07-23T11:14:17.660617,3,DANGER
56,True,-0.0667,0.0,WARNING,19.05,0.1944,42.2,2026-07-23T11:14:17.668667,3,DANGER
51,True,-0.0107,0.0,WARNING,12.2,0.0966,80.6,2026-07-23T11:14:17.676644,3,DANGER
48,False,0.0192,0.0,WATCH,16.1,0.1017,62.8,2026-07-23T11:14:17.684676,3,DANGER
53,True,-0.0314,0.0,WARNING,13.73,0.2009,61.5,2026-07-23T11:14:17.692751,3,DANGER
51,True,-0.0141,0.0,WARNING,18.0,0.1142,76.7,2026-07-23T11:14:17.700783,3,DANGER
54,True,-0.0444,0.0,WARNING,16.38,0.2128,70.8,2026-07-23T11:14:17.708823,3,DANGER
54,True,-0.0493,0.0,WARNING,18.57,0.1831,50.8,2026-07-23T11:14:17.716960,3,DANGER
50,True,-0.0079,0.0,WARNING,18.19,0.1359,65.3,2026-07-23T11:14:17.725130,3,DANGER
47,False,0.0219,0.0,WATCH,14.56,0.0565,62.3,2026-07-23T11:14:17.733116,3,DANGER
55,True,-0.0578,0.0,WARNING,20.87,0.1482,44.6,2026-07-23T11:14:17.741152,3,DANGER
52,True,-0.0224,0.0,WARNING,18.47,0.1572,58.8,2026-07-23T11:14:17.749162,3,DANGER
54,True,-0.044,0.0,WARNING,15.01,0.2157,65.9,2026-07-23T11:14:17.757108,3,DANGER
58,True,-0.0857,0.0,WARNING,27.81,0.2418,67.3,2026-07-23T11:14:17.765180,3,DANGER
54,True,-0.0418,0.0,WARNING,21.1,0.1239,50.5,2026-07-23T11:14:17.773129,3,DANGER
55,True,-0.0542,0.0,WARNING,18.8,0.2073,84.2,2026-07-23T11:14:17.781176,3,DANGER
56,True,-0.0633,0.0,WARNING,25.28,0.2089,69.0,2026-07-23T11:14:17.789203,3,DANGER
58,True,-0.0807,0.0,WARNING,27.24,0.2297,71.2,2026-07-23T11:14:17.797327,3,DANGER
54,True,-0.0459,0.0,WARNING,19.37,0.2007,76.2,2026-07-23T11:14:17.805381,3,DANGER
52,True,-0.0258,0.0,WARNING,21.58,0.0625,62.2,2026-07-23T11:14:17.813464,3,DANGER
52,True,-0.0256,0.0,WARNING,16.24,0.1688,77.8,2026-07-23T11:14:17.821582,3,DANGER
51,True,-0.0168,0.0,WARNING,19.91,0.1119,68.4,2026-07-23T11:14:17.829612,3,DANGER
52,True,-0.0287,0.0,WARNING,19.87,0.1715,62.6,2026-07-23T11:14:17.837633,3,DANGER
56,True,-0.068,0.0,WARNING,21.68,0.2467,80.6,2026-07-23T11:14:17.845489,3,DANGER
57,True,-0.0718,0.0,WARNING,22.51,0.2085,91.9,2026-07-23T11:14:17.853508,3,DANGER
57,True,-0.0726,0.0,WARNING,23.69,0.2648,83.3,2026-07-23T11:14:17.861481,3,DANGER
56,True,-0.0642,0.0,WARNING,22.49,0.2171,86.1,2026-07-23T11:14:17.869509,3,DANGER
49,False,0.0054,0.0,WATCH,16.33,0.1141,69.8,2026-07-23T11:14:17.877566,3,DANGER
50,True,-0.0087,0.0,WARNING,17.68,0.0357,58.1,2026-07-23T11:14:17.885640,3,DANGER
57,True,-0.0753,0.0,WARNING,19.58,0.2138,93.8,2026-07-23T11:14:17.893698,3,DANGER
58,True,-0.0801,0.0,WARNING,20.94,0.1924,100.0,2026-07-23T11:14:17.901699,3,DANGER
59,True,-0.0965,0.0,WARNING,27.15,0.1431,95.1,2026-07-23T11:14:17.909829,3,DANGER
51,True,-0.0104,0.0,WARNING,17.27,0.0952,74.7,2026-07-23T11:14:17.917984,3,DANGER
53,True,-0.0331,0.0,WARNING,21.12,0.1641,66.2,2026-07-23T11:14:17.925932,3,DANGER
57,True,-0.0758,0.0,WARNING,27.36,0.2046,67.8,2026-07-23T11:14:17.933867,3,DANGER
58,True,-0.086,0.0,WARNING,21.74,0.2688,61.7,2026-07-23T11:14:17.941795,3,DANGER
57,True,-0.0704,0.0,WARNING,25.48,0.2377,79.3,2026-07-23T11:14:17.949768,3,DANGER
62,True,-0.1268,0.0,WARNING,22.85,0.3447,98.1,2026-07-23T11:14:17.957942,3,DANGER
54,True,-0.0467,0.0,WARNING,24.92,0.1531,79.9,2026-07-23T11:14:17.965917,3,DANGER
59,True,-0.0941,0.0,WARNING,22.79,0.2987,85.1,2026-07-23T11:14:17.973870,3,DANGER
60,True,-0.1065,0.0,WARNING,27.29,0.2392,96.8,2026-07-23T11:14:17.981833,3,DANGER
58,True,-0.084,0.0,WARNING,16.74,0.2917,78.8,2026-07-23T11:14:17.989840,3,DANGER
58,True,-0.0856,0.0,WARNING,22.66,0.2075,100.0,2026-07-23T11:14:17.997850,3,DANGER
63,True,-0.1311,0.0,WARNING,26.09,0.3282,100.0,2026-07-23T11:14:18.005845,3,DANGER
59,True,-0.0915,0.0,WARNING,27.46,0.2705,83.2,2026-07-23T11:14:18.013990,3,DANGER
59,True,-0.0976,0.0,WARNING,32.46,0.1956,79.2,2026-07-23T11:14:18.022250,3,DANGER
60,True,-0.1047,0.0,WARNING,28.49,0.1339,99.1,2026-07-23T11:14:18.030261,3,DANGER
54,True,-0.0419,0.0,WARNING,23.26,0.1761,81.9,2026-07-23T11:14:18.038239,3,DANGER
60,True,-0.1076,0.0,WARNING,19.22,0.3471,79.3,2026-07-23T11:14:18.046181,3,DANGER
63,True,-0.13,0.0,WARNING,31.41,0.2926,93.7,2026-07-23T11:14:18.054180,3,DANGER
60,True,-0.1069,0.0,WARNING,31.08,0.2006,90.1,2026-07-23T11:14:18.062229,3,DANGER
61,True,-0.1129,0.0,WARNING,25.78,0.3462,83.1,2026-07-23T11:14:18.070400,3,DANGER
63,True,-0.1315,0.0,WARNING,18.69,0.3465,98.9,2026-07-23T11:14:18.078366,3,DANGER
58,True,-0.083,0.0,WARNING,18.85,0.2715,82.9,2026-07-23T11:14:18.086344,3,DANGER
56,True,-0.0634,0.0,WARNING,25.54,0.178,85.3,2026-07-23T11:14:18.094332,3,DANGER
56,True,-0.0626,0.0,WARNING,22.5,0.2169,85.2,2026-07-23T11:14:18.102348,3,DANGER
57,True,-0.0788,0.0,WARNING,23.29,0.2729,75.7,2026-07-23T11:14:18.110437,3,DANGER
60,True,-0.1014,0.0,WARNING,30.11,0.2349,85.8,2026-07-23T11:14:18.118380,3,DANGER
63,True,-0.1388,0.0,WARNING,28.67,0.3251,99.0,2026-07-23T11:14:18.126455,3,DANGER
60,True,-0.1004,0.0,WARNING,31.89,0.1276,89.4,2026-07-23T11:14:18.134414,3,DANGER
53,True,-0.0363,0.0,WARNING,20.05,0.1305,85.3,2026-07-23T11:14:18.142508,3,DANGER
57,True,-0.0726,0.0,WARNING,23.28,0.2645,83.4,2026-07-23T11:14:18.150448,3,DANGER
59,True,-0.0961,0.0,WARNING,28.79,0.2107,88.3,2026-07-23T11:14:18.158444,3,DANGER
59,True,-0.0933,0.0,WARNING,27.24,0.1998,92.5,2026-07-23T11:14:18.166442,3,DANGER
60,True,-0.1068,0.0,WARNING,32.66,0.1086,91.1,2026-07-23T11:14:18.174469,3,DANGER
58,True,-0.0808,0.0,WARNING,27.1,0.2516,81.7,2026-07-23T11:14:18.182397,3,DANGER
61,True,-0.1194,0.0,WARNING,34.24,0.2458,88.2,2026-07-23T11:14:18.190385,3,DANGER
61,True,-0.1164,0.0,WARNING,27.7,0.3023,89.8,2026-07-23T11:14:18.198407,3,DANGER
60,True,-0.1026,0.0,WARNING,30.31,0.2555,74.9,2026-07-23T11:14:18.206488,3,DANGER
57,True,-0.072,0.0,WARNING,23.38,0.2394,86.7,2026-07-23T11:14:18.214503,3,DANGER
61,True,-0.1145,0.0,WARNING,25.07,0.3442,63.4,2026-07-23T11:14:18.222559,3,DANGER
59,True,-0.093,0.0,WARNING,29.55,0.145,89.8,2026-07-23T11:14:18.230592,3,DANGER
63,True,-0.1342,0.0,WARNING,33.06,0.2929,91.6,2026-07-23T11:14:18.238593,3,DANGER
59,True,-0.0967,0.0,WARNING,28.65,0.1163,92.5,2026-07-23T11:14:18.246625,3,DANGER
54,True,-0.0476,0.0,WARNING,24.58,0.1829,81.0,2026-07-23T11:14:18.254682,3,DANGER
60,True,-0.1009,0.0,WARNING,31.89,0.153,88.1,2026-07-23T11:14:18.262690,3,DANGER
61,True,-0.1179,0.0,WARNING,14.04,0.3126,99.2,2026-07-23T11:14:18.270797,3,DANGER
59,True,-0.0979,0.0,WARNING,17.89,0.2448,99.1,2026-07-23T11:14:18.278714,3,DANGER
59,True,-0.0903,0.0,WARNING,28.41,0.2489,84.7,2026-07-23T11:14:18.286747,3,DANGER
56,True,-0.0604,0.0,WARNING,25.07,0.1615,86.4,2026-07-23T11:14:18.294681,3,DANGER
60,True,-0.1032,0.0,WARNING,28.03,0.226,96.1,2026-07-23T11:14:18.302866,3,DANGER
55,True,-0.0581,0.0,WARNING,25.32,0.1889,70.0,2026-07-23T11:14:18.311061,3,DANGER
59,True,-0.0974,0.0,WARNING,27.85,0.2807,81.8,2026-07-23T11:14:18.319165,3,DANGER
57,True,-0.0742,0.0,WARNING,20.93,0.1707,98.4,2026-07-23T11:14:18.327218,3,DANGER
63,True,-0.1388,0.0,WARNING,27.85,0.3564,94.8,2026-07-23T11:14:18.335192,3,DANGER
59,True,-0.0927,0.0,WARNING,29.97,0.116,88.7,2026-07-23T11:14:18.343250,3,DANGER
58,True,-0.0869,0.0,WARNING,31.1,0.1855,69.9,2026-07-23T11:14:18.351408,3,DANGER
65,True,-0.1508,0.0,WARNING,35.07,0.3842,84.5,2026-07-23T11:14:18.359546,3,DANGER
56,True,-0.0687,0.0,WARNING,26.22,0.2152,79.1,2026-07-23T11:14:18.367468,3,DANGER
57,True,-0.0751,0.0,WARNING,26.37,0.1448,88.3,2026-07-23T11:14:18.375502,3,DANGER
57,True,-0.0709,0.0,WARNING,17.38,0.2675,76.9,2026-07-23T11:14:18.383538,3,DANGER
55,True,-0.0564,0.0,WARNING,22.34,0.212,74.7,2026-07-23T11:14:18.391526,3,DANGER
54,True,-0.048,0.0,WARNING,24.03,0.1831,64.4,2026-07-23T11:14:18.399699,3,DANGER
61,True,-0.1119,0.0,WARNING,30.25,0.1623,97.2,2026-07-23T11:14:18.407665,3,DANGER
61,True,-0.1146,0.0,WARNING,21.94,0.4715,81.0,2026-07-23T11:14:18.415872,3,DANGER
59,True,-0.095,0.0,WARNING,28.98,0.2299,86.6,2026-07-23T11:14:18.423868,3,DANGER
55,True,-0.0553,0.0,WARNING,24.99,0.096,85.0,2026-07-23T11:14:18.431952,3,DANGER
61,True,-0.1151,0.0,WARNING,24.11,0.3695,74.3,2026-07-23T11:14:18.440039,3,DANGER
60,True,-0.1056,0.0,WARNING,26.24,0.2989,72.4,2026-07-23T11:14:18.448108,3,DANGER
54,True,-0.0489,0.0,WARNING,23.04,0.1887,74.9,2026-07-23T11:14:18.456100,3,DANGER
54,True,-0.0401,0.0,WARNING,22.85,0.1754,77.8,2026-07-23T11:14:18.464217,3,DANGER
60,True,-0.1014,0.0,WARNING,16.48,0.3039,88.7,2026-07-23T11:14:18.472296,3,DANGER
55,True,-0.0596,0.0,WARNING,23.76,0.2302,77.0,2026-07-23T11:14:18.480340,3,DANGER
57,True,-0.0765,0.0,WARNING,22.6,0.0959,100.0,2026-07-23T11:14:18.488580,3,DANGER
63,True,-0.1337,0.0,WARNING,22.42,0.393,95.3,2026-07-23T11:14:18.496586,3,DANGER
59,True,-0.0955,0.0,WARNING,27.08,0.2153,93.1,2026-07-23T11:14:18.504670,3,DANGER
62,True,-0.1284,0.0,WARNING,28.29,0.3696,83.8,2026-07-23T11:14:18.512670,3,DANGER
63,True,-0.1371,0.0,WARNING,26.16,0.3523,100.0,2026-07-23T11:14:18.520686,3,DANGER
58,True,-0.0833,0.0,WARNING,29.98,0.1699,82.8,2026-07-23T11:14:18.528695,3,DANGER
61,True,-0.1177,0.0,WARNING,27.88,0.3327,84.7,2026-07-23T11:14:18.536768,3,DANGER
55,True,-0.0571,0.0,WARNING,23.52,0.1979,86.7,2026-07-23T11:14:18.544716,3,DANGER
56,True,-0.0678,0.0,WARNING,22.69,0.1007,92.0,2026-07-23T11:14:18.552726,3,DANGER
58,True,-0.0884,0.0,WARNING,26.56,0.216,91.4,2026-07-23T11:14:18.560865,3,DANGER
59,True,-0.0989,0.0,WARNING,27.87,0.2818,80.2,2026-07-23T11:14:18.568944,3,DANGER
59,True,-0.0991,0.0,WARNING,31.99,0.213,79.7,2026-07-23T11:14:18.577101,3,DANGER
61,True,-0.1112,0.0,WARNING,30.96,0.2254,91.4,2026-07-23T11:14:18.585169,3,DANGER
61,True,-0.1186,0.0,WARNING,22.29,0.3415,92.2,2026-07-23T11:14:18.593220,3,DANGER
56,True,-0.069,0.0,WARNING,24.49,0.2585,81.1,2026-07-23T11:14:18.601164,3,DANGER
57,True,-0.072,0.0,WARNING,28.36,0.1825,69.1,2026-07-23T11:14:18.609263,3,DANGER
62,True,-0.1225,0.0,WARNING,30.34,0.3062,82.9,2026-07-23T11:14:18.617423,3,DANGER
61,True,-0.1114,0.0,WARNING,29.69,0.2658,91.2,2026-07-23T11:14:18.625599,3,DANGER
58,True,-0.0856,0.0,WARNING,24.68,0.0483,100.0,2026-07-23T11:14:18.633539,3,DANGER
58,True,-0.0879,0.0,WARNING,18.73,0.2843,73.0,2026-07-23T11:14:18.641645,3,DANGER
58,True,-0.0868,0.0,WARNING,20.01,0.2813,80.7,2026-07-23T11:14:18.649680,3,DANGER
57,True,-0.076,0.0,WARNING,26.36,0.2516,81.1,2026-07-23T11:14:18.657777,3,DANGER
63,True,-0.1303,0.0,WARNING,26.71,0.3213,98.6,2026-07-23T11:14:18.665827,3,DANGER
55,True,-0.0506,0.0,WARNING,19.51,0.1962,84.7,2026-07-23T11:14:18.673898,3,DANGER
58,True,-0.0862,0.0,WARNING,25.22,0.2769,75.9,2026-07-23T11:14:18.681910,3,DANGER
58,True,-0.0896,0.0,WARNING,28.16,0.1246,90.6,2026-07-23T11:14:18.689948,3,DANGER
58,True,-0.0855,0.0,WARNING,19.24,0.2826,81.0,2026-07-23T11:14:18.698076,3,DANGER
64,True,-0.1412,0.0,WARNING,30.52,0.4062,72.8,2026-07-23T11:14:18.706116,3,DANGER
54,True,-0.0425,0.0,WARNING,23.11,0.1704,76.1,2026-07-23T11:14:18.714246,3,DANGER
62,True,-0.1219,0.0,WARNING,31.29,0.1892,100.0,2026-07-23T11:14:18.722470,3,DANGER
56,True,-0.0606,0.0,WARNING,22.33,0.1932,88.8,2026-07-23T11:14:18.730484,3,DANGER
57,True,-0.0791,0.0,WARNING,19.87,0.2604,86.1,2026-07-23T11:14:18.738584,3,DANGER
54,True,-0.0452,0.0,WARNING,22.71,0.165,82.5,2026-07-23T11:14:18.746579,3,DANGER
59,True,-0.0916,0.0,WARNING,24.52,0.2837,87.9,2026-07-23T11:14:18.754535,3,DANGER
60,True,-0.1017,0.0,WARNING,23.06,0.3177,87.8,2026-07-23T11:14:18.762555,3,DANGER
59,True,-0.0943,0.0,WARNING,23.92,0.2927,87.9,2026-07-23T11:14:18.770714,3,DANGER
57,True,-0.0732,0.0,WARNING,26.67,0.1085,86.1,2026-07-23T11:14:18.778915,3,DANGER
61,True,-0.1139,0.0,WARNING,24.14,0.3296,93.7,2026-07-23T11:14:18.786953,3,DANGER
60,True,-0.102,0.0,WARNING,24.67,0.325,85.2,2026-07-23T11:14:18.794964,3,DANGER
59,True,-0.0951,0.0,WARNING,16.45,0.3164,75.2,2026-07-23T11:14:18.803015,3,DANGER
59,True,-0.0957,0.0,WARNING,26.96,0.2798,78.9,2026-07-23T11:14:18.811102,3,DANGER
58,True,-0.0812,0.0,WARNING,24.55,0.2676,65.2,2026-07-23T11:14:18.819118,3,DANGER
65,True,-0.1548,0.0,WARNING,33.05,0.3326,100.0,2026-07-23T11:14:18.827232,3,DANGER
63,True,-0.1306,0.0,WARNING,20.3,0.4039,93.6,2026-07-23T11:14:18.835378,3,DANGER
52,True,-0.0285,0.0,WARNING,15.96,0.1738,76.7,2026-07-23T11:14:18.843352,3,DANGER
61,True,-0.1185,0.0,WARNING,28.09,0.3363,82.2,2026-07-23T11:14:18.851332,3,DANGER
57,True,-0.0782,0.0,WARNING,26.73,0.2431,78.6,2026-07-23T11:14:18.859430,3,DANGER
59,True,-0.0959,0.0,WARNING,19.96,0.2396,100.0,2026-07-23T11:14:18.867440,3,DANGER
50,True,-0.0053,0.0,WARNING,17.35,0.1271,70.8,2026-07-23T11:14:18.875494,3,DANGER
61,True,-0.1108,0.0,WARNING,32.69,0.2272,86.1,2026-07-23T11:14:18.883580,3,DANGER
59,True,-0.0937,0.0,WARNING,32.07,0.1702,83.9,2026-07-23T11:14:18.891507,3,DANGER
57,True,-0.0752,0.0,WARNING,12.56,0.2129,93.3,2026-07-23T11:14:18.899562,3,DANGER
54,True,-0.0457,0.0,WARNING,22.71,0.1621,84.0,2026-07-23T11:14:18.907596,3,DANGER
60,True,-0.1029,0.0,WARNING,33.32,0.2141,67.4,2026-07-23T11:14:18.915654,3,DANGER
55,True,-0.0572,0.0,WARNING,22.62,0.2175,82.5,2026-07-23T11:14:18.923840,3,DANGER
57,True,-0.074,0.0,WARNING,22.55,0.2577,75.3,2026-07-23T11:14:18.931875,3,DANGER
54,True,-0.0497,0.0,WARNING,23.59,0.1208,85.8,2026-07-23T11:14:18.939874,3,DANGER
56,True,-0.0614,0.0,WARNING,19.4,0.1344,99.3,2026-07-23T11:14:18.947868,3,DANGER
57,True,-0.0776,0.0,WARNING,16.48,0.279,67.6,2026-07-23T11:14:18.955827,3,DANGER
58,True,-0.0845,0.0,WARNING,30.26,0.1862,77.0,2026-07-23T11:14:18.964047,3,DANGER
60,True,-0.1015,0.0,WARNING,15.79,0.336,79.5,2026-07-23T11:14:18.972419,3,DANGER
58,True,-0.0813,0.0,WARNING,26.24,0.268,81.2,2026-07-23T11:14:18.980812,3,DANGER
62,True,-0.1284,0.0,WARNING,29.43,0.2985,92.4,2026-07-23T11:14:18.988986,3,DANGER
23,False,0.2672,0.0,NORMAL,1.91,0.0104,2.3,2026-07-23T11:14:18.997239,0,NORMAL
21,False,0.2847,0.0,NORMAL,2.21,0.0124,5.4,2026-07-23T11:14:19.005300,0,NORMAL
22,False,0.2765,0.0,NORMAL,1.69,0.0099,6.5,2026-07-23T11:14:19.013397,0,NORMAL
22,False,0.2787,0.0,NORMAL,2.11,0.0126,7.0,2026-07-23T11:14:19.021539,0,NORMAL
27,False,0.2298,0.0,WATCH,2.39,0.0083,0.0,2026-07-23T11:14:19.029664,0,NORMAL
25,False,0.2452,0.0,WATCH,1.63,0.0113,1.1,2026-07-23T11:14:19.037704,0,NORMAL
26,False,0.2329,0.0,WATCH,2.39,0.0024,4.1,2026-07-23T11:14:19.045755,0,NORMAL
23,False,0.2694,0.0,NORMAL,2.03,0.0066,6.7,2026-07-23T11:14:19.053800,0,NORMAL
23,False,0.267,0.0,NORMAL,2.52,0.0066,6.5,2026-07-23T11:14:19.061837,0,NORMAL
22,False,0.2767,0.0,NORMAL,1.9,0.0081,6.4,2026-07-23T11:14:19.069960,0,NORMAL
23,False,0.2641,0.0,NORMAL,2.19,0.0054,3.8,2026-07-23T11:14:19.078111,0,NORMAL
22,False,0.2763,0.0,NORMAL,1.98,0.0073,4.0,2026-07-23T11:14:19.086202,0,NORMAL
27,False,0.2263,0.0,WATCH,1.95,0.0024,2.8,2026-07-23T11:14:19.094237,0,NORMAL
22,False,0.2796,0.0,NORMAL,2.13,0.0127,7.3,2026-07-23T11:14:19.102297,0,NORMAL
23,False,0.2647,0.0,NORMAL,2.27,0.0096,2.2,2026-07-23T11:14:19.110298,0,NORMAL
29,False,0.2021,0.0,WATCH,1.38,0.0015,7.6,2026-07-23T11:14:19.118355,0,NORMAL
24,False,0.2581,0.0,NORMAL,2.72,0.0058,5.6,2026-07-23T11:14:19.126485,0,NORMAL
25,False,0.2427,0.0,WATCH,1.07,0.0117,4.9,2026-07-23T11:14:19.134601,0,NORMAL
23,False,0.261,0.0,NORMAL,1.66,0.0073,3.0,2026-07-23T11:14:19.142669,0,NORMAL
26,False,0.2388,0.0,WATCH,1.95,0.0065,0.9,2026-07-23T11:14:19.150719,0,NORMAL
22,False,0.2733,0.0,NORMAL,2.21,0.0096,3.1,2026-07-23T11:14:19.158749,0,NORMAL
23,False,0.262,0.0,NORMAL,2.79,0.0117,4.0,2026-07-23T11:14:19.166879,0,NORMAL
35,False,0.1409,0.0,WATCH,1.07,0.0028,0.0,2026-07-23T11:14:19.175036,0,NORMAL
21,False,0.2801,0.0,NORMAL,1.75,0.0128,4.4,2026-07-23T11:14:19.182974,0,NORMAL
29,False,0.2044,0.0,WATCH,0.94,0.006,7.8,2026-07-23T11:14:19.190923,0,NORMAL
22,False,0.2798,0.0,NORMAL,2.02,0.0099,6.7,2026-07-23T11:14:19.199130,0,NORMAL
22,False,0.2783,0.0,NORMAL,2.14,0.0098,3.5,2026-07-23T11:14:19.207243,0,NORMAL
24,False,0.258,0.0,NORMAL,2.8,0.0074,5.1,2026-07-23T11:14:19.215298,0,NORMAL
23,False,0.261,0.0,NORMAL,2.06,0.0049,3.3,2026-07-23T11:14:19.223289,0,NORMAL
22,False,0.2776,0.0,NORMAL,2.52,0.0086,5.4,2026-07-23T11:14:19.231454,0,NORMAL
25,False,0.2459,0.0,WATCH,2.29,0.0181,9.6,2026-07-23T11:14:19.239495,0,NORMAL
26,False,0.2394,0.0,WATCH,1.78,0.0032,7.9,2026-07-23T11:14:19.247477,0,NORMAL
26,False,0.2347,0.0,WATCH,1.3,0.0185,6.6,2026-07-23T11:14:19.255649,0,NORMAL
22,False,0.2773,0.0,NORMAL,2.14,0.0087,3.5,2026-07-23T11:14:19.263658,0,NORMAL
25,False,0.2482,0.0,WATCH,1.25,0.0102,7.2,2026-07-23T11:14:19.271705,0,NORMAL
30,False,0.1931,0.0,WATCH,2.65,0.0046,0.0,2026-07-23T11:14:19.279728,0,NORMAL
22,False,0.2706,0.0,NORMAL,1.92,0.0061,4.2,2026-07-23T11:14:19.287903,0,NORMAL
23,False,0.265,0.0,NORMAL,2.6,0.0075,6.8,2026-07-23T11:14:19.295970,0,NORMAL
24,False,0.2554,0.0,NORMAL,1.76,0.0048,7.2,2026-07-23T11:14:19.303990,0,NORMAL
22,False,0.2781,0.0,NORMAL,2.13,0.009,7.0,2026-07-23T11:14:19.311986,0,NORMAL
21,False,0.28,0.0,NORMAL,2.1,0.008,5.9,2026-07-23T11:14:19.319919,0,NORMAL
25,False,0.2458,0.0,WATCH,1.98,0.0193,4.4,2026-07-23T11:14:19.327945,0,NORMAL
24,False,0.2583,0.0,NORMAL,1.78,0.0042,6.6,2026-07-23T11:14:19.335991,0,NORMAL
23,False,0.2663,0.0,NORMAL,2.2,0.0105,2.1,2026-07-23T11:14:19.344033,0,NORMAL
23,False,0.2617,0.0,NORMAL,1.54,0.0112,2.5,2026-07-23T11:14:19.351974,0,NORMAL
25,False,0.2458,0.0,WATCH,1.4,0.0046,5.2,2026-07-23T11:14:19.360015,0,NORMAL
22,False,0.2737,0.0,NORMAL,2.62,0.0134,5.5,2026-07-23T11:14:19.368031,0,NORMAL
27,False,0.2284,0.0,WATCH,2.36,0.008,0.0,2026-07-23T11:14:19.376154,0,NORMAL
29,False,0.2039,0.0,WATCH,2.03,0.0,6.4,2026-07-23T11:14:19.384291,0,NORMAL
23,False,0.2606,0.0,NORMAL,2.83,0.0133,7.3,2026-07-23T11:14:19.392263,0,NORMAL
23,False,0.262,0.0,NORMAL,1.87,0.0044,4.8,2026-07-23T11:14:19.400272,0,NORMAL
29,False,0.2095,0.0,WATCH,2.66,0.0048,12.1,2026-07-23T11:14:19.408332,0,NORMAL
22,False,0.2721,0.0,NORMAL,2.09,0.0134,3.0,2026-07-23T11:14:19.416265,0,NORMAL
23,False,0.2651,0.0,NORMAL,1.49,0.0083,3.9,2026-07-23T11:14:19.424396,0,NORMAL
25,False,0.2485,0.0,WATCH,2.92,0.0146,3.8,2026-07-23T11:14:19.432403,0,NORMAL
23,False,0.2692,0.0,NORMAL,2.5,0.0161,4.8,2026-07-23T11:14:19.440583,0,NORMAL
22,False,0.2714,0.0,NORMAL,1.94,0.0068,4.0,2026-07-23T11:14:19.448597,0,NORMAL
25,False,0.2404,0.0,WATCH,2.36,0.014,0.8,2026-07-23T11:14:19.456694,0,NORMAL
23,False,0.2643,0.0,NORMAL,1.8,0.0062,3.4,2026-07-23T11:14:19.464766,0,NORMAL
27,False,0.2245,0.0,WATCH,2.41,0.0212,4.7,2026-07-23T11:14:19.472680,0,NORMAL
31,False,0.1887,0.0,WATCH,0.8,0.0065,8.7,2026-07-23T11:14:19.480730,0,NORMAL
28,False,0.2179,0.0,WATCH,1.49,0.0151,11.6,2026-07-23T11:14:19.488700,0,NORMAL
23,False,0.2612,0.0,NORMAL,2.49,0.0142,9.0,2026-07-23T11:14:19.496657,0,NORMAL
22,False,0.2706,0.0,NORMAL,1.88,0.0116,2.7,2026-07-23T11:14:19.504611,0,NORMAL
23,False,0.2644,0.0,NORMAL,2.1,0.0066,2.9,2026-07-23T11:14:19.512617,0,NORMAL
23,False,0.2607,0.0,NORMAL,1.33,0.0092,4.5,2026-07-23T11:14:19.520771,0,NORMAL
33,False,0.1607,0.0,WATCH,2.92,0.0,10.4,2026-07-23T11:14:19.529025,0,NORMAL
22,False,0.2734,0.0,NORMAL,2.6,0.0111,4.5,2026-07-23T11:14:19.536943,0,NORMAL
25,False,0.2486,0.0,WATCH,1.9,0.0117,1.0,2026-07-23T11:14:19.545022,0,NORMAL
22,False,0.2759,0.0,NORMAL,1.8,0.0107,3.5,2026-07-23T11:14:19.553042,0,NORMAL
30,False,0.1948,0.0,WATCH,2.51,0.0,7.3,2026-07-23T11:14:19.560975,0,NORMAL
28,False,0.2133,0.0,WATCH,2.99,0.0037,7.1,2026-07-23T11:14:19.568920,0,NORMAL
23,False,0.2652,0.0,NORMAL,2.48,0.0063,4.4,2026-07-23T11:14:19.577011,0,NORMAL
25,False,0.2433,0.0,WATCH,3.09,0.0115,7.1,2026-07-23T11:14:19.585070,0,NORMAL
27,False,0.2266,0.0,WATCH,1.54,0.0114,0.0,2026-07-23T11:14:19.593142,0,NORMAL
22,False,0.2773,0.0,NORMAL,1.59,0.0091,5.3,2026-07-23T11:14:19.601209,0,NORMAL
24,False,0.2589,0.0,NORMAL,1.41,0.0132,7.6,2026-07-23T11:14:19.609335,0,NORMAL
24,False,0.2525,0.0,NORMAL,2.22,0.0049,2.5,2026-07-23T11:14:19.617344,0,NORMAL
23,False,0.2697,0.0,NORMAL,2.09,0.0131,2.5,2026-07-23T11:14:19.625373,0,NORMAL
26,False,0.2372,0.0,WATCH,1.92,0.0124,0.0,2026-07-23T11:14:19.633378,0,NORMAL
24,False,0.2598,0.0,NORMAL,2.4,0.0119,9.8,2026-07-23T11:14:19.641374,0,NORMAL
23,False,0.2602,0.0,NORMAL,2.62,0.0091,2.8,2026-07-23T11:14:19.649349,0,NORMAL
27,False,0.2236,0.0,WATCH,1.24,0.0192,5.7,2026-07-23T11:14:19.657416,0,NORMAL
22,False,0.2776,0.0,NORMAL,1.7,0.0125,6.8,2026-07-23T11:14:19.665410,0,NORMAL
25,False,0.2442,0.0,WATCH,2.41,0.0052,9.5,2026-07-23T11:14:19.673534,0,NORMAL
21,False,0.2827,0.0,NORMAL,1.77,0.0112,4.5,2026-07-23T11:14:19.681687,0,NORMAL
22,False,0.2708,0.0,NORMAL,1.6,0.0138,3.4,2026-07-23T11:14:19.689876,0,NORMAL
23,False,0.2698,0.0,NORMAL,2.51,0.0071,5.5,2026-07-23T11:14:19.697803,0,NORMAL
26,False,0.2376,0.0,WATCH,1.36,0.0154,8.9,2026-07-23T11:14:19.705868,0,NORMAL
21,False,0.2818,0.0,NORMAL,1.85,0.0119,4.5,2026-07-23T11:14:19.713831,0,NORMAL
31,False,0.1855,0.0,WATCH,2.16,0.0,2.1,2026-07-23T11:14:19.721816,0,NORMAL
26,False,0.2376,0.0,WATCH,1.71,0.0115,0.4,2026-07-23T11:14:19.729905,0,NORMAL
25,False,0.2457,0.0,WATCH,2.39,0.008,1.3,2026-07-23T11:14:19.737945,0,NORMAL
22,False,0.2718,0.0,NORMAL,1.72,0.0127,7.6,2026-07-23T11:14:19.746077,0,NORMAL
23,False,0.2634,0.0,NORMAL,2.7,0.0147,4.0,2026-07-23T11:14:19.754121,0,NORMAL
22,False,0.2737,0.0,NORMAL,1.94,0.011,3.2,2026-07-23T11:14:19.762111,0,NORMAL
25,False,0.2404,0.0,WATCH,2.34,0.0183,2.9,2026-07-23T11:14:19.770146,0,NORMAL
21,False,0.2802,0.0,NORMAL,2.37,0.0091,5.3,2026-07-23T11:14:19.778083,0,NORMAL
22,False,0.2774,0.0,NORMAL,1.69,0.0131,4.3,2026-07-23T11:14:19.786061,0,NORMAL
27,False,0.2268,0.0,WATCH,0.97,0.014,4.2,2026-07-23T11:14:19.794139,0,NORMAL
23,False,0.2673,0.0,NORMAL,2.18,0.0095,9.0,2026-07-23T11:14:19.802324,0,NORMAL
23,False,0.2617,0.0,NORMAL,2.04,0.0139,9.6,2026-07-23T11:14:19.810486,0,NORMAL
27,False,0.2229,0.0,WATCH,2.28,0.007,0.2,2026-07-23T11:14:19.818517,0,NORMAL
22,False,0.2793,0.0,NORMAL,1.89,0.0079,6.0,2026-07-23T11:14:19.826535,0,NORMAL
26,False,0.238,0.0,WATCH,1.78,0.0034,2.7,2026-07-23T11:14:19.834762,0,NORMAL
24,False,0.2516,0.0,NORMAL,3.0,0.0112,4.3,2026-07-23T11:14:19.842909,0,NORMAL
24,False,0.2588,0.0,NORMAL,1.26,0.0116,5.9,2026-07-23T11:14:19.851086,0,NORMAL
23,False,0.2678,0.0,NORMAL,2.37,0.0159,4.4,2026-07-23T11:14:19.859294,0,NORMAL
22,False,0.2779,0.0,NORMAL,1.71,0.014,5.7,2026-07-23T11:14:19.867310,0,NORMAL
22,False,0.2734,0.0,NORMAL,1.83,0.0086,7.0,2026-07-23T11:14:19.875302,0,NORMAL
23,False,0.2608,0.0,NORMAL,1.84,0.0041,5.9,2026-07-23T11:14:19.883391,0,NORMAL
23,False,0.2655,0.0,NORMAL,1.6,0.0122,3.1,2026-07-23T11:14:19.891391,0,NORMAL
23,False,0.2654,0.0,NORMAL,2.29,0.0156,3.1,2026-07-23T11:14:19.899505,0,NORMAL
27,False,0.2219,0.0,WATCH,2.7,0.0138,0.7,2026-07-23T11:14:19.907501,0,NORMAL
24,False,0.2598,0.0,NORMAL,2.24,0.0154,2.4,2026-07-23T11:14:19.915481,0,NORMAL
25,False,0.2484,0.0,WATCH,2.05,0.0089,10.9,2026-07-23T11:14:19.923583,0,NORMAL
24,False,0.2576,0.0,NORMAL,1.51,0.0077,2.6,2026-07-23T11:14:19.931637,0,NORMAL
25,False,0.2441,0.0,WATCH,2.26,0.0063,1.4,2026-07-23T11:14:19.939762,0,NORMAL
25,False,0.2457,0.0,WATCH,3.08,0.0097,6.0,2026-07-23T11:14:19.947918,0,NORMAL
21,False,0.2827,0.0,NORMAL,1.81,0.0096,4.7,2026-07-23T11:14:19.956056,0,NORMAL
21,False,0.2814,0.0,NORMAL,1.81,0.011,4.4,2026-07-23T11:14:19.963961,0,NORMAL
24,False,0.2593,0.0,NORMAL,1.72,0.0094,9.2,2026-07-23T11:14:19.972070,0,NORMAL
21,False,0.2803,0.0,NORMAL,1.76,0.0093,6.6,2026-07-23T11:14:19.980146,0,NORMAL
31,False,0.1849,0.0,WATCH,0.63,0.0061,3.4,2026-07-23T11:14:19.988187,0,NORMAL
22,False,0.275,0.0,NORMAL,2.2,0.0147,3.7,2026-07-23T11:14:19.996307,0,NORMAL
22,False,0.2715,0.0,NORMAL,1.58,0.0104,3.5,2026-07-23T11:14:20.004409,0,NORMAL
26,False,0.2372,0.0,WATCH,1.19,0.0091,7.6,2026-07-23T11:14:20.012397,0,NORMAL
23,False,0.2667,0.0,NORMAL,2.38,0.0063,4.1,2026-07-23T11:14:20.020488,0,NORMAL
31,False,0.1818,0.0,WATCH,1.46,0.0033,0.0,2026-07-23T11:14:20.028544,0,NORMAL
23,False,0.2677,0.0,NORMAL,1.83,0.0165,4.9,2026-07-23T11:14:20.036542,0,NORMAL
28,False,0.2183,0.0,WATCH,2.73,0.0128,0.4,2026-07-23T11:14:20.044542,0,NORMAL
33,False,0.162,0.0,WATCH,1.3,0.0019,11.6,2026-07-23T11:14:20.052674,0,NORMAL
26,False,0.2302,0.0,WATCH,1.23,0.0138,2.1,2026-07-23T11:14:20.060714,0,NORMAL
21,False,0.2805,0.0,NORMAL,2.13,0.0146,4.5,2026-07-23T11:14:20.068838,0,NORMAL
22,False,0.2746,0.0,NORMAL,2.57,0.0106,5.8,2026-07-23T11:14:20.076948,0,NORMAL
27,False,0.2264,0.0,WATCH,1.21,0.018,4.1,2026-07-23T11:14:20.085001,0,NORMAL
21,False,0.2824,0.0,NORMAL,2.2,0.0111,4.1,2026-07-23T11:14:20.093117,0,NORMAL
25,False,0.2449,0.0,WATCH,2.29,0.0029,6.3,2026-07-23T11:14:20.101252,0,NORMAL
29,False,0.202,0.0,WATCH,0.97,0.0118,9.6,2026-07-23T11:14:20.109162,0,NORMAL
22,False,0.2766,0.0,NORMAL,2.4,0.0112,7.3,2026-07-23T11:14:20.117204,0,NORMAL
25,False,0.2483,0.0,WATCH,2.44,0.007,9.4,2026-07-23T11:14:20.125368,0,NORMAL
23,False,0.2603,0.0,NORMAL,1.84,0.0129,1.9,2026-07-23T11:14:20.133774,0,NORMAL
28,False,0.2182,0.0,WATCH,2.63,0.0017,6.0,2026-07-23T11:14:20.141748,0,NORMAL
22,False,0.2728,0.0,NORMAL,2.57,0.015,5.5,2026-07-23T11:14:20.149776,0,NORMAL
22,False,0.2711,0.0,NORMAL,2.05,0.0056,6.1,2026-07-23T11:14:20.157819,0,NORMAL
25,False,0.2453,0.0,WATCH,1.77,0.0051,9.1,2026-07-23T11:14:20.166019,0,NORMAL
22,False,0.2726,0.0,NORMAL,1.51,0.0094,4.3,2026-07-23T11:14:20.174194,0,NORMAL
22,False,0.2783,0.0,NORMAL,1.98,0.0122,3.8,2026-07-23T11:14:20.182420,0,NORMAL
21,False,0.2826,0.0,NORMAL,2.28,0.0108,6.6,2026-07-23T11:14:20.190414,0,NORMAL
27,False,0.2217,0.0,WATCH,1.84,0.0063,0.0,2026-07-23T11:14:20.198436,0,NORMAL
27,False,0.2203,0.0,WATCH,0.9,0.0075,4.3,2026-07-23T11:14:20.206466,0,NORMAL
25,False,0.2478,0.0,WATCH,2.63,0.0043,4.6,2026-07-23T11:14:20.214560,0,NORMAL
23,False,0.2624,0.0,NORMAL,2.1,0.0089,2.2,2026-07-23T11:14:20.222690,0,NORMAL
23,False,0.2644,0.0,NORMAL,1.81,0.0154,8.2,2026-07-23T11:14:20.230796,0,NORMAL
24,False,0.252,0.0,NORMAL,2.43,0.01,1.8,2026-07-23T11:14:20.238750,0,NORMAL
23,False,0.2645,0.0,NORMAL,2.76,0.0143,4.6,2026-07-23T11:14:20.246867,0,NORMAL
31,False,0.1853,0.0,WATCH,0.6,0.0173,5.9,2026-07-23T11:14:20.254964,0,NORMAL
24,False,0.257,0.0,NORMAL,2.22,0.0071,9.1,2026-07-23T11:14:20.263093,0,NORMAL
24,False,0.2592,0.0,NORMAL,1.29,0.0091,5.0,2026-07-23T11:14:20.271250,0,NORMAL
27,False,0.2281,0.0,WATCH,2.25,0.0209,7.8,2026-07-23T11:14:20.279404,0,NORMAL
23,False,0.2635,0.0,NORMAL,2.06,0.0172,7.1,2026-07-23T11:14:20.287400,0,NORMAL
27,False,0.23,0.0,WATCH,2.32,0.0016,5.4,2026-07-23T11:14:20.295365,0,NORMAL
24,False,0.257,0.0,NORMAL,1.75,0.0119,1.7,2026-07-23T11:14:20.303534,0,NORMAL
30,False,0.1955,0.0,WATCH,1.06,0.01,0.7,2026-07-23T11:14:20.311641,0,NORMAL
21,False,0.2822,0.0,NORMAL,1.77,0.0141,5.3,2026-07-23T11:14:20.319623,0,NORMAL
23,False,0.2687,0.0,NORMAL,2.2,0.0063,3.4,2026-07-23T11:14:20.327728,0,NORMAL
24,False,0.2558,0.0,NORMAL,2.51,0.0058,7.8,2026-07-23T11:14:20.335711,0,NORMAL
25,False,0.2499,0.0,WATCH,1.41,0.0066,7.2,2026-07-23T11:14:20.343736,0,NORMAL
22,False,0.2709,0.0,NORMAL,2.51,0.0071,4.4,2026-07-23T11:14:20.351844,0,NORMAL
24,False,0.2516,0.0,NORMAL,1.68,0.0141,1.5,2026-07-23T11:14:20.359908,0,NORMAL
23,False,0.2623,0.0,NORMAL,2.18,0.0041,6.5,2026-07-23T11:14:20.367845,0,NORMAL
24,False,0.2525,0.0,NORMAL,1.75,0.0069,1.9,2026-07-23T11:14:20.375821,0,NORMAL
29,False,0.2073,0.0,WATCH,2.09,0.0011,2.7,2026-07-23T11:14:20.383805,0,NORMAL
24,False,0.2504,0.0,NORMAL,2.45,0.015,2.1,2026-07-23T11:14:20.391914,0,NORMAL
24,False,0.2527,0.0,NORMAL,1.39,0.0164,4.6,2026-07-23T11:14:20.399991,0,NORMAL
24,False,0.2583,0.0,NORMAL,1.66,0.0084,8.5,2026-07-23T11:14:20.408098,0,NORMAL
21,False,0.2802,0.0,NORMAL,2.09,0.0085,5.0,2026-07-23T11:14:20.416065,0,NORMAL
26,False,0.2328,0.0,WATCH,3.2,0.0123,3.7,2026-07-23T11:14:20.424119,0,NORMAL
29,False,0.201,0.0,WATCH,1.57,0.0174,0.4,2026-07-23T11:14:20.432259,0,NORMAL
24,False,0.2529,0.0,NORMAL,3.02,0.012,6.7,2026-07-23T11:14:20.440491,0,NORMAL
27,False,0.2254,0.0,WATCH,3.0,0.0065,2.7,2026-07-23T11:14:20.448592,0,NORMAL
26,False,0.2368,0.0,WATCH,1.95,0.0019,5.4,2026-07-23T11:14:20.456718,0,NORMAL
24,False,0.2573,0.0,NORMAL,1.85,0.0044,3.9,2026-07-23T11:14:20.464689,0,NORMAL
22,False,0.2712,0.0,NORMAL,1.65,0.0104,7.5,2026-07-23T11:14:20.472734,0,NORMAL
22,False,0.2758,0.0,NORMAL,1.97,0.0067,4.5,2026-07-23T11:14:20.480754,0,NORMAL
23,False,0.2636,0.0,NORMAL,1.3,0.011,4.8,2026-07-23T11:14:20.488796,0,NORMAL
22,False,0.2761,0.0,NORMAL,1.96,0.0072,6.5,2026-07-23T11:14:20.496868,0,NORMAL
28,False,0.2142,0.0,WATCH,2.75,0.0047,11.3,2026-07-23T11:14:20.504953,0,NORMAL
25,False,0.2449,0.0,WATCH,1.69,0.0041,7.7,2026-07-23T11:14:20.513040,0,NORMAL
23,False,0.2616,0.0,NORMAL,1.88,0.0178,4.7,2026-07-23T11:14:20.521066,0,NORMAL
25,False,0.2457,0.0,WATCH,1.15,0.0144,5.0,2026-07-23T11:14:20.529191,0,NORMAL
25,False,0.2432,0.0,WATCH,2.19,0.0187,3.4,2026-07-23T11:14:20.537287,0,NORMAL
23,False,0.2676,0.0,NORMAL,2.13,0.0127,2.2,2026-07-23T11:14:20.545326,0,NORMAL
22,False,0.2735,0.0,NORMAL,2.03,0.0079,3.3,2026-07-23T11:14:20.553483,0,NORMAL
24,False,0.2518,0.0,NORMAL,1.89,0.0166,2.7,2026-07-23T11:14:20.561548,0,NORMAL
22,False,0.2765,0.0,NORMAL,1.85,0.0098,7.0,2026-07-23T11:14:20.569718,0,NORMAL
24,False,0.2594,0.0,NORMAL,2.25,0.0111,1.8,2026-07-23T11:14:20.577643,0,NORMAL
23,False,0.2619,0.0,NORMAL,1.99,0.0098,9.0,2026-07-23T11:14:20.585701,0,NORMAL
29,False,0.2037,0.0,WATCH,2.16,0.0,7.3,2026-07-23T11:14:20.593733,0,NORMAL
23,False,0.2603,0.0,NORMAL,2.11,0.018,5.1,2026-07-23T11:14:20.601673,0,NORMAL
22,False,0.2768,0.0,NORMAL,2.56,0.0125,5.0,2026-07-23T11:14:20.609701,0,NORMAL
22,False,0.2728,0.0,NORMAL,2.34,0.0116,3.3,2026-07-23T11:14:20.617672,0,NORMAL
21,False,0.2832,0.0,NORMAL,2.1,0.0097,5.8,2026-07-23T11:14:20.625736,0,NORMAL
23,False,0.2615,0.0,NORMAL,2.76,0.0108,8.3,2026-07-23T11:14:20.633835,0,NORMAL
23,False,0.2652,0.0,NORMAL,2.21,0.007,2.9,2026-07-23T11:14:20.641805,0,NORMAL
27,False,0.2239,0.0,WATCH,2.65,0.0131,0.4,2026-07-23T11:14:20.649715,0,NORMAL
25,False,0.2488,0.0,WATCH,2.3,0.0035,7.1,2026-07-23T11:14:20.657718,0,NORMAL
25,False,0.2467,0.0,WATCH,1.08,0.0109,6.0,2026-07-23T11:14:20.665802,0,NORMAL
25,False,0.244,0.0,WATCH,2.65,0.0128,1.6,2026-07-23T11:14:20.673890,0,NORMAL
22,False,0.2725,0.0,NORMAL,2.07,0.009,2.8,2026-07-23T11:14:20.681971,0,NORMAL
22,False,0.2705,0.0,NORMAL,1.97,0.0119,2.4,2026-07-23T11:14:20.689977,0,NORMAL
24,False,0.2575,0.0,NORMAL,2.14,0.005,2.8,2026-07-23T11:14:20.698026,0,NORMAL
23,False,0.2616,0.0,NORMAL,1.83,0.0052,4.0,2026-07-23T11:14:20.706017,0,NORMAL
21,False,0.2823,0.0,NORMAL,2.11,0.0112,4.2,2026-07-23T11:14:20.714021,0,NORMAL
23,False,0.2668,0.0,NORMAL,1.7,0.0134,3.0,2026-07-23T11:14:20.722053,0,NORMAL
31,False,0.1838,0.0,WATCH,2.64,0.0006,2.7,2026-07-23T11:14:20.730217,0,NORMAL
21,False,0.2824,0.0,NORMAL,1.94,0.0126,4.3,2026-07-23T11:14:20.738422,0,NORMAL
22,False,0.278,0.0,NORMAL,1.81,0.0073,5.5,2026-07-23T11:14:20.746409,0,NORMAL
22,False,0.2707,0.0,NORMAL,1.54,0.009,4.1,2026-07-23T11:14:20.754468,0,NORMAL
25,False,0.2432,0.0,WATCH,2.13,0.0033,8.5,2026-07-23T11:14:20.762512,0,NORMAL
23,False,0.2693,0.0,NORMAL,2.09,0.0057,6.5,2026-07-23T11:14:20.770608,0,NORMAL
27,False,0.2274,0.0,WATCH,2.19,0.0148,0.2,2026-07-23T11:14:20.778693,0,NORMAL
22,False,0.2715,0.0,NORMAL,1.49,0.0102,6.6,2026-07-23T11:14:20.786780,0,NORMAL
25,False,0.2424,0.0,WATCH,1.2,0.0081,6.8,2026-07-23T11:14:20.794945,0,NORMAL
22,False,0.276,0.0,NORMAL,2.31,0.0094,3.7,2026-07-23T11:14:20.803144,0,NORMAL
27,False,0.2203,0.0,WATCH,2.74,0.0124,0.5,2026-07-23T11:14:20.811111,0,NORMAL
22,False,0.2724,0.0,NORMAL,1.49,0.0122,5.0,2026-07-23T11:14:20.819100,0,NORMAL
23,False,0.264,0.0,NORMAL,2.79,0.0096,5.0,2026-07-23T11:14:20.827157,0,NORMAL
25,False,0.2476,0.0,WATCH,2.14,0.0155,1.6,2026-07-23T11:14:20.835148,0,NORMAL
26,False,0.2382,0.0,WATCH,2.0,0.0149,0.6,2026-07-23T11:14:20.843229,0,NORMAL
21,False,0.2812,0.0,NORMAL,1.8,0.0121,4.7,2026-07-23T11:14:20.851316,0,NORMAL
24,False,0.2586,0.0,NORMAL,1.31,0.0103,4.3,2026-07-23T11:14:20.859328,0,NORMAL
22,False,0.2725,0.0,NORMAL,2.49,0.0133,3.7,2026-07-23T11:14:20.867400,0,NORMAL
22,False,0.2784,0.0,NORMAL,1.61,0.0116,4.7,2026-07-23T11:14:20.875395,0,NORMAL
25,False,0.2421,0.0,WATCH,1.61,0.0153,1.7,2026-07-23T11:14:20.883415,0,NORMAL
23,False,0.2681,0.0,NORMAL,2.5,0.0145,3.7,2026-07-23T11:14:20.891461,0,NORMAL
28,False,0.2161,0.0,WATCH,1.06,0.0049,6.6,2026-07-23T11:14:20.899556,0,NORMAL
27,False,0.2297,0.0,WATCH,1.24,0.0046,4.0,2026-07-23T11:14:20.907516,0,NORMAL
27,False,0.2243,0.0,WATCH,1.99,0.0065,0.0,2026-07-23T11:14:20.915636,0,NORMAL
22,False,0.2734,0.0,NORMAL,2.15,0.0149,3.6,2026-07-23T11:14:20.923568,0,NORMAL
29,False,0.2078,0.0,WATCH,2.24,0.0021,1.8,2026-07-23T11:14:20.931504,0,NORMAL
21,False,0.2818,0.0,NORMAL,1.85,0.012,5.8,2026-07-23T11:14:20.939587,0,NORMAL
26,False,0.2382,0.0,WATCH,3.27,0.0118,6.0,2026-07-23T11:14:20.947617,0,NORMAL
28,False,0.2151,0.0,WATCH,1.89,0.0158,0.0,2026-07-23T11:14:20.955732,0,NORMAL
22,False,0.279,0.0,NORMAL,1.88,0.0109,7.3,2026-07-23T11:14:20.963791,0,NORMAL
28,False,0.2164,0.0,WATCH,1.6,0.0033,1.7,2026-07-23T11:14:20.971782,0,NORMAL
25,False,0.2461,0.0,WATCH,2.06,0.0052,9.7,2026-07-23T11:14:20.979801,0,NORMAL
23,False,0.261,0.0,NORMAL,2.31,0.0041,4.9,2026-07-23T11:14:20.987933,0,NORMAL
26,False,0.2339,0.0,WATCH,2.6,0.0073,1.3,2026-07-23T11:14:20.996023,0,NORMAL
27,False,0.2237,0.0,WATCH,1.26,0.0091,1.6,2026-07-23T11:14:21.004103,0,NORMAL
23,False,0.2603,0.0,NORMAL,1.88,0.0042,6.0,2026-07-23T11:14:21.012098,0,NORMAL
24,False,0.256,0.0,NORMAL,2.22,0.0174,3.8,2026-07-23T11:14:21.020051,0,NORMAL
24,False,0.2569,0.0,NORMAL,2.29,0.0034,4.7,2026-07-23T11:14:21.027962,0,NORMAL
24,False,0.2515,0.0,NORMAL,2.0,0.0167,9.8,2026-07-23T11:14:21.035887,0,NORMAL
23,False,0.2612,0.0,NORMAL,2.27,0.0159,2.9,2026-07-23T11:14:21.044148,0,NORMAL
22,False,0.2742,0.0,NORMAL,1.6,0.0145,5.2,2026-07-23T11:14:21.052218,0,NORMAL
26,False,0.2376,0.0,WATCH,2.78,0.0065,9.3,2026-07-23T11:14:21.060218,0,NORMAL
22,False,0.2779,0.0,NORMAL,2.5,0.0117,5.8,2026-07-23T11:14:21.068316,0,NORMAL
32,False,0.1762,0.0,WATCH,1.33,0.0036,0.2,2026-07-23T11:14:21.076306,0,NORMAL
23,False,0.2652,0.0,NORMAL,1.46,0.0146,6.5,2026-07-23T11:14:21.084393,0,NORMAL
25,False,0.244,0.0,WATCH,1.48,0.0096,1.5,2026-07-23T11:14:21.092467,0,NORMAL
24,False,0.2599,0.0,NORMAL,2.34,0.008,9.2,2026-07-23T11:14:21.100432,0,NORMAL
27,False,0.2223,0.0,WATCH,1.36,0.0039,2.5,2026-07-23T11:14:21.108354,0,NORMAL
35,False,0.1464,0.0,WATCH,1.83,0.0,13.9,2026-07-23T11:14:21.116339,0,NORMAL
25,False,0.2491,0.0,WATCH,2.23,0.0048,9.4,2026-07-23T11:14:21.124406,0,NORMAL
23,False,0.2609,0.0,NORMAL,1.97,0.0156,2.6,2026-07-23T11:14:21.132387,0,NORMAL
21,False,0.2814,0.0,NORMAL,2.13,0.008,5.1,2026-07-23T11:14:21.140452,0,NORMAL
23,False,0.2615,0.0,NORMAL,1.47,0.0092,7.3,2026-07-23T11:14:21.148392,0,NORMAL
22,False,0.2779,0.0,NORMAL,2.3,0.0133,7.4,2026-07-23T11:14:21.156359,0,NORMAL
25,False,0.247,0.0,WATCH,1.69,0.019,6.3,2026-07-23T11:14:21.164308,0,NORMAL
24,False,0.2535,0.0,NORMAL,1.84,0.0166,8.8,2026-07-23T11:14:21.172379,0,NORMAL
22,False,0.2701,0.0,NORMAL,2.12,0.0051,4.6,2026-07-23T11:14:21.180310,0,NORMAL
29,False,0.2047,0.0,WATCH,2.05,0.0003,3.9,2026-07-23T11:14:21.188251,0,NORMAL
28,False,0.2121,0.0,WATCH,2.01,0.0218,4.0,2026-07-23T11:14:21.196283,0,NORMAL
28,False,0.2123,0.0,WATCH,1.62,0.0213,7.6,2026-07-23T11:14:21.204321,0,NORMAL
21,False,0.2855,0.0,NORMAL,1.85,0.0109,6.1,2026-07-23T11:14:21.212339,0,NORMAL
24,False,0.2566,0.0,NORMAL,2.0,0.0036,5.9,2026-07-23T11:14:21.220418,0,NORMAL
24,False,0.2554,0.0,NORMAL,1.31,0.0148,7.4,2026-07-23T11:14:21.228349,0,NORMAL
26,False,0.2339,0.0,WATCH,1.77,0.0095,0.0,2026-07-23T11:14:21.236370,0,NORMAL
21,False,0.2843,0.0,NORMAL,2.19,0.0094,5.9,2026-07-23T11:14:21.244372,0,NORMAL
23,False,0.2617,0.0,NORMAL,1.36,0.0145,5.7,2026-07-23T11:14:21.252343,0,NORMAL
24,False,0.2556,0.0,NORMAL,2.58,0.0117,10.0,2026-07-23T11:14:21.260305,0,NORMAL
30,False,0.196,0.0,WATCH,2.63,0.0041,0.4,2026-07-23T11:14:21.268310,0,NORMAL
27,False,0.2262,0.0,WATCH,1.38,0.0084,9.7,2026-07-23T11:14:21.276304,0,NORMAL
22,False,0.2739,0.0,NORMAL,2.68,0.0133,5.2,2026-07-23T11:14:21.284383,0,NORMAL
21,False,0.2826,0.0,NORMAL,1.93,0.0126,6.5,2026-07-23T11:14:21.292425,0,NORMAL
23,False,0.261,0.0,NORMAL,2.21,0.0113,10.0,2026-07-23T11:14:21.300315,0,NORMAL
22,False,0.278,0.0,NORMAL,1.75,0.0147,6.7,2026-07-23T11:14:21.308225,0,NORMAL
22,False,0.2746,0.0,NORMAL,2.46,0.0082,6.2,2026-07-23T11:14:21.316148,0,NORMAL
21,False,0.2844,0.0,NORMAL,2.2,0.0109,5.7,2026-07-23T11:14:21.324238,0,NORMAL
30,False,0.1925,0.0,WATCH,1.59,0.0,3.5,2026-07-23T11:14:21.332198,0,NORMAL
23,False,0.2639,0.0,NORMAL,1.42,0.0078,4.9,2026-07-23T11:14:21.340406,0,NORMAL
25,False,0.244,0.0,WATCH,1.27,0.0138,2.9,2026-07-23T11:14:21.348346,0,NORMAL
21,False,0.2806,0.0,NORMAL,2.09,0.008,4.9,2026-07-23T11:14:21.356336,0,NORMAL
26,False,0.2308,0.0,WATCH,2.29,0.0077,0.0,2026-07-23T11:14:21.364382,0,NORMAL
23,False,0.2609,0.0,NORMAL,2.33,0.0048,6.3,2026-07-23T11:14:21.372421,0,NORMAL
22,False,0.2797,0.0,NORMAL,1.94,0.015,4.6,2026-07-23T11:14:21.380571,0,NORMAL
23,False,0.2641,0.0,NORMAL,1.42,0.0127,4.0,2026-07-23T11:14:21.388625,0,NORMAL
22,False,0.2774,0.0,NORMAL,1.66,0.0141,5.7,2026-07-23T11:14:21.396551,0,NORMAL
33,False,0.1685,0.0,WATCH,2.58,0.0014,0.7,2026-07-23T11:14:21.404584,0,NORMAL
25,False,0.2459,0.0,WATCH,1.76,0.0092,10.8,2026-07-23T11:14:21.412594,0,NORMAL
21,False,0.2833,0.0,NORMAL,2.07,0.0086,4.7,2026-07-23T11:14:21.420677,0,NORMAL
23,False,0.2688,0.0,NORMAL,1.46,0.0086,4.6,2026-07-23T11:14:21.428700,0,NORMAL
24,False,0.2572,0.0,NORMAL,2.17,0.0069,2.1,2026-07-23T11:14:21.436876,0,NORMAL
22,False,0.2787,0.0,NORMAL,1.77,0.0083,5.1,2026-07-23T11:14:21.444958,0,NORMAL
23,False,0.2602,0.0,NORMAL,2.52,0.0142,9.2,2026-07-23T11:14:21.452972,0,NORMAL
30,False,0.1992,0.0,WATCH,2.39,0.0004,8.1,2026-07-23T11:14:21.461023,0,NORMAL
25,False,0.2468,0.0,WATCH,1.75,0.0189,7.6,2026-07-23T11:14:21.469091,0,NORMAL
21,False,0.2842,0.0,NORMAL,1.94,0.0124,6.6,2026-07-23T11:14:21.477172,0,NORMAL
22,False,0.2745,0.0,NORMAL,1.72,0.0098,3.9,2026-07-23T11:14:21.485244,0,NORMAL
29,False,0.205,0.0,WATCH,1.29,0.0145,0.6,2026-07-23T11:14:21.493313,0,NORMAL
26,False,0.2316,0.0,WATCH,1.57,0.0027,4.4,2026-07-23T11:14:21.501323,0,NORMAL
22,False,0.2749,0.0,NORMAL,2.1,0.0067,4.3,2026-07-23T11:14:21.509414,0,NORMAL
22,False,0.2737,0.0,NORMAL,2.16,0.0094,8.1,2026-07-23T11:14:21.517464,0,NORMAL
23,False,0.2673,0.0,NORMAL,2.07,0.0168,5.9,2026-07-23T11:14:21.525531,0,NORMAL
24,False,0.2557,0.0,NORMAL,1.85,0.0098,9.8,2026-07-23T11:14:21.533613,0,NORMAL
23,False,0.2671,0.0,NORMAL,2.47,0.0123,8.6,2026-07-23T11:14:21.541568,0,NORMAL
22,False,0.2701,0.0,NORMAL,2.03,0.0071,3.6,2026-07-23T11:14:21.549601,0,NORMAL
26,False,0.2327,0.0,WATCH,2.35,0.0124,0.0,2026-07-23T11:14:21.557720,0,NORMAL
29,False,0.2029,0.0,WATCH,1.11,0.0184,9.2,2026-07-23T11:14:21.565813,0,NORMAL
32,False,0.1792,0.0,WATCH,0.04,0.015,9.1,2026-07-23T11:14:21.573926,0,NORMAL
24,False,0.2505,0.0,NORMAL,2.14,0.0096,0.9,2026-07-23T11:14:21.581983,0,NORMAL
27,False,0.2296,0.0,WATCH,1.29,0.0134,9.5,2026-07-23T11:14:21.590079,0,NORMAL
21,False,0.282,0.0,NORMAL,1.89,0.0129,6.1,2026-07-23T11:14:21.598205,0,NORMAL
21,False,0.2837,0.0,NORMAL,1.85,0.0125,5.5,2026-07-23T11:14:21.606280,0,NORMAL
25,False,0.2458,0.0,WATCH,2.79,0.0156,9.8,2026-07-23T11:14:21.614375,0,NORMAL
23,False,0.2612,0.0,NORMAL,2.2,0.0155,9.0,2026-07-23T11:14:21.622357,0,NORMAL
22,False,0.2792,0.0,NORMAL,2.08,0.0094,7.0,2026-07-23T11:14:21.630415,0,NORMAL
22,False,0.279,0.0,NORMAL,2.42,0.0132,6.4,2026-07-23T11:14:21.638346,0,NORMAL
22,False,0.2766,0.0,NORMAL,2.18,0.0081,6.8,2026-07-23T11:14:21.646594,0,NORMAL
23,False,0.2605,0.0,NORMAL,1.77,0.0054,3.8,2026-07-23T11:14:21.654698,0,NORMAL
22,False,0.2775,0.0,NORMAL,2.54,0.0087,4.8,2026-07-23T11:14:21.662713,0,NORMAL
25,False,0.2482,0.0,WATCH,1.45,0.0096,2.3,2026-07-23T11:14:21.670741,0,NORMAL
26,False,0.2345,0.0,WATCH,2.16,0.0017,4.0,2026-07-23T11:14:21.678841,0,NORMAL
24,False,0.2511,0.0,NORMAL,1.23,0.0143,3.9,2026-07-23T11:14:21.686927,0,NORMAL
30,False,0.1965,0.0,WATCH,2.1,0.0,3.1,2026-07-23T11:14:21.695015,0,NORMAL
29,False,0.2081,0.0,WATCH,2.1,0.0236,5.4,2026-07-23T11:14:21.703212,0,NORMAL
26,False,0.2365,0.0,WATCH,2.84,0.0175,4.0,2026-07-23T11:14:21.711296,0,NORMAL
24,False,0.252,0.0,NORMAL,1.22,0.0087,6.5,2026-07-23T11:14:21.719288,0,NORMAL
26,False,0.2307,0.0,WATCH,1.7,0.01,0.1,2026-07-23T11:14:21.727286,0,NORMAL
22,False,0.2789,0.0,NORMAL,2.41,0.0115,4.7,2026-07-23T11:14:21.735322,0,NORMAL
22,False,0.2764,0.0,NORMAL,2.17,0.0071,5.4,2026-07-23T11:14:21.743384,0,NORMAL
21,False,0.2815,0.0,NORMAL,2.09,0.011,4.1,2026-07-23T11:14:21.751417,0,NORMAL
22,False,0.2745,0.0,NORMAL,1.52,0.0093,4.5,2026-07-23T11:14:21.759529,0,NORMAL
26,False,0.2346,0.0,WATCH,1.7,0.0095,0.2,2026-07-23T11:14:21.767679,0,NORMAL
22,False,0.274,0.0,NORMAL,2.62,0.0109,6.1,2026-07-23T11:14:21.775782,0,NORMAL
24,False,0.2513,0.0,NORMAL,1.97,0.0034,6.9,2026-07-23T11:14:21.783786,0,NORMAL
21,False,0.283,0.0,NORMAL,2.19,0.0102,6.5,2026-07-23T11:14:21.791762,0,NORMAL
22,False,0.2743,0.0,NORMAL,1.94,0.0108,8.1,2026-07-23T11:14:21.799722,0,NORMAL
23,False,0.2681,0.0,NORMAL,1.41,0.0106,5.6,2026-07-23T11:14:21.807824,0,NORMAL
22,False,0.2765,0.0,NORMAL,2.47,0.0089,6.4,2026-07-23T11:14:21.816013,0,NORMAL
22,False,0.2751,0.0,NORMAL,2.25,0.0157,5.5,2026-07-23T11:14:21.824083,0,NORMAL
26,False,0.2333,0.0,WATCH,3.15,0.0082,7.1,2026-07-23T11:14:21.832121,0,NORMAL
27,False,0.2287,0.0,WATCH,1.49,0.0111,0.3,2026-07-23T11:14:21.840296,0,NORMAL
25,False,0.2417,0.0,WATCH,2.41,0.0165,2.3,2026-07-23T11:14:21.848448,0,NORMAL
27,False,0.2285,0.0,WATCH,1.34,0.0096,9.8,2026-07-23T11:14:21.856546,0,NORMAL
26,False,0.2391,0.0,WATCH,2.08,0.0111,0.0,2026-07-23T11:14:21.864565,0,NORMAL
22,False,0.2772,0.0,NORMAL,2.49,0.0095,4.6,2026-07-23T11:14:21.872597,0,NORMAL
29,False,0.2085,0.0,WATCH,0.96,0.0162,8.5,2026-07-23T11:14:21.880663,0,NORMAL
21,False,0.2819,0.0,NORMAL,1.9,0.0087,4.7,2026-07-23T11:14:21.888834,0,NORMAL
24,False,0.2591,0.0,NORMAL,1.72,0.0164,3.8,2026-07-23T11:14:21.896903,0,NORMAL
22,False,0.2775,0.0,NORMAL,1.65,0.0095,5.4,2026-07-23T11:14:21.905035,0,NORMAL
23,False,0.2689,0.0,NORMAL,2.19,0.0057,3.9,2026-07-23T11:14:21.913198,0,NORMAL
22,False,0.277,0.0,NORMAL,2.56,0.0134,5.1,2026-07-23T11:14:21.921215,0,NORMAL
22,False,0.2704,0.0,NORMAL,1.93,0.0085,2.9,2026-07-23T11:14:21.929304,0,NORMAL
22,False,0.2726,0.0,NORMAL,2.1,0.0131,8.3,2026-07-23T11:14:21.937531,0,NORMAL
30,False,0.1916,0.0,WATCH,2.06,0.0,9.3,2026-07-23T11:14:21.945816,0,NORMAL
21,False,0.284,0.0,NORMAL,2.0,0.01,4.6,2026-07-23T11:14:21.953880,0,NORMAL
27,False,0.2256,0.0,WATCH,1.46,0.0077,0.8,2026-07-23T11:14:21.961917,0,NORMAL
25,False,0.2476,0.0,WATCH,2.55,0.0047,3.4,2026-07-23T11:14:21.969886,0,NORMAL
22,False,0.2778,0.0,NORMAL,2.15,0.0072,4.4,2026-07-23T11:14:21.977942,0,NORMAL
22,False,0.2753,0.0,NORMAL,2.2,0.0071,6.5,2026-07-23T11:14:21.985924,0,NORMAL
24,False,0.254,0.0,NORMAL,1.6,0.0098,2.0,2026-07-23T11:14:21.993928,0,NORMAL
26,False,0.2352,0.0,WATCH,1.77,0.0032,2.7,2026-07-23T11:14:22.001984,0,NORMAL
21,False,0.2829,0.0,NORMAL,1.91,0.0116,6.5,2026-07-23T11:14:22.010194,0,NORMAL
26,False,0.2333,0.0,WATCH,1.23,0.0168,7.8,2026-07-23T11:14:22.018189,0,NORMAL
26,False,0.2362,0.0,WATCH,1.16,0.0114,3.1,2026-07-23T11:14:22.026250,0,NORMAL
25,False,0.2421,0.0,WATCH,1.7,0.014,1.0,2026-07-23T11:14:22.034183,0,NORMAL
29,False,0.2097,0.0,WATCH,2.26,0.0155,14.9,2026-07-23T11:14:22.042248,0,NORMAL
23,False,0.2644,0.0,NORMAL,1.67,0.0162,7.3,2026-07-23T11:14:22.050231,0,NORMAL
26,False,0.2354,0.0,WATCH,1.49,0.0194,4.2,2026-07-23T11:14:22.058310,0,NORMAL
24,False,0.26,0.0,NORMAL,1.59,0.0075,7.6,2026-07-23T11:14:22.066353,0,NORMAL
22,False,0.2725,0.0,NORMAL,1.77,0.0064,4.6,2026-07-23T11:14:22.074411,0,NORMAL
22,False,0.2734,0.0,NORMAL,1.82,0.0139,7.6,2026-07-23T11:14:22.082424,0,NORMAL
25,False,0.2491,0.0,WATCH,3.08,0.0135,5.5,2026-07-23T11:14:22.090429,0,NORMAL
22,False,0.2783,0.0,NORMAL,2.53,0.0139,5.3,2026-07-23T11:14:22.098455,0,NORMAL
25,False,0.2425,0.0,WATCH,2.51,0.0194,4.7,2026-07-23T11:14:22.106580,0,NORMAL
27,False,0.2293,0.0,WATCH,2.58,0.0101,0.7,2026-07-23T11:14:22.114646,0,NORMAL
26,False,0.2308,0.0,WATCH,1.5,0.0121,10.8,2026-07-23T11:14:22.122767,0,NORMAL
27,False,0.2267,0.0,WATCH,1.39,0.0051,2.2,2026-07-23T11:14:22.130788,0,NORMAL
31,False,0.1807,0.0,WATCH,1.45,0.0207,0.9,2026-07-23T11:14:22.138814,0,NORMAL
23,False,0.267,0.0,NORMAL,2.67,0.0083,4.4,2026-07-23T11:14:22.146794,0,NORMAL
24,False,0.2569,0.0,NORMAL,1.73,0.0085,2.1,2026-07-23T11:14:22.154810,0,NORMAL
23,False,0.2633,0.0,NORMAL,1.37,0.0083,4.8,2026-07-23T11:14:22.162852,0,NORMAL
23,False,0.2655,0.0,NORMAL,1.78,0.0068,7.1,2026-07-23T11:14:22.170958,0,NORMAL
23,False,0.2611,0.0,NORMAL,1.88,0.0064,8.0,2026-07-23T11:14:22.178898,0,NORMAL
22,False,0.2724,0.0,NORMAL,2.13,0.0074,7.4,2026-07-23T11:14:22.186894,0,NORMAL
24,False,0.2519,0.0,NORMAL,2.13,0.0032,4.1,2026-07-23T11:14:22.194875,0,NORMAL
23,False,0.2668,0.0,NORMAL,1.59,0.0061,5.1,2026-07-23T11:14:22.202833,0,NORMAL
25,False,0.2445,0.0,WATCH,2.34,0.0197,6.2,2026-07-23T11:14:22.210929,0,NORMAL
27,False,0.2257,0.0,WATCH,1.68,0.0137,0.0,2026-07-23T11:14:22.219094,0,NORMAL
22,False,0.2793,0.0,NORMAL,1.92,0.0146,6.7,2026-07-23T11:14:22.227233,0,NORMAL
27,False,0.2238,0.0,WATCH,2.34,0.0159,0.6,2026-07-23T11:14:22.235295,0,NORMAL
28,False,0.2166,0.0,WATCH,1.68,0.0192,11.1,2026-07-23T11:14:22.243380,0,NORMAL
28,False,0.2106,0.0,WATCH,1.72,0.0011,3.8,2026-07-23T11:14:22.251451,0,NORMAL
24,False,0.2591,0.0,NORMAL,2.3,0.0039,4.4,2026-07-23T11:14:22.259576,0,NORMAL
24,False,0.255,0.0,NORMAL,1.57,0.006,2.7,2026-07-23T11:14:22.267648,0,NORMAL
23,False,0.2654,0.0,NORMAL,1.81,0.0077,3.1,2026-07-23T11:14:22.275740,0,NORMAL
26,False,0.2339,0.0,WATCH,2.28,0.0085,11.8,2026-07-23T11:14:22.283717,0,NORMAL
26,False,0.2373,0.0,WATCH,3.03,0.0078,7.8,2026-07-23T11:14:22.291699,0,NORMAL
26,False,0.2387,0.0,WATCH,2.3,0.0111,0.4,2026-07-23T11:14:22.299717,0,NORMAL
23,False,0.2632,0.0,NORMAL,2.24,0.0102,9.5,2026-07-23T11:14:22.307690,0,NORMAL
23,False,0.261,0.0,NORMAL,2.27,0.0064,8.6,2026-07-23T11:14:22.315711,0,NORMAL
30,False,0.1903,0.0,WATCH,1.46,0.0,4.2,2026-07-23T11:14:22.323691,0,NORMAL
23,False,0.266,0.0,NORMAL,2.06,0.005,5.9,2026-07-23T11:14:22.331722,0,NORMAL
22,False,0.2781,0.0,NORMAL,1.99,0.0073,5.0,2026-07-23T11:14:22.339718,0,NORMAL
25,False,0.2498,0.0,WATCH,2.16,0.0088,10.9,2026-07-23T11:14:22.347719,0,NORMAL
24,False,0.251,0.0,NORMAL,2.06,0.0044,2.6,2026-07-23T11:14:22.355805,0,NORMAL
22,False,0.2797,0.0,NORMAL,2.19,0.0075,5.4,2026-07-23T11:14:22.363742,0,NORMAL
24,False,0.2566,0.0,NORMAL,1.84,0.0043,3.7,2026-07-23T11:14:22.371712,0,NORMAL
25,False,0.2466,0.0,WATCH,2.03,0.0094,0.7,2026-07-23T11:14:22.379716,0,NORMAL
30,False,0.1908,0.0,WATCH,1.39,0.0046,11.6,2026-07-23T11:14:22.387801,0,NORMAL
25,False,0.2408,0.0,WATCH,1.84,0.0058,1.5,2026-07-23T11:14:22.395839,0,NORMAL
26,False,0.2377,0.0,WATCH,2.7,0.0035,5.7,2026-07-23T11:14:22.403882,0,NORMAL
26,False,0.2353,0.0,WATCH,2.16,0.0092,0.0,2026-07-23T11:14:22.411934,0,NORMAL
23,False,0.2652,0.0,NORMAL,1.99,0.0057,3.8,2026-07-23T11:14:22.419892,0,NORMAL
24,False,0.2545,0.0,NORMAL,2.95,0.0145,6.3,2026-07-23T11:14:22.427890,0,NORMAL
25,False,0.2449,0.0,WATCH,1.32,0.012,2.5,2026-07-23T11:14:22.435846,0,NORMAL
23,False,0.2653,0.0,NORMAL,1.45,0.0097,6.8,2026-07-23T11:14:22.443838,0,NORMAL
25,False,0.2445,0.0,WATCH,2.86,0.006,4.2,2026-07-23T11:14:22.451946,0,NORMAL
23,False,0.2675,0.0,NORMAL,2.02,0.0119,8.5,2026-07-23T11:14:22.459986,0,NORMAL
23,False,0.2635,0.0,NORMAL,1.88,0.0135,9.1,2026-07-23T11:14:22.467987,0,NORMAL
24,False,0.2578,0.0,NORMAL,1.4,0.0107,3.2,2026-07-23T11:14:22.476012,0,NORMAL
23,False,0.2617,0.0,NORMAL,2.22,0.018,5.2,2026-07-23T11:14:22.484065,0,NORMAL
21,False,0.2837,0.0,NORMAL,2.27,0.0123,5.6,2026-07-23T11:14:22.492143,0,NORMAL
23,False,0.2629,0.0,NORMAL,1.45,0.0146,6.9,2026-07-23T11:14:22.500165,0,NORMAL
21,False,0.2854,0.0,NORMAL,1.93,0.0107,5.0,2026-07-23T11:14:22.508230,0,NORMAL
21,False,0.2826,0.0,NORMAL,1.83,0.0134,5.6,2026-07-23T11:14:22.516205,0,NORMAL
22,False,0.2738,0.0,NORMAL,2.13,0.006,4.3,2026-07-23T11:14:22.524333,0,NORMAL
23,False,0.2677,0.0,NORMAL,1.44,0.0077,5.3,2026-07-23T11:14:22.532352,0,NORMAL
24,False,0.2582,0.0,NORMAL,2.63,0.0117,8.9,2026-07-23T11:14:22.540399,0,NORMAL
22,False,0.2752,0.0,NORMAL,2.46,0.0117,6.9,2026-07-23T11:14:22.548622,0,NORMAL
22,False,0.2768,0.0,NORMAL,1.82,0.0125,7.1,2026-07-23T11:14:22.556651,0,NORMAL
22,False,0.2714,0.0,NORMAL,1.89,0.0155,7.2,2026-07-23T11:14:22.564771,0,NORMAL
25,False,0.248,0.0,WATCH,1.93,0.0029,4.5,2026-07-23T11:14:22.572849,0,NORMAL
24,False,0.2599,0.0,NORMAL,1.61,0.0051,6.0,2026-07-23T11:14:22.580905,0,NORMAL
24,False,0.2587,0.0,NORMAL,1.78,0.0111,1.7,2026-07-23T11:14:22.588993,0,NORMAL
24,False,0.2513,0.0,NORMAL,1.86,0.0064,8.8,2026-07-23T11:14:22.597044,0,NORMAL
37,False,0.1287,0.0,WATCH,2.81,0.0269,0.0,2026-07-23T11:14:22.605113,0,NORMAL
22,False,0.2788,0.0,NORMAL,2.47,0.0126,4.7,2026-07-23T11:14:22.613169,0,NORMAL
23,False,0.2674,0.0,NORMAL,2.47,0.0096,8.4,2026-07-23T11:14:22.621289,0,NORMAL
25,False,0.2407,0.0,WATCH,2.18,0.0074,0.9,2026-07-23T11:14:22.629298,0,NORMAL
23,False,0.2657,0.0,NORMAL,1.44,0.0076,6.2,2026-07-23T11:14:22.637412,0,NORMAL
22,False,0.2724,0.0,NORMAL,1.98,0.0102,3.0,2026-07-23T11:14:22.645399,0,NORMAL
22,False,0.2725,0.0,NORMAL,2.49,0.0106,3.9,2026-07-23T11:14:22.653469,0,NORMAL
25,False,0.2493,0.0,WATCH,1.37,0.0077,7.8,2026-07-23T11:14:22.661507,0,NORMAL
22,False,0.2787,0.0,NORMAL,2.32,0.0086,5.6,2026-07-23T11:14:22.669483,0,NORMAL
33,False,0.1677,0.0,WATCH,3.16,0.0167,0.0,2026-07-23T11:14:22.677488,0,NORMAL
26,False,0.2302,0.0,WATCH,2.53,0.0169,2.1,2026-07-23T11:14:22.685391,0,NORMAL
23,False,0.2666,0.0,NORMAL,2.71,0.0113,7.9,2026-07-23T11:14:22.693473,0,NORMAL
24,False,0.2535,0.0,NORMAL,2.11,0.0033,6.3,2026-07-23T11:14:22.701528,0,NORMAL
24,False,0.2513,0.0,NORMAL,2.48,0.0127,10.2,2026-07-23T11:14:22.709671,0,NORMAL
26,False,0.238,0.0,WATCH,1.64,0.0178,10.0,2026-07-23T11:14:22.717559,0,NORMAL
24,False,0.2568,0.0,NORMAL,2.4,0.0168,4.0,2026-07-23T11:14:22.725622,0,NORMAL
26,False,0.2318,0.0,WATCH,2.33,0.0137,12.5,2026-07-23T11:14:22.733746,0,NORMAL
23,False,0.2653,0.0,NORMAL,2.14,0.0171,5.1,2026-07-23T11:14:22.741858,0,NORMAL
25,False,0.2485,0.0,WATCH,2.66,0.0103,2.1,2026-07-23T11:14:22.749874,0,NORMAL
23,False,0.2695,0.0,NORMAL,1.73,0.0131,3.1,2026-07-23T11:14:22.757959,0,NORMAL
27,False,0.2266,0.0,WATCH,1.91,0.0066,0.0,2026-07-23T11:14:22.765958,0,NORMAL
23,False,0.2607,0.0,NORMAL,2.05,0.0115,9.8,2026-07-23T11:14:22.774004,0,NORMAL
26,False,0.2376,0.0,WATCH,1.49,0.0166,9.8,2026-07-23T11:14:22.781965,0,NORMAL
24,False,0.2539,0.0,NORMAL,2.11,0.0071,2.0,2026-07-23T11:14:22.789943,0,NORMAL
26,False,0.2324,0.0,WATCH,1.14,0.0057,4.3,2026-07-23T11:14:22.797919,0,NORMAL
22,False,0.2797,0.0,NORMAL,2.52,0.0105,5.3,2026-07-23T11:14:22.806045,0,NORMAL
23,False,0.2633,0.0,NORMAL,2.02,0.0089,2.1,2026-07-23T11:14:22.814023,0,NORMAL
26,False,0.2326,0.0,WATCH,1.74,0.0132,0.0,2026-07-23T11:14:22.822182,0,NORMAL
22,False,0.2717,0.0,NORMAL,1.58,0.0077,4.4,2026-07-23T11:14:22.830206,0,NORMAL
25,False,0.2485,0.0,WATCH,1.88,0.0186,4.0,2026-07-23T11:14:22.838211,0,NORMAL
25,False,0.2454,0.0,WATCH,2.34,0.0036,3.8,2026-07-23T11:14:22.846251,0,NORMAL
22,False,0.2702,0.0,NORMAL,2.27,0.0163,5.7,2026-07-23T11:14:22.854369,0,NORMAL
25,False,0.2448,0.0,WATCH,1.65,0.0062,9.3,2026-07-23T11:14:22.862407,0,NORMAL
29,False,0.2099,0.0,WATCH,1.58,0.001,4.1,2026-07-23T11:14:22.870473,0,NORMAL
21,False,0.2819,0.0,NORMAL,2.33,0.0112,5.5,2026-07-23T11:14:22.878521,0,NORMAL
23,False,0.2676,0.0,NORMAL,1.64,0.0087,7.2,2026-07-23T11:14:22.886463,0,NORMAL
23,False,0.2614,0.0,NORMAL,2.03,0.0045,6.7,2026-07-23T11:14:22.894446,0,NORMAL
27,False,0.2213,0.0,WATCH,2.06,0.0016,3.2,2026-07-23T11:14:22.902537,0,NORMAL
21,False,0.2846,0.0,NORMAL,2.16,0.01,5.3,2026-07-23T11:14:22.910600,0,NORMAL
22,False,0.275,0.0,NORMAL,2.43,0.0149,6.6,2026-07-23T11:14:22.918625,0,NORMAL
26,False,0.2379,0.0,WATCH,1.37,0.0129,1.6,2026-07-23T11:14:22.926663,0,NORMAL
28,False,0.2133,0.0,WATCH,1.04,0.0103,8.8,2026-07-23T11:14:22.934703,0,NORMAL
23,False,0.2613,0.0,NORMAL,1.72,0.0124,9.3,2026-07-23T11:14:22.942756,0,NORMAL
25,False,0.245,0.0,WATCH,2.9,0.0099,2.8,2026-07-23T11:14:22.950766,0,NORMAL
29,False,0.2037,0.0,WATCH,3.01,0.0029,5.6,2026-07-23T11:14:22.958775,0,NORMAL
28,False,0.2102,0.0,WATCH,2.92,0.0029,6.9,2026-07-23T11:14:22.966843,0,NORMAL
22,False,0.2757,0.0,NORMAL,1.9,0.009,3.4,2026-07-23T11:14:22.974792,0,NORMAL
25,False,0.2454,0.0,WATCH,1.11,0.0092,6.4,2026-07-23T11:14:22.982754,0,NORMAL
27,False,0.2223,0.0,WATCH,0.83,0.0143,5.5,2026-07-23T11:14:22.990762,0,NORMAL
26,False,0.2365,0.0,WATCH,1.69,0.0138,0.6,2026-07-23T11:14:22.998768,0,NORMAL
21,False,0.282,0.0,NORMAL,1.9,0.013,6.4,2026-07-23T11:14:23.006928,0,NORMAL
26,False,0.2398,0.0,WATCH,2.65,0.0086,1.7,2026-07-23T11:14:23.015038,0,NORMAL
26,False,0.2367,0.0,WATCH,2.43,0.0031,7.8,2026-07-23T11:14:23.023104,0,NORMAL
22,False,0.2705,0.0,NORMAL,2.11,0.0121,3.0,2026-07-23T11:14:23.031215,0,NORMAL
22,False,0.2754,0.0,NORMAL,1.56,0.0126,4.5,2026-07-23T11:14:23.039249,0,NORMAL
32,False,0.1757,0.0,WATCH,1.52,0.0,9.1,2026-07-23T11:14:23.047343,0,NORMAL
22,False,0.272,0.0,NORMAL,2.13,0.0058,6.5,2026-07-23T11:14:23.055455,0,NORMAL
25,False,0.2434,0.0,WATCH,2.35,0.0065,1.8,2026-07-23T11:14:23.063484,0,NORMAL
23,False,0.2643,0.0,NORMAL,2.2,0.0106,2.0,2026-07-23T11:14:23.071534,0,NORMAL
24,False,0.2521,0.0,NORMAL,1.48,0.006,3.2,2026-07-23T11:14:23.079738,0,NORMAL
22,False,0.2798,0.0,NORMAL,2.33,0.0098,6.2,2026-07-23T11:14:23.087850,0,NORMAL
21,False,0.2831,0.0,NORMAL,2.21,0.0089,6.1,2026-07-23T11:14:23.095916,0,NORMAL
24,False,0.2526,0.0,NORMAL,1.46,0.0092,2.5,2026-07-23T11:14:23.103970,0,NORMAL
25,False,0.2405,0.0,WATCH,1.61,0.0064,1.5,2026-07-23T11:14:23.111959,0,NORMAL
22,False,0.2717,0.0,NORMAL,2.34,0.0068,5.8,2026-07-23T11:14:23.120046,0,NORMAL
23,False,0.2618,0.0,NORMAL,1.88,0.0046,4.5,2026-07-23T11:14:23.128245,0,NORMAL
26,False,0.2316,0.0,WATCH,2.79,0.0119,11.5,2026-07-23T11:14:23.136275,0,NORMAL
21,False,0.2836,0.0,NORMAL,2.25,0.0129,5.1,2026-07-23T11:14:23.144297,0,NORMAL
26,False,0.2391,0.0,WATCH,1.76,0.0061,10.4,2026-07-23T11:14:23.152680,0,NORMAL
27,False,0.2251,0.0,WATCH,1.99,0.0176,1.5,2026-07-23T11:14:23.160913,0,NORMAL
25,False,0.24,0.0,WATCH,2.03,0.0084,0.3,2026-07-23T11:14:23.168922,0,NORMAL
27,False,0.2221,0.0,WATCH,1.64,0.0177,1.6,2026-07-23T11:14:23.176999,0,NORMAL
25,False,0.2492,0.0,WATCH,1.54,0.0068,8.6,2026-07-23T11:14:23.185099,0,NORMAL
31,False,0.1821,0.0,WATCH,2.35,0.0,10.3,2026-07-23T11:14:23.193004,0,NORMAL
23,False,0.2659,0.0,NORMAL,2.42,0.012,2.7,2026-07-23T11:14:23.201148,0,NORMAL
22,False,0.2764,0.0,NORMAL,2.3,0.0112,3.6,2026-07-23T11:14:23.209221,0,NORMAL
26,False,0.2344,0.0,WATCH,2.76,0.0102,1.5,2026-07-23T11:14:23.217303,0,NORMAL
27,False,0.2269,0.0,WATCH,1.73,0.0068,0.0,2026-07-23T11:14:23.225390,0,NORMAL
24,False,0.257,0.0,NORMAL,2.84,0.0098,7.2,2026-07-23T11:14:23.233503,0,NORMAL
23,False,0.27,0.0,NORMAL,1.55,0.0074,5.7,2026-07-23T11:14:23.241492,0,NORMAL
23,False,0.2699,0.0,NORMAL,1.49,0.0085,5.0,2026-07-23T11:14:23.249582,0,NORMAL
29,False,0.2008,0.0,WATCH,1.12,0.0142,0.8,2026-07-23T11:14:23.257655,0,NORMAL
24,False,0.257,0.0,NORMAL,1.78,0.0109,9.9,2026-07-23T11:14:23.265721,0,NORMAL
22,False,0.2758,0.0,NORMAL,1.75,0.013,3.5,2026-07-23T11:14:23.273681,0,NORMAL
22,False,0.2795,0.0,NORMAL,2.26,0.0088,6.6,2026-07-23T11:14:23.281830,0,NORMAL
26,False,0.24,0.0,WATCH,2.12,0.0083,0.6,2026-07-23T11:14:23.289934,0,NORMAL
25,False,0.2429,0.0,WATCH,1.4,0.0042,4.4,2026-07-23T11:14:23.297974,0,NORMAL
22,False,0.2787,0.0,NORMAL,1.8,0.0081,5.9,2026-07-23T11:14:23.305975,0,NORMAL
29,False,0.2049,0.0,WATCH,1.81,0.0,6.0,2026-07-23T11:14:23.314028,0,NORMAL
25,False,0.2405,0.0,WATCH,1.11,0.007,5.5,2026-07-23T11:14:23.322196,0,NORMAL
22,False,0.273,0.0,NORMAL,1.51,0.0096,6.5,2026-07-23T11:14:23.330281,0,NORMAL
24,False,0.2546,0.0,NORMAL,1.61,0.0128,1.6,2026-07-23T11:14:23.338331,0,NORMAL
23,False,0.2687,0.0,NORMAL,2.72,0.0087,5.6,2026-07-23T11:14:23.346392,0,NORMAL
21,False,0.2825,0.0,NORMAL,2.1,0.0117,5.3,2026-07-23T11:14:23.354508,0,NORMAL
29,False,0.2049,0.0,WATCH,2.33,0.0,5.7,2026-07-23T11:14:23.362596,0,NORMAL
24,False,0.2578,0.0,NORMAL,1.25,0.0097,5.2,2026-07-23T11:14:23.370660,0,NORMAL
31,False,0.1816,0.0,WATCH,2.6,0.0016,1.2,2026-07-23T11:14:23.378804,0,NORMAL
29,False,0.2035,0.0,WATCH,2.65,0.004,1.0,2026-07-23T11:14:23.386886,0,NORMAL
32,False,0.172,0.0,WATCH,1.0,0.0091,0.0,2026-07-23T11:14:23.394988,0,NORMAL
23,False,0.263,0.0,NORMAL,1.65,0.0164,7.5,2026-07-23T11:14:23.403032,0,NORMAL
22,False,0.2773,0.0,NORMAL,2.25,0.0119,7.5,2026-07-23T11:14:23.411096,0,NORMAL
22,False,0.2739,0.0,NORMAL,2.32,0.0101,7.5,2026-07-23T11:14:23.419244,0,NORMAL
22,False,0.2775,0.0,NORMAL,1.66,0.0099,5.9,2026-07-23T11:14:23.427336,0,NORMAL
27,False,0.2229,0.0,WATCH,1.85,0.0064,0.0,2026-07-23T11:14:23.435341,0,NORMAL
25,False,0.2493,0.0,WATCH,1.7,0.0073,1.9,2026-07-23T11:14:23.443359,0,NORMAL
21,False,0.2814,0.0,NORMAL,2.06,0.0121,5.5,2026-07-23T11:14:23.451377,0,NORMAL
26,False,0.2391,0.0,WATCH,2.6,0.0031,5.4,2026-07-23T11:14:23.459620,0,NORMAL
22,False,0.2761,0.0,NORMAL,1.61,0.013,4.3,2026-07-23T11:14:23.467634,0,NORMAL
22,False,0.275,0.0,NORMAL,2.5,0.0081,6.1,2026-07-23T11:14:23.475811,0,NORMAL
22,False,0.278,0.0,NORMAL,1.61,0.0141,5.0,2026-07-23T11:14:23.483895,0,NORMAL
22,False,0.2736,0.0,NORMAL,1.58,0.0148,5.4,2026-07-23T11:14:23.491989,0,NORMAL
28,False,0.2106,0.0,WATCH,2.41,0.0016,3.1,2026-07-23T11:14:23.500175,0,NORMAL
23,False,0.2614,0.0,NORMAL,2.46,0.0071,7.9,2026-07-23T11:14:23.508226,0,NORMAL
23,False,0.2617,0.0,NORMAL,2.43,0.0057,3.7,2026-07-23T11:14:23.516132,0,NORMAL
34,False,0.1578,0.0,WATCH,1.34,0.0009,1.0,2026-07-23T11:14:23.524245,0,NORMAL
24,False,0.2511,0.0,NORMAL,1.77,0.0048,2.7,2026-07-23T11:14:23.532266,0,NORMAL
29,False,0.2078,0.0,WATCH,2.41,0.0222,4.0,2026-07-23T11:14:23.540301,0,NORMAL
22,False,0.2725,0.0,NORMAL,2.02,0.013,8.0,2026-07-23T11:14:23.548369,0,NORMAL
26,False,0.2361,0.0,WATCH,1.46,0.0196,4.9,2026-07-23T11:14:23.556491,0,NORMAL
21,False,0.2819,0.0,NORMAL,2.23,0.0141,4.4,2026-07-23T11:14:23.564674,0,NORMAL
26,False,0.2387,0.0,WATCH,1.64,0.0063,1.3,2026-07-23T11:14:23.572762,0,NORMAL
25,False,0.2494,0.0,WATCH,2.9,0.0081,7.4,2026-07-23T11:14:23.580852,0,NORMAL
24,False,0.2542,0.0,NORMAL,2.77,0.0129,3.0,2026-07-23T11:14:23.588973,0,NORMAL
21,False,0.2815,0.0,NORMAL,2.3,0.0122,4.7,2026-07-23T11:14:23.597065,0,NORMAL
25,False,0.2438,0.0,WATCH,2.68,0.0071,9.4,2026-07-23T11:14:23.605168,0,NORMAL
26,False,0.2395,0.0,WATCH,2.03,0.0025,6.5,2026-07-23T11:14:23.613263,0,NORMAL
35,False,0.1422,0.0,WATCH,2.38,0.0264,0.1,2026-07-23T11:14:23.621339,0,NORMAL
28,False,0.2124,0.0,WATCH,2.74,0.0093,0.0,2026-07-23T11:14:23.629392,0,NORMAL
21,False,0.2814,0.0,NORMAL,2.12,0.0084,4.8,2026-07-23T11:14:23.637447,0,NORMAL
24,False,0.2561,0.0,NORMAL,1.87,0.0106,1.4,2026-07-23T11:14:23.645459,0,NORMAL
26,False,0.2388,0.0,WATCH,1.15,0.0088,6.9,2026-07-23T11:14:23.653654,0,NORMAL
21,False,0.2853,0.0,NORMAL,1.96,0.0106,5.1,2026-07-23T11:14:23.661716,0,NORMAL
23,False,0.2665,0.0,NORMAL,2.41,0.0164,5.5,2026-07-23T11:14:23.669781,0,NORMAL
23,False,0.2658,0.0,NORMAL,2.47,0.0094,2.9,2026-07-23T11:14:23.677820,0,NORMAL
26,False,0.2383,0.0,WATCH,2.25,0.0042,10.2,2026-07-23T11:14:23.685956,0,NORMAL
29,False,0.2081,0.0,WATCH,1.73,0.0092,13.5,2026-07-23T11:14:23.694082,0,NORMAL
27,False,0.2265,0.0,WATCH,1.01,0.0077,4.2,2026-07-23T11:14:23.702220,0,NORMAL
23,False,0.2641,0.0,NORMAL,1.75,0.0171,6.1,2026-07-23T11:14:23.710181,0,NORMAL
22,False,0.2748,0.0,NORMAL,1.85,0.0159,5.3,2026-07-23T11:14:23.718262,0,NORMAL
21,False,0.2814,0.0,NORMAL,1.84,0.0105,4.2,2026-07-23T11:14:23.726350,0,NORMAL
26,False,0.2397,0.0,WATCH,2.31,0.0036,2.5,2026-07-23T11:14:23.734403,0,NORMAL
31,False,0.1883,0.0,WATCH,2.99,0.0039,1.7,2026-07-23T11:14:23.743913,0,NORMAL
24,False,0.2599,0.0,NORMAL,2.06,0.0101,1.6,2026-07-23T11:14:23.760321,0,NORMAL
21,False,0.2821,0.0,NORMAL,1.89,0.0117,6.2,2026-07-23T11:14:23.772109,0,NORMAL
23,False,0.2693,0.0,NORMAL,1.87,0.0081,3.4,2026-07-23T11:14:23.780384,0,NORMAL
26,False,0.2317,0.0,WATCH,2.06,0.0076,0.0,2026-07-23T11:14:23.788549,0,NORMAL
23,False,0.2698,0.0,NORMAL,1.59,0.007,6.3,2026-07-23T11:14:23.796651,0,NORMAL
21,False,0.2839,0.0,NORMAL,2.06,0.0099,4.9,2026-07-23T11:14:23.804756,0,NORMAL
30,False,0.1945,0.0,WATCH,2.23,0.0,9.0,2026-07-23T11:14:23.812916,0,NORMAL
23,False,0.2642,0.0,NORMAL,2.1,0.0045,6.1,2026-07-23T11:14:23.821045,0,NORMAL
26,False,0.2312,0.0,WATCH,2.23,0.0069,0.6,2026-07-23T11:14:23.829048,0,NORMAL
28,False,0.2147,0.0,WATCH,2.22,0.016,0.0,2026-07-23T11:14:23.837159,0,NORMAL
27,False,0.224,0.0,WATCH,1.11,0.0059,2.8,2026-07-23T11:14:23.845217,0,NORMAL
23,False,0.2695,0.0,NORMAL,2.32,0.0109,3.1,2026-07-23T11:14:23.853304,0,NORMAL
23,False,0.2698,0.0,NORMAL,1.66,0.0111,7.8,2026-07-23T11:14:23.861266,0,NORMAL
24,False,0.2581,0.0,NORMAL,1.45,0.0165,5.0,2026-07-23T11:14:23.869300,0,NORMAL
25,False,0.2456,0.0,WATCH,1.45,0.0163,8.4,2026-07-23T11:14:23.877424,0,NORMAL
24,False,0.2503,0.0,NORMAL,2.22,0.0097,1.0,2026-07-23T11:14:23.885540,0,NORMAL
23,False,0.267,0.0,NORMAL,1.89,0.0076,7.9,2026-07-23T11:14:23.893631,0,NORMAL
26,False,0.2307,0.0,WATCH,1.16,0.0067,7.2,2026-07-23T11:14:23.901670,0,NORMAL
26,False,0.2347,0.0,WATCH,2.24,0.0088,0.0,2026-07-23T11:14:23.909804,0,NORMAL
27,False,0.2246,0.0,WATCH,1.28,0.0078,9.0,2026-07-23T11:14:23.917891,0,NORMAL
21,False,0.2844,0.0,NORMAL,2.07,0.0128,5.3,2026-07-23T11:14:23.925841,0,NORMAL
21,False,0.2818,0.0,NORMAL,2.12,0.0121,6.2,2026-07-23T11:14:23.933888,0,NORMAL
23,False,0.2625,0.0,NORMAL,2.44,0.013,2.4,2026-07-23T11:14:23.942013,0,NORMAL
25,False,0.2413,0.0,WATCH,2.89,0.0163,8.8,2026-07-23T11:14:23.950139,0,NORMAL
31,False,0.1823,0.0,WATCH,1.32,0.0193,1.4,2026-07-23T11:14:23.958161,0,NORMAL
22,False,0.2777,0.0,NORMAL,1.97,0.0106,7.5,2026-07-23T11:14:23.966148,0,NORMAL
22,False,0.2709,0.0,NORMAL,1.86,0.0155,7.5,2026-07-23T11:14:23.974176,0,NORMAL
23,False,0.2607,0.0,NORMAL,2.22,0.0082,2.1,2026-07-23T11:14:23.982182,0,NORMAL
25,False,0.2471,0.0,WATCH,2.11,0.0159,11.0,2026-07-23T11:14:23.990267,0,NORMAL
22,False,0.2745,0.0,NORMAL,1.82,0.0153,5.7,2026-07-23T11:14:23.998259,0,NORMAL
22,False,0.2733,0.0,NORMAL,1.78,0.015,7.0,2026-07-23T11:14:24.006314,0,NORMAL
27,False,0.2239,0.0,WATCH,1.44,0.0105,0.4,2026-07-23T11:14:24.014373,0,NORMAL
27,False,0.229,0.0,WATCH,2.49,0.0067,11.4,2026-07-23T11:14:24.022391,0,NORMAL
28,False,0.2163,0.0,WATCH,2.23,0.003,1.3,2026-07-23T11:14:24.030381,0,NORMAL
23,False,0.2697,0.0,NORMAL,2.46,0.0098,8.1,2026-07-23T11:14:24.038453,0,NORMAL
26,False,0.2344,0.0,WATCH,1.84,0.0177,2.0,2026-07-23T11:14:24.046418,0,NORMAL
23,False,0.2655,0.0,NORMAL,1.67,0.0085,3.1,2026-07-23T11:14:24.054491,0,NORMAL
23,False,0.2646,0.0,NORMAL,1.46,0.0139,7.4,2026-07-23T11:14:24.062497,0,NORMAL
22,False,0.2722,0.0,NORMAL,2.18,0.0142,8.1,2026-07-23T11:14:24.070550,0,NORMAL
26,False,0.2376,0.0,WATCH,1.48,0.0086,1.2,2026-07-23T11:14:24.078891,0,NORMAL
26,False,0.2397,0.0,WATCH,2.92,0.0166,8.3,2026-07-23T11:14:24.086999,0,NORMAL
32,False,0.1764,0.0,WATCH,1.35,0.0,8.1,2026-07-23T11:14:24.095040,0,NORMAL
25,False,0.241,0.0,WATCH,2.14,0.0039,2.2,2026-07-23T11:14:24.103012,0,NORMAL
27,False,0.2296,0.0,WATCH,2.78,0.0054,9.8,2026-07-23T11:14:24.111003,0,NORMAL
27,False,0.228,0.0,WATCH,2.3,0.0059,0.6,2026-07-23T11:14:24.119009,0,NORMAL
22,False,0.271,0.0,NORMAL,2.09,0.0117,3.1,2026-07-23T11:14:24.126999,0,NORMAL
22,False,0.2757,0.0,NORMAL,1.52,0.0115,6.4,2026-07-23T11:14:24.135129,0,NORMAL
25,False,0.2425,0.0,WATCH,1.31,0.012,2.4,2026-07-23T11:14:24.143060,0,NORMAL
21,False,0.2806,0.0,NORMAL,2.39,0.013,5.8,2026-07-23T11:14:24.151022,0,NORMAL
25,False,0.2491,0.0,WATCH,2.75,0.0052,5.7,2026-07-23T11:14:24.159094,0,NORMAL
24,False,0.2561,0.0,NORMAL,1.78,0.0039,4.4,2026-07-23T11:14:24.167210,0,NORMAL
23,False,0.2623,0.0,NORMAL,1.43,0.012,7.5,2026-07-23T11:14:24.175361,0,NORMAL
29,False,0.2007,0.0,WATCH,0.77,0.0068,4.3,2026-07-23T11:14:24.183377,0,NORMAL
27,False,0.2241,0.0,WATCH,1.51,0.0021,5.7,2026-07-23T11:14:24.191356,0,NORMAL
23,False,0.2661,0.0,NORMAL,1.94,0.0149,8.4,2026-07-23T11:14:24.199454,0,NORMAL
25,False,0.2483,0.0,WATCH,2.8,0.017,7.4,2026-07-23T11:14:24.207470,0,NORMAL
24,False,0.2564,0.0,NORMAL,2.34,0.0178,7.4,2026-07-23T11:14:24.215431,0,NORMAL
23,False,0.261,0.0,NORMAL,2.15,0.0109,1.6,2026-07-23T11:14:24.223449,0,NORMAL
21,False,0.2823,0.0,NORMAL,1.8,0.0131,6.6,2026-07-23T11:14:24.231392,0,NORMAL
26,False,0.2399,0.0,WATCH,1.71,0.0168,2.4,2026-07-23T11:14:24.239433,0,NORMAL
27,False,0.2206,0.0,WATCH,2.7,0.0068,1.2,2026-07-23T11:14:24.247442,0,NORMAL
22,False,0.275,0.0,NORMAL,2.1,0.0156,4.8,2026-07-23T11:14:24.255579,0,NORMAL
29,False,0.2058,0.0,WATCH,0.95,0.0114,2.3,2026-07-23T11:14:24.263664,0,NORMAL
22,False,0.271,0.0,NORMAL,1.66,0.0146,7.4,2026-07-23T11:14:24.271574,0,NORMAL
22,False,0.2716,0.0,NORMAL,1.57,0.0109,7.4,2026-07-23T11:14:24.279557,0,NORMAL
29,False,0.2073,0.0,WATCH,1.73,0.0165,0.0,2026-07-23T11:14:24.287647,0,NORMAL
23,False,0.2695,0.0,NORMAL,2.28,0.0111,2.5,2026-07-23T11:14:24.295650,0,NORMAL
30,False,0.1931,0.0,WATCH,1.95,0.0026,0.6,2026-07-23T11:14:24.303690,0,NORMAL
24,False,0.2564,0.0,NORMAL,1.96,0.0173,3.6,2026-07-23T11:14:24.311596,0,NORMAL
24,False,0.2534,0.0,NORMAL,2.66,0.0053,6.4,2026-07-23T11:14:24.319659,0,NORMAL
23,False,0.2612,0.0,NORMAL,1.65,0.0163,4.3,2026-07-23T11:14:24.327713,0,NORMAL
25,False,0.2471,0.0,WATCH,2.93,0.0095,3.2,2026-07-23T11:14:24.335786,0,NORMAL
24,False,0.2546,0.0,NORMAL,1.66,0.0159,8.9,2026-07-23T11:14:24.343798,0,NORMAL
28,False,0.2185,0.0,WATCH,2.04,0.0157,0.0,2026-07-23T11:14:24.351849,0,NORMAL
23,False,0.2631,0.0,NORMAL,1.86,0.0122,8.7,2026-07-23T11:14:24.359974,0,NORMAL
22,False,0.2759,0.0,NORMAL,2.06,0.0125,3.4,2026-07-23T11:14:24.367948,0,NORMAL
21,False,0.2834,0.0,NORMAL,2.22,0.0121,4.8,2026-07-23T11:14:24.376250,0,NORMAL
29,False,0.2011,0.0,WATCH,2.22,0.0,3.4,2026-07-23T11:14:24.384205,0,NORMAL
24,False,0.2518,0.0,NORMAL,1.62,0.0106,9.6,2026-07-23T11:14:24.392299,0,NORMAL
28,False,0.2133,0.0,WATCH,1.44,0.0044,1.3,2026-07-23T11:14:24.400206,0,NORMAL
26,False,0.235,0.0,WATCH,3.25,0.0109,5.0,2026-07-23T11:14:24.408191,0,NORMAL
24,False,0.2597,0.0,NORMAL,1.76,0.0043,6.6,2026-07-23T11:14:24.416195,0,NORMAL
29,False,0.2043,0.0,WATCH,2.35,0.0041,0.2,2026-07-23T11:14:24.424179,0,NORMAL
30,False,0.1955,0.0,WATCH,1.2,0.018,2.2,2026-07-23T11:14:24.432226,0,NORMAL
22,False,0.2741,0.0,NORMAL,1.86,0.0153,4.6,2026-07-23T11:14:24.440309,0,NORMAL
23,False,0.2662,0.0,NORMAL,1.94,0.01,2.3,2026-07-23T11:14:24.448314,0,NORMAL
22,False,0.2724,0.0,NORMAL,2.24,0.0109,2.6,2026-07-23T11:14:24.456420,0,NORMAL
30,False,0.1969,0.0,WATCH,0.64,0.0088,4.0,2026-07-23T11:14:24.464408,0,NORMAL
22,False,0.2791,0.0,NORMAL,2.08,0.0128,6.9,2026-07-23T11:14:24.472435,0,NORMAL
24,False,0.2556,0.0,NORMAL,1.43,0.0066,4.0,2026-07-23T11:14:24.480356,0,NORMAL
22,False,0.2702,0.0,NORMAL,2.16,0.015,8.2,2026-07-23T11:14:24.488350,0,NORMAL
25,False,0.2476,0.0,WATCH,1.48,0.0087,2.0,2026-07-23T11:14:24.496392,0,NORMAL
25,False,0.2415,0.0,WATCH,1.57,0.0079,1.2,2026-07-23T11:14:24.504411,0,NORMAL
25,False,0.2463,0.0,WATCH,1.86,0.0101,10.8,2026-07-23T11:14:24.512434,0,NORMAL
24,False,0.2524,0.0,NORMAL,1.47,0.007,3.0,2026-07-23T11:14:24.520523,0,NORMAL
25,False,0.2483,0.0,WATCH,1.76,0.0116,1.1,2026-07-23T11:14:24.528594,0,NORMAL
29,False,0.2075,0.0,WATCH,1.4,0.0073,0.0,2026-07-23T11:14:24.536522,0,NORMAL
27,False,0.2295,0.0,WATCH,1.08,0.0123,8.2,2026-07-23T11:14:24.544500,0,NORMAL
23,False,0.2606,0.0,NORMAL,2.51,0.0161,4.0,2026-07-23T11:14:24.552533,0,NORMAL
24,False,0.2516,0.0,NORMAL,1.35,0.0064,4.2,2026-07-23T11:14:24.560596,0,NORMAL
21,False,0.2837,0.0,NORMAL,1.91,0.0093,4.5,2026-07-23T11:14:24.568708,0,NORMAL
22,False,0.2711,0.0,NORMAL,2.38,0.0123,8.0,2026-07-23T11:14:24.576685,0,NORMAL
22,False,0.2753,0.0,NORMAL,1.69,0.0078,4.5,2026-07-23T11:14:24.584671,0,NORMAL
27,False,0.2217,0.0,WATCH,1.59,0.0123,12.0,2026-07-23T11:14:24.592687,0,NORMAL
21,False,0.2834,0.0,NORMAL,2.11,0.0128,5.4,2026-07-23T11:14:24.600831,0,NORMAL
23,False,0.2633,0.0,NORMAL,2.56,0.0154,8.2,2026-07-23T11:14:24.608974,0,NORMAL
25,False,0.2494,0.0,WATCH,1.42,0.007,7.4,2026-07-23T11:14:24.617112,0,NORMAL
23,False,0.2685,0.0,NORMAL,1.92,0.0053,4.9,2026-07-23T11:14:24.625273,0,NORMAL
26,False,0.2346,0.0,WATCH,1.13,0.0085,3.2,2026-07-23T11:14:24.633223,0,NORMAL
23,False,0.2654,0.0,NORMAL,1.8,0.0052,6.0,2026-07-23T11:14:24.641357,0,NORMAL
21,False,0.2805,0.0,NORMAL,2.02,0.0128,6.5,2026-07-23T11:14:24.649513,0,NORMAL
25,False,0.2475,0.0,WATCH,1.57,0.0042,3.3,2026-07-23T11:14:24.657522,0,NORMAL
28,False,0.2185,0.0,WATCH,1.77,0.0217,5.5,2026-07-23T11:14:24.665588,0,NORMAL
27,False,0.2291,0.0,WATCH,1.3,0.0165,8.7,2026-07-23T11:14:24.673617,0,NORMAL
25,False,0.2461,0.0,WATCH,2.04,0.0101,11.2,2026-07-23T11:14:24.681841,0,NORMAL
23,False,0.2699,0.0,NORMAL,2.53,0.0143,7.6,2026-07-23T11:14:24.689920,0,NORMAL
31,False,0.185,0.0,WATCH,1.45,0.0018,10.6,2026-07-23T11:14:24.698017,0,NORMAL
30,False,0.1941,0.0,WATCH,1.69,0.0226,3.1,2026-07-23T11:14:24.706160,0,NORMAL
23,False,0.2686,0.0,NORMAL,2.25,0.007,7.1,2026-07-23T11:14:24.714243,0,NORMAL
24,False,0.2598,0.0,NORMAL,2.61,0.0094,9.0,2026-07-23T11:14:24.722322,0,NORMAL
33,False,0.1686,0.0,WATCH,1.25,0.0007,2.3,2026-07-23T11:14:24.730380,0,NORMAL
22,False,0.2769,0.0,NORMAL,1.92,0.0124,3.5,2026-07-23T11:14:24.738406,0,NORMAL
25,False,0.2401,0.0,WATCH,2.14,0.0045,10.2,2026-07-23T11:14:24.746435,0,NORMAL
23,False,0.2656,0.0,NORMAL,1.95,0.0105,2.1,2026-07-23T11:14:24.754505,0,NORMAL
33,False,0.1629,0.0,WATCH,0.76,0.0073,1.0,2026-07-23T11:14:24.762510,0,NORMAL
25,False,0.2445,0.0,WATCH,2.25,0.0046,9.6,2026-07-23T11:14:24.770577,0,NORMAL
25,False,0.2444,0.0,WATCH,2.76,0.006,8.6,2026-07-23T11:14:24.778547,0,NORMAL
21,False,0.2826,0.0,NORMAL,2.06,0.0111,6.3,2026-07-23T11:14:24.786630,0,NORMAL
25,False,0.2428,0.0,WATCH,1.48,0.0036,4.9,2026-07-23T11:14:24.794700,0,NORMAL
23,False,0.2662,0.0,NORMAL,1.74,0.0063,3.7,2026-07-23T11:14:24.802829,0,NORMAL
23,False,0.2631,0.0,NORMAL,2.88,0.0133,5.8,2026-07-23T11:14:24.810935,0,NORMAL
29,False,0.2036,0.0,WATCH,2.45,0.023,9.7,2026-07-23T11:14:24.819048,0,NORMAL
21,False,0.2809,0.0,NORMAL,2.32,0.0124,5.7,2026-07-23T11:14:24.827085,0,NORMAL
27,False,0.2273,0.0,WATCH,2.18,0.0054,11.5,2026-07-23T11:14:24.835083,0,NORMAL
24,False,0.2555,0.0,NORMAL,1.67,0.0082,2.3,2026-07-23T11:14:24.843185,0,NORMAL
21,False,0.284,0.0,NORMAL,1.9,0.0102,4.9,2026-07-23T11:14:24.851278,0,NORMAL
22,False,0.2748,0.0,NORMAL,1.96,0.0083,3.9,2026-07-23T11:14:24.859387,0,NORMAL
24,False,0.2514,0.0,NORMAL,2.27,0.0145,1.7,2026-07-23T11:14:24.867443,0,NORMAL
23,False,0.2685,0.0,NORMAL,2.75,0.0111,4.5,2026-07-23T11:14:24.875538,0,NORMAL
22,False,0.2714,0.0,NORMAL,2.56,0.0145,6.3,2026-07-23T11:14:24.883609,0,NORMAL
24,False,0.2555,0.0,NORMAL,1.29,0.0084,6.6,2026-07-23T11:14:24.891675,0,NORMAL
26,False,0.2334,0.0,WATCH,2.11,0.0166,11.5,2026-07-23T11:14:24.899728,0,NORMAL
22,False,0.277,0.0,NORMAL,2.37,0.0092,6.4,2026-07-23T11:14:24.907844,0,NORMAL
24,False,0.2545,0.0,NORMAL,2.31,0.0051,8.5,2026-07-23T11:14:24.915902,0,NORMAL
27,False,0.2241,0.0,WATCH,1.69,0.0209,5.2,2026-07-23T11:14:24.924049,0,NORMAL
35,False,0.1439,0.0,WATCH,3.46,0.0009,10.0,2026-07-23T11:14:24.932033,0,NORMAL
30,False,0.1934,0.0,WATCH,1.36,0.0063,12.2,2026-07-23T11:14:24.940132,0,NORMAL
23,False,0.2623,0.0,NORMAL,1.46,0.0069,6.6,2026-07-23T11:14:24.948173,0,NORMAL
30,False,0.1946,0.0,WATCH,2.12,0.0225,2.0,2026-07-23T11:14:24.956212,0,NORMAL
29,False,0.206,0.0,WATCH,3.06,0.019,3.4,2026-07-23T11:14:24.964305,0,NORMAL
24,False,0.2579,0.0,NORMAL,1.58,0.0175,5.8,2026-07-23T11:14:24.972318,0,NORMAL
22,False,0.2771,0.0,NORMAL,1.87,0.0083,6.4,2026-07-23T11:14:24.980642,0,NORMAL
28,False,0.2141,0.0,WATCH,2.54,0.0221,7.1,2026-07-23T11:14:24.988720,0,NORMAL
21,False,0.2819,0.0,NORMAL,1.99,0.0118,6.4,2026-07-23T11:14:24.996857,0,NORMAL
22,False,0.2787,0.0,NORMAL,1.83,0.0149,5.0,2026-07-23T11:14:25.004997,0,NORMAL
22,False,0.2717,0.0,NORMAL,2.28,0.0109,3.1,2026-07-23T11:14:25.013142,0,NORMAL
21,False,0.2836,0.0,NORMAL,2.14,0.0098,6.2,2026-07-23T11:14:25.021176,0,NORMAL
25,False,0.2485,0.0,WATCH,2.52,0.0087,10.6,2026-07-23T11:14:25.029326,0,NORMAL
23,False,0.2636,0.0,NORMAL,2.65,0.009,8.1,2026-07-23T11:14:25.037414,0,NORMAL
21,False,0.2829,0.0,NORMAL,2.15,0.013,6.6,2026-07-23T11:14:25.045492,0,NORMAL
22,False,0.2744,0.0,NORMAL,2.15,0.0118,8.1,2026-07-23T11:14:25.053535,0,NORMAL
22,False,0.2776,0.0,NORMAL,2.11,0.0098,3.9,2026-07-23T11:14:25.061625,0,NORMAL
24,False,0.2547,0.0,NORMAL,2.24,0.0175,3.5,2026-07-23T11:14:25.069796,0,NORMAL
30,False,0.1926,0.0,WATCH,2.03,0.0,2.8,2026-07-23T11:14:25.078000,0,NORMAL
21,False,0.2846,0.0,NORMAL,2.0,0.0125,4.6,2026-07-23T11:14:25.086048,0,NORMAL
23,False,0.2693,0.0,NORMAL,2.6,0.0136,3.7,2026-07-23T11:14:25.094134,0,NORMAL
24,False,0.2524,0.0,NORMAL,2.76,0.0157,8.6,2026-07-23T11:14:25.102194,0,NORMAL
24,False,0.2503,0.0,NORMAL,1.25,0.0097,3.6,2026-07-23T11:14:25.110294,0,NORMAL
22,False,0.2735,0.0,NORMAL,2.01,0.011,2.6,2026-07-23T11:14:25.118390,0,NORMAL
25,False,0.2424,0.0,WATCH,1.66,0.0149,10.8,2026-07-23T11:14:25.126505,0,NORMAL
24,False,0.2553,0.0,NORMAL,1.84,0.0175,3.6,2026-07-23T11:14:25.134528,0,NORMAL
21,False,0.2813,0.0,NORMAL,2.2,0.0085,5.5,2026-07-23T11:14:25.142620,0,NORMAL
22,False,0.2798,0.0,NORMAL,2.33,0.0113,6.4,2026-07-23T11:14:25.150631,0,NORMAL
27,False,0.2244,0.0,WATCH,1.94,0.0184,1.6,2026-07-23T11:14:25.158763,0,NORMAL
35,False,0.1458,0.0,WATCH,1.04,0.0,8.7,2026-07-23T11:14:25.166944,0,NORMAL
23,False,0.2612,0.0,NORMAL,1.52,0.0065,6.9,2026-07-23T11:14:25.175113,0,NORMAL
25,False,0.2455,0.0,WATCH,2.45,0.0173,9.7,2026-07-23T11:14:25.183151,0,NORMAL
31,False,0.185,0.0,WATCH,0.63,0.0155,3.0,2026-07-23T11:14:25.191177,0,NORMAL
22,False,0.276,0.0,NORMAL,2.59,0.0126,5.3,2026-07-23T11:14:25.199227,0,NORMAL
22,False,0.2794,0.0,NORMAL,2.26,0.0078,5.1,2026-07-23T11:14:25.207329,0,NORMAL
24,False,0.2571,0.0,NORMAL,2.66,0.0056,5.8,2026-07-23T11:14:25.215381,0,NORMAL
26,False,0.2333,0.0,WATCH,1.9,0.007,0.6,2026-07-23T11:14:25.223489,0,NORMAL
28,False,0.2111,0.0,WATCH,0.97,0.0177,5.3,2026-07-23T11:14:25.231593,0,NORMAL
26,False,0.2347,0.0,WATCH,2.22,0.0069,0.7,2026-07-23T11:14:25.239634,0,NORMAL
22,False,0.2723,0.0,NORMAL,2.64,0.0105,6.1,2026-07-23T11:14:25.247716,0,NORMAL
28,False,0.2161,0.0,WATCH,2.46,0.0062,0.0,2026-07-23T11:14:25.255862,0,NORMAL
27,False,0.2212,0.0,WATCH,1.67,0.0142,0.0,2026-07-23T11:14:25.263957,0,NORMAL
22,False,0.2711,0.0,NORMAL,2.04,0.0073,7.5,2026-07-23T11:14:25.272029,0,NORMAL
22,False,0.2743,0.0,NORMAL,1.73,0.0095,3.4,2026-07-23T11:14:25.280078,0,NORMAL
30,False,0.1978,0.0,WATCH,1.59,0.0016,2.0,2026-07-23T11:14:25.288403,0,NORMAL
28,False,0.2192,0.0,WATCH,2.48,0.0019,8.8,2026-07-23T11:14:25.296495,0,NORMAL
23,False,0.2682,0.0,NORMAL,1.4,0.01,6.0,2026-07-23T11:14:25.304509,0,NORMAL
26,False,0.2337,0.0,WATCH,1.55,0.0034,7.6,2026-07-23T11:14:25.312609,0,NORMAL
27,False,0.2216,0.0,WATCH,1.45,0.0205,4.5,2026-07-23T11:14:25.320669,0,NORMAL
37,False,0.1228,0.0,WATCH,1.25,0.0,13.0,2026-07-23T11:14:25.328709,0,NORMAL
23,False,0.264,0.0,NORMAL,2.07,0.006,3.2,2026-07-23T11:14:25.336775,0,NORMAL
24,False,0.2529,0.0,NORMAL,2.58,0.0101,10.2,2026-07-23T11:14:25.344743,0,NORMAL
21,False,0.2806,0.0,NORMAL,1.91,0.0082,4.8,2026-07-23T11:14:25.352736,0,NORMAL
32,False,0.1718,0.0,WATCH,1.25,0.0045,0.0,2026-07-23T11:14:25.360795,0,NORMAL
23,False,0.2603,0.0,NORMAL,2.42,0.0052,6.4,2026-07-23T11:14:25.368904,0,NORMAL
26,False,0.2382,0.0,WATCH,2.84,0.005,5.9,2026-07-23T11:14:25.377003,0,NORMAL
24,False,0.252,0.0,NORMAL,1.68,0.0086,1.8,2026-07-23T11:14:25.385037,0,NORMAL
28,False,0.2152,0.0,WATCH,1.76,0.0198,2.2,2026-07-23T11:14:25.393066,0,NORMAL
21,False,0.2854,0.0,NORMAL,2.26,0.0104,4.9,2026-07-23T11:14:25.401100,0,NORMAL
24,False,0.2581,0.0,NORMAL,2.81,0.0159,6.0,2026-07-23T11:14:25.409108,0,NORMAL
26,False,0.2355,0.0,WATCH,1.74,0.0125,0.0,2026-07-23T11:14:25.417198,0,NORMAL
25,False,0.2443,0.0,WATCH,1.33,0.0156,8.2,2026-07-23T11:14:25.425239,0,NORMAL
29,False,0.2027,0.0,WATCH,2.32,0.0,3.5,2026-07-23T11:14:25.433258,0,NORMAL
26,False,0.2394,0.0,WATCH,2.4,0.0085,1.0,2026-07-23T11:14:25.441288,0,NORMAL
23,False,0.2633,0.0,NORMAL,2.0,0.0165,7.8,2026-07-23T11:14:25.449373,0,NORMAL
22,False,0.2754,0.0,NORMAL,1.72,0.0071,4.9,2026-07-23T11:14:25.457484,0,NORMAL
25,False,0.2446,0.0,WATCH,2.5,0.0188,8.6,2026-07-23T11:14:25.465506,0,NORMAL
23,False,0.262,0.0,NORMAL,2.26,0.0174,6.3,2026-07-23T11:14:25.473522,0,NORMAL
22,False,0.2743,0.0,NORMAL,1.62,0.0077,5.0,2026-07-23T11:14:25.481500,0,NORMAL
22,False,0.2789,0.0,NORMAL,2.02,0.0075,4.5,2026-07-23T11:14:25.489546,0,NORMAL
25,False,0.2428,0.0,WATCH,1.32,0.0049,6.4,2026-07-23T11:14:25.497545,0,NORMAL
23,False,0.2664,0.0,NORMAL,2.34,0.0069,3.8,2026-07-23T11:14:25.505614,0,NORMAL
25,False,0.2405,0.0,WATCH,1.87,0.0038,2.4,2026-07-23T11:14:25.513584,0,NORMAL
22,False,0.2777,0.0,NORMAL,1.78,0.0121,6.8,2026-07-23T11:14:25.521597,0,NORMAL
25,False,0.2441,0.0,WATCH,1.98,0.0027,4.6,2026-07-23T11:14:25.529597,0,NORMAL
21,False,0.2826,0.0,NORMAL,2.02,0.013,5.1,2026-07-23T11:14:25.537637,0,NORMAL
22,False,0.2702,0.0,NORMAL,2.45,0.0131,8.3,2026-07-23T11:14:25.545672,0,NORMAL
26,False,0.237,0.0,WATCH,2.3,0.0017,4.7,2026-07-23T11:14:25.553710,0,NORMAL
23,False,0.2634,0.0,NORMAL,1.92,0.0177,5.0,2026-07-23T11:14:25.561669,0,NORMAL
22,False,0.2711,0.0,NORMAL,2.38,0.0126,3.2,2026-07-23T11:14:25.569657,0,NORMAL
21,False,0.2819,0.0,NORMAL,2.2,0.0137,6.3,2026-07-23T11:14:25.577714,0,NORMAL
22,False,0.2712,0.0,NORMAL,1.79,0.0062,6.0,2026-07-23T11:14:25.585887,0,NORMAL
22,False,0.275,0.0,NORMAL,1.94,0.0131,7.7,2026-07-23T11:14:25.593876,0,NORMAL
23,False,0.2659,0.0,NORMAL,1.93,0.0156,3.3,2026-07-23T11:14:25.601916,0,NORMAL
22,False,0.2783,0.0,NORMAL,2.25,0.0095,3.6,2026-07-23T11:14:25.610005,0,NORMAL
26,False,0.2384,0.0,WATCH,1.82,0.02,7.4,2026-07-23T11:14:25.618087,0,NORMAL
21,False,0.2822,0.0,NORMAL,1.8,0.0102,5.8,2026-07-23T11:14:25.626087,0,NORMAL
27,False,0.2222,0.0,WATCH,2.98,0.0157,2.3,2026-07-23T11:14:25.634129,0,NORMAL
23,False,0.2635,0.0,NORMAL,2.47,0.0115,8.9,2026-07-23T11:14:25.642170,0,NORMAL
27,False,0.2277,0.0,WATCH,1.62,0.0129,0.0,2026-07-23T11:14:25.650102,0,NORMAL
27,False,0.2264,0.0,WATCH,2.29,0.0016,7.4,2026-07-23T11:14:25.658161,0,NORMAL
24,False,0.2547,0.0,NORMAL,2.06,0.0119,1.2,2026-07-23T11:14:25.666107,0,NORMAL
25,False,0.2435,0.0,WATCH,2.2,0.0063,10.7,2026-07-23T11:14:25.674204,0,NORMAL
27,False,0.2272,0.0,WATCH,2.07,0.0058,0.4,2026-07-23T11:14:25.682215,0,NORMAL
25,False,0.2426,0.0,WATCH,2.59,0.0187,8.5,2026-07-23T11:14:25.690173,0,NORMAL
21,False,0.2852,0.0,NORMAL,2.17,0.0089,4.8,2026-07-23T11:14:25.698216,0,NORMAL
23,False,0.262,0.0,NORMAL,1.97,0.005,3.9,2026-07-23T11:14:25.706286,0,NORMAL
22,False,0.2752,0.0,NORMAL,2.52,0.0082,5.6,2026-07-23T11:14:25.714361,0,NORMAL
24,False,0.2527,0.0,NORMAL,2.12,0.0035,6.9,2026-07-23T11:14:25.722455,0,NORMAL
26,False,0.2376,0.0,WATCH,2.06,0.0172,2.3,2026-07-23T11:14:25.730498,0,NORMAL
23,False,0.2611,0.0,NORMAL,2.16,0.0065,2.6,2026-07-23T11:14:25.738510,0,NORMAL
22,False,0.2795,0.0,NORMAL,1.95,0.0126,6.9,2026-07-23T11:14:25.746639,0,NORMAL
29,False,0.2089,0.0,WATCH,2.0,0.0168,0.0,2026-07-23T11:14:25.754698,0,NORMAL
23,False,0.2662,0.0,NORMAL,1.71,0.0075,3.2,2026-07-23T11:14:25.762762,0,NORMAL
29,False,0.2036,0.0,WATCH,1.62,0.0127,14.1,2026-07-23T11:14:25.770705,0,NORMAL
26,False,0.2354,0.0,WATCH,1.5,0.0048,2.1,2026-07-23T11:14:25.778695,0,NORMAL
31,False,0.1879,0.0,WATCH,1.3,0.0222,8.4,2026-07-23T11:14:25.786753,0,NORMAL
23,False,0.2641,0.0,NORMAL,1.56,0.0147,3.2,2026-07-23T11:14:25.794831,0,NORMAL
21,False,0.2811,0.0,NORMAL,1.91,0.009,6.5,2026-07-23T11:14:25.802881,0,NORMAL
23,False,0.2684,0.0,NORMAL,2.05,0.0061,7.0,2026-07-23T11:14:25.810873,0,NORMAL
23,False,0.2671,0.0,NORMAL,1.86,0.0094,8.4,2026-07-23T11:14:25.818851,0,NORMAL
28,False,0.2116,0.0,WATCH,0.82,0.0083,4.4,2026-07-23T11:14:25.826934,0,NORMAL
28,False,0.2177,0.0,WATCH,2.79,0.0198,11.0,2026-07-23T11:14:25.835009,0,NORMAL
25,False,0.242,0.0,WATCH,2.54,0.0039,3.2,2026-07-23T11:14:25.843019,0,NORMAL
21,False,0.2832,0.0,NORMAL,2.22,0.0107,5.7,2026-07-23T11:14:25.851001,0,NORMAL
24,False,0.2549,0.0,NORMAL,2.95,0.0099,5.7,2026-07-23T11:14:25.859035,0,NORMAL
25,False,0.2486,0.0,WATCH,1.51,0.0094,1.6,2026-07-23T11:14:25.867087,0,NORMAL
24,False,0.2522,0.0,NORMAL,2.94,0.0095,4.1,2026-07-23T11:14:25.875128,0,NORMAL
22,False,0.2747,0.0,NORMAL,1.52,0.0094,5.5,2026-07-23T11:14:25.883195,0,NORMAL
22,False,0.2751,0.0,NORMAL,2.12,0.0144,3.7,2026-07-23T11:14:25.891250,0,NORMAL
29,False,0.2037,0.0,WATCH,1.36,0.013,12.3,2026-07-23T11:14:25.899263,0,NORMAL
23,False,0.2694,0.0,NORMAL,2.01,0.0121,2.5,2026-07-23T11:14:25.907395,0,NORMAL
30,False,0.1995,0.0,WATCH,2.19,0.0,8.5,2026-07-23T11:14:25.915420,0,NORMAL
22,False,0.2761,0.0,NORMAL,1.92,0.0115,7.6,2026-07-23T11:14:25.923423,0,NORMAL
26,False,0.2302,0.0,WATCH,2.36,0.0017,5.0,2026-07-23T11:14:25.931402,0,NORMAL
23,False,0.2688,0.0,NORMAL,2.05,0.0132,2.4,2026-07-23T11:14:25.939425,0,NORMAL
25,False,0.2423,0.0,WATCH,1.74,0.0174,2.7,2026-07-23T11:14:25.947421,0,NORMAL
24,False,0.2586,0.0,NORMAL,1.72,0.0054,3.4,2026-07-23T11:14:25.955467,0,NORMAL
26,False,0.2324,0.0,WATCH,2.41,0.0087,0.0,2026-07-23T11:14:25.963507,0,NORMAL
24,False,0.2508,0.0,NORMAL,1.67,0.007,2.0,2026-07-23T11:14:25.971538,0,NORMAL
28,False,0.2152,0.0,WATCH,2.46,0.0162,0.6,2026-07-23T11:14:25.979557,0,NORMAL
24,False,0.2589,0.0,NORMAL,2.61,0.0105,9.0,2026-07-23T11:14:25.987522,0,NORMAL
28,False,0.2182,0.0,WATCH,1.17,0.0186,6.9,2026-07-23T11:14:25.995580,0,NORMAL
22,False,0.2704,0.0,NORMAL,2.57,0.0121,7.4,2026-07-23T11:14:26.003587,0,NORMAL
24,False,0.2506,0.0,NORMAL,3.03,0.0112,6.8,2026-07-23T11:14:26.011646,0,NORMAL
21,False,0.2838,0.0,NORMAL,2.13,0.0103,5.5,2026-07-23T11:14:26.019655,0,NORMAL
23,False,0.2631,0.0,NORMAL,2.3,0.0141,9.4,2026-07-23T11:14:26.027731,0,NORMAL
29,False,0.2046,0.0,WATCH,2.52,0.0013,3.2,2026-07-23T11:14:26.035733,0,NORMAL
21,False,0.2849,0.0,NORMAL,1.86,0.0104,5.3,2026-07-23T11:14:26.043862,0,NORMAL
22,False,0.2777,0.0,NORMAL,2.09,0.0096,7.2,2026-07-23T11:14:26.051906,0,NORMAL
27,False,0.2213,0.0,WATCH,1.34,0.0136,1.0,2026-07-23T11:14:26.059984,0,NORMAL
28,False,0.2155,0.0,WATCH,2.07,0.0091,14.3,2026-07-23T11:14:26.068033,0,NORMAL
23,False,0.2654,0.0,NORMAL,2.25,0.0048,5.1,2026-07-23T11:14:26.077781,0,NORMAL
21,False,0.2841,0.0,NORMAL,2.26,0.01,5.4,2026-07-23T11:14:26.090185,0,NORMAL
25,False,0.2426,0.0,WATCH,2.53,0.0046,8.8,2026-07-23T11:14:26.102436,0,NORMAL
30,False,0.1955,0.0,WATCH,1.61,0.0004,7.7,2026-07-23T11:14:26.110814,0,NORMAL
21,False,0.2809,0.0,NORMAL,1.73,0.0136,5.1,2026-07-23T11:14:26.119072,0,NORMAL
24,False,0.2591,0.0,NORMAL,2.95,0.0129,5.4,2026-07-23T11:14:26.127212,0,NORMAL
25,False,0.2444,0.0,WATCH,1.92,0.0123,0.5,2026-07-23T11:14:26.135336,0,NORMAL
24,False,0.259,0.0,NORMAL,2.1,0.0165,3.3,2026-07-23T11:14:26.143438,0,NORMAL
22,False,0.2736,0.0,NORMAL,1.97,0.0067,6.6,2026-07-23T11:14:26.151498,0,NORMAL
26,False,0.2336,0.0,WATCH,1.59,0.0028,6.3,2026-07-23T11:14:26.159601,0,NORMAL
24,False,0.2515,0.0,NORMAL,2.81,0.0096,8.7,2026-07-23T11:14:26.167757,0,NORMAL
22,False,0.2781,0.0,NORMAL,1.74,0.0083,4.6,2026-07-23T11:14:26.175897,0,NORMAL
28,False,0.2183,0.0,WATCH,1.44,0.0058,0.8,2026-07-23T11:14:26.184039,0,NORMAL
23,False,0.2691,0.0,NORMAL,1.77,0.0096,8.2,2026-07-23T11:14:26.192189,0,NORMAL
30,False,0.1956,0.0,WATCH,1.0,0.0069,9.3,2026-07-23T11:14:26.200549,0,NORMAL
29,False,0.2012,0.0,WATCH,1.67,0.0008,7.7,2026-07-23T11:14:26.208714,0,NORMAL
22,False,0.2717,0.0,NORMAL,1.52,0.0078,4.5,2026-07-23T11:14:26.216919,0,NORMAL
24,False,0.2534,0.0,NORMAL,2.31,0.0043,8.1,2026-07-23T11:14:26.224962,0,NORMAL
30,False,0.1963,0.0,WATCH,1.66,0.0112,15.3,2026-07-23T11:14:26.233017,0,NORMAL
23,False,0.2697,0.0,NORMAL,2.44,0.0067,5.3,2026-07-23T11:14:26.241218,0,NORMAL
28,False,0.2192,0.0,WATCH,2.7,0.0156,1.1,2026-07-23T11:14:26.249440,0,NORMAL
25,False,0.2438,0.0,WATCH,2.39,0.018,3.2,2026-07-23T11:14:26.257606,0,NORMAL
22,False,0.2794,0.0,NORMAL,1.89,0.0134,6.9,2026-07-23T11:14:26.265732,0,NORMAL
31,False,0.1892,0.0,WATCH,2.07,0.0022,0.2,2026-07-23T11:14:26.273821,0,NORMAL
26,False,0.2356,0.0,WATCH,1.24,0.0175,5.5,2026-07-23T11:14:26.281902,0,NORMAL
23,False,0.2639,0.0,NORMAL,1.93,0.0179,6.1,2026-07-23T11:14:26.289949,0,NORMAL
25,False,0.2481,0.0,WATCH,1.57,0.0101,9.6,2026-07-23T11:14:26.298075,0,NORMAL
24,False,0.2547,0.0,NORMAL,2.35,0.0166,8.9,2026-07-23T11:14:26.306174,0,NORMAL
28,False,0.2154,0.0,WATCH,3.29,0.0072,7.6,2026-07-23T11:14:26.314286,0,NORMAL
34,False,0.1573,0.0,WATCH,2.25,0.0007,0.0,2026-07-23T11:14:26.322375,0,NORMAL
29,False,0.208,0.0,WATCH,1.0,0.0062,7.8,2026-07-23T11:14:26.330430,0,NORMAL
24,False,0.2521,0.0,NORMAL,1.82,0.0186,7.1,2026-07-23T11:14:26.338522,0,NORMAL
25,False,0.2415,0.0,WATCH,2.06,0.0025,5.8,2026-07-23T11:14:26.346559,0,NORMAL
26,False,0.2366,0.0,WATCH,2.04,0.01,0.0,2026-07-23T11:14:26.354636,0,NORMAL
23,False,0.2641,0.0,NORMAL,1.63,0.0102,2.7,2026-07-23T11:14:26.362739,0,NORMAL
24,False,0.2508,0.0,NORMAL,2.12,0.0074,1.5,2026-07-23T11:14:26.370941,0,NORMAL
29,False,0.2064,0.0,WATCH,1.38,0.0078,0.0,2026-07-23T11:14:26.379029,0,NORMAL
22,False,0.275,0.0,NORMAL,1.53,0.0104,5.0,2026-07-23T11:14:26.387120,0,NORMAL
23,False,0.2621,0.0,NORMAL,2.32,0.0072,2.6,2026-07-23T11:14:26.395218,0,NORMAL
32,False,0.1708,0.0,WATCH,1.49,0.0029,12.9,2026-07-23T11:14:26.403319,0,NORMAL
21,False,0.2842,0.0,NORMAL,2.27,0.0111,4.5,2026-07-23T11:14:26.411396,0,NORMAL
26,False,0.2335,0.0,WATCH,1.32,0.0154,8.9,2026-07-23T11:14:26.419480,0,NORMAL
29,False,0.2039,0.0,WATCH,2.88,0.0143,0.3,2026-07-23T11:14:26.427564,0,NORMAL
23,False,0.2603,0.0,NORMAL,1.61,0.006,3.4,2026-07-23T11:14:26.435614,0,NORMAL
24,False,0.2567,0.0,NORMAL,1.89,0.0037,5.3,2026-07-23T11:14:26.443687,0,NORMAL
23,False,0.2621,0.0,NORMAL,2.17,0.0086,2.3,2026-07-23T11:14:26.451757,0,NORMAL
24,False,0.2525,0.0,NORMAL,1.72,0.0178,3.7,2026-07-23T11:14:26.459779,0,NORMAL
21,False,0.2827,0.0,NORMAL,2.07,0.0132,4.3,2026-07-23T11:14:26.467836,0,NORMAL
21,False,0.2825,0.0,NORMAL,2.29,0.0135,4.3,2026-07-23T11:14:26.475954,0,NORMAL
25,False,0.2458,0.0,WATCH,2.48,0.0144,10.6,2026-07-23T11:14:26.484117,0,NORMAL
22,False,0.279,0.0,NORMAL,2.4,0.0121,6.1,2026-07-23T11:14:26.492147,0,NORMAL
21,False,0.2833,0.0,NORMAL,1.91,0.0106,6.4,2026-07-23T11:14:26.500267,0,NORMAL
21,False,0.2824,0.0,NORMAL,1.93,0.0133,6.6,2026-07-23T11:14:26.508509,0,NORMAL
27,False,0.2263,0.0,WATCH,3.17,0.0073,6.8,2026-07-23T11:14:26.516698,0,NORMAL
26,False,0.2387,0.0,WATCH,2.47,0.0029,4.8,2026-07-23T11:14:26.524818,0,NORMAL
22,False,0.2724,0.0,NORMAL,1.54,0.0136,4.0,2026-07-23T11:14:26.532840,0,NORMAL
22,False,0.2719,0.0,NORMAL,2.05,0.0162,5.5,2026-07-23T11:14:26.540981,0,NORMAL
25,False,0.2474,0.0,WATCH,1.83,0.0044,8.5,2026-07-23T11:14:26.549090,0,NORMAL
23,False,0.2691,0.0,NORMAL,1.93,0.0141,8.4,2026-07-23T11:14:26.557186,0,NORMAL
26,False,0.2381,0.0,WATCH,1.39,0.0184,4.3,2026-07-23T11:14:26.565338,0,NORMAL
22,False,0.2747,0.0,NORMAL,1.79,0.01,7.3,2026-07-23T11:14:26.573485,0,NORMAL
25,False,0.2424,0.0,WATCH,2.91,0.0059,4.4,2026-07-23T11:14:26.581661,0,NORMAL
21,False,0.2833,0.0,NORMAL,2.29,0.0106,5.1,2026-07-23T11:14:26.589637,0,NORMAL
30,False,0.1956,0.0,WATCH,0.75,0.0072,3.6,2026-07-23T11:14:26.597706,0,NORMAL
23,False,0.2638,0.0,NORMAL,2.61,0.0069,4.5,2026-07-23T11:14:26.605757,0,NORMAL
23,False,0.262,0.0,NORMAL,2.54,0.0122,9.0,2026-07-23T11:14:26.613854,0,NORMAL
26,False,0.2332,0.0,WATCH,1.82,0.002,5.3,2026-07-23T11:14:26.622012,0,NORMAL
26,False,0.2387,0.0,WATCH,2.36,0.0028,5.4,2026-07-23T11:14:26.630039,0,NORMAL
26,False,0.2359,0.0,WATCH,1.57,0.0101,0.7,2026-07-23T11:14:26.638102,0,NORMAL
22,False,0.2776,0.0,NORMAL,1.76,0.0099,4.1,2026-07-23T11:14:26.646290,0,NORMAL
23,False,0.2673,0.0,NORMAL,2.75,0.0117,4.3,2026-07-23T11:14:26.654476,0,NORMAL
27,False,0.224,0.0,WATCH,1.86,0.0194,2.5,2026-07-23T11:14:26.662618,0,NORMAL
25,False,0.2424,0.0,WATCH,1.07,0.0105,5.1,2026-07-23T11:14:26.670844,0,NORMAL
22,False,0.2789,0.0,NORMAL,1.97,0.013,3.7,2026-07-23T11:14:26.678927,0,NORMAL
23,False,0.2679,0.0,NORMAL,1.96,0.0051,5.2,2026-07-23T11:14:26.686998,0,NORMAL
22,False,0.2744,0.0,NORMAL,2.6,0.0138,5.4,2026-07-23T11:14:26.695027,0,NORMAL
24,False,0.2599,0.0,NORMAL,2.01,0.0074,2.1,2026-07-23T11:14:26.703168,0,NORMAL
22,False,0.2747,0.0,NORMAL,1.79,0.0104,3.8,2026-07-23T11:14:26.711240,0,NORMAL
22,False,0.2798,0.0,NORMAL,2.52,0.0095,5.2,2026-07-23T11:14:26.719248,0,NORMAL
23,False,0.2664,0.0,NORMAL,2.06,0.0152,8.6,2026-07-23T11:14:26.727355,0,NORMAL
25,False,0.2463,0.0,WATCH,1.62,0.0035,5.8,2026-07-23T11:14:26.735346,0,NORMAL
31,False,0.1838,0.0,WATCH,2.58,0.0,3.0,2026-07-23T11:14:26.743403,0,NORMAL
21,False,0.2819,0.0,NORMAL,2.1,0.0089,6.2,2026-07-23T11:14:26.751532,0,NORMAL
24,False,0.2531,0.0,NORMAL,2.0,0.0123,10.1,2026-07-23T11:14:26.759616,0,NORMAL
22,False,0.2768,0.0,NORMAL,2.09,0.0108,7.8,2026-07-23T11:14:26.767640,0,NORMAL
24,False,0.2596,0.0,NORMAL,1.46,0.0162,6.6,2026-07-23T11:14:26.775648,0,NORMAL
22,False,0.2754,0.0,NORMAL,1.74,0.0122,7.2,2026-07-23T11:14:26.783844,0,NORMAL
24,False,0.2542,0.0,NORMAL,2.0,0.0072,9.3,2026-07-23T11:14:26.791938,0,NORMAL
30,False,0.1966,0.0,WATCH,1.9,0.0,8.2,2026-07-23T11:14:26.799915,0,NORMAL
23,False,0.2675,0.0,NORMAL,2.64,0.0088,6.7,2026-07-23T11:14:26.808090,0,NORMAL
23,False,0.2695,0.0,NORMAL,2.11,0.0151,8.2,2026-07-23T11:14:26.816132,0,NORMAL
25,False,0.246,0.0,WATCH,2.43,0.008,1.8,2026-07-23T11:14:26.824308,0,NORMAL
25,False,0.2427,0.0,WATCH,2.0,0.0101,0.5,2026-07-23T11:14:26.832344,0,NORMAL
22,False,0.2775,0.0,NORMAL,2.53,0.0121,5.5,2026-07-23T11:14:26.840541,0,NORMAL
23,False,0.2685,0.0,NORMAL,2.2,0.0049,5.2,2026-07-23T11:14:26.848686,0,NORMAL
22,False,0.2764,0.0,NORMAL,2.01,0.0131,3.4,2026-07-23T11:14:26.856739,0,NORMAL
24,False,0.2568,0.0,NORMAL,1.99,0.0182,7.5,2026-07-23T11:14:26.864870,0,NORMAL
27,False,0.2231,0.0,WATCH,1.52,0.0091,0.0,2026-07-23T11:14:26.872935,0,NORMAL
24,False,0.257,0.0,NORMAL,2.25,0.0044,3.4,2026-07-23T11:14:26.880986,0,NORMAL
22,False,0.2781,0.0,NORMAL,1.98,0.0097,3.5,2026-07-23T11:14:26.889032,0,NORMAL
34,False,0.1523,0.0,WATCH,1.75,0.0,0.1,2026-07-23T11:14:26.897111,0,NORMAL
24,False,0.2588,0.0,NORMAL,2.55,0.0117,9.5,2026-07-23T11:14:26.905186,0,NORMAL
27,False,0.2275,0.0,WATCH,1.37,0.0123,0.9,2026-07-23T11:14:26.913312,0,NORMAL
25,False,0.2429,0.0,WATCH,1.79,0.0184,3.2,2026-07-23T11:14:26.921371,0,NORMAL
23,False,0.2696,0.0,NORMAL,2.51,0.009,7.7,2026-07-23T11:14:26.929487,0,NORMAL
22,False,0.28,0.0,NORMAL,2.16,0.012,6.9,2026-07-23T11:14:26.937507,0,NORMAL
25,False,0.2464,0.0,WATCH,1.98,0.0057,1.7,2026-07-23T11:14:26.945541,0,NORMAL
22,False,0.2746,0.0,NORMAL,2.13,0.0082,7.0,2026-07-23T11:14:26.953623,0,NORMAL
25,False,0.2409,0.0,WATCH,2.09,0.0024,5.9,2026-07-23T11:14:26.961632,0,NORMAL
31,False,0.1886,0.0,WATCH,1.24,0.009,12.0,2026-07-23T11:14:26.969672,0,NORMAL
22,False,0.2789,0.0,NORMAL,1.83,0.0085,6.2,2026-07-23T11:14:26.977679,0,NORMAL
23,False,0.2641,0.0,NORMAL,2.81,0.0115,4.6,2026-07-23T11:14:26.985773,0,NORMAL
24,False,0.2562,0.0,NORMAL,1.67,0.0069,2.4,2026-07-23T11:14:26.993802,0,NORMAL
22,False,0.271,0.0,NORMAL,1.84,0.0104,2.8,2026-07-23T11:14:27.001807,0,NORMAL
23,False,0.2623,0.0,NORMAL,1.73,0.0083,2.5,2026-07-23T11:14:27.009838,0,NORMAL
24,False,0.2592,0.0,NORMAL,1.96,0.0083,9.1,2026-07-23T11:14:27.017968,0,NORMAL
21,False,0.2801,0.0,NORMAL,1.71,0.0104,5.1,2026-07-23T11:14:27.026024,0,NORMAL
21,False,0.2814,0.0,NORMAL,2.24,0.0102,6.7,2026-07-23T11:14:27.034094,0,NORMAL
23,False,0.2633,0.0,NORMAL,2.1,0.0138,9.5,2026-07-23T11:14:27.042149,0,NORMAL
26,False,0.2313,0.0,WATCH,2.39,0.0094,0.0,2026-07-23T11:14:27.050167,0,NORMAL
25,False,0.2404,0.0,WATCH,1.47,0.0083,8.8,2026-07-23T11:14:27.058201,0,NORMAL
21,False,0.2835,0.0,NORMAL,1.83,0.0091,5.2,2026-07-23T11:14:27.066157,0,NORMAL
22,False,0.2709,0.0,NORMAL,1.89,0.0064,6.3,2026-07-23T11:14:27.074269,0,NORMAL
23,False,0.2658,0.0,NORMAL,2.23,0.0082,2.5,2026-07-23T11:14:27.082241,0,NORMAL
28,False,0.2171,0.0,WATCH,1.6,0.0202,2.7,2026-07-23T11:14:27.090262,0,NORMAL
23,False,0.2608,0.0,NORMAL,2.46,0.0054,6.5,2026-07-23T11:14:27.098310,0,NORMAL
27,False,0.2281,0.0,WATCH,2.59,0.0086,12.2,2026-07-23T11:14:27.106388,0,NORMAL
24,False,0.2542,0.0,NORMAL,1.51,0.0081,8.0,2026-07-23T11:14:27.114654,0,NORMAL
24,False,0.2599,0.0,NORMAL,1.75,0.0088,8.8,2026-07-23T11:14:27.122767,0,NORMAL
22,False,0.2759,0.0,NORMAL,1.73,0.0083,4.4,2026-07-23T11:14:27.130803,0,NORMAL
28,False,0.2194,0.0,WATCH,3.32,0.0114,3.2,2026-07-23T11:14:27.138869,0,NORMAL
29,False,0.2071,0.0,WATCH,1.79,0.0014,2.7,2026-07-23T11:14:27.146939,0,NORMAL
24,False,0.2509,0.0,NORMAL,2.84,0.0152,3.5,2026-07-23T11:14:27.154885,0,NORMAL
29,False,0.2097,0.0,WATCH,1.37,0.0132,0.0,2026-07-23T11:14:27.162953,0,NORMAL
26,False,0.2366,0.0,WATCH,1.51,0.0038,2.8,2026-07-23T11:14:27.171089,0,NORMAL
30,False,0.1903,0.0,WATCH,1.66,0.0,3.3,2026-07-23T11:14:27.179114,0,NORMAL
24,False,0.2596,0.0,NORMAL,1.58,0.0051,4.5,2026-07-23T11:14:27.187163,0,NORMAL
21,False,0.2814,0.0,NORMAL,1.87,0.0088,5.4,2026-07-23T11:14:27.195137,0,NORMAL
29,False,0.2038,0.0,WATCH,1.65,0.0229,6.1,2026-07-23T11:14:27.203156,0,NORMAL
22,False,0.2781,0.0,NORMAL,1.59,0.0127,5.0,2026-07-23T11:14:27.211255,0,NORMAL
30,False,0.1986,0.0,WATCH,2.58,0.001,3.3,2026-07-23T11:14:27.219302,0,NORMAL
28,False,0.2115,0.0,WATCH,2.61,0.0066,0.0,2026-07-23T11:14:27.227381,0,NORMAL
22,False,0.2718,0.0,NORMAL,2.47,0.0097,3.3,2026-07-23T11:14:27.235368,0,NORMAL
23,False,0.2659,0.0,NORMAL,2.26,0.0113,2.1,2026-07-23T11:14:27.243318,0,NORMAL
24,False,0.2556,0.0,NORMAL,2.05,0.0034,6.4,2026-07-23T11:14:27.251326,0,NORMAL
22,False,0.2706,0.0,NORMAL,1.75,0.0093,7.7,2026-07-23T11:14:27.259389,0,NORMAL
24,False,0.2527,0.0,NORMAL,1.52,0.0064,7.8,2026-07-23T11:14:27.267469,0,NORMAL
24,False,0.2589,0.0,NORMAL,2.18,0.0045,7.3,2026-07-23T11:14:27.275538,0,NORMAL
23,False,0.2676,0.0,NORMAL,1.41,0.0113,4.6,2026-07-23T11:14:27.283528,0,NORMAL
23,False,0.266,0.0,NORMAL,1.5,0.0139,3.4,2026-07-23T11:14:27.291642,0,NORMAL
23,False,0.2603,0.0,NORMAL,2.58,0.0142,2.8,2026-07-23T11:14:27.299664,0,NORMAL
29,False,0.2077,0.0,WATCH,2.95,0.0129,0.5,2026-07-23T11:14:27.307654,0,NORMAL
23,False,0.2693,0.0,NORMAL,2.2,0.0075,8.0,2026-07-23T11:14:27.315708,0,NORMAL
22,False,0.2754,0.0,NORMAL,2.55,0.0136,4.5,2026-07-23T11:14:27.323751,0,NORMAL
24,False,0.2553,0.0,NORMAL,1.88,0.0115,1.3,2026-07-23T11:14:27.331865,0,NORMAL
25,False,0.2461,0.0,WATCH,1.33,0.0107,2.5,2026-07-23T11:14:27.339948,0,NORMAL
24,False,0.2576,0.0,NORMAL,2.31,0.0069,2.4,2026-07-23T11:14:27.348021,0,NORMAL
22,False,0.2783,0.0,NORMAL,2.28,0.0075,5.1,2026-07-23T11:14:27.356077,0,NORMAL
22,False,0.2717,0.0,NORMAL,2.04,0.0104,8.2,2026-07-23T11:14:27.364061,0,NORMAL
29,False,0.2068,0.0,WATCH,1.88,0.0222,4.0,2026-07-23T11:14:27.372159,0,NORMAL
27,False,0.229,0.0,WATCH,2.48,0.0115,0.0,2026-07-23T11:14:27.380193,0,NORMAL
23,False,0.2662,0.0,NORMAL,1.51,0.0069,4.4,2026-07-23T11:14:27.388351,0,NORMAL
23,False,0.2666,0.0,NORMAL,1.61,0.0058,4.5,2026-07-23T11:14:27.396406,0,NORMAL
23,False,0.2675,0.0,NORMAL,1.5,0.0075,4.3,2026-07-23T11:14:27.404484,0,NORMAL
28,False,0.216,0.0,WATCH,2.04,0.0209,3.1,2026-07-23T11:14:27.412674,0,NORMAL
23,False,0.2677,0.0,NORMAL,1.46,0.008,5.7,2026-07-23T11:14:27.420730,0,NORMAL
22,False,0.2752,0.0,NORMAL,1.66,0.0145,5.2,2026-07-23T11:14:27.428827,0,NORMAL
22,False,0.2744,0.0,NORMAL,1.65,0.0081,4.9,2026-07-23T11:14:27.436772,0,NORMAL
21,False,0.2813,0.0,NORMAL,1.87,0.0113,6.2,2026-07-23T11:14:27.444851,0,NORMAL
24,False,0.2518,0.0,NORMAL,1.26,0.014,3.7,2026-07-23T11:14:27.452962,0,NORMAL
22,False,0.2714,0.0,NORMAL,2.04,0.0071,3.5,2026-07-23T11:14:27.461089,0,NORMAL
25,False,0.2466,0.0,WATCH,2.62,0.0068,9.1,2026-07-23T11:14:27.469131,0,NORMAL
24,False,0.2599,0.0,NORMAL,2.07,0.0183,6.7,2026-07-23T11:14:27.477121,0,NORMAL
23,False,0.2619,0.0,NORMAL,2.77,0.0149,7.5,2026-07-23T11:14:27.485221,0,NORMAL
23,False,0.2622,0.0,NORMAL,2.67,0.014,8.7,2026-07-23T11:14:27.493275,0,NORMAL
22,False,0.2787,0.0,NORMAL,2.39,0.0139,6.6,2026-07-23T11:14:27.501339,0,NORMAL
22,False,0.2752,0.0,NORMAL,2.04,0.0123,7.8,2026-07-23T11:14:27.509314,0,NORMAL
31,False,0.1864,0.0,WATCH,2.01,0.0201,0.3,2026-07-23T11:14:27.517285,0,NORMAL
22,False,0.2794,0.0,NORMAL,2.38,0.0102,5.6,2026-07-23T11:14:27.525318,0,NORMAL
21,False,0.2806,0.0,NORMAL,1.8,0.0129,4.5,2026-07-23T11:14:27.533395,0,NORMAL
33,False,0.1629,0.0,WATCH,1.06,0.0027,10.0,2026-07-23T11:14:27.541553,0,NORMAL
23,False,0.2622,0.0,NORMAL,2.25,0.0059,7.8,2026-07-23T11:14:27.549545,0,NORMAL
26,False,0.2312,0.0,WATCH,1.43,0.004,3.1,2026-07-23T11:14:27.557654,0,NORMAL
23,False,0.2633,0.0,NORMAL,1.52,0.0164,6.1,2026-07-23T11:14:27.565611,0,NORMAL
29,False,0.2055,0.0,WATCH,2.0,0.0,5.5,2026-07-23T11:14:27.573692,0,NORMAL
22,False,0.28,0.0,NORMAL,1.95,0.008,6.4,2026-07-23T11:14:27.581816,0,NORMAL
34,False,0.1573,0.0,WATCH,1.29,0.0,1.9,2026-07-23T11:14:27.589791,0,NORMAL
22,False,0.2729,0.0,NORMAL,2.08,0.0058,6.1,2026-07-23T11:14:27.597805,0,NORMAL
22,False,0.2719,0.0,NORMAL,2.48,0.0075,4.3,2026-07-23T11:14:27.605810,0,NORMAL
24,False,0.2527,0.0,NORMAL,1.44,0.0169,5.8,2026-07-23T11:14:27.613846,0,NORMAL
24,False,0.2589,0.0,NORMAL,2.64,0.012,2.8,2026-07-23T11:14:27.621930,0,NORMAL
26,False,0.2332,0.0,WATCH,1.22,0.0058,3.2,2026-07-23T11:14:27.629975,0,NORMAL
26,False,0.2358,0.0,WATCH,3.06,0.0153,8.5,2026-07-23T11:14:27.638014,0,NORMAL
24,False,0.2571,0.0,NORMAL,1.79,0.0101,1.8,2026-07-23T11:14:27.646122,0,NORMAL
23,False,0.2643,0.0,NORMAL,2.07,0.0102,2.1,2026-07-23T11:14:27.654215,0,NORMAL
28,False,0.2114,0.0,WATCH,1.05,0.004,4.8,2026-07-23T11:14:27.662255,0,NORMAL
24,False,0.2554,0.0,NORMAL,1.97,0.005,2.7,2026-07-23T11:14:27.670277,0,NORMAL
24,False,0.2538,0.0,NORMAL,2.11,0.0059,2.3,2026-07-23T11:14:27.678340,0,NORMAL
21,False,0.2851,0.0,NORMAL,1.96,0.0102,5.3,2026-07-23T11:14:27.686330,0,NORMAL
26,False,0.2395,0.0,WATCH,1.72,0.0104,0.5,2026-07-23T11:14:27.694362,0,NORMAL
27,False,0.2256,0.0,WATCH,1.53,0.0177,2.0,2026-07-23T11:14:27.702481,0,NORMAL
25,False,0.2418,0.0,WATCH,2.57,0.0119,11.2,2026-07-23T11:14:27.710573,0,NORMAL
29,False,0.2015,0.0,WATCH,2.02,0.0,6.4,2026-07-23T11:14:27.718870,0,NORMAL
24,False,0.2538,0.0,NORMAL,2.77,0.0113,2.8,2026-07-23T11:14:27.726985,0,NORMAL
26,False,0.2351,0.0,WATCH,1.74,0.0027,6.3,2026-07-23T11:14:27.734951,0,NORMAL
23,False,0.2605,0.0,NORMAL,1.78,0.0052,6.7,2026-07-23T11:14:27.743056,0,NORMAL
24,False,0.2577,0.0,NORMAL,2.41,0.0059,8.0,2026-07-23T11:14:27.751023,0,NORMAL
25,False,0.2437,0.0,WATCH,1.19,0.0067,4.6,2026-07-23T11:14:27.759006,0,NORMAL
28,False,0.2196,0.0,WATCH,1.39,0.0031,7.9,2026-07-23T11:14:27.767006,0,NORMAL
27,False,0.2274,0.0,WATCH,2.55,0.011,0.0,2026-07-23T11:14:27.775037,0,NORMAL
29,False,0.2021,0.0,WATCH,1.41,0.0029,1.8,2026-07-23T11:14:27.783042,0,NORMAL
25,False,0.2485,0.0,WATCH,1.09,0.0118,5.5,2026-07-23T11:14:27.791115,0,NORMAL
28,False,0.2111,0.0,WATCH,2.93,0.0212,6.0,2026-07-23T11:14:27.799162,0,NORMAL
29,False,0.2051,0.0,WATCH,1.3,0.0034,2.3,2026-07-23T11:14:27.807373,0,NORMAL
21,False,0.2812,0.0,NORMAL,2.09,0.0086,5.8,2026-07-23T11:14:27.815496,0,NORMAL
30,False,0.1942,0.0,WATCH,2.03,0.0,3.1,2026-07-23T11:14:27.823680,0,NORMAL
30,False,0.1951,0.0,WATCH,0.59,0.0085,4.2,2026-07-23T11:14:27.831771,0,NORMAL
22,False,0.2711,0.0,NORMAL,1.87,0.0132,8.1,2026-07-23T11:14:27.839847,0,NORMAL
22,False,0.2761,0.0,NORMAL,2.22,0.0136,7.7,2026-07-23T11:14:27.847905,0,NORMAL
23,False,0.2661,0.0,NORMAL,2.18,0.0104,2.0,2026-07-23T11:14:27.856010,0,NORMAL
25,False,0.2454,0.0,WATCH,2.45,0.0144,1.8,2026-07-23T11:14:27.864052,0,NORMAL
29,False,0.2008,0.0,WATCH,1.81,0.0227,3.8,2026-07-23T11:14:27.872264,0,NORMAL
24,False,0.2551,0.0,NORMAL,2.36,0.0186,4.9,2026-07-23T11:14:27.880303,0,NORMAL
23,False,0.261,0.0,NORMAL,1.66,0.0074,3.0,2026-07-23T11:14:27.888332,0,NORMAL
29,False,0.2042,0.0,WATCH,1.29,0.0027,8.1,2026-07-23T11:14:27.896370,0,NORMAL
23,False,0.2634,0.0,NORMAL,1.35,0.008,6.0,2026-07-23T11:14:27.904495,0,NORMAL
26,False,0.239,0.0,WATCH,1.27,0.0053,6.2,2026-07-23T11:14:27.912544,0,NORMAL
25,False,0.2471,0.0,WATCH,2.5,0.0123,1.2,2026-07-23T11:14:27.920666,0,NORMAL
28,False,0.2125,0.0,WATCH,1.24,0.0041,8.5,2026-07-23T11:14:27.928759,0,NORMAL
26,False,0.2371,0.0,WATCH,2.14,0.0096,0.0,2026-07-23T11:14:27.936776,0,NORMAL
22,False,0.2755,0.0,NORMAL,1.87,0.0142,7.5,2026-07-23T11:14:27.944880,0,NORMAL
22,False,0.274,0.0,NORMAL,1.95,0.0095,7.8,2026-07-23T11:14:27.952974,0,NORMAL
25,False,0.2477,0.0,WATCH,2.68,0.0053,3.7,2026-07-23T11:14:27.961055,0,NORMAL
24,False,0.258,0.0,NORMAL,1.78,0.0159,8.8,2026-07-23T11:14:27.969150,0,NORMAL
28,False,0.2148,0.0,WATCH,2.31,0.0006,4.8,2026-07-23T11:14:27.977204,0,NORMAL
21,False,0.2801,0.0,NORMAL,2.02,0.0084,5.2,2026-07-23T11:14:27.985255,0,NORMAL
21,False,0.2832,0.0,NORMAL,1.92,0.0098,6.0,2026-07-23T11:14:27.993321,0,NORMAL
30,False,0.1936,0.0,WATCH,3.15,0.0101,14.6,2026-07-23T11:14:28.001460,0,NORMAL
26,False,0.2319,0.0,WATCH,1.28,0.0109,9.0,2026-07-23T11:14:28.009520,0,NORMAL
23,False,0.2698,0.0,NORMAL,2.64,0.0131,7.1,2026-07-23T11:14:28.017681,0,NORMAL
23,False,0.2618,0.0,NORMAL,2.33,0.0098,2.3,2026-07-23T11:14:28.025811,0,NORMAL
22,False,0.2784,0.0,NORMAL,1.76,0.0082,5.4,2026-07-23T11:14:28.033841,0,NORMAL
25,False,0.2418,0.0,WATCH,2.81,0.008,2.6,2026-07-23T11:14:28.041797,0,NORMAL
28,False,0.2194,0.0,WATCH,1.08,0.0069,7.5,2026-07-23T11:14:28.049823,0,NORMAL
21,False,0.2815,0.0,NORMAL,1.74,0.0139,5.4,2026-07-23T11:14:28.057900,0,NORMAL
27,False,0.2293,0.0,WATCH,1.4,0.0068,1.6,2026-07-23T11:14:28.065906,0,NORMAL
21,False,0.2835,0.0,NORMAL,2.21,0.0142,5.2,2026-07-23T11:14:28.073953,0,NORMAL
24,False,0.2518,0.0,NORMAL,1.44,0.0101,2.5,2026-07-23T11:14:28.082015,0,NORMAL
22,False,0.2794,0.0,NORMAL,2.22,0.0074,5.5,2026-07-23T11:14:28.090062,0,NORMAL
22,False,0.2703,0.0,NORMAL,1.91,0.0131,2.4,2026-07-23T11:14:28.098028,0,NORMAL
22,False,0.2707,0.0,NORMAL,1.76,0.0064,5.1,2026-07-23T11:14:28.106079,0,NORMAL
22,False,0.28,0.0,NORMAL,2.19,0.0132,7.3,2026-07-23T11:14:28.114126,0,NORMAL
21,False,0.2843,0.0,NORMAL,1.87,0.0111,4.8,2026-07-23T11:14:28.122231,0,NORMAL
24,False,0.2572,0.0,NORMAL,1.46,0.007,3.8,2026-07-23T11:14:28.130292,0,NORMAL
26,False,0.2332,0.0,WATCH,3.4,0.0126,5.6,2026-07-23T11:14:28.138381,0,NORMAL
22,False,0.2762,0.0,NORMAL,1.76,0.0127,7.1,2026-07-23T11:14:28.146473,0,NORMAL
31,False,0.18,0.0,WATCH,0.89,0.0158,1.7,2026-07-23T11:14:28.154549,0,NORMAL
22,False,0.274,0.0,NORMAL,1.58,0.0148,5.8,2026-07-23T11:14:28.162674,0,NORMAL
25,False,0.2418,0.0,WATCH,1.37,0.0125,9.0,2026-07-23T11:14:28.170670,0,NORMAL
24,False,0.2549,0.0,NORMAL,2.41,0.0044,6.7,2026-07-23T11:14:28.178648,0,NORMAL
28,False,0.2176,0.0,WATCH,2.16,0.0222,5.2,2026-07-23T11:14:28.186770,0,NORMAL
25,False,0.246,0.0,WATCH,2.2,0.003,6.9,2026-07-23T11:14:28.194916,0,NORMAL
22,False,0.2781,0.0,NORMAL,1.81,0.0147,6.4,2026-07-23T11:14:28.202927,0,NORMAL
22,False,0.2755,0.0,NORMAL,1.86,0.0122,7.3,2026-07-23T11:14:28.211064,0,NORMAL
29,False,0.2059,0.0,WATCH,1.81,0.0041,0.0,2026-07-23T11:14:28.219199,0,NORMAL
25,False,0.241,0.0,WATCH,1.96,0.0094,0.3,2026-07-23T11:14:28.227326,0,NORMAL
22,False,0.2711,0.0,NORMAL,2.42,0.0096,8.0,2026-07-23T11:14:28.235327,0,NORMAL
28,False,0.2169,0.0,WATCH,2.17,0.0165,0.5,2026-07-23T11:14:28.243435,0,NORMAL
22,False,0.2724,0.0,NORMAL,2.25,0.0064,6.2,2026-07-23T11:14:28.251551,0,NORMAL
22,False,0.2777,0.0,NORMAL,2.25,0.0087,3.9,2026-07-23T11:14:28.259687,0,NORMAL
32,False,0.1782,0.0,WATCH,2.44,0.0,2.0,2026-07-23T11:14:28.267707,0,NORMAL
24,False,0.2571,0.0,NORMAL,2.14,0.0187,6.0,2026-07-23T11:14:28.275803,0,NORMAL
23,False,0.2633,0.0,NORMAL,2.18,0.0046,5.6,2026-07-23T11:14:28.283882,0,NORMAL
26,False,0.2388,0.0,WATCH,2.59,0.0116,11.3,2026-07-23T11:14:28.291969,0,NORMAL
23,False,0.2662,0.0,NORMAL,1.67,0.0095,3.1,2026-07-23T11:14:28.300063,0,NORMAL
24,False,0.2523,0.0,NORMAL,1.57,0.0095,9.3,2026-07-23T11:14:28.308096,0,NORMAL
23,False,0.2664,0.0,NORMAL,1.41,0.014,6.1,2026-07-23T11:14:28.316149,0,NORMAL
25,False,0.2425,0.0,WATCH,2.09,0.0184,3.0,2026-07-23T11:14:28.324498,0,NORMAL
26,False,0.2358,0.0,WATCH,1.07,0.0113,7.4,2026-07-23T11:14:28.332557,0,NORMAL
21,False,0.2827,0.0,NORMAL,2.23,0.0133,6.7,2026-07-23T11:14:28.340561,0,NORMAL
21,False,0.2842,0.0,NORMAL,1.95,0.0116,5.1,2026-07-23T11:14:28.348639,0,NORMAL
22,False,0.2714,0.0,NORMAL,2.57,0.0151,5.8,2026-07-23T11:14:28.356886,0,NORMAL
23,False,0.2666,0.0,NORMAL,1.66,0.0077,3.2,2026-07-23T11:14:28.364996,0,NORMAL
24,False,0.2598,0.0,NORMAL,1.9,0.0154,2.5,2026-07-23T11:14:28.373276,0,NORMAL
23,False,0.2677,0.0,NORMAL,2.56,0.0156,7.3,2026-07-23T11:14:28.381433,0,NORMAL
23,False,0.2636,0.0,NORMAL,2.69,0.0154,4.3,2026-07-23T11:14:28.389573,0,NORMAL
22,False,0.2714,0.0,NORMAL,1.66,0.0067,4.8,2026-07-23T11:14:28.397645,0,NORMAL
21,False,0.283,0.0,NORMAL,2.09,0.0092,5.8,2026-07-23T11:14:28.405737,0,NORMAL
21,False,0.2842,0.0,NORMAL,2.15,0.0112,5.8,2026-07-23T11:14:28.413939,0,NORMAL
28,False,0.2116,0.0,WATCH,2.19,0.0031,0.7,2026-07-23T11:14:28.422053,0,NORMAL
25,False,0.2474,0.0,WATCH,1.87,0.018,8.9,2026-07-23T11:14:28.430139,0,NORMAL
22,False,0.2727,0.0,NORMAL,2.64,0.0099,5.4,2026-07-23T11:14:28.438208,0,NORMAL
25,False,0.2418,0.0,WATCH,1.06,0.0114,4.4,2026-07-23T11:14:28.446287,0,NORMAL
22,False,0.2749,0.0,NORMAL,1.79,0.0071,6.3,2026-07-23T11:14:28.454455,0,NORMAL
24,False,0.2539,0.0,NORMAL,2.22,0.0034,5.7,2026-07-23T11:14:28.465819,0,NORMAL
23,False,0.2688,0.0,NORMAL,2.23,0.007,7.3,2026-07-23T11:14:28.480685,0,NORMAL
22,False,0.2733,0.0,NORMAL,2.68,0.0111,6.6,2026-07-23T11:14:28.489996,0,NORMAL
22,False,0.2708,0.0,NORMAL,2.6,0.0134,7.2,2026-07-23T11:14:28.498236,0,NORMAL
23,False,0.2625,0.0,NORMAL,1.86,0.0108,9.1,2026-07-23T11:14:28.506410,0,NORMAL
23,False,0.2665,0.0,NORMAL,2.65,0.0117,7.7,2026-07-23T11:14:28.514592,0,NORMAL
22,False,0.2748,0.0,NORMAL,1.64,0.0083,4.5,2026-07-23T11:14:28.522885,0,NORMAL
24,False,0.2519,0.0,NORMAL,2.47,0.0125,1.6,2026-07-23T11:14:28.531111,0,NORMAL
26,False,0.2312,0.0,WATCH,2.91,0.0174,10.0,2026-07-23T11:14:28.539238,0,NORMAL
22,False,0.2726,0.0,NORMAL,2.61,0.0135,4.3,2026-07-23T11:14:28.547394,0,NORMAL
22,False,0.2766,0.0,NORMAL,2.05,0.014,3.6,2026-07-23T11:14:28.555440,0,NORMAL
26,False,0.2358,0.0,WATCH,1.83,0.0115,0.0,2026-07-23T11:14:28.563577,0,NORMAL
28,False,0.2138,0.0,WATCH,1.24,0.0025,6.0,2026-07-23T11:14:28.571709,0,NORMAL
23,False,0.2639,0.0,NORMAL,2.16,0.0048,5.4,2026-07-23T11:14:28.579792,0,NORMAL
27,False,0.2259,0.0,WATCH,1.44,0.0123,0.5,2026-07-23T11:14:28.587964,0,NORMAL
22,False,0.2754,0.0,NORMAL,1.6,0.0099,6.4,2026-07-23T11:14:28.596091,0,NORMAL
24,False,0.2582,0.0,NORMAL,1.4,0.0122,3.5,2026-07-23T11:14:28.604189,0,NORMAL
29,False,0.2058,0.0,WATCH,1.77,0.0184,13.1,2026-07-23T11:14:28.612345,0,NORMAL
22,False,0.2775,0.0,NORMAL,1.99,0.0136,3.3,2026-07-23T11:14:28.620450,0,NORMAL
23,False,0.2652,0.0,NORMAL,2.14,0.0163,3.7,2026-07-23T11:14:28.628537,0,NORMAL
23,False,0.2633,0.0,NORMAL,1.7,0.0105,2.4,2026-07-23T11:14:28.636754,0,NORMAL
25,False,0.249,0.0,WATCH,2.53,0.006,8.8,2026-07-23T11:14:28.644761,0,NORMAL
22,False,0.2771,0.0,NORMAL,1.9,0.0097,3.9,2026-07-23T11:14:28.652865,0,NORMAL
24,False,0.2565,0.0,NORMAL,1.61,0.006,2.8,2026-07-23T11:14:28.661013,0,NORMAL
23,False,0.262,0.0,NORMAL,2.11,0.0178,7.1,2026-07-23T11:14:28.669087,0,NORMAL
28,False,0.21,0.0,WATCH,2.98,0.014,0.9,2026-07-23T11:14:28.677175,0,NORMAL
21,False,0.2813,0.0,NORMAL,2.17,0.0126,6.9,2026-07-23T11:14:28.685174,0,NORMAL
25,False,0.2453,0.0,WATCH,1.82,0.0162,10.3,2026-07-23T11:14:28.693273,0,NORMAL
32,False,0.1743,0.0,WATCH,1.24,0.0,6.7,2026-07-23T11:14:28.701394,0,NORMAL
22,False,0.2787,0.0,NORMAL,1.89,0.0129,6.9,2026-07-23T11:14:28.709451,0,NORMAL
25,False,0.2461,0.0,WATCH,2.12,0.0034,7.6,2026-07-23T11:14:28.717508,0,NORMAL
24,False,0.252,0.0,NORMAL,1.81,0.01,10.1,2026-07-23T11:14:28.725616,0,NORMAL
28,False,0.2187,0.0,WATCH,1.17,0.0084,8.6,2026-07-23T11:14:28.733604,0,NORMAL
22,False,0.2756,0.0,NORMAL,1.57,0.0133,6.3,2026-07-23T11:14:28.741654,0,NORMAL
23,False,0.2655,0.0,NORMAL,2.73,0.0111,7.7,2026-07-23T11:14:28.749633,0,NORMAL
27,False,0.2299,0.0,WATCH,2.72,0.0167,2.3,2026-07-23T11:14:28.757693,0,NORMAL
24,False,0.2595,0.0,NORMAL,1.56,0.007,7.3,2026-07-23T11:14:28.765723,0,NORMAL
24,False,0.2591,0.0,NORMAL,2.34,0.0135,2.0,2026-07-23T11:14:28.773790,0,NORMAL
23,False,0.2626,0.0,NORMAL,1.41,0.0108,3.9,2026-07-23T11:14:28.781848,0,NORMAL
34,False,0.1596,0.0,WATCH,2.7,0.0018,0.0,2026-07-23T11:14:28.789938,0,NORMAL
23,False,0.2682,0.0,NORMAL,2.12,0.0054,6.2,2026-07-23T11:14:28.798050,0,NORMAL
23,False,0.2659,0.0,NORMAL,2.47,0.0093,3.1,2026-07-23T11:14:28.806153,0,NORMAL
27,False,0.2266,0.0,WATCH,1.14,0.0156,8.3,2026-07-23T11:14:28.814150,0,NORMAL
21,False,0.2803,0.0,NORMAL,2.34,0.0123,6.2,2026-07-23T11:14:28.822160,0,NORMAL
25,False,0.2498,0.0,WATCH,2.0,0.0042,8.4,2026-07-23T11:14:28.830223,0,NORMAL
24,False,0.2511,0.0,NORMAL,2.43,0.0093,1.7,2026-07-23T11:14:28.838333,0,NORMAL
26,False,0.2378,0.0,WATCH,2.46,0.0201,8.1,2026-07-23T11:14:28.846390,0,NORMAL
25,False,0.2425,0.0,WATCH,2.03,0.0106,11.3,2026-07-23T11:14:28.854435,0,NORMAL
23,False,0.2689,0.0,NORMAL,1.7,0.0084,7.3,2026-07-23T11:14:28.862435,0,NORMAL
22,False,0.2765,0.0,NORMAL,2.39,0.0125,7.4,2026-07-23T11:14:28.870522,0,NORMAL
21,False,0.2843,0.0,NORMAL,1.97,0.0138,5.5,2026-07-23T11:14:28.878500,0,NORMAL
23,False,0.2662,0.0,NORMAL,1.56,0.0077,3.4,2026-07-23T11:14:28.886486,0,NORMAL
22,False,0.2708,0.0,NORMAL,1.54,0.0125,7.3,2026-07-23T11:14:28.894454,0,NORMAL
29,False,0.2058,0.0,WATCH,1.26,0.0084,0.5,2026-07-23T11:14:28.902497,0,NORMAL
22,False,0.2765,0.0,NORMAL,1.74,0.0136,3.7,2026-07-23T11:14:28.910591,0,NORMAL
27,False,0.2279,0.0,WATCH,2.55,0.0108,0.0,2026-07-23T11:14:28.918597,0,NORMAL
22,False,0.2726,0.0,NORMAL,2.09,0.0124,2.9,2026-07-23T11:14:28.926586,0,NORMAL
23,False,0.265,0.0,NORMAL,1.74,0.0062,6.9,2026-07-23T11:14:28.934550,0,NORMAL
23,False,0.2654,0.0,NORMAL,2.4,0.0059,6.5,2026-07-23T11:14:28.942815,0,NORMAL
22,False,0.274,0.0,NORMAL,1.58,0.0147,5.2,2026-07-23T11:14:28.950891,0,NORMAL
21,False,0.2835,0.0,NORMAL,2.05,0.0096,5.5,2026-07-23T11:14:28.959184,0,NORMAL
26,False,0.2378,0.0,WATCH,1.91,0.0114,0.0,2026-07-23T11:14:28.967520,0,NORMAL
22,False,0.2703,0.0,NORMAL,2.39,0.0085,3.9,2026-07-23T11:14:28.975878,0,NORMAL
26,False,0.2372,0.0,WATCH,1.21,0.0145,3.0,2026-07-23T11:14:28.984036,0,NORMAL
24,False,0.2567,0.0,NORMAL,1.57,0.007,3.0,2026-07-23T11:14:28.992122,0,NORMAL
25,False,0.2453,0.0,WATCH,1.18,0.0093,6.8,2026-07-23T11:14:29.000229,0,NORMAL
23,False,0.2655,0.0,NORMAL,1.87,0.0139,2.4,2026-07-23T11:14:29.008287,0,NORMAL
24,False,0.2551,0.0,NORMAL,2.61,0.0159,3.2,2026-07-23T11:14:29.016263,0,NORMAL
26,False,0.2301,0.0,WATCH,1.75,0.0074,0.0,2026-07-23T11:14:29.024429,0,NORMAL
26,False,0.2354,0.0,WATCH,1.74,0.0198,4.1,2026-07-23T11:14:29.032499,0,NORMAL
24,False,0.2506,0.0,NORMAL,2.44,0.0116,1.7,2026-07-23T11:14:29.040667,0,NORMAL
24,False,0.2576,0.0,NORMAL,2.53,0.0048,5.2,2026-07-23T11:14:29.048780,0,NORMAL
23,False,0.2658,0.0,NORMAL,1.96,0.0118,2.1,2026-07-23T11:14:29.056882,0,NORMAL
22,False,0.277,0.0,NORMAL,2.34,0.0081,5.3,2026-07-23T11:14:29.064977,0,NORMAL
23,False,0.2696,0.0,NORMAL,1.46,0.0122,4.6,2026-07-23T11:14:29.073029,0,NORMAL
24,False,0.2519,0.0,NORMAL,2.69,0.0098,10.0,2026-07-23T11:14:29.081095,0,NORMAL
25,False,0.2433,0.0,WATCH,3.07,0.0104,6.5,2026-07-23T11:14:29.089188,0,NORMAL
28,False,0.2173,0.0,WATCH,2.26,0.0054,0.0,2026-07-23T11:14:29.097265,0,NORMAL
31,False,0.1866,0.0,WATCH,0.96,0.015,1.2,2026-07-23T11:14:29.105280,0,NORMAL
24,False,0.2595,0.0,NORMAL,1.72,0.0042,5.2,2026-07-23T11:14:29.113310,0,NORMAL
25,False,0.2426,0.0,WATCH,2.31,0.0045,2.2,2026-07-23T11:14:29.121374,0,NORMAL
26,False,0.234,0.0,WATCH,1.79,0.0118,0.0,2026-07-23T11:14:29.129422,0,NORMAL
25,False,0.2432,0.0,WATCH,2.64,0.018,9.0,2026-07-23T11:14:29.137435,0,NORMAL
22,False,0.2732,0.0,NORMAL,2.29,0.0082,7.2,2026-07-23T11:14:29.145554,0,NORMAL
22,False,0.2769,0.0,NORMAL,1.65,0.0135,6.6,2026-07-23T11:14:29.153623,0,NORMAL
23,False,0.2647,0.0,NORMAL,2.02,0.0154,3.2,2026-07-23T11:14:29.161699,0,NORMAL
22,False,0.2748,0.0,NORMAL,1.55,0.0141,6.3,2026-07-23T11:14:29.169736,0,NORMAL
23,False,0.2691,0.0,NORMAL,1.91,0.0084,2.9,2026-07-23T11:14:29.177768,0,NORMAL
24,False,0.2585,0.0,NORMAL,1.72,0.0045,5.6,2026-07-23T11:14:29.185791,0,NORMAL
32,False,0.1746,0.0,WATCH,2.59,0.0,2.2,2026-07-23T11:14:29.193847,0,NORMAL
26,False,0.2314,0.0,WATCH,3.06,0.0087,9.5,2026-07-23T11:14:29.201939,0,NORMAL
30,False,0.191,0.0,WATCH,1.28,0.0159,0.3,2026-07-23T11:14:29.210009,0,NORMAL
30,False,0.1923,0.0,WATCH,1.04,0.0044,8.7,2026-07-23T11:14:29.218035,0,NORMAL
21,False,0.2816,0.0,NORMAL,1.88,0.0135,5.1,2026-07-23T11:14:29.226109,0,NORMAL
26,False,0.2319,0.0,WATCH,1.24,0.0052,3.5,2026-07-23T11:14:29.234161,0,NORMAL
21,False,0.2824,0.0,NORMAL,2.02,0.0105,5.5,2026-07-23T11:14:29.242319,0,NORMAL
22,False,0.2761,0.0,NORMAL,2.37,0.0135,7.2,2026-07-23T11:14:29.250445,0,NORMAL
26,False,0.2394,0.0,WATCH,2.75,0.0067,9.1,2026-07-23T11:14:29.258457,0,NORMAL
21,False,0.2841,0.0,NORMAL,2.1,0.0109,5.9,2026-07-23T11:14:29.266398,0,NORMAL
23,False,0.2627,0.0,NORMAL,1.9,0.0079,2.3,2026-07-23T11:14:29.274446,0,NORMAL
26,False,0.2379,0.0,WATCH,1.01,0.0135,5.2,2026-07-23T11:14:29.282476,0,NORMAL
25,False,0.249,0.0,WATCH,2.01,0.0112,10.5,2026-07-23T11:14:29.290486,0,NORMAL
23,False,0.2638,0.0,NORMAL,2.04,0.0103,9.0,2026-07-23T11:14:29.298477,0,NORMAL
24,False,0.2554,0.0,NORMAL,2.32,0.0178,7.7,2026-07-23T11:14:29.306575,0,NORMAL
22,False,0.2733,0.0,NORMAL,1.65,0.0133,7.4,2026-07-23T11:14:29.314636,0,NORMAL
23,False,0.2647,0.0,NORMAL,1.78,0.0065,7.1,2026-07-23T11:14:29.322714,0,NORMAL
26,False,0.2354,0.0,WATCH,1.26,0.0096,8.5,2026-07-23T11:14:29.330736,0,NORMAL
28,False,0.2136,0.0,WATCH,0.85,0.0096,3.6,2026-07-23T11:14:29.338789,0,NORMAL
26,False,0.2331,0.0,WATCH,1.45,0.0104,0.9,2026-07-23T11:14:29.346705,0,NORMAL
30,False,0.1912,0.0,WATCH,1.21,0.0226,5.2,2026-07-23T11:14:29.354791,0,NORMAL
22,False,0.2709,0.0,NORMAL,2.17,0.0119,2.5,2026-07-23T11:14:29.362860,0,NORMAL
32,False,0.1718,0.0,WATCH,1.74,0.0,1.8,2026-07-23T11:14:29.370859,0,NORMAL
23,False,0.2637,0.0,NORMAL,1.73,0.0073,2.8,2026-07-23T11:14:29.378950,0,NORMAL
34,False,0.1507,0.0,WATCH,1.51,0.0003,12.5,2026-07-23T11:14:29.387017,0,NORMAL
30,False,0.1973,0.0,WATCH,0.38,0.0084,5.4,2026-07-23T11:14:29.395003,0,NORMAL
30,False,0.1906,0.0,WATCH,2.75,0.0001,6.1,2026-07-23T11:14:29.403113,0,NORMAL
27,False,0.2292,0.0,WATCH,1.5,0.0056,1.3,2026-07-23T11:14:29.411223,0,NORMAL
31,False,0.1831,0.0,WATCH,1.79,0.0024,0.0,2026-07-23T11:14:29.419339,0,NORMAL
25,False,0.2422,0.0,WATCH,1.27,0.0119,2.5,2026-07-23T11:14:29.427411,0,NORMAL
23,False,0.2628,0.0,NORMAL,2.49,0.01,9.3,2026-07-23T11:14:29.435544,0,NORMAL
21,False,0.284,0.0,NORMAL,2.07,0.0115,6.0,2026-07-23T11:14:29.443638,0,NORMAL
22,False,0.2712,0.0,NORMAL,1.59,0.0095,6.8,2026-07-23T11:14:29.451695,0,NORMAL
25,False,0.2424,0.0,WATCH,1.8,0.003,7.2,2026-07-23T11:14:29.459824,0,NORMAL
24,False,0.2537,0.0,NORMAL,2.84,0.0126,3.2,2026-07-23T11:14:29.467930,0,NORMAL
26,False,0.2366,0.0,WATCH,1.96,0.0196,9.2,2026-07-23T11:14:29.476044,0,NORMAL
22,False,0.2709,0.0,NORMAL,1.91,0.012,3.1,2026-07-23T11:14:29.484111,0,NORMAL
25,False,0.2444,0.0,WATCH,1.53,0.0079,9.2,2026-07-23T11:14:29.492248,0,NORMAL
30,False,0.1981,0.0,WATCH,1.05,0.0029,6.3,2026-07-23T11:14:29.500347,0,NORMAL
28,False,0.2199,0.0,WATCH,1.92,0.0055,0.0,2026-07-23T11:14:29.508583,0,NORMAL
22,False,0.2723,0.0,NORMAL,2.16,0.0123,2.8,2026-07-23T11:14:29.516762,0,NORMAL
28,False,0.2111,0.0,WATCH,2.55,0.0154,0.0,2026-07-23T11:14:29.524819,0,NORMAL
28,False,0.2109,0.0,WATCH,0.88,0.0113,8.5,2026-07-23T11:14:29.532820,0,NORMAL
23,False,0.2692,0.0,NORMAL,1.44,0.014,4.9,2026-07-23T11:14:29.540984,0,NORMAL
27,False,0.2298,0.0,WATCH,1.71,0.0135,0.0,2026-07-23T11:14:29.549285,0,NORMAL
21,False,0.2849,0.0,NORMAL,2.0,0.0125,6.1,2026-07-23T11:14:29.557423,0,NORMAL
23,False,0.2675,0.0,NORMAL,1.93,0.0067,3.4,2026-07-23T11:14:29.565424,0,NORMAL
25,False,0.2463,0.0,WATCH,1.94,0.0109,0.5,2026-07-23T11:14:29.573594,0,NORMAL
25,False,0.2464,0.0,WATCH,2.2,0.0058,10.0,2026-07-23T11:14:29.581774,0,NORMAL
22,False,0.2751,0.0,NORMAL,1.55,0.0101,5.3,2026-07-23T11:14:29.589774,0,NORMAL
22,False,0.2734,0.0,NORMAL,2.47,0.0117,4.1,2026-07-23T11:14:29.597889,0,NORMAL
24,False,0.2504,0.0,NORMAL,2.22,0.0184,3.8,2026-07-23T11:14:29.605918,0,NORMAL
29,False,0.2057,0.0,WATCH,1.84,0.0035,0.5,2026-07-23T11:14:29.613988,0,NORMAL
27,False,0.2258,0.0,WATCH,2.8,0.0124,1.1,2026-07-23T11:14:29.622181,0,NORMAL
26,False,0.2391,0.0,WATCH,2.78,0.0174,8.9,2026-07-23T11:14:29.630251,0,NORMAL
22,False,0.2709,0.0,NORMAL,2.47,0.0138,3.6,2026-07-23T11:14:29.638421,0,NORMAL
29,False,0.2038,0.0,WATCH,0.49,0.0142,5.1,2026-07-23T11:14:29.646536,0,NORMAL
28,False,0.2115,0.0,WATCH,2.79,0.0129,0.0,2026-07-23T11:14:29.654693,0,NORMAL
27,False,0.2231,0.0,WATCH,2.4,0.0165,1.0,2026-07-23T11:14:29.662742,0,NORMAL
27,False,0.2221,0.0,WATCH,3.0,0.0046,6.8,2026-07-23T11:14:29.670849,0,NORMAL
26,False,0.2375,0.0,WATCH,2.62,0.0031,6.1,2026-07-23T11:14:29.678947,0,NORMAL
25,False,0.2446,0.0,WATCH,2.79,0.01,10.3,2026-07-23T11:14:29.687056,0,NORMAL
30,False,0.19,0.0,WATCH,2.44,0.0,9.0,2026-07-23T11:14:29.695206,0,NORMAL
23,False,0.2607,0.0,NORMAL,2.67,0.0162,4.3,2026-07-23T11:14:29.703204,0,NORMAL
25,False,0.2452,0.0,WATCH,3.0,0.0161,6.4,2026-07-23T11:14:29.711422,0,NORMAL
22,False,0.2774,0.0,NORMAL,2.11,0.0078,4.1,2026-07-23T11:14:29.719448,0,NORMAL
30,False,0.1976,0.0,WATCH,1.21,0.0081,11.2,2026-07-23T11:14:29.727468,0,NORMAL
23,False,0.2666,0.0,NORMAL,1.85,0.0096,8.4,2026-07-23T11:14:29.736835,0,NORMAL
21,False,0.2844,0.0,NORMAL,2.19,0.0103,5.5,2026-07-23T11:14:29.746245,0,NORMAL
21,False,0.2833,0.0,NORMAL,2.04,0.0106,5.6,2026-07-23T11:14:29.754648,0,NORMAL
26,False,0.2398,0.0,WATCH,1.38,0.0128,9.3,2026-07-23T11:14:29.763007,0,NORMAL
25,False,0.2458,0.0,WATCH,1.18,0.0091,6.7,2026-07-23T11:14:29.771520,0,NORMAL
24,False,0.2515,0.0,NORMAL,1.63,0.0147,9.7,2026-07-23T11:14:29.781692,0,NORMAL
26,False,0.2323,0.0,WATCH,2.4,0.0122,0.0,2026-07-23T11:14:29.792409,0,NORMAL
24,False,0.2546,0.0,NORMAL,2.79,0.007,6.4,2026-07-23T11:14:29.801026,0,NORMAL
24,False,0.2538,0.0,NORMAL,2.46,0.0167,3.5,2026-07-23T11:14:29.809382,0,NORMAL
27,False,0.2219,0.0,WATCH,2.53,0.0032,10.3,2026-07-23T11:14:29.817649,0,NORMAL
24,False,0.2587,0.0,NORMAL,1.96,0.0095,9.6,2026-07-23T11:14:29.825803,0,NORMAL
25,False,0.2454,0.0,WATCH,1.13,0.0148,5.1,2026-07-23T11:14:29.834016,0,NORMAL
25,False,0.245,0.0,WATCH,1.77,0.0064,9.6,2026-07-23T11:14:29.842492,0,NORMAL
24,False,0.2506,0.0,NORMAL,1.87,0.0115,10.3,2026-07-23T11:14:29.850652,0,NORMAL
21,False,0.2827,0.0,NORMAL,1.75,0.0127,5.2,2026-07-23T11:14:29.859009,0,NORMAL
27,False,0.2206,0.0,WATCH,2.03,0.0057,12.4,2026-07-23T11:14:29.867182,0,NORMAL
21,False,0.2857,0.0,NORMAL,2.22,0.0096,4.9,2026-07-23T11:14:29.875335,0,NORMAL
22,False,0.2768,0.0,NORMAL,2.43,0.0092,4.4,2026-07-23T11:14:29.883851,0,NORMAL
23,False,0.2651,0.0,NORMAL,1.86,0.0072,7.6,2026-07-23T11:14:29.892544,0,NORMAL
32,False,0.1737,0.0,WATCH,1.05,0.0215,3.9,2026-07-23T11:14:29.900832,0,NORMAL
22,False,0.2717,0.0,NORMAL,1.76,0.0062,5.3,2026-07-23T11:14:29.909117,0,NORMAL
24,False,0.2599,0.0,NORMAL,2.02,0.015,9.2,2026-07-23T11:14:29.917335,0,NORMAL
23,False,0.2694,0.0,NORMAL,2.61,0.008,5.1,2026-07-23T11:14:29.925553,0,NORMAL
29,False,0.2075,0.0,WATCH,1.72,0.0046,0.0,2026-07-23T11:14:29.933772,0,NORMAL
21,False,0.2827,0.0,NORMAL,2.26,0.0105,6.1,2026-07-23T11:14:29.941927,0,NORMAL
22,False,0.2716,0.0,NORMAL,2.15,0.0132,2.9,2026-07-23T11:14:29.950017,0,NORMAL
22,False,0.2742,0.0,NORMAL,2.02,0.0146,7.6,2026-07-23T11:14:29.958197,0,NORMAL
24,False,0.2558,0.0,NORMAL,2.47,0.0178,7.1,2026-07-23T11:14:29.966309,0,NORMAL
30,False,0.1925,0.0,WATCH,1.67,0.0247,9.4,2026-07-23T11:14:29.974423,0,NORMAL
22,False,0.2704,0.0,NORMAL,1.71,0.0113,7.7,2026-07-23T11:14:29.982645,0,NORMAL
23,False,0.261,0.0,NORMAL,1.99,0.0067,8.3,2026-07-23T11:14:29.990758,0,NORMAL
23,False,0.2675,0.0,NORMAL,1.68,0.0123,3.0,2026-07-23T11:14:29.998920,0,NORMAL
22,False,0.2753,0.0,NORMAL,2.25,0.0087,7.4,2026-07-23T11:14:30.007191,0,NORMAL
25,False,0.2404,0.0,WATCH,1.64,0.0146,10.9,2026-07-23T11:14:30.015366,0,NORMAL
25,False,0.2449,0.0,WATCH,2.11,0.0035,2.9,2026-07-23T11:14:30.023573,0,NORMAL
29,False,0.2061,0.0,WATCH,1.95,0.0218,10.4,2026-07-23T11:14:30.031746,0,NORMAL
22,False,0.2738,0.0,NORMAL,2.11,0.0143,3.4,2026-07-23T11:14:30.039881,0,NORMAL
29,False,0.2096,0.0,WATCH,1.77,0.0016,2.4,2026-07-23T11:14:30.047937,0,NORMAL
22,False,0.2724,0.0,NORMAL,1.83,0.0065,5.9,2026-07-23T11:14:30.056083,0,NORMAL
22,False,0.2792,0.0,NORMAL,2.05,0.0141,7.1,2026-07-23T11:14:30.064312,0,NORMAL
23,False,0.2694,0.0,NORMAL,2.1,0.0159,7.7,2026-07-23T11:14:30.072466,0,NORMAL
26,False,0.2378,0.0,WATCH,2.0,0.0036,2.1,2026-07-23T11:14:30.080591,0,NORMAL
23,False,0.2623,0.0,NORMAL,2.85,0.0136,6.3,2026-07-23T11:14:30.088729,0,NORMAL
31,False,0.1843,0.0,WATCH,1.5,0.0003,2.9,2026-07-23T11:14:30.096881,0,NORMAL
25,False,0.2431,0.0,WATCH,1.97,0.0096,0.5,2026-07-23T11:14:30.105120,0,NORMAL
27,False,0.2227,0.0,WATCH,1.21,0.0156,2.2,2026-07-23T11:14:30.113270,0,NORMAL
23,False,0.2671,0.0,NORMAL,2.19,0.0072,2.7,2026-07-23T11:14:30.121374,0,NORMAL
27,False,0.2244,0.0,WATCH,1.44,0.0025,6.6,2026-07-23T11:14:30.129519,0,NORMAL
23,False,0.2679,0.0,NORMAL,1.86,0.0107,8.5,2026-07-23T11:14:30.137711,0,NORMAL
27,False,0.2293,0.0,WATCH,1.81,0.007,0.6,2026-07-23T11:14:30.145871,0,NORMAL
21,False,0.2842,0.0,NORMAL,2.14,0.0131,6.1,2026-07-23T11:14:30.153939,0,NORMAL
26,False,0.2391,0.0,WATCH,1.72,0.0056,1.5,2026-07-23T11:14:30.162075,0,NORMAL
23,False,0.2648,0.0,NORMAL,1.7,0.0061,6.9,2026-07-23T11:14:30.170401,0,NORMAL
32,False,0.1761,0.0,WATCH,2.72,0.0,3.1,2026-07-23T11:14:30.178498,0,NORMAL
23,False,0.2621,0.0,NORMAL,2.14,0.0108,1.8,2026-07-23T11:14:30.186614,0,NORMAL
22,False,0.2734,0.0,NORMAL,1.72,0.0092,7.4,2026-07-23T11:14:30.194674,0,NORMAL
25,False,0.2483,0.0,WATCH,1.87,0.0041,3.2,2026-07-23T11:14:30.202754,0,NORMAL
23,False,0.2607,0.0,NORMAL,2.82,0.011,4.1,2026-07-23T11:14:30.210891,0,NORMAL
27,False,0.2201,0.0,WATCH,1.88,0.0151,0.0,2026-07-23T11:14:30.219033,0,NORMAL
23,False,0.2667,0.0,NORMAL,1.66,0.0089,7.8,2026-07-23T11:14:30.227102,0,NORMAL
22,False,0.2728,0.0,NORMAL,1.66,0.0113,7.5,2026-07-23T11:14:30.235160,0,NORMAL
21,False,0.2825,0.0,NORMAL,1.73,0.0114,5.0,2026-07-23T11:14:30.243231,0,NORMAL
29,False,0.2048,0.0,WATCH,1.7,0.004,0.4,2026-07-23T11:14:30.251393,0,NORMAL
28,False,0.2117,0.0,WATCH,1.36,0.0203,8.6,2026-07-23T11:14:30.259571,0,NORMAL
24,False,0.2522,0.0,NORMAL,1.44,0.0076,3.0,2026-07-23T11:14:30.267716,0,NORMAL
22,False,0.2727,0.0,NORMAL,1.59,0.0133,3.6,2026-07-23T11:14:30.275785,0,NORMAL
26,False,0.2354,0.0,WATCH,2.3,0.0138,11.9,2026-07-23T11:14:30.283916,0,NORMAL
23,False,0.2692,0.0,NORMAL,1.81,0.0093,2.9,2026-07-23T11:14:30.291937,0,NORMAL
22,False,0.2772,0.0,NORMAL,1.9,0.013,7.2,2026-07-23T11:14:30.300034,0,NORMAL
22,False,0.2728,0.0,NORMAL,2.64,0.0112,6.7,2026-07-23T11:14:30.308073,0,NORMAL
26,False,0.2328,0.0,WATCH,2.65,0.0029,6.2,2026-07-23T11:14:30.316202,0,NORMAL
22,False,0.2795,0.0,NORMAL,1.86,0.0083,5.8,2026-07-23T11:14:30.324331,0,NORMAL
22,False,0.2724,0.0,NORMAL,1.68,0.0069,6.1,2026-07-23T11:14:30.332491,0,NORMAL
22,False,0.2727,0.0,NORMAL,1.57,0.0077,5.8,2026-07-23T11:14:30.341164,0,NORMAL
24,False,0.2529,0.0,NORMAL,2.35,0.0035,4.8,2026-07-23T11:14:30.350993,0,NORMAL
24,False,0.2556,0.0,NORMAL,1.9,0.0156,9.5,2026-07-23T11:14:30.359661,0,NORMAL
28,False,0.2138,0.0,WATCH,1.81,0.018,1.1,2026-07-23T11:14:30.367897,0,NORMAL
23,False,0.262,0.0,NORMAL,1.59,0.0149,8.1,2026-07-23T11:14:30.376035,0,NORMAL
23,False,0.2617,0.0,NORMAL,1.62,0.0164,7.5,2026-07-23T11:14:30.384175,0,NORMAL
22,False,0.2741,0.0,NORMAL,2.16,0.0083,7.1,2026-07-23T11:14:30.392341,0,NORMAL
26,False,0.2375,0.0,WATCH,1.34,0.0068,8.4,2026-07-23T11:14:30.400487,0,NORMAL
23,False,0.2667,0.0,NORMAL,2.5,0.0061,4.7,2026-07-23T11:14:30.408559,0,NORMAL
26,False,0.2321,0.0,WATCH,1.73,0.0132,0.0,2026-07-23T11:14:30.416659,0,NORMAL
21,False,0.2854,0.0,NORMAL,1.93,0.0111,4.8,2026-07-23T11:14:30.424801,0,NORMAL
26,False,0.2359,0.0,WATCH,1.33,0.0096,2.0,2026-07-23T11:14:30.432938,0,NORMAL
24,False,0.255,0.0,NORMAL,1.99,0.0165,2.8,2026-07-23T11:14:30.441041,0,NORMAL
24,False,0.2535,0.0,NORMAL,1.84,0.012,1.3,2026-07-23T11:14:30.449165,0,NORMAL
23,False,0.267,0.0,NORMAL,1.97,0.0058,3.6,2026-07-23T11:14:30.457260,0,NORMAL
24,False,0.2518,0.0,NORMAL,2.74,0.0066,3.2,2026-07-23T11:14:30.465316,0,NORMAL
26,False,0.2329,0.0,WATCH,2.09,0.0134,0.0,2026-07-23T11:14:30.473555,0,NORMAL
23,False,0.2679,0.0,NORMAL,1.6,0.0152,7.1,2026-07-23T11:14:30.481659,0,NORMAL
27,False,0.2273,0.0,WATCH,1.64,0.0128,11.7,2026-07-23T11:14:30.489839,0,NORMAL
25,False,0.2442,0.0,WATCH,2.3,0.0195,6.8,2026-07-23T11:14:30.497946,0,NORMAL
25,False,0.2472,0.0,WATCH,2.65,0.0182,4.4,2026-07-23T11:14:30.506042,0,NORMAL
21,False,0.2836,0.0,NORMAL,2.14,0.0122,4.8,2026-07-23T11:14:30.514171,0,NORMAL
23,False,0.2632,0.0,NORMAL,2.34,0.0058,3.7,2026-07-23T11:14:30.522312,0,NORMAL
24,False,0.2555,0.0,NORMAL,2.3,0.0035,5.3,2026-07-23T11:14:30.530376,0,NORMAL
23,False,0.2681,0.0,NORMAL,2.71,0.0081,4.9,2026-07-23T11:14:30.538440,0,NORMAL
28,False,0.2153,0.0,WATCH,1.03,0.0138,2.5,2026-07-23T11:14:30.546649,0,NORMAL
26,False,0.2363,0.0,WATCH,2.33,0.0191,10.0,2026-07-23T11:14:30.554801,0,NORMAL
26,False,0.232,0.0,WATCH,2.49,0.0121,0.5,2026-07-23T11:14:30.562930,0,NORMAL
24,False,0.253,0.0,NORMAL,1.33,0.0158,7.2,2026-07-23T11:14:30.571031,0,NORMAL
22,False,0.2754,0.0,NORMAL,1.56,0.0088,4.7,2026-07-23T11:14:30.579164,0,NORMAL
25,False,0.2406,0.0,WATCH,1.57,0.0131,10.7,2026-07-23T11:14:30.587264,0,NORMAL
22,False,0.2771,0.0,NORMAL,1.64,0.0141,6.0,2026-07-23T11:14:30.595291,0,NORMAL
30,False,0.1997,0.0,WATCH,1.76,0.0001,3.9,2026-07-23T11:14:30.603429,0,NORMAL
22,False,0.2791,0.0,NORMAL,2.12,0.0079,4.3,2026-07-23T11:14:30.611544,0,NORMAL
22,False,0.276,0.0,NORMAL,2.43,0.0147,5.1,2026-07-23T11:14:30.619619,0,NORMAL
25,False,0.2483,0.0,WATCH,2.54,0.0114,1.6,2026-07-23T11:14:30.627747,0,NORMAL
26,False,0.239,0.0,WATCH,1.58,0.004,2.7,2026-07-23T11:14:30.635937,0,NORMAL
35,False,0.1458,0.0,WATCH,1.58,0.0,0.0,2026-07-23T11:14:30.644028,0,NORMAL
25,False,0.2442,0.0,WATCH,2.66,0.0082,2.2,2026-07-23T11:14:30.652187,0,NORMAL
21,False,0.2823,0.0,NORMAL,2.32,0.0096,5.3,2026-07-23T11:14:30.660336,0,NORMAL
23,False,0.2681,0.0,NORMAL,2.13,0.011,2.3,2026-07-23T11:14:30.668364,0,NORMAL
22,False,0.2716,0.0,NORMAL,1.55,0.0141,4.0,2026-07-23T11:14:30.676451,0,NORMAL
22,False,0.2744,0.0,NORMAL,1.81,0.0099,7.3,2026-07-23T11:14:30.684566,0,NORMAL
23,False,0.2677,0.0,NORMAL,1.73,0.0091,2.7,2026-07-23T11:14:30.692695,0,NORMAL
25,False,0.2485,0.0,WATCH,2.43,0.0053,8.7,2026-07-23T11:14:30.700861,0,NORMAL
22,False,0.2723,0.0,NORMAL,1.79,0.0085,3.3,2026-07-23T11:14:30.708998,0,NORMAL
22,False,0.2761,0.0,NORMAL,2.25,0.0067,4.8,2026-07-23T11:14:30.717040,0,NORMAL
31,False,0.187,0.0,WATCH,3.01,0.0194,2.0,2026-07-23T11:14:30.725110,0,NORMAL
23,False,0.2659,0.0,NORMAL,2.63,0.0129,8.0,2026-07-23T11:14:30.733130,0,NORMAL
24,False,0.2593,0.0,NORMAL,1.78,0.0175,7.1,2026-07-23T11:14:30.741217,0,NORMAL
24,False,0.258,0.0,NORMAL,1.83,0.0171,4.0,2026-07-23T11:14:30.749284,0,NORMAL
24,False,0.2589,0.0,NORMAL,2.23,0.0037,4.6,2026-07-23T11:14:30.757397,0,NORMAL
29,False,0.2031,0.0,WATCH,1.17,0.019,8.7,2026-07-23T11:14:30.765482,0,NORMAL
22,False,0.2741,0.0,NORMAL,1.57,0.0095,6.3,2026-07-23T11:14:30.773653,0,NORMAL
21,False,0.2841,0.0,NORMAL,2.25,0.0127,6.0,2026-07-23T11:14:30.781859,0,NORMAL
23,False,0.2681,0.0,NORMAL,1.94,0.0069,7.3,2026-07-23T11:14:30.789955,0,NORMAL
24,False,0.253,0.0,NORMAL,2.97,0.0097,6.3,2026-07-23T11:14:30.798090,0,NORMAL
24,False,0.2545,0.0,NORMAL,1.69,0.0039,5.5,2026-07-23T11:14:30.806224,0,NORMAL
23,False,0.2691,0.0,NORMAL,1.48,0.0146,5.6,2026-07-23T11:14:30.814273,0,NORMAL
27,False,0.2236,0.0,WATCH,1.56,0.0098,0.0,2026-07-23T11:14:30.822360,0,NORMAL
22,False,0.2719,0.0,NORMAL,2.01,0.0113,2.9,2026-07-23T11:14:30.830506,0,NORMAL
27,False,0.2252,0.0,WATCH,1.92,0.0065,0.0,2026-07-23T11:14:30.838589,0,NORMAL
25,False,0.2401,0.0,WATCH,3.12,0.01,7.1,2026-07-23T11:14:30.850774,0,NORMAL
22,False,0.2747,0.0,NORMAL,1.8,0.0094,3.3,2026-07-23T11:14:30.866704,0,NORMAL
23,False,0.265,0.0,NORMAL,2.03,0.0081,8.3,2026-07-23T11:14:30.875080,0,NORMAL
30,False,0.1952,0.0,WATCH,2.44,0.0034,0.0,2026-07-23T11:14:30.883270,0,NORMAL
22,False,0.2738,0.0,NORMAL,1.95,0.0104,2.9,2026-07-23T11:14:30.891432,0,NORMAL
23,False,0.2691,0.0,NORMAL,2.28,0.0158,3.6,2026-07-23T11:14:30.899663,0,NORMAL
22,False,0.2729,0.0,NORMAL,2.2,0.0079,7.5,2026-07-23T11:14:30.907871,0,NORMAL
25,False,0.2437,0.0,WATCH,2.42,0.0197,6.0,2026-07-23T11:14:30.916130,0,NORMAL
26,False,0.2344,0.0,WATCH,1.3,0.011,9.0,2026-07-23T11:14:30.924229,0,NORMAL
23,False,0.2692,0.0,NORMAL,2.4,0.0149,7.7,2026-07-23T11:14:30.932322,0,NORMAL
24,False,0.251,0.0,NORMAL,1.93,0.0129,0.8,2026-07-23T11:14:30.940462,0,NORMAL
26,False,0.2376,0.0,WATCH,2.09,0.0068,11.1,2026-07-23T11:14:30.948584,0,NORMAL
24,False,0.2569,0.0,NORMAL,1.81,0.0121,9.8,2026-07-23T11:14:30.956719,0,NORMAL
24,False,0.2508,0.0,NORMAL,2.83,0.0081,7.2,2026-07-23T11:14:30.964881,0,NORMAL
26,False,0.2336,0.0,WATCH,0.98,0.0114,4.7,2026-07-23T11:14:30.973032,0,NORMAL
25,False,0.2436,0.0,WATCH,2.7,0.0138,2.0,2026-07-23T11:14:30.981157,0,NORMAL
28,False,0.2184,0.0,WATCH,1.66,0.0063,0.0,2026-07-23T11:14:30.989234,0,NORMAL
29,False,0.209,0.0,WATCH,2.76,0.0159,0.7,2026-07-23T11:14:30.997352,0,NORMAL
28,False,0.2173,0.0,WATCH,2.61,0.008,0.0,2026-07-23T11:14:31.005542,0,NORMAL
24,False,0.2598,0.0,NORMAL,2.51,0.0052,5.9,2026-07-23T11:14:31.013722,0,NORMAL
24,False,0.2581,0.0,NORMAL,2.41,0.0103,9.7,2026-07-23T11:14:31.021923,0,NORMAL
28,False,0.2174,0.0,WATCH,3.13,0.005,6.7,2026-07-23T11:14:31.030092,0,NORMAL
24,False,0.259,0.0,NORMAL,1.7,0.0044,5.0,2026-07-23T11:14:31.038270,0,NORMAL
25,False,0.249,0.0,WATCH,1.71,0.0038,3.9,2026-07-23T11:14:31.046366,0,NORMAL
28,False,0.2175,0.0,WATCH,1.67,0.021,8.9,2026-07-23T11:14:31.054547,0,NORMAL
22,False,0.2744,0.0,NORMAL,2.46,0.0139,4.3,2026-07-23T11:14:31.062678,0,NORMAL
24,False,0.2551,0.0,NORMAL,1.35,0.0126,7.8,2026-07-23T11:14:31.070807,0,NORMAL
22,False,0.2792,0.0,NORMAL,2.51,0.0127,4.9,2026-07-23T11:14:31.078908,0,NORMAL
21,False,0.2819,0.0,NORMAL,1.86,0.0131,6.6,2026-07-23T11:14:31.087067,0,NORMAL
28,False,0.218,0.0,WATCH,1.47,0.016,1.1,2026-07-23T11:14:31.095422,0,NORMAL
23,False,0.268,0.0,NORMAL,1.46,0.0115,6.9,2026-07-23T11:14:31.103535,0,NORMAL
22,False,0.273,0.0,NORMAL,1.6,0.0109,7.1,2026-07-23T11:14:31.111683,0,NORMAL
26,False,0.2311,0.0,WATCH,1.26,0.004,5.0,2026-07-23T11:14:31.119832,0,NORMAL
23,False,0.2657,0.0,NORMAL,2.26,0.0064,7.3,2026-07-23T11:14:31.127818,0,NORMAL
23,False,0.2657,0.0,NORMAL,2.43,0.012,2.9,2026-07-23T11:14:31.135889,0,NORMAL
25,False,0.2451,0.0,WATCH,2.48,0.0033,4.8,2026-07-23T11:14:31.143996,0,NORMAL
22,False,0.2784,0.0,NORMAL,1.69,0.0142,6.1,2026-07-23T11:14:31.152200,0,NORMAL
23,False,0.264,0.0,NORMAL,2.15,0.0098,9.5,2026-07-23T11:14:31.160367,0,NORMAL
22,False,0.2788,0.0,NORMAL,2.0,0.0083,4.4,2026-07-23T11:14:31.168532,0,NORMAL
24,False,0.2556,0.0,NORMAL,2.35,0.0182,6.4,2026-07-23T11:14:31.176728,0,NORMAL
22,False,0.2709,0.0,NORMAL,2.22,0.0056,5.2,2026-07-23T11:14:31.184750,0,NORMAL
26,False,0.237,0.0,WATCH,2.05,0.0103,0.0,2026-07-23T11:14:31.192822,0,NORMAL
26,False,0.2367,0.0,WATCH,1.07,0.0081,5.9,2026-07-23T11:14:31.201027,0,NORMAL
24,False,0.2596,0.0,NORMAL,1.92,0.0185,5.0,2026-07-23T11:14:31.209246,0,NORMAL
22,False,0.2715,0.0,NORMAL,2.06,0.0062,6.3,2026-07-23T11:14:31.217409,0,NORMAL
22,False,0.277,0.0,NORMAL,1.65,0.0099,5.5,2026-07-23T11:14:31.225498,0,NORMAL
23,False,0.2699,0.0,NORMAL,1.87,0.0072,7.2,2026-07-23T11:14:31.233642,0,NORMAL
27,False,0.2259,0.0,WATCH,1.35,0.0126,0.9,2026-07-23T11:14:31.241901,0,NORMAL
25,False,0.2413,0.0,WATCH,1.84,0.0142,0.7,2026-07-23T11:14:31.250092,0,NORMAL
28,False,0.217,0.0,WATCH,2.25,0.0028,1.8,2026-07-23T11:14:31.258237,0,NORMAL
26,False,0.2382,0.0,WATCH,3.04,0.008,3.6,2026-07-23T11:14:31.266321,0,NORMAL
22,False,0.2759,0.0,NORMAL,1.49,0.0112,4.9,2026-07-23T11:14:31.274369,0,NORMAL
25,False,0.2455,0.0,WATCH,1.99,0.0126,10.9,2026-07-23T11:14:31.282485,0,NORMAL
22,False,0.2712,0.0,NORMAL,1.52,0.0083,5.5,2026-07-23T11:14:31.290678,0,NORMAL
24,False,0.2502,0.0,NORMAL,1.95,0.0101,1.0,2026-07-23T11:14:31.298831,0,NORMAL
22,False,0.2752,0.0,NORMAL,1.89,0.0141,3.8,2026-07-23T11:14:31.306975,0,NORMAL
22,False,0.2755,0.0,NORMAL,2.42,0.0148,6.6,2026-07-23T11:14:31.315140,0,NORMAL
29,False,0.2029,0.0,WATCH,2.49,0.0,5.4,2026-07-23T11:14:31.323310,0,NORMAL
22,False,0.2732,0.0,NORMAL,2.08,0.0094,3.1,2026-07-23T11:14:31.331441,0,NORMAL
21,False,0.2808,0.0,NORMAL,1.94,0.0076,4.6,2026-07-23T11:14:31.339550,0,NORMAL
22,False,0.275,0.0,NORMAL,2.59,0.011,6.2,2026-07-23T11:14:31.347665,0,NORMAL
21,False,0.2841,0.0,NORMAL,2.09,0.0132,4.8,2026-07-23T11:14:31.355776,0,NORMAL
26,False,0.2347,0.0,WATCH,2.76,0.0061,10.2,2026-07-23T11:14:31.363933,0,NORMAL
25,False,0.2402,0.0,WATCH,1.18,0.0085,7.0,2026-07-23T11:14:31.372124,0,NORMAL
23,False,0.2602,0.0,NORMAL,2.89,0.0106,5.3,2026-07-23T11:14:31.380214,0,NORMAL
23,False,0.2601,0.0,NORMAL,1.69,0.0129,8.8,2026-07-23T11:14:31.388286,0,NORMAL
27,False,0.2235,0.0,WATCH,1.46,0.0063,10.2,2026-07-23T11:14:31.396449,0,NORMAL
21,False,0.2823,0.0,NORMAL,1.98,0.0098,6.4,2026-07-23T11:14:31.404771,0,NORMAL
25,False,0.2453,0.0,WATCH,1.42,0.0041,4.9,2026-07-23T11:14:31.412920,0,NORMAL
22,False,0.2725,0.0,NORMAL,2.28,0.01,3.0,2026-07-23T11:14:31.421086,0,NORMAL
21,False,0.2823,0.0,NORMAL,1.77,0.0104,5.6,2026-07-23T11:14:31.429186,0,NORMAL
23,False,0.261,0.0,NORMAL,2.14,0.0039,4.5,2026-07-23T11:14:31.437312,0,NORMAL
23,False,0.2664,0.0,NORMAL,1.51,0.0151,6.8,2026-07-23T11:14:31.445445,0,NORMAL
24,False,0.257,0.0,NORMAL,1.89,0.0131,1.3,2026-07-23T11:14:31.453712,0,NORMAL
24,False,0.2587,0.0,NORMAL,2.05,0.0054,3.1,2026-07-23T11:14:31.461867,0,NORMAL
22,False,0.273,0.0,NORMAL,1.91,0.0113,2.8,2026-07-23T11:14:31.469952,0,NORMAL
23,False,0.2653,0.0,NORMAL,2.8,0.0113,4.7,2026-07-23T11:14:31.478126,0,NORMAL
32,False,0.1726,0.0,WATCH,2.29,0.0009,0.6,2026-07-23T11:14:31.486299,0,NORMAL
22,False,0.2776,0.0,NORMAL,2.1,0.0078,6.4,2026-07-23T11:14:31.494497,0,NORMAL
26,False,0.2373,0.0,WATCH,1.07,0.0114,3.7,2026-07-23T11:14:31.502629,0,NORMAL
25,False,0.2414,0.0,WATCH,2.19,0.0024,6.2,2026-07-23T11:14:31.510708,0,NORMAL
28,False,0.215,0.0,WATCH,2.62,0.0074,0.0,2026-07-23T11:14:31.518805,0,NORMAL
23,False,0.2605,0.0,NORMAL,1.66,0.0129,2.1,2026-07-23T11:14:31.526930,0,NORMAL
23,False,0.2629,0.0,NORMAL,1.9,0.012,8.8,2026-07-23T11:14:31.535059,0,NORMAL
32,False,0.1717,0.0,WATCH,0.49,0.0034,4.4,2026-07-23T11:14:31.543243,0,NORMAL
27,False,0.2252,0.0,WATCH,1.38,0.0155,10.8,2026-07-23T11:14:31.551400,0,NORMAL
30,False,0.1941,0.0,WATCH,0.96,0.0127,1.4,2026-07-23T11:14:31.559612,0,NORMAL
21,False,0.2835,0.0,NORMAL,2.05,0.013,5.1,2026-07-23T11:14:31.567656,0,NORMAL
30,False,0.1951,0.0,WATCH,1.92,0.0215,1.7,2026-07-23T11:14:31.575748,0,NORMAL
21,False,0.2851,0.0,NORMAL,1.95,0.009,4.8,2026-07-23T11:14:31.583881,0,NORMAL
27,False,0.2229,0.0,WATCH,1.78,0.0149,0.0,2026-07-23T11:14:31.592005,0,NORMAL
27,False,0.2278,0.0,WATCH,2.51,0.0024,7.5,2026-07-23T11:14:31.600179,0,NORMAL
23,False,0.2644,0.0,NORMAL,1.38,0.013,6.9,2026-07-23T11:14:31.608352,0,NORMAL
28,False,0.2153,0.0,WATCH,1.96,0.0218,9.0,2026-07-23T11:14:31.616391,0,NORMAL
22,False,0.2797,0.0,NORMAL,2.3,0.0138,6.7,2026-07-23T11:14:31.624551,0,NORMAL
22,False,0.2794,0.0,NORMAL,1.91,0.0081,6.0,2026-07-23T11:14:31.632713,0,NORMAL
27,False,0.2225,0.0,WATCH,1.95,0.0021,3.0,2026-07-23T11:14:31.640806,0,NORMAL
24,False,0.2511,0.0,NORMAL,1.59,0.0077,2.0,2026-07-23T11:14:31.648968,0,NORMAL
26,False,0.2338,0.0,WATCH,1.83,0.0121,0.0,2026-07-23T11:14:31.657183,0,NORMAL
31,False,0.1879,0.0,WATCH,2.36,0.0002,9.8,2026-07-23T11:14:31.665359,0,NORMAL
29,False,0.2039,0.0,WATCH,0.99,0.0111,1.7,2026-07-23T11:14:31.673541,0,NORMAL
22,False,0.2736,0.0,NORMAL,1.92,0.0075,3.9,2026-07-23T11:14:31.681635,0,NORMAL
24,False,0.2555,0.0,NORMAL,1.71,0.0058,2.7,2026-07-23T11:14:31.689727,0,NORMAL
22,False,0.2752,0.0,NORMAL,1.96,0.0116,7.8,2026-07-23T11:14:31.697828,0,NORMAL
24,False,0.2501,0.0,NORMAL,2.89,0.0072,4.7,2026-07-23T11:14:31.706161,0,NORMAL
23,False,0.2685,0.0,NORMAL,1.78,0.007,3.5,2026-07-23T11:14:31.714309,0,NORMAL
24,False,0.2542,0.0,NORMAL,2.74,0.0074,7.5,2026-07-23T11:14:31.722524,0,NORMAL
24,False,0.2538,0.0,NORMAL,2.55,0.0047,4.5,2026-07-23T11:14:31.730713,0,NORMAL
22,False,0.2725,0.0,NORMAL,2.01,0.0116,7.7,2026-07-23T11:14:31.738845,0,NORMAL
28,False,0.2175,0.0,WATCH,2.04,0.001,6.8,2026-07-23T11:14:31.746940,0,NORMAL
21,False,0.2815,0.0,NORMAL,2.09,0.0109,4.0,2026-07-23T11:14:31.755099,0,NORMAL
22,False,0.2728,0.0,NORMAL,1.59,0.013,3.7,2026-07-23T11:14:31.763139,0,NORMAL
22,False,0.2781,0.0,NORMAL,2.31,0.0149,5.1,2026-07-23T11:14:31.771158,0,NORMAL
23,False,0.2664,0.0,NORMAL,1.69,0.0121,2.6,2026-07-23T11:14:31.779222,0,NORMAL
22,False,0.2707,0.0,NORMAL,2.02,0.0162,5.6,2026-07-23T11:14:31.787229,0,NORMAL
32,False,0.1772,0.0,WATCH,0.9,0.0038,2.4,2026-07-23T11:14:31.795327,0,NORMAL
22,False,0.2729,0.0,NORMAL,1.57,0.0084,5.9,2026-07-23T11:14:31.803366,0,NORMAL
22,False,0.2747,0.0,NORMAL,2.27,0.006,4.8,2026-07-23T11:14:31.811487,0,NORMAL
31,False,0.1889,0.0,WATCH,1.44,0.0008,3.1,2026-07-23T11:14:31.819607,0,NORMAL
24,False,0.2588,0.0,NORMAL,2.17,0.0124,1.4,2026-07-23T11:14:31.827743,0,NORMAL
22,False,0.276,0.0,NORMAL,1.75,0.014,7.0,2026-07-23T11:14:31.835857,0,NORMAL
22,False,0.2725,0.0,NORMAL,2.5,0.0097,3.6,2026-07-23T11:14:31.843908,0,NORMAL
26,False,0.2307,0.0,WATCH,2.63,0.0158,1.6,2026-07-23T11:14:31.852044,0,NORMAL
21,False,0.2814,0.0,NORMAL,2.09,0.0089,5.7,2026-07-23T11:14:31.860024,0,NORMAL
22,False,0.2782,0.0,NORMAL,1.99,0.0079,5.7,2026-07-23T11:14:31.868137,0,NORMAL
22,False,0.2756,0.0,NORMAL,2.02,0.0127,3.3,2026-07-23T11:14:31.876239,0,NORMAL
23,False,0.2624,0.0,NORMAL,1.99,0.0118,9.1,2026-07-23T11:14:31.884364,0,NORMAL
22,False,0.272,0.0,NORMAL,2.6,0.0147,5.6,2026-07-23T11:14:31.892405,0,NORMAL
27,False,0.2233,0.0,WATCH,3.25,0.0066,6.5,2026-07-23T11:14:31.900489,0,NORMAL
28,False,0.2184,0.0,WATCH,1.33,0.0027,4.2,2026-07-23T11:14:31.908625,0,NORMAL
24,False,0.2574,0.0,NORMAL,1.49,0.0055,6.3,2026-07-23T11:14:31.916647,0,NORMAL
26,False,0.2392,0.0,WATCH,2.68,0.0049,8.8,2026-07-23T11:14:31.924817,0,NORMAL
28,False,0.2134,0.0,WATCH,1.43,0.0118,0.0,2026-07-23T11:14:31.932852,0,NORMAL
28,False,0.2194,0.0,WATCH,1.31,0.0138,10.6,2026-07-23T11:14:31.941012,0,NORMAL
27,False,0.221,0.0,WATCH,3.06,0.015,2.2,2026-07-23T11:14:31.949138,0,NORMAL
27,False,0.2292,0.0,WATCH,1.86,0.0059,11.2,2026-07-23T11:14:31.957161,0,NORMAL
22,False,0.2766,0.0,NORMAL,1.87,0.0081,6.5,2026-07-23T11:14:31.965247,0,NORMAL
25,False,0.2475,0.0,WATCH,1.75,0.0065,1.9,2026-07-23T11:14:31.973357,0,NORMAL
23,False,0.2658,0.0,NORMAL,2.29,0.0119,2.3,2026-07-23T11:14:31.981383,0,NORMAL
26,False,0.2393,0.0,WATCH,1.43,0.011,9.6,2026-07-23T11:14:31.989458,0,NORMAL
28,False,0.2151,0.0,WATCH,2.89,0.0117,0.8,2026-07-23T11:14:31.997557,0,NORMAL
24,False,0.2581,0.0,NORMAL,2.38,0.006,3.1,2026-07-23T11:14:32.005580,0,NORMAL
24,False,0.254,0.0,NORMAL,1.97,0.0048,2.7,2026-07-23T11:14:32.013919,0,NORMAL
22,False,0.2782,0.0,NORMAL,1.72,0.0087,6.3,2026-07-23T11:14:32.022035,0,NORMAL
23,False,0.2622,0.0,NORMAL,2.05,0.0046,4.0,2026-07-23T11:14:32.030086,0,NORMAL
25,False,0.2454,0.0,WATCH,2.52,0.0179,9.8,2026-07-23T11:14:32.038122,0,NORMAL
26,False,0.2361,0.0,WATCH,3.31,0.0123,4.9,2026-07-23T11:14:32.046199,0,NORMAL
26,False,0.2355,0.0,WATCH,2.75,0.0039,7.0,2026-07-23T11:14:32.054323,0,NORMAL
23,False,0.2689,0.0,NORMAL,2.51,0.0156,7.3,2026-07-23T11:14:32.062314,0,NORMAL
22,False,0.2765,0.0,NORMAL,2.02,0.0087,3.5,2026-07-23T11:14:32.070322,0,NORMAL
24,False,0.2568,0.0,NORMAL,2.62,0.0104,9.5,2026-07-23T11:14:32.078375,0,NORMAL
22,False,0.2794,0.0,NORMAL,1.83,0.015,5.8,2026-07-23T11:14:32.086443,0,NORMAL
23,False,0.2664,0.0,NORMAL,2.17,0.0122,9.2,2026-07-23T11:14:32.094448,0,NORMAL
23,False,0.2683,0.0,NORMAL,2.59,0.0075,4.3,2026-07-23T11:14:32.102508,0,NORMAL
22,False,0.2712,0.0,NORMAL,2.3,0.0122,8.1,2026-07-23T11:14:32.110573,0,NORMAL
27,False,0.2232,0.0,WATCH,1.67,0.0023,3.5,2026-07-23T11:14:32.118640,0,NORMAL
27,False,0.2221,0.0,WATCH,1.23,0.0033,4.5,2026-07-23T11:14:32.126756,0,NORMAL
25,False,0.2481,0.0,WATCH,2.25,0.0129,0.9,2026-07-23T11:14:32.134810,0,NORMAL
22,False,0.2762,0.0,NORMAL,2.07,0.0096,3.2,2026-07-23T11:14:32.142936,0,NORMAL
25,False,0.2483,0.0,WATCH,2.46,0.0052,3.1,2026-07-23T11:14:32.150965,0,NORMAL
22,False,0.2792,0.0,NORMAL,2.03,0.0105,3.9,2026-07-23T11:14:32.159135,0,NORMAL
21,False,0.281,0.0,NORMAL,1.81,0.0122,5.1,2026-07-23T11:14:32.167205,0,NORMAL
24,False,0.2528,0.0,NORMAL,2.53,0.0049,7.3,2026-07-23T11:14:32.175235,0,NORMAL
22,False,0.2755,0.0,NORMAL,2.5,0.0149,5.3,2026-07-23T11:14:32.183180,0,NORMAL
27,False,0.2275,0.0,WATCH,0.95,0.0156,5.9,2026-07-23T11:14:32.191223,0,NORMAL
24,False,0.2575,0.0,NORMAL,1.24,0.0128,5.6,2026-07-23T11:14:32.199190,0,NORMAL
23,False,0.264,0.0,NORMAL,2.06,0.0041,5.1,2026-07-23T11:14:32.207270,0,NORMAL
21,False,0.285,0.0,NORMAL,1.97,0.011,6.5,2026-07-23T11:14:32.215378,0,NORMAL
23,False,0.26,0.0,NORMAL,1.91,0.015,2.3,2026-07-23T11:14:32.223538,0,NORMAL
22,False,0.2711,0.0,NORMAL,2.41,0.0067,6.2,2026-07-23T11:14:32.231624,0,NORMAL
29,False,0.2032,0.0,WATCH,3.01,0.0061,1.2,2026-07-23T11:14:32.239746,0,NORMAL
25,False,0.249,0.0,WATCH,1.48,0.0048,6.7,2026-07-23T11:14:32.247816,0,NORMAL
22,False,0.2723,0.0,NORMAL,1.97,0.0056,4.6,2026-07-23T11:14:32.255953,0,NORMAL
24,False,0.2517,0.0,NORMAL,1.99,0.007,9.4,2026-07-23T11:14:32.263997,0,NORMAL
24,False,0.2554,0.0,NORMAL,2.1,0.0128,1.2,2026-07-23T11:14:32.272137,0,NORMAL
30,False,0.1966,0.0,WATCH,1.39,0.0153,0.1,2026-07-23T11:14:32.280203,0,NORMAL
25,False,0.2452,0.0,WATCH,2.23,0.0033,8.0,2026-07-23T11:14:32.288324,0,NORMAL
22,False,0.2789,0.0,NORMAL,2.02,0.0127,6.9,2026-07-23T11:14:32.296443,0,NORMAL
24,False,0.2535,0.0,NORMAL,3.02,0.0135,5.2,2026-07-23T11:14:32.304491,0,NORMAL
22,False,0.2718,0.0,NORMAL,2.19,0.0134,8.5,2026-07-23T11:14:32.312656,0,NORMAL
23,False,0.2691,0.0,NORMAL,1.65,0.0153,7.4,2026-07-23T11:14:32.320752,0,NORMAL
29,False,0.2072,0.0,WATCH,1.25,0.004,2.2,2026-07-23T11:14:32.328796,0,NORMAL
24,False,0.2594,0.0,NORMAL,1.95,0.0047,4.0,2026-07-23T11:14:32.336823,0,NORMAL
22,False,0.2732,0.0,NORMAL,1.63,0.015,5.9,2026-07-23T11:14:32.344879,0,NORMAL
22,False,0.2749,0.0,NORMAL,1.79,0.0151,4.5,2026-07-23T11:14:32.353007,0,NORMAL
27,False,0.2268,0.0,WATCH,2.17,0.0015,3.5,2026-07-23T11:14:32.361016,0,NORMAL
24,False,0.2598,0.0,NORMAL,2.12,0.0057,8.2,2026-07-23T11:14:32.369033,0,NORMAL
22,False,0.2781,0.0,NORMAL,2.1,0.0143,4.1,2026-07-23T11:14:32.377129,0,NORMAL
23,False,0.267,0.0,NORMAL,2.7,0.0099,6.9,2026-07-23T11:14:32.385221,0,NORMAL
22,False,0.2793,0.0,NORMAL,2.2,0.0141,4.0,2026-07-23T11:14:32.393242,0,NORMAL
28,False,0.2176,0.0,WATCH,3.36,0.0105,3.4,2026-07-23T11:14:32.401277,0,NORMAL
22,False,0.2798,0.0,NORMAL,2.08,0.0133,7.4,2026-07-23T11:14:32.409338,0,NORMAL
23,False,0.2605,0.0,NORMAL,1.8,0.0044,5.8,2026-07-23T11:14:32.417394,0,NORMAL
27,False,0.2289,0.0,WATCH,1.25,0.0063,2.5,2026-07-23T11:14:32.425461,0,NORMAL
25,False,0.2432,0.0,WATCH,1.34,0.0067,7.7,2026-07-23T11:14:32.433435,0,NORMAL
23,False,0.2667,0.0,NORMAL,2.45,0.0118,8.6,2026-07-23T11:14:32.441497,0,NORMAL
24,False,0.2546,0.0,NORMAL,2.32,0.0133,1.8,2026-07-23T11:14:32.449544,0,NORMAL
22,False,0.2726,0.0,NORMAL,1.96,0.0112,3.0,2026-07-23T11:14:32.457654,0,NORMAL
27,False,0.2242,0.0,WATCH,1.89,0.0079,12.3,2026-07-23T11:14:32.465671,0,NORMAL
24,False,0.2537,0.0,NORMAL,1.56,0.0101,2.2,2026-07-23T11:14:32.473794,0,NORMAL
21,False,0.2834,0.0,NORMAL,1.92,0.0089,5.0,2026-07-23T11:14:32.481849,0,NORMAL
25,False,0.2451,0.0,WATCH,2.06,0.0102,0.7,2026-07-23T11:14:32.489921,0,NORMAL
26,False,0.2353,0.0,WATCH,0.99,0.0118,5.0,2026-07-23T11:14:32.498005,0,NORMAL
22,False,0.2747,0.0,NORMAL,2.36,0.0111,3.7,2026-07-23T11:14:32.506221,0,NORMAL
27,False,0.2283,0.0,WATCH,0.99,0.0095,4.0,2026-07-23T11:14:32.514269,0,NORMAL
24,False,0.2558,0.0,NORMAL,2.17,0.0035,4.4,2026-07-23T11:14:32.522307,0,NORMAL
23,False,0.2624,0.0,NORMAL,1.98,0.0055,7.1,2026-07-23T11:14:32.530407,0,NORMAL
25,False,0.2433,0.0,WATCH,2.15,0.0084,0.8,2026-07-23T11:14:32.538499,0,NORMAL
31,False,0.1872,0.0,WATCH,1.68,0.0024,0.6,2026-07-23T11:14:32.546429,0,NORMAL
24,False,0.257,0.0,NORMAL,2.85,0.0151,4.9,2026-07-23T11:14:32.554462,0,NORMAL
26,False,0.2334,0.0,WATCH,2.36,0.0113,0.0,2026-07-23T11:14:32.562490,0,NORMAL
25,False,0.248,0.0,WATCH,2.32,0.0189,4.3,2026-07-23T11:14:32.570579,0,NORMAL
25,False,0.2435,0.0,WATCH,1.91,0.0146,0.8,2026-07-23T11:14:32.578657,0,NORMAL
21,False,0.2802,0.0,NORMAL,1.96,0.0115,7.2,2026-07-23T11:14:32.586659,0,NORMAL
26,False,0.2356,0.0,WATCH,2.44,0.0133,0.7,2026-07-23T11:14:32.594730,0,NORMAL
24,False,0.2545,0.0,NORMAL,2.65,0.0165,8.4,2026-07-23T11:14:32.602879,0,NORMAL
23,False,0.2646,0.0,NORMAL,2.7,0.0079,4.5,2026-07-23T11:14:32.611037,0,NORMAL
22,False,0.2757,0.0,NORMAL,1.98,0.0115,7.9,2026-07-23T11:14:32.619306,0,NORMAL
24,False,0.2535,0.0,NORMAL,2.03,0.0097,10.3,2026-07-23T11:14:32.627383,0,NORMAL
24,False,0.2519,0.0,NORMAL,2.17,0.0109,10.8,2026-07-23T11:14:32.635457,0,NORMAL
21,False,0.2831,0.0,NORMAL,1.87,0.0112,6.1,2026-07-23T11:14:32.643570,0,NORMAL
26,False,0.2379,0.0,WATCH,1.65,0.0116,11.0,2026-07-23T11:14:32.651675,0,NORMAL
21,False,0.28,0.0,NORMAL,2.08,0.0147,5.7,2026-07-23T11:14:32.659814,0,NORMAL
25,False,0.2471,0.0,WATCH,2.24,0.0188,3.9,2026-07-23T11:14:32.667905,0,NORMAL
21,False,0.2817,0.0,NORMAL,2.26,0.0086,4.9,2026-07-23T11:14:32.676034,0,NORMAL
24,False,0.2569,0.0,NORMAL,1.96,0.0053,7.8,2026-07-23T11:14:32.684125,0,NORMAL
23,False,0.2629,0.0,NORMAL,1.67,0.0079,2.7,2026-07-23T11:14:32.692234,0,NORMAL
24,False,0.2544,0.0,NORMAL,2.25,0.0145,1.9,2026-07-23T11:14:32.700354,0,NORMAL
24,False,0.2578,0.0,NORMAL,2.2,0.0096,1.4,2026-07-23T11:14:32.708559,0,NORMAL
26,False,0.2398,0.0,WATCH,1.54,0.0032,6.9,2026-07-23T11:14:32.716695,0,NORMAL
22,False,0.277,0.0,NORMAL,2.47,0.0123,4.5,2026-07-23T11:14:32.724905,0,NORMAL
22,False,0.2726,0.0,NORMAL,2.38,0.0083,6.8,2026-07-23T11:14:32.732855,0,NORMAL
26,False,0.2381,0.0,WATCH,1.98,0.0078,0.4,2026-07-23T11:14:32.741004,0,NORMAL
23,False,0.2602,0.0,NORMAL,1.37,0.0089,4.0,2026-07-23T11:14:32.749060,0,NORMAL
24,False,0.2555,0.0,NORMAL,1.39,0.0059,5.3,2026-07-23T11:14:32.757191,0,NORMAL
24,False,0.2566,0.0,NORMAL,2.22,0.0086,1.8,2026-07-23T11:14:32.765335,0,NORMAL
21,False,0.2808,0.0,NORMAL,1.74,0.0132,6.4,2026-07-23T11:14:32.773483,0,NORMAL
27,False,0.2203,0.0,WATCH,1.86,0.0201,2.5,2026-07-23T11:14:32.781633,0,NORMAL
25,False,0.2435,0.0,WATCH,1.44,0.0185,7.4,2026-07-23T11:14:32.789771,0,NORMAL
27,False,0.2245,0.0,WATCH,2.41,0.0021,7.8,2026-07-23T11:14:32.797949,0,NORMAL
25,False,0.2404,0.0,WATCH,1.05,0.01,6.4,2026-07-23T11:14:32.806070,0,NORMAL
21,False,0.2802,0.0,NORMAL,1.98,0.0143,6.3,2026-07-23T11:14:32.814168,0,NORMAL
25,False,0.2443,0.0,WATCH,2.18,0.0148,1.1,2026-07-23T11:14:32.822310,0,NORMAL
22,False,0.2781,0.0,NORMAL,2.31,0.0082,5.1,2026-07-23T11:14:32.830447,0,NORMAL
25,False,0.2412,0.0,WATCH,2.24,0.0072,10.9,2026-07-23T11:14:32.838525,0,NORMAL
31,False,0.1801,0.0,WATCH,1.39,0.0172,0.0,2026-07-23T11:14:32.846576,0,NORMAL
23,False,0.2697,0.0,NORMAL,1.79,0.016,7.3,2026-07-23T11:14:32.854722,0,NORMAL
23,False,0.2687,0.0,NORMAL,1.63,0.0067,4.4,2026-07-23T11:14:32.862905,0,NORMAL
23,False,0.2674,0.0,NORMAL,1.41,0.0125,5.5,2026-07-23T11:14:32.870974,0,NORMAL
26,False,0.236,0.0,WATCH,1.12,0.0114,7.9,2026-07-23T11:14:32.879099,0,NORMAL
22,False,0.276,0.0,NORMAL,2.24,0.0097,7.9,2026-07-23T11:14:32.887194,0,NORMAL
22,False,0.2721,0.0,NORMAL,2.59,0.0141,6.9,2026-07-23T11:14:32.895357,0,NORMAL
23,False,0.2675,0.0,NORMAL,1.71,0.0121,8.0,2026-07-23T11:14:32.903511,0,NORMAL
25,False,0.2494,0.0,WATCH,2.38,0.0045,8.3,2026-07-23T11:14:32.911575,0,NORMAL
25,False,0.2414,0.0,WATCH,2.27,0.0026,6.5,2026-07-23T11:14:32.919885,0,NORMAL
22,False,0.2713,0.0,NORMAL,1.55,0.015,6.2,2026-07-23T11:14:32.928002,0,NORMAL
23,False,0.2627,0.0,NORMAL,1.94,0.0072,2.5,2026-07-23T11:14:32.936144,0,NORMAL
22,False,0.271,0.0,NORMAL,2.02,0.0132,8.1,2026-07-23T11:14:32.944198,0,NORMAL
21,False,0.2803,0.0,NORMAL,2.37,0.0114,6.2,2026-07-23T11:14:32.952289,0,NORMAL
28,False,0.218,0.0,WATCH,2.05,0.0216,7.9,2026-07-23T11:14:32.960369,0,NORMAL
25,False,0.245,0.0,WATCH,1.13,0.0084,4.8,2026-07-23T11:14:32.968456,0,NORMAL
25,False,0.2486,0.0,WATCH,2.92,0.0129,8.5,2026-07-23T11:14:32.976557,0,NORMAL
26,False,0.2375,0.0,WATCH,2.19,0.0138,0.4,2026-07-23T11:14:32.984641,0,NORMAL
22,False,0.2733,0.0,NORMAL,1.5,0.0095,5.3,2026-07-23T11:14:32.992884,0,NORMAL
27,False,0.2205,0.0,WATCH,1.23,0.0111,10.0,2026-07-23T11:14:33.001092,0,NORMAL
24,False,0.2595,0.0,NORMAL,1.56,0.0081,2.6,2026-07-23T11:14:33.009258,0,NORMAL
25,False,0.2413,0.0,WATCH,1.82,0.0085,0.8,2026-07-23T11:14:33.017361,0,NORMAL
24,False,0.257,0.0,NORMAL,1.66,0.0097,9.3,2026-07-23T11:14:33.025420,0,NORMAL
22,False,0.2774,0.0,NORMAL,1.76,0.0126,3.6,2026-07-23T11:14:33.033496,0,NORMAL
23,False,0.2642,0.0,NORMAL,1.49,0.015,7.5,2026-07-23T11:14:33.041683,0,NORMAL
26,False,0.2388,0.0,WATCH,2.28,0.0039,9.7,2026-07-23T11:14:33.049727,0,NORMAL
25,False,0.2444,0.0,WATCH,1.48,0.0146,9.1,2026-07-23T11:14:33.057797,0,NORMAL
21,False,0.2822,0.0,NORMAL,2.27,0.0125,4.1,2026-07-23T11:14:33.065913,0,NORMAL
24,False,0.2581,0.0,NORMAL,2.34,0.0147,9.9,2026-07-23T11:14:33.074081,0,NORMAL
25,False,0.2408,0.0,WATCH,1.25,0.0055,4.5,2026-07-23T11:14:33.082200,0,NORMAL
27,False,0.2292,0.0,WATCH,1.76,0.0047,10.5,2026-07-23T11:14:33.090321,0,NORMAL
27,False,0.2243,0.0,WATCH,2.45,0.0095,13.0,2026-07-23T11:14:33.098534,0,NORMAL
27,False,0.224,0.0,WATCH,2.08,0.0061,0.1,2026-07-23T11:14:33.106659,0,NORMAL
24,False,0.2588,0.0,NORMAL,2.43,0.0084,9.0,2026-07-23T11:14:33.114746,0,NORMAL
23,False,0.2634,0.0,NORMAL,2.54,0.0094,3.0,2026-07-23T11:14:33.122836,0,NORMAL
29,False,0.2042,0.0,WATCH,1.44,0.0181,1.3,2026-07-23T11:14:33.130964,0,NORMAL
24,False,0.2589,0.0,NORMAL,1.78,0.0144,8.9,2026-07-23T11:14:33.139098,0,NORMAL
22,False,0.2751,0.0,NORMAL,2.14,0.0118,8.0,2026-07-23T11:14:33.147162,0,NORMAL
32,False,0.1798,0.0,WATCH,1.86,0.0021,0.0,2026-07-23T11:14:33.155309,0,NORMAL
27,False,0.221,0.0,WATCH,2.17,0.0191,2.0,2026-07-23T11:14:33.163492,0,NORMAL
32,False,0.1782,0.0,WATCH,2.73,0.0,3.0,2026-07-23T11:14:33.171569,0,NORMAL
23,False,0.266,0.0,NORMAL,1.9,0.0075,2.9,2026-07-23T11:14:33.179679,0,NORMAL
21,False,0.2842,0.0,NORMAL,2.11,0.0134,4.8,2026-07-23T11:14:33.187833,0,NORMAL
29,False,0.2097,0.0,WATCH,1.93,0.0218,3.4,2026-07-23T11:14:33.196007,0,NORMAL
28,False,0.2193,0.0,WATCH,0.97,0.0131,8.1,2026-07-23T11:14:33.207415,0,NORMAL
22,False,0.2727,0.0,NORMAL,1.58,0.008,6.4,2026-07-23T11:14:33.224244,0,NORMAL
23,False,0.2645,0.0,NORMAL,1.89,0.005,6.0,2026-07-23T11:14:33.232715,0,NORMAL
25,False,0.2426,0.0,WATCH,1.76,0.0187,8.9,2026-07-23T11:14:33.241195,0,NORMAL
24,False,0.2553,0.0,NORMAL,2.39,0.0077,9.5,2026-07-23T11:14:33.249459,0,NORMAL
28,False,0.2107,0.0,WATCH,2.53,0.0195,2.1,2026-07-23T11:14:33.257647,0,NORMAL
25,False,0.2419,0.0,WATCH,1.65,0.0137,0.9,2026-07-23T11:14:33.265878,0,NORMAL
22,False,0.2772,0.0,NORMAL,2.53,0.0112,4.4,2026-07-23T11:14:33.274015,0,NORMAL
23,False,0.2617,0.0,NORMAL,1.73,0.0133,9.2,2026-07-23T11:14:33.282147,0,NORMAL
27,False,0.2229,0.0,WATCH,2.15,0.0159,0.4,2026-07-23T11:14:33.290303,0,NORMAL
22,False,0.2766,0.0,NORMAL,1.8,0.0134,3.9,2026-07-23T11:14:33.298446,0,NORMAL
29,False,0.2039,0.0,WATCH,1.32,0.001,4.9,2026-07-23T11:14:33.306674,0,NORMAL
23,False,0.2695,0.0,NORMAL,1.6,0.0155,6.6,2026-07-23T11:14:33.314824,0,NORMAL
33,False,0.1659,0.0,WATCH,1.17,0.0,7.0,2026-07-23T11:14:33.323041,0,NORMAL
23,False,0.2646,0.0,NORMAL,2.4,0.0109,9.2,2026-07-23T11:14:33.331198,0,NORMAL
28,False,0.2134,0.0,WATCH,2.67,0.0054,0.9,2026-07-23T11:14:33.339295,0,NORMAL
23,False,0.269,0.0,NORMAL,2.45,0.0068,6.3,2026-07-23T11:14:33.347333,0,NORMAL
23,False,0.2642,0.0,NORMAL,1.84,0.0065,7.4,2026-07-23T11:14:33.355534,0,NORMAL
22,False,0.2745,0.0,NORMAL,2.35,0.0076,4.4,2026-07-23T11:14:33.363726,0,NORMAL
26,False,0.2397,0.0,WATCH,1.02,0.0108,5.7,2026-07-23T11:14:33.371899,0,NORMAL
22,False,0.2706,0.0,NORMAL,2.51,0.0072,6.4,2026-07-23T11:14:33.379910,0,NORMAL
25,False,0.2464,0.0,WATCH,2.93,0.0125,3.0,2026-07-23T11:14:33.388002,0,NORMAL
25,False,0.2493,0.0,WATCH,2.33,0.0076,1.9,2026-07-23T11:14:33.395997,0,NORMAL
29,False,0.2019,0.0,WATCH,1.74,0.0,6.4,2026-07-23T11:14:33.404110,0,NORMAL
28,False,0.2114,0.0,WATCH,2.42,0.0024,2.2,2026-07-23T11:14:33.412185,0,NORMAL
22,False,0.2713,0.0,NORMAL,2.03,0.0058,6.0,2026-07-23T11:14:33.420231,0,NORMAL
23,False,0.2606,0.0,NORMAL,1.48,0.0064,4.3,2026-07-23T11:14:33.428330,0,NORMAL
26,False,0.2367,0.0,WATCH,1.32,0.0052,7.3,2026-07-23T11:14:33.436400,0,NORMAL
22,False,0.2744,0.0,NORMAL,1.88,0.007,4.9,2026-07-23T11:14:33.444520,0,NORMAL
23,False,0.2665,0.0,NORMAL,2.01,0.012,2.3,2026-07-23T11:14:33.452573,0,NORMAL
32,False,0.1788,0.0,WATCH,0.71,0.0097,9.8,2026-07-23T11:14:33.460621,0,NORMAL
28,False,0.2185,0.0,WATCH,3.45,0.0158,4.4,2026-07-23T11:14:33.468682,0,NORMAL
23,False,0.2645,0.0,NORMAL,1.78,0.0084,8.3,2026-07-23T11:14:33.476704,0,NORMAL
25,False,0.2497,0.0,WATCH,2.65,0.0042,4.7,2026-07-23T11:14:33.484781,0,NORMAL
22,False,0.275,0.0,NORMAL,2.01,0.0102,7.3,2026-07-23T11:14:33.492881,0,NORMAL
25,False,0.2459,0.0,WATCH,2.63,0.0099,1.9,2026-07-23T11:14:33.500953,0,NORMAL
25,False,0.2402,0.0,WATCH,3.11,0.0145,4.6,2026-07-23T11:14:33.509077,0,NORMAL
23,False,0.2642,0.0,NORMAL,1.73,0.0077,3.0,2026-07-23T11:14:33.517143,0,NORMAL
27,False,0.2203,0.0,WATCH,1.83,0.0156,0.4,2026-07-23T11:14:33.525166,0,NORMAL
30,False,0.1973,0.0,WATCH,2.3,0.0032,0.0,2026-07-23T11:14:33.533259,0,NORMAL
24,False,0.25,0.0,NORMAL,2.49,0.0081,10.0,2026-07-23T11:14:33.541601,0,NORMAL
24,False,0.2599,0.0,NORMAL,2.11,0.0106,1.5,2026-07-23T11:14:33.549540,0,NORMAL
28,False,0.216,0.0,WATCH,1.92,0.0222,4.6,2026-07-23T11:14:33.557641,0,NORMAL
26,False,0.2339,0.0,WATCH,1.3,0.0141,8.9,2026-07-23T11:14:33.565721,0,NORMAL
25,False,0.2402,0.0,WATCH,2.04,0.0028,7.3,2026-07-23T11:14:33.573814,0,NORMAL
22,False,0.2749,0.0,NORMAL,1.48,0.0132,5.3,2026-07-23T11:14:33.581926,0,NORMAL
23,False,0.2601,0.0,NORMAL,2.0,0.0182,5.0,2026-07-23T11:14:33.589969,0,NORMAL
24,False,0.2511,0.0,NORMAL,2.61,0.0074,9.4,2026-07-23T11:14:33.598063,0,NORMAL
21,False,0.2807,0.0,NORMAL,2.19,0.0118,4.2,2026-07-23T11:14:33.606171,0,NORMAL
27,False,0.2207,0.0,WATCH,2.17,0.0214,4.1,2026-07-23T11:14:33.614239,0,NORMAL
28,False,0.2197,0.0,WATCH,1.22,0.0194,6.3,2026-07-23T11:14:33.622286,0,NORMAL
22,False,0.2719,0.0,NORMAL,2.24,0.0067,4.1,2026-07-23T11:14:33.630325,0,NORMAL
24,False,0.2585,0.0,NORMAL,1.73,0.007,8.3,2026-07-23T11:14:33.638445,0,NORMAL
33,False,0.1626,0.0,WATCH,1.03,0.0177,0.9,2026-07-23T11:14:33.646596,0,NORMAL
25,False,0.2456,0.0,WATCH,2.66,0.0161,2.7,2026-07-23T11:14:33.654754,0,NORMAL
26,False,0.2367,0.0,WATCH,1.87,0.0041,9.6,2026-07-23T11:14:33.662763,0,NORMAL
22,False,0.2776,0.0,NORMAL,2.02,0.0134,3.9,2026-07-23T11:14:33.670849,0,NORMAL
24,False,0.2562,0.0,NORMAL,2.24,0.0182,7.0,2026-07-23T11:14:33.678914,0,NORMAL
29,False,0.2046,0.0,WATCH,2.63,0.0235,5.7,2026-07-23T11:14:33.687075,0,NORMAL
23,False,0.2636,0.0,NORMAL,1.62,0.0055,6.0,2026-07-23T11:14:33.695011,0,NORMAL
26,False,0.2351,0.0,WATCH,2.73,0.0068,2.1,2026-07-23T11:14:33.703051,0,NORMAL
24,False,0.2544,0.0,NORMAL,1.98,0.0188,6.2,2026-07-23T11:14:33.711175,0,NORMAL
24,False,0.2508,0.0,NORMAL,1.6,0.0049,7.3,2026-07-23T11:14:33.719338,0,NORMAL
23,False,0.2632,0.0,NORMAL,2.05,0.0097,9.1,2026-07-23T11:14:33.727446,0,NORMAL
22,False,0.2793,0.0,NORMAL,1.68,0.0094,6.1,2026-07-23T11:14:33.735509,0,NORMAL
22,False,0.2752,0.0,NORMAL,1.95,0.0067,5.9,2026-07-23T11:14:33.743622,0,NORMAL
25,False,0.2434,0.0,WATCH,2.75,0.0063,3.0,2026-07-23T11:14:33.751690,0,NORMAL
27,False,0.2209,0.0,WATCH,1.05,0.0054,6.4,2026-07-23T11:14:33.759868,0,NORMAL
26,False,0.2376,0.0,WATCH,2.03,0.0087,0.0,2026-07-23T11:14:33.767886,0,NORMAL
22,False,0.2729,0.0,NORMAL,1.99,0.0077,7.1,2026-07-23T11:14:33.775948,0,NORMAL
23,False,0.2651,0.0,NORMAL,1.84,0.0065,7.1,2026-07-23T11:14:33.784026,0,NORMAL
27,False,0.2234,0.0,WATCH,1.77,0.0023,8.8,2026-07-23T11:14:33.792171,0,NORMAL
28,False,0.2146,0.0,WATCH,2.34,0.0187,1.7,2026-07-23T11:14:33.800131,0,NORMAL
23,False,0.2679,0.0,NORMAL,1.7,0.0128,3.0,2026-07-23T11:14:33.808123,0,NORMAL
32,False,0.1707,0.0,WATCH,0.55,0.0116,1.4,2026-07-23T11:14:33.816147,0,NORMAL
28,False,0.215,0.0,WATCH,1.25,0.0149,10.6,2026-07-23T11:14:33.824263,0,NORMAL
23,False,0.2615,0.0,NORMAL,1.85,0.0053,3.5,2026-07-23T11:14:33.832351,0,NORMAL
22,False,0.2727,0.0,NORMAL,2.45,0.0102,7.1,2026-07-23T11:14:33.840430,0,NORMAL
23,False,0.2636,0.0,NORMAL,2.28,0.0177,5.0,2026-07-23T11:14:33.848664,0,NORMAL
30,False,0.1979,0.0,WATCH,0.92,0.0174,3.5,2026-07-23T11:14:33.856746,0,NORMAL
24,False,0.2521,0.0,NORMAL,2.28,0.0089,10.7,2026-07-23T11:14:33.864721,0,NORMAL
22,False,0.273,0.0,NORMAL,2.05,0.0144,7.7,2026-07-23T11:14:33.872803,0,NORMAL
21,False,0.2805,0.0,NORMAL,1.74,0.0098,6.5,2026-07-23T11:14:33.880894,0,NORMAL
21,False,0.2819,0.0,NORMAL,1.74,0.0129,5.9,2026-07-23T11:14:33.888924,0,NORMAL
22,False,0.2781,0.0,NORMAL,2.29,0.0109,7.1,2026-07-23T11:14:33.897036,0,NORMAL
29,False,0.2073,0.0,WATCH,2.15,0.0,5.9,2026-07-23T11:14:33.905152,0,NORMAL
25,False,0.2453,0.0,WATCH,1.49,0.0186,7.0,2026-07-23T11:14:33.913205,0,NORMAL
24,False,0.2587,0.0,NORMAL,1.46,0.0134,3.2,2026-07-23T11:14:33.921409,0,NORMAL
24,False,0.2561,0.0,NORMAL,2.06,0.0065,2.3,2026-07-23T11:14:33.929437,0,NORMAL
30,False,0.1996,0.0,WATCH,2.93,0.0088,0.0,2026-07-23T11:14:33.937563,0,NORMAL
26,False,0.2394,0.0,WATCH,2.53,0.0097,1.0,2026-07-23T11:14:33.945652,0,NORMAL
23,False,0.2656,0.0,NORMAL,2.3,0.0146,2.9,2026-07-23T11:14:33.953688,0,NORMAL
24,False,0.253,0.0,NORMAL,1.47,0.0161,7.7,2026-07-23T11:14:33.961741,0,NORMAL
24,False,0.2556,0.0,NORMAL,1.59,0.0157,8.6,2026-07-23T11:14:33.969812,0,NORMAL
22,False,0.2747,0.0,NORMAL,2.33,0.0143,7.3,2026-07-23T11:14:33.977898,0,NORMAL
25,False,0.2488,0.0,WATCH,2.4,0.0046,7.6,2026-07-23T11:14:33.985924,0,NORMAL
22,False,0.2709,0.0,NORMAL,1.6,0.0138,3.6,2026-07-23T11:14:33.993940,0,NORMAL
21,False,0.2833,0.0,NORMAL,1.92,0.0124,4.6,2026-07-23T11:14:34.002023,0,NORMAL
24,False,0.256,0.0,NORMAL,1.58,0.0095,2.0,2026-07-23T11:14:34.010197,0,NORMAL
23,False,0.2651,0.0,NORMAL,1.71,0.0096,8.2,2026-07-23T11:14:34.018328,0,NORMAL
22,False,0.27,0.0,NORMAL,2.5,0.0147,4.2,2026-07-23T11:14:34.026340,0,NORMAL
21,False,0.2827,0.0,NORMAL,1.86,0.014,5.4,2026-07-23T11:14:34.034391,0,NORMAL
22,False,0.2733,0.0,NORMAL,1.54,0.0101,5.7,2026-07-23T11:14:34.042460,0,NORMAL
34,False,0.1574,0.0,WATCH,1.26,0.0005,9.8,2026-07-23T11:14:34.050473,0,NORMAL
27,False,0.224,0.0,WATCH,1.93,0.0014,5.8,2026-07-23T11:14:34.058477,0,NORMAL
27,False,0.2292,0.0,WATCH,1.85,0.0026,8.0,2026-07-23T11:14:34.066494,0,NORMAL
23,False,0.2649,0.0,NORMAL,2.72,0.0098,7.2,2026-07-23T11:14:34.074542,0,NORMAL
24,False,0.256,0.0,NORMAL,1.57,0.0122,1.9,2026-07-23T11:14:34.082573,0,NORMAL
24,False,0.2565,0.0,NORMAL,1.52,0.0137,2.3,2026-07-23T11:14:34.090685,0,NORMAL
23,False,0.2605,0.0,NORMAL,2.31,0.0174,6.7,2026-07-23T11:14:34.098751,0,NORMAL
23,False,0.2664,0.0,NORMAL,2.11,0.0124,2.2,2026-07-23T11:14:34.106827,0,NORMAL
28,False,0.2149,0.0,WATCH,2.0,0.0022,2.1,2026-07-23T11:14:34.114899,0,NORMAL
24,False,0.2574,0.0,NORMAL,2.08,0.0172,8.5,2026-07-23T11:14:34.123018,0,NORMAL
27,False,0.2248,0.0,WATCH,1.77,0.0209,5.6,2026-07-23T11:14:34.131105,0,NORMAL
23,False,0.2639,0.0,NORMAL,2.04,0.0156,3.2,2026-07-23T11:14:34.139150,0,NORMAL
23,False,0.2601,0.0,NORMAL,2.38,0.0135,2.0,2026-07-23T11:14:34.147387,0,NORMAL
27,False,0.2287,0.0,WATCH,1.44,0.0184,2.6,2026-07-23T11:14:34.155399,0,NORMAL
25,False,0.2424,0.0,WATCH,2.44,0.0075,1.7,2026-07-23T11:14:34.163513,0,NORMAL
22,False,0.2711,0.0,NORMAL,2.53,0.015,7.4,2026-07-23T11:14:34.171642,0,NORMAL
23,False,0.2694,0.0,NORMAL,1.74,0.0115,2.7,2026-07-23T11:14:34.179712,0,NORMAL
28,False,0.2119,0.0,WATCH,3.45,0.0093,3.2,2026-07-23T11:14:34.187788,0,NORMAL
37,False,0.1245,0.0,WATCH,2.94,0.0,0.2,2026-07-23T11:14:34.195771,0,NORMAL
27,False,0.221,0.0,WATCH,1.15,0.004,4.8,2026-07-23T11:14:34.203826,0,NORMAL
25,False,0.2486,0.0,WATCH,2.51,0.0125,10.7,2026-07-23T11:14:34.211877,0,NORMAL
22,False,0.2708,0.0,NORMAL,2.38,0.0147,4.0,2026-07-23T11:14:34.219994,0,NORMAL
23,False,0.2688,0.0,NORMAL,1.46,0.009,4.4,2026-07-23T11:14:34.228099,0,NORMAL
26,False,0.2324,0.0,WATCH,2.26,0.0132,0.1,2026-07-23T11:14:34.236144,0,NORMAL
22,False,0.272,0.0,NORMAL,1.76,0.0086,7.1,2026-07-23T11:14:34.244279,0,NORMAL
24,False,0.2532,0.0,NORMAL,2.45,0.009,10.3,2026-07-23T11:14:34.252394,0,NORMAL
29,False,0.2082,0.0,WATCH,1.51,0.0066,11.8,2026-07-23T11:14:34.260418,0,NORMAL
22,False,0.2726,0.0,NORMAL,1.51,0.0097,5.7,2026-07-23T11:14:34.268574,0,NORMAL
24,False,0.2553,0.0,NORMAL,2.94,0.013,7.5,2026-07-23T11:14:34.276702,0,NORMAL
26,False,0.2371,0.0,WATCH,2.02,0.0136,11.7,2026-07-23T11:14:34.284738,0,NORMAL
22,False,0.2794,0.0,NORMAL,2.39,0.0129,6.7,2026-07-23T11:14:34.292850,0,NORMAL
29,False,0.2059,0.0,WATCH,2.49,0.0076,14.1,2026-07-23T11:14:34.300901,0,NORMAL
22,False,0.2741,0.0,NORMAL,1.93,0.0078,3.6,2026-07-23T11:14:34.309002,0,NORMAL
22,False,0.276,0.0,NORMAL,1.79,0.0098,4.0,2026-07-23T11:14:34.317079,0,NORMAL
24,False,0.2581,0.0,NORMAL,2.26,0.0066,8.9,2026-07-23T11:14:34.325223,0,NORMAL
30,False,0.1934,0.0,WATCH,2.89,0.0073,0.0,2026-07-23T11:14:34.333343,0,NORMAL
22,False,0.2722,0.0,NORMAL,2.08,0.0113,3.1,2026-07-23T11:14:34.341491,0,NORMAL
23,False,0.2608,0.0,NORMAL,2.21,0.0074,8.8,2026-07-23T11:14:34.349673,0,NORMAL
21,False,0.2845,0.0,NORMAL,1.91,0.0092,5.2,2026-07-23T11:14:34.357750,0,NORMAL
26,False,0.2303,0.0,WATCH,2.17,0.0053,11.4,2026-07-23T11:14:34.365851,0,NORMAL
26,False,0.2355,0.0,WATCH,1.75,0.0125,0.0,2026-07-23T11:14:34.374017,0,NORMAL
26,False,0.2385,0.0,WATCH,2.19,0.0111,0.0,2026-07-23T11:14:34.382135,0,NORMAL
27,False,0.2274,0.0,WATCH,2.5,0.0121,0.0,2026-07-23T11:14:34.390252,0,NORMAL
23,False,0.2603,0.0,NORMAL,2.72,0.0072,6.5,2026-07-23T11:14:34.398318,0,NORMAL
23,False,0.2643,0.0,NORMAL,2.47,0.0159,4.2,2026-07-23T11:14:34.406442,0,NORMAL
21,False,0.2825,0.0,NORMAL,2.23,0.0116,5.5,2026-07-23T11:14:34.414527,0,NORMAL
24,False,0.2535,0.0,NORMAL,2.99,0.0116,5.3,2026-07-23T11:14:34.422669,0,NORMAL
22,False,0.2789,0.0,NORMAL,1.97,0.0139,6.9,2026-07-23T11:14:34.430815,0,NORMAL
32,False,0.1796,0.0,WATCH,1.91,0.0207,0.0,2026-07-23T11:14:34.438935,0,NORMAL
34,False,0.151,0.0,WATCH,1.09,0.0001,9.3,2026-07-23T11:14:34.447068,0,NORMAL
22,False,0.2725,0.0,NORMAL,2.17,0.0112,2.9,2026-07-23T11:14:34.455310,0,NORMAL
23,False,0.2665,0.0,NORMAL,2.34,0.0081,7.8,2026-07-23T11:14:34.463452,0,NORMAL
24,False,0.2563,0.0,NORMAL,2.56,0.0056,3.7,2026-07-23T11:14:34.471613,0,NORMAL
26,False,0.2359,0.0,WATCH,1.95,0.0019,6.5,2026-07-23T11:14:34.479736,0,NORMAL
29,False,0.2043,0.0,WATCH,3.17,0.0207,5.6,2026-07-23T11:14:34.487875,0,NORMAL
22,False,0.2713,0.0,NORMAL,2.45,0.0103,3.3,2026-07-23T11:14:34.496018,0,NORMAL
26,False,0.236,0.0,WATCH,1.47,0.0172,2.6,2026-07-23T11:14:34.504205,0,NORMAL
22,False,0.272,0.0,NORMAL,2.2,0.0142,8.2,2026-07-23T11:14:34.512205,0,NORMAL
23,False,0.2671,0.0,NORMAL,2.0,0.0053,6.0,2026-07-23T11:14:34.520325,0,NORMAL
23,False,0.2673,0.0,NORMAL,2.67,0.0114,8.1,2026-07-23T11:14:34.528476,0,NORMAL
21,False,0.2821,0.0,NORMAL,2.03,0.0123,4.6,2026-07-23T11:14:34.536615,0,NORMAL
27,False,0.228,0.0,WATCH,1.59,0.0122,0.0,2026-07-23T11:14:34.544782,0,NORMAL
24,False,0.257,0.0,NORMAL,2.16,0.0138,10.3,2026-07-23T11:14:34.552901,0,NORMAL
25,False,0.2406,0.0,WATCH,1.73,0.003,6.8,2026-07-23T11:14:34.561062,0,NORMAL
25,False,0.2418,0.0,WATCH,1.13,0.0154,5.9,2026-07-23T11:14:34.569227,0,NORMAL
22,False,0.2776,0.0,NORMAL,1.58,0.0133,5.6,2026-07-23T11:14:34.577338,0,NORMAL
22,False,0.2736,0.0,NORMAL,2.08,0.0093,2.8,2026-07-23T11:14:34.585500,0,NORMAL
25,False,0.2441,0.0,WATCH,1.73,0.0168,2.5,2026-07-23T11:14:34.593524,0,NORMAL
22,False,0.2725,0.0,NORMAL,2.66,0.0141,5.0,2026-07-23T11:14:34.601647,0,NORMAL
30,False,0.1951,0.0,WATCH,1.34,0.0106,13.0,2026-07-23T11:14:34.609764,0,NORMAL
29,False,0.2097,0.0,WATCH,1.62,0.0162,0.3,2026-07-23T11:14:34.617959,0,NORMAL
22,False,0.2748,0.0,NORMAL,1.5,0.0107,6.2,2026-07-23T11:14:34.626093,0,NORMAL
22,False,0.2791,0.0,NORMAL,2.09,0.0151,5.9,2026-07-23T11:14:34.634142,0,NORMAL
23,False,0.2697,0.0,NORMAL,2.69,0.0146,5.8,2026-07-23T11:14:34.642264,0,NORMAL
29,False,0.206,0.0,WATCH,2.01,0.0012,2.5,2026-07-23T11:14:34.650375,0,NORMAL
25,False,0.2467,0.0,WATCH,1.9,0.0193,7.3,2026-07-23T11:14:34.658521,0,NORMAL
28,False,0.2134,0.0,WATCH,2.63,0.0148,0.0,2026-07-23T11:14:34.666551,0,NORMAL
27,False,0.225,0.0,WATCH,3.16,0.014,2.8,2026-07-23T11:14:34.674607,0,NORMAL
24,False,0.2596,0.0,NORMAL,2.2,0.0079,2.0,2026-07-23T11:14:34.682754,0,NORMAL
30,False,0.1934,0.0,WATCH,1.03,0.0153,1.3,2026-07-23T11:14:34.690811,0,NORMAL
34,False,0.1535,0.0,WATCH,1.37,0.0,10.7,2026-07-23T11:14:34.698973,0,NORMAL
22,False,0.2736,0.0,NORMAL,2.27,0.0093,8.1,2026-07-23T11:14:34.707152,0,NORMAL
23,False,0.2683,0.0,NORMAL,2.19,0.0092,8.7,2026-07-23T11:14:34.715308,0,NORMAL
27,False,0.221,0.0,WATCH,0.94,0.0142,7.6,2026-07-23T11:14:34.723386,0,NORMAL
27,False,0.2218,0.0,WATCH,2.26,0.0041,1.0,2026-07-23T11:14:34.731478,0,NORMAL
22,False,0.2767,0.0,NORMAL,2.32,0.0103,6.8,2026-07-23T11:14:34.739575,0,NORMAL
23,False,0.2634,0.0,NORMAL,1.33,0.01,4.8,2026-07-23T11:14:34.747703,0,NORMAL
25,False,0.2429,0.0,WATCH,2.82,0.0083,9.5,2026-07-23T11:14:34.756046,0,NORMAL
22,False,0.2705,0.0,NORMAL,2.09,0.0058,4.4,2026-07-23T11:14:34.764077,0,NORMAL
22,False,0.2775,0.0,NORMAL,2.28,0.0111,3.8,2026-07-23T11:14:34.772122,0,NORMAL
24,False,0.2527,0.0,NORMAL,1.73,0.0046,3.8,2026-07-23T11:14:34.780251,0,NORMAL
24,False,0.2587,0.0,NORMAL,2.86,0.0086,5.4,2026-07-23T11:14:34.788341,0,NORMAL
33,False,0.1643,0.0,WATCH,3.18,0.0005,4.6,2026-07-23T11:14:34.796430,0,NORMAL
25,False,0.2481,0.0,WATCH,2.1,0.0042,8.7,2026-07-23T11:14:34.804509,0,NORMAL
25,False,0.2483,0.0,WATCH,2.77,0.0065,7.2,2026-07-23T11:14:34.812604,0,NORMAL
25,False,0.2463,0.0,WATCH,1.45,0.0137,9.1,2026-07-23T11:14:34.820737,0,NORMAL
24,False,0.2536,0.0,NORMAL,2.04,0.0063,9.4,2026-07-23T11:14:34.828789,0,NORMAL
25,False,0.2455,0.0,WATCH,1.54,0.0051,7.7,2026-07-23T11:14:34.836835,0,NORMAL
22,False,0.2751,0.0,NORMAL,1.93,0.0082,6.9,2026-07-23T11:14:34.844922,0,NORMAL
22,False,0.2712,0.0,NORMAL,1.55,0.0145,5.0,2026-07-23T11:14:34.853049,0,NORMAL
25,False,0.2498,0.0,WATCH,1.86,0.0185,4.0,2026-07-23T11:14:34.861143,0,NORMAL
21,False,0.2821,0.0,NORMAL,2.34,0.0113,4.9,2026-07-23T11:14:34.869217,0,NORMAL
28,False,0.2113,0.0,WATCH,1.19,0.0034,7.1,2026-07-23T11:14:34.877290,0,NORMAL
28,False,0.2157,0.0,WATCH,1.38,0.003,2.6,2026-07-23T11:14:34.885394,0,NORMAL
23,False,0.2669,0.0,NORMAL,1.81,0.0087,8.1,2026-07-23T11:14:34.893585,0,NORMAL
34,False,0.1562,0.0,WATCH,2.32,0.0002,0.0,2026-07-23T11:14:34.901751,0,NORMAL
24,False,0.259,0.0,NORMAL,2.89,0.011,4.6,2026-07-23T11:14:34.909851,0,NORMAL
22,False,0.2779,0.0,NORMAL,1.82,0.013,7.0,2026-07-23T11:14:34.917980,0,NORMAL
33,False,0.1608,0.0,WATCH,1.98,0.0004,0.5,2026-07-23T11:14:34.926090,0,NORMAL
22,False,0.2783,0.0,NORMAL,1.78,0.0078,5.4,2026-07-23T11:14:34.934167,0,NORMAL
23,False,0.2668,0.0,NORMAL,1.71,0.0097,7.9,2026-07-23T11:14:34.942291,0,NORMAL
26,False,0.236,0.0,WATCH,2.08,0.0144,0.5,2026-07-23T11:14:34.950466,0,NORMAL
24,False,0.2587,0.0,NORMAL,1.77,0.0128,1.6,2026-07-23T11:14:34.958502,0,NORMAL
23,False,0.2611,0.0,NORMAL,2.4,0.0051,5.5,2026-07-23T11:14:34.966592,0,NORMAL
25,False,0.2437,0.0,WATCH,1.9,0.018,3.1,2026-07-23T11:14:34.974598,0,NORMAL
24,False,0.2587,0.0,NORMAL,2.31,0.005,3.7,2026-07-23T11:14:34.982671,0,NORMAL
22,False,0.2731,0.0,NORMAL,2.55,0.0117,7.3,2026-07-23T11:14:34.990852,0,NORMAL
21,False,0.2807,0.0,NORMAL,2.38,0.0103,5.2,2026-07-23T11:14:34.998955,0,NORMAL
23,False,0.2641,0.0,NORMAL,1.63,0.0129,8.1,2026-07-23T11:14:35.007005,0,NORMAL
21,False,0.2823,0.0,NORMAL,2.23,0.0116,6.6,2026-07-23T11:14:35.015097,0,NORMAL
23,False,0.2611,0.0,NORMAL,2.36,0.0171,5.4,2026-07-23T11:14:35.023229,0,NORMAL
26,False,0.2368,0.0,WATCH,1.91,0.0076,11.2,2026-07-23T11:14:35.031381,0,NORMAL
27,False,0.2239,0.0,WATCH,2.75,0.0046,2.3,2026-07-23T11:14:35.039464,0,NORMAL
24,False,0.2525,0.0,NORMAL,1.93,0.0189,6.3,2026-07-23T11:14:35.047574,0,NORMAL
26,False,0.2326,0.0,WATCH,1.75,0.0134,0.0,2026-07-23T11:14:35.055656,0,NORMAL
25,False,0.2442,0.0,WATCH,1.7,0.0041,7.8,2026-07-23T11:14:35.064036,0,NORMAL
29,False,0.2041,0.0,WATCH,2.15,0.0,3.5,2026-07-23T11:14:35.072142,0,NORMAL
23,False,0.263,0.0,NORMAL,2.37,0.0141,9.2,2026-07-23T11:14:35.080230,0,NORMAL
27,False,0.2266,0.0,WATCH,1.9,0.007,0.0,2026-07-23T11:14:35.088309,0,NORMAL
27,False,0.2203,0.0,WATCH,2.53,0.0215,6.3,2026-07-23T11:14:35.096381,0,NORMAL
24,False,0.2551,0.0,NORMAL,2.98,0.0133,4.8,2026-07-23T11:14:35.104503,0,NORMAL
22,False,0.2784,0.0,NORMAL,1.6,0.0112,4.6,2026-07-23T11:14:35.112629,0,NORMAL
23,False,0.2682,0.0,NORMAL,2.35,0.0151,7.6,2026-07-23T11:14:35.120744,0,NORMAL
25,False,0.2459,0.0,WATCH,2.72,0.0185,4.5,2026-07-23T11:14:35.128804,0,NORMAL
26,False,0.2353,0.0,WATCH,1.73,0.0038,2.1,2026-07-23T11:14:35.136880,0,NORMAL
25,False,0.2458,0.0,WATCH,1.39,0.0046,5.3,2026-07-23T11:14:35.144964,0,NORMAL
23,False,0.2642,0.0,NORMAL,2.3,0.0073,2.7,2026-07-23T11:14:35.153074,0,NORMAL
22,False,0.2727,0.0,NORMAL,2.21,0.0133,2.8,2026-07-23T11:14:35.161061,0,NORMAL
25,False,0.2422,0.0,WATCH,1.67,0.0041,3.2,2026-07-23T11:14:35.169181,0,NORMAL
21,False,0.2822,0.0,NORMAL,2.27,0.0102,5.7,2026-07-23T11:14:35.177281,0,NORMAL
31,False,0.1807,0.0,WATCH,2.18,0.0003,1.9,2026-07-23T11:14:35.185346,0,NORMAL
21,False,0.2855,0.0,NORMAL,1.93,0.0111,5.0,2026-07-23T11:14:35.193380,0,NORMAL
26,False,0.2314,0.0,WATCH,2.3,0.012,0.0,2026-07-23T11:14:35.201503,0,NORMAL
22,False,0.27,0.0,NORMAL,1.87,0.0058,5.2,2026-07-23T11:14:35.209464,0,NORMAL
22,False,0.2731,0.0,NORMAL,2.29,0.0099,8.2,2026-07-23T11:14:35.217555,0,NORMAL
32,False,0.1776,0.0,WATCH,0.75,0.0136,10.9,2026-07-23T11:14:35.225591,0,NORMAL
23,False,0.2615,0.0,NORMAL,1.78,0.0054,3.6,2026-07-23T11:14:35.233631,0,NORMAL
26,False,0.2351,0.0,WATCH,2.04,0.0129,0.0,2026-07-23T11:14:35.241746,0,NORMAL
25,False,0.2461,0.0,WATCH,1.43,0.0171,4.3,2026-07-23T11:14:35.249808,0,NORMAL
23,False,0.2632,0.0,NORMAL,1.88,0.0169,6.3,2026-07-23T11:14:35.257822,0,NORMAL
26,False,0.2321,0.0,WATCH,1.7,0.0045,1.8,2026-07-23T11:14:35.265975,0,NORMAL
26,False,0.2368,0.0,WATCH,2.02,0.0103,0.0,2026-07-23T11:14:35.274065,0,NORMAL
27,False,0.2202,0.0,WATCH,1.35,0.0079,10.1,2026-07-23T11:14:35.282079,0,NORMAL
23,False,0.266,0.0,NORMAL,1.34,0.0096,5.4,2026-07-23T11:14:35.290120,0,NORMAL
23,False,0.267,0.0,NORMAL,1.44,0.0146,5.8,2026-07-23T11:14:35.298175,0,NORMAL
30,False,0.1923,0.0,WATCH,1.5,0.0,6.6,2026-07-23T11:14:35.306211,0,NORMAL
23,False,0.2604,0.0,NORMAL,1.43,0.0061,4.9,2026-07-23T11:14:35.314329,0,NORMAL
23,False,0.265,0.0,NORMAL,1.96,0.0071,7.7,2026-07-23T11:14:35.322445,0,NORMAL
24,False,0.2536,0.0,NORMAL,2.94,0.0136,7.6,2026-07-23T11:14:35.330536,0,NORMAL
26,False,0.2315,0.0,WATCH,2.43,0.0204,4.4,2026-07-23T11:14:35.338590,0,NORMAL
29,False,0.2081,0.0,WATCH,1.2,0.0127,0.8,2026-07-23T11:14:35.346616,0,NORMAL
24,False,0.2518,0.0,NORMAL,2.63,0.0156,2.9,2026-07-23T11:14:35.354720,0,NORMAL
28,False,0.2151,0.0,WATCH,2.33,0.013,13.7,2026-07-23T11:14:35.362952,0,NORMAL
24,False,0.2529,0.0,NORMAL,1.94,0.016,2.3,2026-07-23T11:14:35.371043,0,NORMAL
26,False,0.2388,0.0,WATCH,1.44,0.0097,9.5,2026-07-23T11:14:35.379084,0,NORMAL
23,False,0.2663,0.0,NORMAL,2.81,0.0114,5.9,2026-07-23T11:14:35.387139,0,NORMAL
24,False,0.2528,0.0,NORMAL,1.51,0.018,4.7,2026-07-23T11:14:35.395141,0,NORMAL
24,False,0.2592,0.0,NORMAL,1.83,0.0169,4.2,2026-07-23T11:14:35.403302,0,NORMAL
28,False,0.2121,0.0,WATCH,2.84,0.0187,2.8,2026-07-23T11:14:35.411363,0,NORMAL
26,False,0.2389,0.0,WATCH,2.16,0.009,0.3,2026-07-23T11:14:35.419410,0,NORMAL
22,False,0.2722,0.0,NORMAL,2.36,0.007,4.9,2026-07-23T11:14:35.427512,0,NORMAL
21,False,0.2839,0.0,NORMAL,2.0,0.0115,6.0,2026-07-23T11:14:35.435611,0,NORMAL
31,False,0.1814,0.0,WATCH,1.92,0.0021,0.0,2026-07-23T11:14:35.443622,0,NORMAL
29,False,0.2007,0.0,WATCH,2.06,0.0,7.8,2026-07-23T11:14:35.451692,0,NORMAL
22,False,0.2734,0.0,NORMAL,2.67,0.0126,5.1,2026-07-23T11:14:35.459781,0,NORMAL
22,False,0.2725,0.0,NORMAL,2.02,0.0139,8.0,2026-07-23T11:14:35.467828,0,NORMAL
24,False,0.2528,0.0,NORMAL,2.33,0.0089,1.5,2026-07-23T11:14:35.475925,0,NORMAL
29,False,0.2069,0.0,WATCH,1.36,0.0013,5.8,2026-07-23T11:14:35.483977,0,NORMAL
24,False,0.253,0.0,NORMAL,2.27,0.019,5.1,2026-07-23T11:14:35.492042,0,NORMAL
25,False,0.2476,0.0,WATCH,2.18,0.0041,2.5,2026-07-23T11:14:35.500141,0,NORMAL
23,False,0.2637,0.0,NORMAL,2.07,0.0154,8.6,2026-07-23T11:14:35.508234,0,NORMAL
23,False,0.2628,0.0,NORMAL,2.6,0.0104,2.8,2026-07-23T11:14:35.516315,0,NORMAL
25,False,0.2444,0.0,WATCH,2.76,0.0095,2.4,2026-07-23T11:14:35.524416,0,NORMAL
23,False,0.2638,0.0,NORMAL,2.53,0.0167,4.8,2026-07-23T11:14:35.532410,0,NORMAL
22,False,0.2798,0.0,NORMAL,2.09,0.0114,7.3,2026-07-23T11:14:35.540503,0,NORMAL
26,False,0.2397,0.0,WATCH,2.13,0.0197,9.0,2026-07-23T11:14:35.557096,0,NORMAL
29,False,0.2021,0.0,WATCH,2.12,0.0,7.8,2026-07-23T11:14:35.568939,0,NORMAL
22,False,0.2784,0.0,NORMAL,2.47,0.0096,5.1,2026-07-23T11:14:35.577181,0,NORMAL
23,False,0.268,0.0,NORMAL,1.51,0.0115,7.3,2026-07-23T11:14:35.585389,0,NORMAL
26,False,0.2346,0.0,WATCH,1.2,0.0099,2.7,2026-07-23T11:14:35.593619,0,NORMAL
26,False,0.2343,0.0,WATCH,2.57,0.0179,11.0,2026-07-23T11:14:35.601796,0,NORMAL
27,False,0.2218,0.0,WATCH,1.25,0.0158,9.8,2026-07-23T11:14:35.610002,0,NORMAL
26,False,0.2313,0.0,WATCH,0.97,0.011,4.2,2026-07-23T11:14:35.618001,0,NORMAL
25,False,0.2433,0.0,WATCH,2.75,0.0046,4.5,2026-07-23T11:14:35.626067,0,NORMAL
24,False,0.2511,0.0,NORMAL,1.7,0.0132,1.3,2026-07-23T11:14:35.634190,0,NORMAL
25,False,0.2478,0.0,WATCH,1.15,0.01,4.6,2026-07-23T11:14:35.642346,0,NORMAL
25,False,0.2477,0.0,WATCH,2.55,0.0037,5.1,2026-07-23T11:14:35.650516,0,NORMAL
29,False,0.2081,0.0,WATCH,1.97,0.0036,0.4,2026-07-23T11:14:35.658526,0,NORMAL
24,False,0.2582,0.0,NORMAL,1.84,0.0142,9.5,2026-07-23T11:14:35.666633,0,NORMAL
24,False,0.2598,0.0,NORMAL,1.9,0.0058,3.0,2026-07-23T11:14:35.674697,0,NORMAL
22,False,0.2745,0.0,NORMAL,1.99,0.0157,5.8,2026-07-23T11:14:35.682959,0,NORMAL
21,False,0.2852,0.0,NORMAL,2.18,0.0116,4.9,2026-07-23T11:14:35.691019,0,NORMAL
23,False,0.2636,0.0,NORMAL,1.72,0.0067,7.4,2026-07-23T11:14:35.699052,0,NORMAL
22,False,0.2799,0.0,NORMAL,2.1,0.0081,5.1,2026-07-23T11:14:35.707146,0,NORMAL
25,False,0.2433,0.0,WATCH,2.0,0.0174,10.1,2026-07-23T11:14:35.715177,0,NORMAL
35,False,0.1468,0.0,WATCH,0.8,0.0,5.0,2026-07-23T11:14:35.723297,0,NORMAL
28,False,0.2152,0.0,WATCH,1.27,0.011,0.6,2026-07-23T11:14:35.731445,0,NORMAL
25,False,0.2418,0.0,WATCH,1.49,0.0113,1.2,2026-07-23T11:14:35.739565,0,NORMAL
29,False,0.2093,0.0,WATCH,1.89,0.0194,1.7,2026-07-23T11:14:35.747642,0,NORMAL
26,False,0.2382,0.0,WATCH,2.21,0.0051,1.5,2026-07-23T11:14:35.755758,0,NORMAL
23,False,0.2621,0.0,NORMAL,2.91,0.0125,5.6,2026-07-23T11:14:35.763881,0,NORMAL
27,False,0.2279,0.0,WATCH,1.38,0.0131,0.9,2026-07-23T11:14:35.772004,0,NORMAL
24,False,0.2578,0.0,NORMAL,2.13,0.0053,8.3,2026-07-23T11:14:35.780041,0,NORMAL
24,False,0.2518,0.0,NORMAL,2.26,0.0047,2.6,2026-07-23T11:14:35.788150,0,NORMAL
22,False,0.2742,0.0,NORMAL,2.5,0.0079,5.7,2026-07-23T11:14:35.796226,0,NORMAL
23,False,0.2654,0.0,NORMAL,1.89,0.0145,2.8,2026-07-23T11:14:35.804347,0,NORMAL
24,False,0.2579,0.0,NORMAL,2.16,0.0106,1.3,2026-07-23T11:14:35.812481,0,NORMAL
26,False,0.2361,0.0,WATCH,2.12,0.009,0.0,2026-07-23T11:14:35.820700,0,NORMAL
22,False,0.2739,0.0,NORMAL,2.32,0.0118,3.3,2026-07-23T11:14:35.828897,0,NORMAL
21,False,0.2836,0.0,NORMAL,2.28,0.0136,4.7,2026-07-23T11:14:35.837022,0,NORMAL
32,False,0.1786,0.0,WATCH,0.52,0.016,3.0,2026-07-23T11:14:35.845032,0,NORMAL
23,False,0.2674,0.0,NORMAL,1.86,0.0071,7.4,2026-07-23T11:14:35.853103,0,NORMAL
21,False,0.2839,0.0,NORMAL,2.13,0.0093,5.9,2026-07-23T11:14:35.861600,0,NORMAL
24,False,0.2523,0.0,NORMAL,1.18,0.0131,6.1,2026-07-23T11:14:35.870198,0,NORMAL
24,False,0.2503,0.0,NORMAL,2.73,0.0174,7.0,2026-07-23T11:14:35.878806,0,NORMAL
23,False,0.2626,0.0,NORMAL,1.8,0.0173,6.3,2026-07-23T11:14:35.887438,0,NORMAL
30,False,0.1956,0.0,WATCH,2.56,0.0237,10.6,2026-07-23T11:14:35.896132,0,NORMAL
25,False,0.2466,0.0,WATCH,1.45,0.0046,6.4,2026-07-23T11:14:35.907244,0,NORMAL
23,False,0.2652,0.0,NORMAL,1.94,0.0139,8.8,2026-07-23T11:14:35.916097,0,NORMAL
27,False,0.221,0.0,WATCH,2.03,0.0012,5.1,2026-07-23T11:14:35.924395,0,NORMAL
27,False,0.2296,0.0,WATCH,1.74,0.009,11.6,2026-07-23T11:14:35.932630,0,NORMAL
22,False,0.2707,0.0,NORMAL,1.59,0.0139,7.5,2026-07-23T11:14:35.940857,0,NORMAL
21,False,0.2839,0.0,NORMAL,2.23,0.0141,5.2,2026-07-23T11:14:35.949092,0,NORMAL
27,False,0.224,0.0,WATCH,2.13,0.006,12.5,2026-07-23T11:14:35.957285,0,NORMAL
22,False,0.2742,0.0,NORMAL,1.83,0.008,4.0,2026-07-23T11:14:35.965520,0,NORMAL
22,False,0.2729,0.0,NORMAL,2.52,0.0091,7.2,2026-07-23T11:14:35.973800,0,NORMAL
23,False,0.2653,0.0,NORMAL,2.23,0.0122,2.0,2026-07-23T11:14:35.982034,0,NORMAL
28,False,0.2183,0.0,WATCH,1.81,0.004,0.9,2026-07-23T11:14:35.990463,0,NORMAL
25,False,0.2421,0.0,WATCH,1.26,0.0164,6.3,2026-07-23T11:14:35.998543,0,NORMAL
28,False,0.2194,0.0,WATCH,2.49,0.0025,9.6,2026-07-23T11:14:36.006692,0,NORMAL
23,False,0.2651,0.0,NORMAL,2.03,0.0072,2.7,2026-07-23T11:14:36.014818,0,NORMAL
22,False,0.2706,0.0,NORMAL,1.55,0.0123,3.6,2026-07-23T11:14:36.022959,0,NORMAL
31,False,0.1898,0.0,WATCH,1.15,0.0107,0.0,2026-07-23T11:14:36.031165,0,NORMAL
28,False,0.2121,0.0,WATCH,2.8,0.0034,2.4,2026-07-23T11:14:36.039388,0,NORMAL
21,False,0.2807,0.0,NORMAL,2.09,0.0144,5.3,2026-07-23T11:14:36.047489,0,NORMAL
26,False,0.2399,0.0,WATCH,1.59,0.0199,5.9,2026-07-23T11:14:36.055632,0,NORMAL
30,False,0.1977,0.0,WATCH,1.87,0.0255,4.1,2026-07-23T11:14:36.063804,0,NORMAL
26,False,0.231,0.0,WATCH,1.05,0.0067,6.0,2026-07-23T11:14:36.071976,0,NORMAL
27,False,0.2288,0.0,WATCH,2.49,0.0111,12.3,2026-07-23T11:14:36.080213,0,NORMAL
22,False,0.2779,0.0,NORMAL,2.09,0.015,6.3,2026-07-23T11:14:36.088347,0,NORMAL
25,False,0.2417,0.0,WATCH,2.41,0.0031,4.1,2026-07-23T11:14:36.096500,0,NORMAL
26,False,0.2325,0.0,WATCH,1.13,0.0097,2.6,2026-07-23T11:14:36.104723,0,NORMAL
26,False,0.2353,0.0,WATCH,2.16,0.0189,2.6,2026-07-23T11:14:36.112888,0,NORMAL
22,False,0.2704,0.0,NORMAL,1.81,0.0059,6.3,2026-07-23T11:14:36.121035,0,NORMAL
23,False,0.2653,0.0,NORMAL,2.27,0.0043,4.7,2026-07-23T11:14:36.129253,0,NORMAL
23,False,0.2668,0.0,NORMAL,2.04,0.0124,2.4,2026-07-23T11:14:36.137409,0,NORMAL
22,False,0.2741,0.0,NORMAL,1.83,0.0095,3.4,2026-07-23T11:14:36.145541,0,NORMAL
24,False,0.2556,0.0,NORMAL,1.57,0.0054,3.3,2026-07-23T11:14:36.153646,0,NORMAL
25,False,0.2424,0.0,WATCH,1.75,0.0104,0.6,2026-07-23T11:14:36.161819,0,NORMAL
24,False,0.2557,0.0,NORMAL,1.32,0.0081,4.4,2026-07-23T11:14:36.169875,0,NORMAL
31,False,0.19,0.0,WATCH,1.92,0.0,9.1,2026-07-23T11:14:36.177971,0,NORMAL
29,False,0.2003,0.0,WATCH,2.98,0.0033,2.9,2026-07-23T11:14:36.186114,0,NORMAL
23,False,0.2633,0.0,NORMAL,2.43,0.0055,5.4,2026-07-23T11:14:36.194247,0,NORMAL
22,False,0.2736,0.0,NORMAL,2.48,0.0145,6.6,2026-07-23T11:14:36.202399,0,NORMAL
21,False,0.2805,0.0,NORMAL,2.17,0.008,5.4,2026-07-23T11:14:36.210595,0,NORMAL
23,False,0.2689,0.0,NORMAL,2.32,0.0148,3.4,2026-07-23T11:14:36.218763,0,NORMAL
24,False,0.2575,0.0,NORMAL,1.98,0.0096,9.9,2026-07-23T11:14:36.226983,0,NORMAL
28,False,0.2166,0.0,WATCH,1.49,0.0067,0.2,2026-07-23T11:14:36.235143,0,NORMAL
22,False,0.2759,0.0,NORMAL,1.56,0.0101,5.2,2026-07-23T11:14:36.243225,0,NORMAL
23,False,0.2671,0.0,NORMAL,2.54,0.0143,3.3,2026-07-23T11:14:36.251411,0,NORMAL
29,False,0.209,0.0,WATCH,1.7,0.0085,13.1,2026-07-23T11:14:36.259553,0,NORMAL
22,False,0.278,0.0,NORMAL,1.97,0.0097,3.6,2026-07-23T11:14:36.267704,0,NORMAL
23,False,0.2608,0.0,NORMAL,2.41,0.0052,5.7,2026-07-23T11:14:36.275833,0,NORMAL
23,False,0.2667,0.0,NORMAL,1.8,0.0067,3.4,2026-07-23T11:14:36.283921,0,NORMAL
24,False,0.2516,0.0,NORMAL,2.23,0.0044,2.7,2026-07-23T11:14:36.292120,0,NORMAL
23,False,0.2657,0.0,NORMAL,1.48,0.0147,6.9,2026-07-23T11:14:36.300441,0,NORMAL
23,False,0.2634,0.0,NORMAL,1.83,0.0115,8.8,2026-07-23T11:14:36.308591,0,NORMAL
25,False,0.2408,0.0,WATCH,1.72,0.0097,11.1,2026-07-23T11:14:36.316608,0,NORMAL
23,False,0.2648,0.0,NORMAL,2.32,0.0056,6.6,2026-07-23T11:14:36.324689,0,NORMAL
28,False,0.2148,0.0,WATCH,2.27,0.0159,0.0,2026-07-23T11:14:36.332821,0,NORMAL
21,False,0.2842,0.0,NORMAL,2.25,0.0137,5.0,2026-07-23T11:14:36.340961,0,NORMAL
21,False,0.2804,0.0,NORMAL,1.97,0.015,5.4,2026-07-23T11:14:36.349049,0,NORMAL
24,False,0.2579,0.0,NORMAL,2.25,0.0165,9.1,2026-07-23T11:14:36.357236,0,NORMAL
24,False,0.2544,0.0,NORMAL,1.68,0.0053,7.3,2026-07-23T11:14:36.365289,0,NORMAL
25,False,0.2463,0.0,WATCH,1.79,0.0101,0.9,2026-07-23T11:14:36.373417,0,NORMAL
23,False,0.2669,0.0,NORMAL,2.35,0.0086,2.7,2026-07-23T11:14:36.381636,0,NORMAL
25,False,0.2478,0.0,WATCH,1.94,0.0184,3.3,2026-07-23T11:14:36.389830,0,NORMAL
23,False,0.2666,0.0,NORMAL,1.58,0.0077,3.8,2026-07-23T11:14:36.397903,0,NORMAL
21,False,0.2825,0.0,NORMAL,2.0,0.0112,4.3,2026-07-23T11:14:36.406119,0,NORMAL
23,False,0.2652,0.0,NORMAL,2.7,0.0108,3.6,2026-07-23T11:14:36.414354,0,NORMAL
26,False,0.2348,0.0,WATCH,1.87,0.0029,3.4,2026-07-23T11:14:36.422500,0,NORMAL
27,False,0.2235,0.0,WATCH,2.01,0.004,10.9,2026-07-23T11:14:36.430703,0,NORMAL
28,False,0.2176,0.0,WATCH,2.38,0.0067,12.7,2026-07-23T11:14:36.438889,0,NORMAL
26,False,0.2308,0.0,WATCH,2.57,0.0057,1.7,2026-07-23T11:14:36.446998,0,NORMAL
22,False,0.274,0.0,NORMAL,2.19,0.0148,3.8,2026-07-23T11:14:36.455131,0,NORMAL
24,False,0.2569,0.0,NORMAL,1.82,0.0039,4.5,2026-07-23T11:14:36.463326,0,NORMAL
27,False,0.2299,0.0,WATCH,2.43,0.0126,0.0,2026-07-23T11:14:36.471406,0,NORMAL
27,False,0.2292,0.0,WATCH,1.68,0.0156,1.1,2026-07-23T11:14:36.479538,0,NORMAL
26,False,0.2322,0.0,WATCH,3.05,0.0069,3.2,2026-07-23T11:14:36.487611,0,NORMAL
22,False,0.278,0.0,NORMAL,1.61,0.0094,4.7,2026-07-23T11:14:36.495694,0,NORMAL
30,False,0.1904,0.0,WATCH,2.4,0.0194,0.4,2026-07-23T11:14:36.503859,0,NORMAL
22,False,0.2766,0.0,NORMAL,1.56,0.0125,5.0,2026-07-23T11:14:36.511973,0,NORMAL
23,False,0.2641,0.0,NORMAL,2.65,0.0157,4.3,2026-07-23T11:14:36.520086,0,NORMAL
29,False,0.2085,0.0,WATCH,0.8,0.0069,4.8,2026-07-23T11:14:36.528205,0,NORMAL
23,False,0.2638,0.0,NORMAL,1.63,0.0119,8.1,2026-07-23T11:14:36.536297,0,NORMAL
25,False,0.2429,0.0,WATCH,1.09,0.0105,6.9,2026-07-23T11:14:36.544435,0,NORMAL
24,False,0.2535,0.0,NORMAL,1.43,0.0086,8.0,2026-07-23T11:14:36.552554,0,NORMAL
23,False,0.2616,0.0,NORMAL,2.24,0.0044,5.5,2026-07-23T11:14:36.560703,0,NORMAL
24,False,0.2545,0.0,NORMAL,2.88,0.0078,5.6,2026-07-23T11:14:36.568776,0,NORMAL
24,False,0.2585,0.0,NORMAL,1.6,0.0115,8.7,2026-07-23T11:14:36.576897,0,NORMAL
21,False,0.28,0.0,NORMAL,1.87,0.0139,5.7,2026-07-23T11:14:36.585022,0,NORMAL
22,False,0.2773,0.0,NORMAL,2.56,0.0112,6.0,2026-07-23T11:14:36.593169,0,NORMAL
28,False,0.218,0.0,WATCH,1.87,0.0068,12.3,2026-07-23T11:14:36.601443,0,NORMAL
23,False,0.2642,0.0,NORMAL,2.07,0.0138,2.1,2026-07-23T11:14:36.609600,0,NORMAL
30,False,0.1941,0.0,WATCH,0.99,0.0083,1.6,2026-07-23T11:14:36.617735,0,NORMAL
22,False,0.2723,0.0,NORMAL,2.27,0.0159,4.3,2026-07-23T11:14:36.625813,0,NORMAL
24,False,0.252,0.0,NORMAL,1.4,0.0135,8.2,2026-07-23T11:14:36.633957,0,NORMAL
26,False,0.2393,0.0,WATCH,1.91,0.0111,0.0,2026-07-23T11:14:36.642105,0,NORMAL
22,False,0.274,0.0,NORMAL,1.98,0.0104,7.7,2026-07-23T11:14:36.650248,0,NORMAL
23,False,0.2691,0.0,NORMAL,1.39,0.0111,5.9,2026-07-23T11:14:36.658258,0,NORMAL
22,False,0.2754,0.0,NORMAL,2.49,0.0119,4.3,2026-07-23T11:14:36.666309,0,NORMAL
24,False,0.2566,0.0,NORMAL,2.19,0.0116,1.2,2026-07-23T11:14:36.674447,0,NORMAL
22,False,0.2736,0.0,NORMAL,2.1,0.0059,6.0,2026-07-23T11:14:36.682577,0,NORMAL
21,False,0.282,0.0,NORMAL,2.18,0.0143,5.5,2026-07-23T11:14:36.690734,0,NORMAL
23,False,0.2667,0.0,NORMAL,1.52,0.012,3.4,2026-07-23T11:14:36.698862,0,NORMAL
28,False,0.2192,0.0,WATCH,1.12,0.0101,8.8,2026-07-23T11:14:36.706986,0,NORMAL
24,False,0.2583,0.0,NORMAL,2.71,0.0063,6.3,2026-07-23T11:14:36.715145,0,NORMAL
23,False,0.2605,0.0,NORMAL,2.33,0.0055,3.3,2026-07-23T11:14:36.723363,0,NORMAL
25,False,0.2406,0.0,WATCH,3.02,0.0115,3.1,2026-07-23T11:14:36.731533,0,NORMAL
21,False,0.2832,0.0,NORMAL,1.92,0.0098,5.8,2026-07-23T11:14:36.739648,0,NORMAL
23,False,0.2639,0.0,NORMAL,1.58,0.0055,5.3,2026-07-23T11:14:36.747735,0,NORMAL
22,False,0.2737,0.0,NORMAL,1.77,0.0119,3.3,2026-07-23T11:14:36.755894,0,NORMAL
23,False,0.2634,0.0,NORMAL,1.72,0.0111,2.3,2026-07-23T11:14:36.764050,0,NORMAL
22,False,0.276,0.0,NORMAL,1.95,0.0152,6.9,2026-07-23T11:14:36.772129,0,NORMAL
24,False,0.2505,0.0,NORMAL,1.34,0.0056,4.9,2026-07-23T11:14:36.780214,0,NORMAL
30,False,0.1986,0.0,WATCH,1.27,0.0134,0.0,2026-07-23T11:14:36.788349,0,NORMAL
25,False,0.2483,0.0,WATCH,1.92,0.0065,1.8,2026-07-23T11:14:36.796437,0,NORMAL
23,False,0.2617,0.0,NORMAL,2.2,0.0177,7.2,2026-07-23T11:14:36.804565,0,NORMAL
22,False,0.2766,0.0,NORMAL,1.86,0.0146,6.9,2026-07-23T11:14:36.812682,0,NORMAL
22,False,0.2743,0.0,NORMAL,2.54,0.0088,6.5,2026-07-23T11:14:36.820768,0,NORMAL
22,False,0.2791,0.0,NORMAL,2.03,0.0086,5.6,2026-07-23T11:14:36.828859,0,NORMAL
25,False,0.2402,0.0,WATCH,1.77,0.006,10.3,2026-07-23T11:14:36.836837,0,NORMAL
24,False,0.2569,0.0,NORMAL,2.11,0.0181,7.9,2026-07-23T11:14:36.844914,0,NORMAL
25,False,0.2425,0.0,WATCH,2.14,0.0195,4.3,2026-07-23T11:14:36.853038,0,NORMAL
32,False,0.1724,0.0,WATCH,2.82,0.0,9.2,2026-07-23T11:14:36.861197,0,NORMAL
24,False,0.2551,0.0,NORMAL,1.32,0.0157,5.3,2026-07-23T11:14:36.869313,0,NORMAL
26,False,0.2307,0.0,WATCH,2.4,0.0058,11.1,2026-07-23T11:14:36.877339,0,NORMAL
27,False,0.2233,0.0,WATCH,1.18,0.0132,1.9,2026-07-23T11:14:36.885405,0,NORMAL
28,False,0.2122,0.0,WATCH,0.9,0.01,8.2,2026-07-23T11:14:36.893466,0,NORMAL
26,False,0.2365,0.0,WATCH,1.19,0.0068,3.7,2026-07-23T11:14:36.901581,0,NORMAL
21,False,0.2812,0.0,NORMAL,2.23,0.0097,4.0,2026-07-23T11:14:36.909837,0,NORMAL
22,False,0.278,0.0,NORMAL,2.29,0.0129,3.8,2026-07-23T11:14:36.918057,0,NORMAL
22,False,0.2746,0.0,NORMAL,2.54,0.0125,7.0,2026-07-23T11:14:36.926219,0,NORMAL
26,False,0.2343,0.0,WATCH,1.06,0.0127,7.5,2026-07-23T11:14:36.934309,0,NORMAL
28,False,0.213,0.0,WATCH,1.54,0.0011,5.6,2026-07-23T11:14:36.942407,0,NORMAL
30,False,0.1994,0.0,WATCH,1.46,0.0177,0.7,2026-07-23T11:14:36.950464,0,NORMAL
22,False,0.2711,0.0,NORMAL,1.5,0.0139,6.2,2026-07-23T11:14:36.958563,0,NORMAL
27,False,0.2272,0.0,WATCH,1.62,0.0102,0.0,2026-07-23T11:14:36.966572,0,NORMAL
23,False,0.2645,0.0,NORMAL,1.57,0.0092,2.7,2026-07-23T11:14:36.974668,0,NORMAL
26,False,0.2399,0.0,WATCH,2.33,0.0195,8.3,2026-07-23T11:14:36.982778,0,NORMAL
22,False,0.2762,0.0,NORMAL,1.86,0.0071,4.8,2026-07-23T11:14:36.990825,0,NORMAL
22,False,0.2713,0.0,NORMAL,1.83,0.0129,3.0,2026-07-23T11:14:36.998989,0,NORMAL
25,False,0.2493,0.0,WATCH,1.8,0.0045,8.3,2026-07-23T11:14:37.007139,0,NORMAL
26,False,0.2347,0.0,WATCH,2.23,0.0133,0.2,2026-07-23T11:14:37.015277,0,NORMAL
33,False,0.162,0.0,WATCH,2.26,0.0006,0.4,2026-07-23T11:14:37.023301,0,NORMAL
23,False,0.2667,0.0,NORMAL,2.48,0.0059,6.1,2026-07-23T11:14:37.031369,0,NORMAL
22,False,0.2707,0.0,NORMAL,2.17,0.0137,8.5,2026-07-23T11:14:37.039493,0,NORMAL
22,False,0.2798,0.0,NORMAL,2.45,0.0125,5.1,2026-07-23T11:14:37.047610,0,NORMAL
24,False,0.258,0.0,NORMAL,2.91,0.0136,7.4,2026-07-23T11:14:37.055797,0,NORMAL
22,False,0.2718,0.0,NORMAL,2.04,0.0145,3.3,2026-07-23T11:14:37.063874,0,NORMAL
28,False,0.2108,0.0,WATCH,1.5,0.0052,11.2,2026-07-23T11:14:37.071951,0,NORMAL
26,False,0.2376,0.0,WATCH,1.22,0.013,8.4,2026-07-23T11:14:37.080103,0,NORMAL
23,False,0.2625,0.0,NORMAL,1.49,0.0164,5.2,2026-07-23T11:14:37.088246,0,NORMAL
23,False,0.2625,0.0,NORMAL,2.03,0.0143,9.1,2026-07-23T11:14:37.096363,0,NORMAL
28,False,0.2171,0.0,WATCH,2.89,0.0113,0.8,2026-07-23T11:14:37.104417,0,NORMAL
23,False,0.2658,0.0,NORMAL,1.77,0.0053,4.6,2026-07-23T11:14:37.112480,0,NORMAL
28,False,0.2155,0.0,WATCH,2.94,0.012,0.9,2026-07-23T11:14:37.120614,0,NORMAL
25,False,0.2452,0.0,WATCH,2.04,0.0056,1.9,2026-07-23T11:14:37.128717,0,NORMAL
23,False,0.2691,0.0,NORMAL,1.45,0.0136,4.5,2026-07-23T11:14:37.136808,0,NORMAL
24,False,0.2543,0.0,NORMAL,1.59,0.0041,5.4,2026-07-23T11:14:37.144904,0,NORMAL
22,False,0.272,0.0,NORMAL,1.82,0.0059,6.1,2026-07-23T11:14:37.152982,0,NORMAL
22,False,0.2772,0.0,NORMAL,2.01,0.0078,6.3,2026-07-23T11:14:37.161099,0,NORMAL
23,False,0.2693,0.0,NORMAL,1.82,0.0159,7.0,2026-07-23T11:14:37.169191,0,NORMAL
26,False,0.2305,0.0,WATCH,2.01,0.0029,2.4,2026-07-23T11:14:37.177262,0,NORMAL
29,False,0.2049,0.0,WATCH,2.79,0.0042,1.5,2026-07-23T11:14:37.185320,0,NORMAL
22,False,0.2728,0.0,NORMAL,2.54,0.0088,4.1,2026-07-23T11:14:37.193397,0,NORMAL
24,False,0.2571,0.0,NORMAL,1.93,0.0136,1.4,2026-07-23T11:14:37.201451,0,NORMAL
33,False,0.1677,0.0,WATCH,0.98,0.0229,6.3,2026-07-23T11:14:37.209772,0,NORMAL
24,False,0.2587,0.0,NORMAL,2.13,0.0072,8.9,2026-07-23T11:14:37.217884,0,NORMAL
21,False,0.284,0.0,NORMAL,2.12,0.0131,4.8,2026-07-23T11:14:37.225899,0,NORMAL
26,False,0.2339,0.0,WATCH,2.49,0.0058,1.5,2026-07-23T11:14:37.234003,0,NORMAL
29,False,0.2024,0.0,WATCH,2.0,0.0,6.3,2026-07-23T11:14:37.242118,0,NORMAL
26,False,0.2354,0.0,WATCH,1.35,0.0099,9.0,2026-07-23T11:14:37.250161,0,NORMAL
26,False,0.2346,0.0,WATCH,1.96,0.0018,5.9,2026-07-23T11:14:37.258327,0,NORMAL
21,False,0.2839,0.0,NORMAL,2.14,0.014,6.0,2026-07-23T11:14:37.266416,0,NORMAL
29,False,0.2022,0.0,WATCH,1.36,0.0137,12.3,2026-07-23T11:14:37.274550,0,NORMAL
22,False,0.2758,0.0,NORMAL,1.71,0.0076,5.4,2026-07-23T11:14:37.282578,0,NORMAL
26,False,0.2382,0.0,WATCH,1.44,0.0185,4.0,2026-07-23T11:14:37.290732,0,NORMAL
27,False,0.2243,0.0,WATCH,2.91,0.0044,7.6,2026-07-23T11:14:37.298837,0,NORMAL
23,False,0.2698,0.0,NORMAL,1.48,0.0086,5.9,2026-07-23T11:14:37.306957,0,NORMAL
26,False,0.234,0.0,WATCH,1.7,0.0026,6.2,2026-07-23T11:14:37.315119,0,NORMAL
23,False,0.2633,0.0,NORMAL,2.1,0.0093,2.2,2026-07-23T11:14:37.323295,0,NORMAL
22,False,0.2787,0.0,NORMAL,1.76,0.0084,5.6,2026-07-23T11:14:37.331330,0,NORMAL
21,False,0.2838,0.0,NORMAL,2.04,0.0103,5.3,2026-07-23T11:14:37.339409,0,NORMAL
26,False,0.2326,0.0,WATCH,1.88,0.002,4.2,2026-07-23T11:14:37.347506,0,NORMAL
24,False,0.2595,0.0,NORMAL,2.08,0.0171,3.6,2026-07-23T11:14:37.355584,0,NORMAL
24,False,0.2585,0.0,NORMAL,2.4,0.0159,8.8,2026-07-23T11:14:37.363703,0,NORMAL
21,False,0.2847,0.0,NORMAL,2.17,0.0111,5.5,2026-07-23T11:14:37.371789,0,NORMAL
24,False,0.2578,0.0,NORMAL,2.39,0.0062,3.1,2026-07-23T11:14:37.379887,0,NORMAL
23,False,0.2653,0.0,NORMAL,1.98,0.0125,9.1,2026-07-23T11:14:37.387971,0,NORMAL
23,False,0.2616,0.0,NORMAL,2.01,0.0063,2.9,2026-07-23T11:14:37.396076,0,NORMAL
26,False,0.2374,0.0,WATCH,1.72,0.0145,0.8,2026-07-23T11:14:37.404180,0,NORMAL
32,False,0.1764,0.0,WATCH,1.73,0.0002,10.5,2026-07-23T11:14:37.412323,0,NORMAL
23,False,0.2626,0.0,NORMAL,1.66,0.0103,8.3,2026-07-23T11:14:37.420514,0,NORMAL
22,False,0.2754,0.0,NORMAL,2.25,0.0086,7.0,2026-07-23T11:14:37.428649,0,NORMAL
27,False,0.2291,0.0,WATCH,2.47,0.0123,0.0,2026-07-23T11:14:37.436765,0,NORMAL
22,False,0.2769,0.0,NORMAL,2.3,0.0077,6.2,2026-07-23T11:14:37.444875,0,NORMAL
27,False,0.2225,0.0,WATCH,2.37,0.0024,3.0,2026-07-23T11:14:37.453005,0,NORMAL
26,False,0.2331,0.0,WATCH,2.05,0.0019,3.9,2026-07-23T11:14:37.461129,0,NORMAL
21,False,0.284,0.0,NORMAL,1.74,0.0112,4.9,2026-07-23T11:14:37.469228,0,NORMAL
23,False,0.2672,0.0,NORMAL,2.62,0.0084,4.6,2026-07-23T11:14:37.477366,0,NORMAL
26,False,0.2391,0.0,WATCH,2.09,0.0132,0.4,2026-07-23T11:14:37.485524,0,NORMAL
27,False,0.224,0.0,WATCH,0.96,0.0124,3.8,2026-07-23T11:14:37.493690,0,NORMAL
25,False,0.2499,0.0,WATCH,1.91,0.0176,9.2,2026-07-23T11:14:37.501857,0,NORMAL
23,False,0.2692,0.0,NORMAL,1.77,0.0163,5.6,2026-07-23T11:14:37.510024,0,NORMAL
22,False,0.2736,0.0,NORMAL,1.94,0.0106,2.9,2026-07-23T11:14:37.518332,0,NORMAL
36,False,0.1357,0.0,WATCH,1.16,0.0018,0.0,2026-07-23T11:14:37.526467,0,NORMAL
24,False,0.2565,0.0,NORMAL,2.2,0.0049,2.7,2026-07-23T11:14:37.534655,0,NORMAL
22,False,0.2709,0.0,NORMAL,1.76,0.0155,7.2,2026-07-23T11:14:37.542765,0,NORMAL
23,False,0.2698,0.0,NORMAL,2.61,0.0079,5.4,2026-07-23T11:14:37.550819,0,NORMAL
28,False,0.2167,0.0,WATCH,1.07,0.0044,4.9,2026-07-23T11:14:37.558988,0,NORMAL
23,False,0.2643,0.0,NORMAL,2.58,0.0068,5.6,2026-07-23T11:14:37.567139,0,NORMAL
26,False,0.2343,0.0,WATCH,1.81,0.0078,0.4,2026-07-23T11:14:37.575379,0,NORMAL
25,False,0.2471,0.0,WATCH,2.23,0.0158,1.9,2026-07-23T11:14:37.583486,0,NORMAL
23,False,0.2695,0.0,NORMAL,1.56,0.012,7.2,2026-07-23T11:14:37.591529,0,NORMAL
24,False,0.2561,0.0,NORMAL,2.2,0.0034,6.6,2026-07-23T11:14:37.599622,0,NORMAL
31,False,0.186,0.0,WATCH,1.34,0.0166,13.6,2026-07-23T11:14:37.607773,0,NORMAL
28,False,0.2137,0.0,WATCH,2.24,0.0051,0.0,2026-07-23T11:14:37.616007,0,NORMAL
23,False,0.2619,0.0,NORMAL,1.58,0.0127,2.3,2026-07-23T11:14:37.624178,0,NORMAL
24,False,0.2546,0.0,NORMAL,1.22,0.0096,4.3,2026-07-23T11:14:37.632344,0,NORMAL
21,False,0.284,0.0,NORMAL,2.16,0.0125,5.5,2026-07-23T11:14:37.640484,0,NORMAL
24,False,0.2599,0.0,NORMAL,2.28,0.004,4.3,2026-07-23T11:14:37.648563,0,NORMAL
26,False,0.2347,0.0,WATCH,1.88,0.0093,0.0,2026-07-23T11:14:37.656692,0,NORMAL
22,False,0.2716,0.0,NORMAL,2.36,0.0091,7.5,2026-07-23T11:14:37.664858,0,NORMAL
23,False,0.2639,0.0,NORMAL,2.81,0.0121,4.8,2026-07-23T11:14:37.673003,0,NORMAL
22,False,0.2743,0.0,NORMAL,2.53,0.0135,7.4,2026-07-23T11:14:37.681149,0,NORMAL
35,False,0.146,0.0,WATCH,1.46,0.0009,0.0,2026-07-23T11:14:37.689326,0,NORMAL
32,False,0.1723,0.0,WATCH,0.95,0.0076,0.5,2026-07-23T11:14:37.697353,0,NORMAL
22,False,0.274,0.0,NORMAL,1.68,0.0121,6.9,2026-07-23T11:14:37.705490,0,NORMAL
31,False,0.1871,0.0,WATCH,1.39,0.003,0.5,2026-07-23T11:14:37.713640,0,NORMAL
25,False,0.2456,0.0,WATCH,2.58,0.0056,9.4,2026-07-23T11:14:37.721860,0,NORMAL
22,False,0.2763,0.0,NORMAL,1.76,0.0121,4.0,2026-07-23T11:14:37.730009,0,NORMAL
25,False,0.2419,0.0,WATCH,1.46,0.0126,1.5,2026-07-23T11:14:37.738102,0,NORMAL
27,False,0.2281,0.0,WATCH,2.53,0.0104,0.0,2026-07-23T11:14:37.746241,0,NORMAL
22,False,0.2743,0.0,NORMAL,2.15,0.0104,8.2,2026-07-23T11:14:37.754387,0,NORMAL
25,False,0.2465,0.0,WATCH,1.77,0.0115,10.8,2026-07-23T11:14:37.762490,0,NORMAL
25,False,0.2408,0.0,WATCH,3.0,0.0096,8.7,2026-07-23T11:14:37.770656,0,NORMAL
27,False,0.2263,0.0,WATCH,2.21,0.0103,13.1,2026-07-23T11:14:37.778760,0,NORMAL
29,False,0.2013,0.0,WATCH,1.3,0.0118,0.0,2026-07-23T11:14:37.786884,0,NORMAL
24,False,0.2537,0.0,NORMAL,1.25,0.0085,5.0,2026-07-23T11:14:37.795080,0,NORMAL
22,False,0.2789,0.0,NORMAL,1.58,0.0112,5.9,2026-07-23T11:14:37.803264,0,NORMAL
25,False,0.242,0.0,WATCH,2.54,0.0172,3.0,2026-07-23T11:14:37.811421,0,NORMAL
36,False,0.1326,0.0,WATCH,2.83,0.0,0.6,2026-07-23T11:14:37.819769,0,NORMAL
23,False,0.2694,0.0,NORMAL,1.97,0.0139,8.5,2026-07-23T11:14:37.827925,0,NORMAL
29,False,0.2068,0.0,WATCH,1.72,0.0012,8.3,2026-07-23T11:14:37.836101,0,NORMAL
28,False,0.219,0.0,WATCH,2.35,0.0043,11.7,2026-07-23T11:14:37.844178,0,NORMAL
26,False,0.2397,0.0,WATCH,2.69,0.0182,9.4,2026-07-23T11:14:37.852303,0,NORMAL
25,False,0.2446,0.0,WATCH,1.16,0.0073,4.7,2026-07-23T11:14:37.860386,0,NORMAL
22,False,0.2743,0.0,NORMAL,1.81,0.011,7.6,2026-07-23T11:14:37.868503,0,NORMAL
23,False,0.2615,0.0,NORMAL,2.32,0.0123,9.6,2026-07-23T11:14:37.878594,0,NORMAL
22,False,0.2799,0.0,NORMAL,2.47,0.0131,5.9,2026-07-23T11:14:37.893601,0,NORMAL
28,False,0.2177,0.0,WATCH,1.79,0.0026,2.4,2026-07-23T11:14:37.904900,0,NORMAL
22,False,0.2739,0.0,NORMAL,2.18,0.0096,2.9,2026-07-23T11:14:37.913226,0,NORMAL
25,False,0.2462,0.0,WATCH,2.72,0.0067,3.1,2026-07-23T11:14:37.921428,0,NORMAL
29,False,0.2081,0.0,WATCH,0.81,0.0122,3.5,2026-07-23T11:14:37.929688,0,NORMAL
24,False,0.2537,0.0,NORMAL,2.33,0.0107,1.2,2026-07-23T11:14:37.937931,0,NORMAL
25,False,0.2439,0.0,WATCH,2.76,0.0164,10.0,2026-07-23T11:14:37.946111,0,NORMAL
25,False,0.2488,0.0,WATCH,1.67,0.0073,1.6,2026-07-23T11:14:37.954288,0,NORMAL
22,False,0.2799,0.0,NORMAL,1.64,0.0115,4.9,2026-07-23T11:14:37.962419,0,NORMAL
28,False,0.2153,0.0,WATCH,1.45,0.0064,10.9,2026-07-23T11:14:37.970575,0,NORMAL
21,False,0.2839,0.0,NORMAL,1.98,0.0125,6.5,2026-07-23T11:14:37.978748,0,NORMAL
22,False,0.273,0.0,NORMAL,2.31,0.0151,4.1,2026-07-23T11:14:37.986892,0,NORMAL
26,False,0.2364,0.0,WATCH,1.54,0.0081,1.1,2026-07-23T11:14:37.995044,0,NORMAL
29,False,0.2041,0.0,WATCH,2.32,0.0004,3.3,2026-07-23T11:14:38.003226,0,NORMAL
22,False,0.2723,0.0,NORMAL,2.71,0.0112,5.4,2026-07-23T11:14:38.011322,0,NORMAL
31,False,0.1806,0.0,WATCH,2.62,0.0,2.9,2026-07-23T11:14:38.019477,0,NORMAL
25,False,0.2499,0.0,WATCH,3.03,0.0111,5.8,2026-07-23T11:14:38.027599,0,NORMAL
22,False,0.2791,0.0,NORMAL,2.23,0.0079,6.3,2026-07-23T11:14:38.035737,0,NORMAL
26,False,0.2369,0.0,WATCH,2.09,0.0115,0.0,2026-07-23T11:14:38.043862,0,NORMAL
22,False,0.2741,0.0,NORMAL,2.56,0.0149,5.4,2026-07-23T11:14:38.051996,0,NORMAL
28,False,0.2199,0.0,WATCH,1.45,0.0053,10.0,2026-07-23T11:14:38.060171,0,NORMAL
32,False,0.1744,0.0,WATCH,1.46,0.0013,1.3,2026-07-23T11:14:38.068261,0,NORMAL
21,False,0.2806,0.0,NORMAL,1.72,0.0105,6.2,2026-07-23T11:14:38.076373,0,NORMAL
27,False,0.2277,0.0,WATCH,1.41,0.0194,7.2,2026-07-23T11:14:38.084540,0,NORMAL
25,False,0.2488,0.0,WATCH,2.39,0.0044,3.2,2026-07-23T11:14:38.092647,0,NORMAL
25,False,0.2435,0.0,WATCH,2.09,0.0032,7.8,2026-07-23T11:14:38.100746,0,NORMAL
25,False,0.2484,0.0,WATCH,1.74,0.0079,10.0,2026-07-23T11:14:38.108863,0,NORMAL
27,False,0.2209,0.0,WATCH,1.0,0.0056,5.8,2026-07-23T11:14:38.116945,0,NORMAL
23,False,0.2685,0.0,NORMAL,1.49,0.0109,3.8,2026-07-23T11:14:38.125165,0,NORMAL
23,False,0.2682,0.0,NORMAL,2.73,0.0104,4.3,2026-07-23T11:14:38.133284,0,NORMAL
30,False,0.1937,0.0,WATCH,2.98,0.0037,11.3,2026-07-23T11:14:38.141486,0,NORMAL
27,False,0.226,0.0,WATCH,2.88,0.0198,8.7,2026-07-23T11:14:38.149484,0,NORMAL
24,False,0.2515,0.0,NORMAL,2.13,0.0046,8.7,2026-07-23T11:14:38.157582,0,NORMAL
23,False,0.2677,0.0,NORMAL,1.4,0.0094,6.0,2026-07-23T11:14:38.165749,0,NORMAL
23,False,0.2698,0.0,NORMAL,1.66,0.0101,3.2,2026-07-23T11:14:38.173917,0,NORMAL
22,False,0.2721,0.0,NORMAL,2.38,0.0127,7.7,2026-07-23T11:14:38.181954,0,NORMAL
28,False,0.2159,0.0,WATCH,3.16,0.007,3.0,2026-07-23T11:14:38.190071,0,NORMAL
22,False,0.2734,0.0,NORMAL,2.4,0.0072,5.4,2026-07-23T11:14:38.198249,0,NORMAL
22,False,0.275,0.0,NORMAL,2.0,0.0094,3.2,2026-07-23T11:14:38.206450,0,NORMAL
23,False,0.2604,0.0,NORMAL,2.07,0.0171,4.1,2026-07-23T11:14:38.214590,0,NORMAL
26,False,0.2365,0.0,WATCH,1.38,0.0095,1.8,2026-07-23T11:14:38.222765,0,NORMAL
25,False,0.2474,0.0,WATCH,1.29,0.0149,3.6,2026-07-23T11:14:38.230881,0,NORMAL
23,False,0.261,0.0,NORMAL,1.66,0.0052,5.7,2026-07-23T11:14:38.238990,0,NORMAL
23,False,0.2637,0.0,NORMAL,1.93,0.0118,9.2,2026-07-23T11:14:38.247088,0,NORMAL
23,False,0.2672,0.0,NORMAL,1.48,0.0111,7.4,2026-07-23T11:14:38.255196,0,NORMAL
26,False,0.237,0.0,WATCH,2.86,0.0115,2.1,2026-07-23T11:14:38.263362,0,NORMAL
30,False,0.1998,0.0,WATCH,1.59,0.021,2.3,2026-07-23T11:14:38.271550,0,NORMAL
24,False,0.2517,0.0,NORMAL,1.9,0.0134,10.2,2026-07-23T11:14:38.279647,0,NORMAL
23,False,0.2672,0.0,NORMAL,1.57,0.0083,3.8,2026-07-23T11:14:38.287798,0,NORMAL
26,False,0.2312,0.0,WATCH,1.42,0.003,5.8,2026-07-23T11:14:38.295920,0,NORMAL
23,False,0.2648,0.0,NORMAL,1.6,0.0143,8.0,2026-07-23T11:14:38.304022,0,NORMAL
23,False,0.2626,0.0,NORMAL,2.82,0.0149,6.5,2026-07-23T11:14:38.312137,0,NORMAL
24,False,0.2593,0.0,NORMAL,2.29,0.0074,2.1,2026-07-23T11:14:38.320212,0,NORMAL
29,False,0.2096,0.0,WATCH,2.0,0.0001,4.8,2026-07-23T11:14:38.328299,0,NORMAL
23,False,0.2655,0.0,NORMAL,1.88,0.0153,3.2,2026-07-23T11:14:38.336464,0,NORMAL
26,False,0.2329,0.0,WATCH,2.61,0.01,0.9,2026-07-23T11:14:38.344591,0,NORMAL
22,False,0.2775,0.0,NORMAL,2.14,0.0116,3.9,2026-07-23T11:14:38.352714,0,NORMAL
24,False,0.2526,0.0,NORMAL,1.86,0.0038,7.3,2026-07-23T11:14:38.360716,0,NORMAL
21,False,0.2853,0.0,NORMAL,2.22,0.0107,4.5,2026-07-23T11:14:38.368803,0,NORMAL
27,False,0.2216,0.0,WATCH,1.52,0.0101,0.0,2026-07-23T11:14:38.376955,0,NORMAL
21,False,0.2822,0.0,NORMAL,1.79,0.0126,4.9,2026-07-23T11:14:38.385057,0,NORMAL
25,False,0.2414,0.0,WATCH,2.67,0.0054,2.6,2026-07-23T11:14:38.393205,0,NORMAL
26,False,0.2311,0.0,WATCH,2.97,0.017,10.0,2026-07-23T11:14:38.401344,0,NORMAL
25,False,0.2466,0.0,WATCH,1.48,0.0056,3.1,2026-07-23T11:14:38.409416,0,NORMAL
21,False,0.2844,0.0,NORMAL,1.9,0.0114,5.8,2026-07-23T11:14:38.417486,0,NORMAL
25,False,0.2457,0.0,WATCH,2.1,0.0069,1.4,2026-07-23T11:14:38.425531,0,NORMAL
22,False,0.2748,0.0,NORMAL,1.93,0.0074,6.9,2026-07-23T11:14:38.433617,0,NORMAL
27,False,0.2237,0.0,WATCH,2.51,0.0048,1.3,2026-07-23T11:14:38.441920,0,NORMAL
23,False,0.2683,0.0,NORMAL,1.45,0.012,6.6,2026-07-23T11:14:38.450074,0,NORMAL
22,False,0.2739,0.0,NORMAL,2.18,0.0123,2.8,2026-07-23T11:14:38.458149,0,NORMAL
23,False,0.2678,0.0,NORMAL,2.43,0.0102,8.3,2026-07-23T11:14:38.466084,0,NORMAL
25,False,0.2472,0.0,WATCH,2.9,0.0139,9.4,2026-07-23T11:14:38.474157,0,NORMAL
23,False,0.2617,0.0,NORMAL,1.35,0.0127,4.4,2026-07-23T11:14:38.482265,0,NORMAL
21,False,0.284,0.0,NORMAL,1.94,0.0092,5.9,2026-07-23T11:14:38.490396,0,NORMAL
22,False,0.2708,0.0,NORMAL,2.15,0.0157,7.7,2026-07-23T11:14:38.498475,0,NORMAL
22,False,0.272,0.0,NORMAL,1.9,0.0095,7.7,2026-07-23T11:14:38.506557,0,NORMAL
22,False,0.2727,0.0,NORMAL,1.51,0.0143,5.0,2026-07-23T11:14:38.514615,0,NORMAL
25,False,0.2467,0.0,WATCH,1.3,0.0087,7.8,2026-07-23T11:14:38.522755,0,NORMAL
23,False,0.2689,0.0,NORMAL,2.46,0.0086,7.8,2026-07-23T11:14:38.530770,0,NORMAL
22,False,0.2716,0.0,NORMAL,2.29,0.0164,5.0,2026-07-23T11:14:38.538909,0,NORMAL
29,False,0.2057,0.0,WATCH,2.62,0.0052,0.3,2026-07-23T11:14:38.547012,0,NORMAL
26,False,0.2337,0.0,WATCH,1.55,0.0073,10.2,2026-07-23T11:14:38.555121,0,NORMAL
30,False,0.1983,0.0,WATCH,1.73,0.0003,3.5,2026-07-23T11:14:38.563217,0,NORMAL
26,False,0.238,0.0,WATCH,2.87,0.0059,8.3,2026-07-23T11:14:38.571298,0,NORMAL
27,False,0.2282,0.0,WATCH,2.46,0.005,1.4,2026-07-23T11:14:38.579405,0,NORMAL
25,False,0.2402,0.0,WATCH,2.39,0.0059,1.6,2026-07-23T11:14:38.587483,0,NORMAL
21,False,0.2813,0.0,NORMAL,2.31,0.0091,4.4,2026-07-23T11:14:38.595500,0,NORMAL
28,False,0.2182,0.0,WATCH,1.03,0.0074,3.4,2026-07-23T11:14:38.603647,0,NORMAL
24,False,0.2575,0.0,NORMAL,2.58,0.0146,9.3,2026-07-23T11:14:38.611741,0,NORMAL
32,False,0.174,0.0,WATCH,1.14,0.021,2.6,2026-07-23T11:14:38.619860,0,NORMAL
23,False,0.2659,0.0,NORMAL,1.66,0.0064,4.1,2026-07-23T11:14:38.627855,0,NORMAL
24,False,0.2503,0.0,NORMAL,2.16,0.0148,1.5,2026-07-23T11:14:38.635944,0,NORMAL
22,False,0.2704,0.0,NORMAL,2.09,0.0109,8.6,2026-07-23T11:14:38.644079,0,NORMAL
22,False,0.2728,0.0,NORMAL,1.78,0.0067,6.2,2026-07-23T11:14:38.652244,0,NORMAL
24,False,0.2565,0.0,NORMAL,1.99,0.0089,9.6,2026-07-23T11:14:38.660339,0,NORMAL
22,False,0.2741,0.0,NORMAL,1.95,0.0061,4.9,2026-07-23T11:14:38.668360,0,NORMAL
25,False,0.2479,0.0,WATCH,2.27,0.007,1.8,2026-07-23T11:14:38.676460,0,NORMAL
25,False,0.2427,0.0,WATCH,2.24,0.02,6.3,2026-07-23T11:14:38.684530,0,NORMAL
22,False,0.2799,0.0,NORMAL,2.08,0.013,3.9,2026-07-23T11:14:38.692605,0,NORMAL
24,False,0.2562,0.0,NORMAL,2.23,0.0041,7.3,2026-07-23T11:14:38.700654,0,NORMAL
27,False,0.2288,0.0,WATCH,2.14,0.0072,0.0,2026-07-23T11:14:38.708718,0,NORMAL
24,False,0.2567,0.0,NORMAL,2.15,0.0115,1.3,2026-07-23T11:14:38.716795,0,NORMAL
24,False,0.257,0.0,NORMAL,2.23,0.004,4.0,2026-07-23T11:14:38.724901,0,NORMAL
23,False,0.2605,0.0,NORMAL,1.93,0.0079,2.2,2026-07-23T11:14:38.732818,0,NORMAL
22,False,0.2736,0.0,NORMAL,1.94,0.0094,7.9,2026-07-23T11:14:38.740889,0,NORMAL
28,False,0.2189,0.0,WATCH,2.51,0.0147,0.0,2026-07-23T11:14:38.749214,0,NORMAL
21,False,0.2805,0.0,NORMAL,1.69,0.0114,5.5,2026-07-23T11:14:38.757307,0,NORMAL
26,False,0.2319,0.0,WATCH,1.44,0.02,5.8,2026-07-23T11:14:38.765401,0,NORMAL
29,False,0.2025,0.0,WATCH,2.28,0.0,7.5,2026-07-23T11:14:38.773433,0,NORMAL
25,False,0.2418,0.0,WATCH,2.25,0.0032,2.6,2026-07-23T11:14:38.781513,0,NORMAL
24,False,0.257,0.0,NORMAL,2.55,0.0089,9.7,2026-07-23T11:14:38.789653,0,NORMAL
21,False,0.2817,0.0,NORMAL,2.04,0.0102,5.7,2026-07-23T11:14:38.797688,0,NORMAL
24,False,0.2589,0.0,NORMAL,2.11,0.0053,7.5,2026-07-23T11:14:38.805817,0,NORMAL
24,False,0.2599,0.0,NORMAL,1.87,0.0049,4.1,2026-07-23T11:14:38.813928,0,NORMAL
29,False,0.2023,0.0,WATCH,1.27,0.0133,11.4,2026-07-23T11:14:38.822047,0,NORMAL
22,False,0.2716,0.0,NORMAL,1.9,0.0116,2.6,2026-07-23T11:14:38.830136,0,NORMAL
25,False,0.2499,0.0,WATCH,2.4,0.0141,1.4,2026-07-23T11:14:38.838245,0,NORMAL
29,False,0.2092,0.0,WATCH,2.11,0.0165,0.0,2026-07-23T11:14:38.846274,0,NORMAL
22,False,0.274,0.0,NORMAL,2.5,0.0088,6.8,2026-07-23T11:14:38.854321,0,NORMAL
23,False,0.2642,0.0,NORMAL,2.32,0.0058,6.9,2026-07-23T11:14:38.862454,0,NORMAL
22,False,0.2725,0.0,NORMAL,1.93,0.0111,2.7,2026-07-23T11:14:38.870509,0,NORMAL
26,False,0.2395,0.0,WATCH,3.17,0.0149,5.6,2026-07-23T11:14:38.878570,0,NORMAL
24,False,0.2541,0.0,NORMAL,2.81,0.012,8.5,2026-07-23T11:14:38.886664,0,NORMAL
28,False,0.2153,0.0,WATCH,1.8,0.0019,2.5,2026-07-23T11:14:38.894756,0,NORMAL
23,False,0.266,0.0,NORMAL,1.96,0.0084,2.4,2026-07-23T11:14:38.902801,0,NORMAL
29,False,0.2054,0.0,WATCH,2.76,0.0073,0.0,2026-07-23T11:14:38.910874,0,NORMAL
29,False,0.2022,0.0,WATCH,2.99,0.0068,1.1,2026-07-23T11:14:38.918975,0,NORMAL
29,False,0.2064,0.0,WATCH,2.9,0.0023,6.1,2026-07-23T11:14:38.927036,0,NORMAL
24,False,0.2576,0.0,NORMAL,1.39,0.0115,7.6,2026-07-23T11:14:38.935067,0,NORMAL
22,False,0.2725,0.0,NORMAL,2.24,0.0158,6.2,2026-07-23T11:14:38.943179,0,NORMAL
25,False,0.245,0.0,WATCH,2.82,0.0112,2.5,2026-07-23T11:14:38.951119,0,NORMAL
28,False,0.2194,0.0,WATCH,2.02,0.0054,0.0,2026-07-23T11:14:38.959154,0,NORMAL
26,False,0.2399,0.0,WATCH,2.84,0.0156,2.8,2026-07-23T11:14:38.967180,0,NORMAL
23,False,0.2687,0.0,NORMAL,2.01,0.0065,4.0,2026-07-23T11:14:38.975194,0,NORMAL
22,False,0.2786,0.0,NORMAL,2.29,0.0094,4.0,2026-07-23T11:14:38.983257,0,NORMAL
22,False,0.2714,0.0,NORMAL,1.8,0.0138,7.9,2026-07-23T11:14:38.991286,0,NORMAL
24,False,0.2575,0.0,NORMAL,1.8,0.0103,1.6,2026-07-23T11:14:38.999246,0,NORMAL
23,False,0.2618,0.0,NORMAL,1.68,0.0087,2.4,2026-07-23T11:14:39.007334,0,NORMAL
24,False,0.2555,0.0,NORMAL,2.03,0.0099,1.3,2026-07-23T11:14:39.015345,0,NORMAL
27,False,0.2282,0.0,WATCH,1.62,0.0095,0.1,2026-07-23T11:14:39.023402,0,NORMAL
24,False,0.2579,0.0,NORMAL,2.74,0.0079,7.4,2026-07-23T11:14:39.031547,0,NORMAL
23,False,0.2618,0.0,NORMAL,1.86,0.015,2.4,2026-07-23T11:14:39.039694,0,NORMAL
24,False,0.2549,0.0,NORMAL,2.17,0.0092,1.2,2026-07-23T11:14:39.047955,0,NORMAL
23,False,0.2655,0.0,NORMAL,1.89,0.0072,2.8,2026-07-23T11:14:39.056288,0,NORMAL
24,False,0.2576,0.0,NORMAL,2.64,0.0088,2.9,2026-07-23T11:14:39.064456,0,NORMAL
22,False,0.2765,0.0,NORMAL,2.11,0.0152,6.9,2026-07-23T11:14:39.072600,0,NORMAL
22,False,0.272,0.0,NORMAL,2.39,0.007,4.7,2026-07-23T11:14:39.080954,0,NORMAL
22,False,0.2716,0.0,NORMAL,2.14,0.0113,8.5,2026-07-23T11:14:39.089377,0,NORMAL
23,False,0.2654,0.0,NORMAL,2.72,0.0132,3.7,2026-07-23T11:14:39.097813,0,NORMAL
22,False,0.2792,0.0,NORMAL,1.97,0.008,5.7,2026-07-23T11:14:39.106330,0,NORMAL
26,False,0.24,0.0,WATCH,1.12,0.007,6.1,2026-07-23T11:14:39.114820,0,NORMAL
26,False,0.2378,0.0,WATCH,2.22,0.0064,1.0,2026-07-23T11:14:39.123130,0,NORMAL
21,False,0.2802,0.0,NORMAL,2.16,0.0088,4.1,2026-07-23T11:14:39.131304,0,NORMAL
23,False,0.2625,0.0,NORMAL,1.89,0.0102,8.9,2026-07-23T11:14:39.139490,0,NORMAL
22,False,0.2747,0.0,NORMAL,1.85,0.0159,5.2,2026-07-23T11:14:39.147669,0,NORMAL
21,False,0.2824,0.0,NORMAL,2.01,0.0098,6.1,2026-07-23T11:14:39.155873,0,NORMAL
22,False,0.2713,0.0,NORMAL,2.06,0.0148,3.2,2026-07-23T11:14:39.164005,0,NORMAL
22,False,0.2708,0.0,NORMAL,2.49,0.0122,8.0,2026-07-23T11:14:39.172136,0,NORMAL
25,False,0.2462,0.0,WATCH,1.89,0.0077,10.4,2026-07-23T11:14:39.180274,0,NORMAL
23,False,0.2649,0.0,NORMAL,2.42,0.0141,2.7,2026-07-23T11:14:39.188565,0,NORMAL
27,False,0.2266,0.0,WATCH,1.1,0.0076,3.0,2026-07-23T11:14:39.196639,0,NORMAL
22,False,0.2779,0.0,NORMAL,2.15,0.0108,3.6,2026-07-23T11:14:39.204863,0,NORMAL
27,False,0.2271,0.0,WATCH,1.26,0.0111,1.5,2026-07-23T11:14:39.212914,0,NORMAL
22,False,0.2759,0.0,NORMAL,2.39,0.0102,4.1,2026-07-23T11:14:39.221071,0,NORMAL
26,False,0.2309,0.0,WATCH,3.26,0.0082,6.8,2026-07-23T11:14:39.229170,0,NORMAL
31,False,0.1891,0.0,WATCH,1.45,0.0168,0.0,2026-07-23T11:14:39.237335,0,NORMAL
23,False,0.2635,0.0,NORMAL,2.75,0.0135,7.7,2026-07-23T11:14:39.245510,0,NORMAL
22,False,0.2751,0.0,NORMAL,1.64,0.0147,5.2,2026-07-23T11:14:39.253658,0,NORMAL
24,False,0.2564,0.0,NORMAL,1.99,0.0047,7.4,2026-07-23T11:14:39.261813,0,NORMAL
23,False,0.2606,0.0,NORMAL,2.43,0.0132,2.4,2026-07-23T11:14:39.269983,0,NORMAL
22,False,0.2732,0.0,NORMAL,1.6,0.0089,6.7,2026-07-23T11:14:39.278122,0,NORMAL
25,False,0.2419,0.0,WATCH,2.05,0.0136,0.5,2026-07-23T11:14:39.286251,0,NORMAL
30,False,0.191,0.0,WATCH,1.48,0.0222,10.9,2026-07-23T11:14:39.294406,0,NORMAL
27,False,0.2241,0.0,WATCH,2.55,0.0106,13.0,2026-07-23T11:14:39.302513,0,NORMAL
24,False,0.2506,0.0,NORMAL,1.85,0.0104,1.0,2026-07-23T11:14:39.310715,0,NORMAL
26,False,0.2329,0.0,WATCH,1.77,0.0019,4.6,2026-07-23T11:14:39.318857,0,NORMAL
29,False,0.2076,0.0,WATCH,1.81,0.0165,0.0,2026-07-23T11:14:39.326977,0,NORMAL
30,False,0.1921,0.0,WATCH,1.55,0.0034,0.0,2026-07-23T11:14:39.335103,0,NORMAL
26,False,0.2334,0.0,WATCH,1.91,0.0032,9.0,2026-07-23T11:14:39.343213,0,NORMAL
30,False,0.1954,0.0,WATCH,1.0,0.0132,1.3,2026-07-23T11:14:39.351362,0,NORMAL
27,False,0.223,0.0,WATCH,2.94,0.0039,5.2,2026-07-23T11:14:39.359710,0,NORMAL
22,False,0.2775,0.0,NORMAL,2.37,0.0141,4.4,2026-07-23T11:14:39.367895,0,NORMAL
26,False,0.2356,0.0,WATCH,2.02,0.0053,1.2,2026-07-23T11:14:39.375992,0,NORMAL
26,False,0.237,0.0,WATCH,1.2,0.0088,7.6,2026-07-23T11:14:39.384205,0,NORMAL
23,False,0.2651,0.0,NORMAL,2.28,0.0168,7.1,2026-07-23T11:14:39.392434,0,NORMAL
24,False,0.2587,0.0,NORMAL,2.16,0.0107,1.3,2026-07-23T11:14:39.400640,0,NORMAL
24,False,0.2501,0.0,NORMAL,1.5,0.0052,7.0,2026-07-23T11:14:39.408753,0,NORMAL
21,False,0.2829,0.0,NORMAL,2.02,0.014,5.4,2026-07-23T11:14:39.416773,0,NORMAL
29,False,0.2067,0.0,WATCH,1.87,0.005,13.0,2026-07-23T11:14:39.424894,0,NORMAL
33,False,0.1699,0.0,WATCH,0.63,0.0156,2.0,2026-07-23T11:14:39.433006,0,NORMAL
24,False,0.2546,0.0,NORMAL,2.08,0.0165,9.9,2026-07-23T11:14:39.441161,0,NORMAL
23,False,0.2695,0.0,NORMAL,2.38,0.0102,2.8,2026-07-23T11:14:39.449301,0,NORMAL
29,False,0.2076,0.0,WATCH,1.41,0.0064,0.3,2026-07-23T11:14:39.457417,0,NORMAL
21,False,0.2823,0.0,NORMAL,1.8,0.0102,4.9,2026-07-23T11:14:39.465547,0,NORMAL
24,False,0.2579,0.0,NORMAL,2.03,0.0042,6.9,2026-07-23T11:14:39.473634,0,NORMAL
23,False,0.2604,0.0,NORMAL,1.6,0.0148,3.0,2026-07-23T11:14:39.481750,0,NORMAL
26,False,0.2399,0.0,WATCH,1.71,0.0085,0.8,2026-07-23T11:14:39.489905,1,WATCH
22,False,0.2794,0.0,NORMAL,2.38,0.0092,5.4,2026-07-23T11:14:39.498008,1,WATCH
26,False,0.2378,0.0,WATCH,2.39,0.0059,10.7,2026-07-23T11:14:39.506150,1,WATCH
22,False,0.2711,0.0,NORMAL,1.71,0.0101,3.3,2026-07-23T11:14:39.514277,1,WATCH
22,False,0.2759,0.0,NORMAL,1.55,0.0117,5.5,2026-07-23T11:14:39.522438,1,WATCH
22,False,0.2763,0.0,NORMAL,2.11,0.0112,8.0,2026-07-23T11:14:39.530643,1,WATCH
24,False,0.2574,0.0,NORMAL,1.55,0.0093,8.5,2026-07-23T11:14:39.538820,1,WATCH
22,False,0.2756,0.0,NORMAL,2.43,0.0087,6.5,2026-07-23T11:14:39.546970,1,WATCH
28,False,0.2195,0.0,WATCH,2.13,0.0174,1.0,2026-07-23T11:14:39.555127,1,WATCH
24,False,0.2596,0.0,NORMAL,1.99,0.0184,5.7,2026-07-23T11:14:39.563217,1,WATCH
24,False,0.2525,0.0,NORMAL,2.32,0.0179,8.6,2026-07-23T11:14:39.571383,1,WATCH
23,False,0.2688,0.0,NORMAL,1.48,0.0073,4.8,2026-07-23T11:14:39.579516,1,WATCH
25,False,0.245,0.0,WATCH,2.55,0.0046,8.5,2026-07-23T11:14:39.587595,1,WATCH
27,False,0.2282,0.0,WATCH,1.0,0.0142,7.2,2026-07-23T11:14:39.595657,1,WATCH
30,False,0.192,0.0,WATCH,0.66,0.0162,4.5,2026-07-23T11:14:39.603723,1,WATCH
25,False,0.2452,0.0,WATCH,1.83,0.0177,3.1,2026-07-23T11:14:39.611871,1,WATCH
23,False,0.2664,0.0,NORMAL,1.82,0.0169,6.2,2026-07-23T11:14:39.620009,1,WATCH
26,False,0.2335,0.0,WATCH,1.62,0.0035,8.1,2026-07-23T11:14:39.628137,1,WATCH
29,False,0.2026,0.0,WATCH,1.91,0.0034,0.0,2026-07-23T11:14:39.636256,1,WATCH
23,False,0.2605,0.0,NORMAL,2.13,0.0075,9.2,2026-07-23T11:14:39.644356,1,WATCH
29,False,0.2097,0.0,WATCH,1.62,0.0222,5.6,2026-07-23T11:14:39.652501,1,WATCH
22,False,0.2761,0.0,NORMAL,2.59,0.0128,5.2,2026-07-23T11:14:39.660833,1,WATCH
26,False,0.2326,0.0,WATCH,2.51,0.0102,11.9,2026-07-23T11:14:39.668924,1,WATCH
28,False,0.2123,0.0,WATCH,1.88,0.0104,13.7,2026-07-23T11:14:39.677045,1,WATCH
23,False,0.2676,0.0,NORMAL,2.37,0.0106,8.5,2026-07-23T11:14:39.685181,1,WATCH
22,False,0.2742,0.0,NORMAL,2.21,0.016,5.1,2026-07-23T11:14:39.693247,1,WATCH
34,False,0.1533,0.0,WATCH,2.75,0.0016,0.0,2026-07-23T11:14:39.701486,1,WATCH
28,False,0.211,0.0,WATCH,1.51,0.0145,0.0,2026-07-23T11:14:39.709697,1,WATCH
23,False,0.2645,0.0,NORMAL,2.81,0.0091,6.0,2026-07-23T11:14:39.717883,1,WATCH
24,False,0.2511,0.0,NORMAL,2.64,0.018,4.9,2026-07-23T11:14:39.726083,1,WATCH
25,False,0.2425,0.0,WATCH,2.06,0.0046,9.6,2026-07-23T11:14:39.734207,1,WATCH
24,False,0.2556,0.0,NORMAL,2.04,0.0055,8.6,2026-07-23T11:14:39.742311,1,WATCH
29,False,0.2053,0.0,WATCH,3.74,0.0161,6.3,2026-07-23T11:14:39.750398,1,WATCH
24,False,0.2573,0.0,NORMAL,2.18,0.0139,1.7,2026-07-23T11:14:39.758484,1,WATCH
30,False,0.191,0.0,WATCH,3.2,0.0119,0.5,2026-07-23T11:14:39.766582,1,WATCH
28,False,0.2103,0.0,WATCH,2.78,0.0217,8.7,2026-07-23T11:14:39.774651,1,WATCH
26,False,0.2324,0.0,WATCH,2.7,0.0197,4.1,2026-07-23T11:14:39.782666,1,WATCH
30,False,0.1938,0.0,WATCH,3.01,0.0174,1.6,2026-07-23T11:14:39.790772,1,WATCH
30,False,0.1972,0.0,WATCH,2.76,0.0004,5.2,2026-07-23T11:14:39.798877,1,WATCH
28,False,0.2122,0.0,WATCH,2.38,0.0042,12.0,2026-07-23T11:14:39.807001,1,WATCH
30,False,0.1963,0.0,WATCH,2.29,0.0255,9.3,2026-07-23T11:14:39.815089,1,WATCH
29,False,0.2074,0.0,WATCH,2.16,0.0126,14.8,2026-07-23T11:14:39.823164,1,WATCH
26,False,0.2342,0.0,WATCH,1.84,0.0121,0.0,2026-07-23T11:14:39.831281,1,WATCH
23,False,0.2603,0.0,NORMAL,2.31,0.0084,9.4,2026-07-23T11:14:39.839475,1,WATCH
26,False,0.2382,0.0,WATCH,2.97,0.0153,10.1,2026-07-23T11:14:39.847545,1,WATCH
25,False,0.2471,0.0,WATCH,1.33,0.0158,8.0,2026-07-23T11:14:39.855633,1,WATCH
30,False,0.1955,0.0,WATCH,3.05,0.0196,13.1,2026-07-23T11:14:39.863710,1,WATCH
36,False,0.1388,0.0,WATCH,4.0,0.0027,8.3,2026-07-23T11:14:39.871804,1,WATCH
28,False,0.2177,0.0,WATCH,2.55,0.0144,13.5,2026-07-23T11:14:39.879902,1,WATCH
25,False,0.2441,0.0,WATCH,1.75,0.0175,2.8,2026-07-23T11:14:39.888018,1,WATCH
29,False,0.2034,0.0,WATCH,3.56,0.0131,11.2,2026-07-23T11:14:39.896137,1,WATCH
30,False,0.1954,0.0,WATCH,3.86,0.0111,3.9,2026-07-23T11:14:39.904286,1,WATCH
31,False,0.1818,0.0,WATCH,3.32,0.0068,12.6,2026-07-23T11:14:39.912461,1,WATCH
22,False,0.2726,0.0,NORMAL,2.5,0.0144,4.6,2026-07-23T11:14:39.920597,1,WATCH
26,False,0.2352,0.0,WATCH,3.34,0.0143,6.4,2026-07-23T11:14:39.928686,1,WATCH
32,False,0.176,0.0,WATCH,3.92,0.0215,9.9,2026-07-23T11:14:39.936791,1,WATCH
32,False,0.1782,0.0,WATCH,1.46,0.0131,17.2,2026-07-23T11:14:39.944914,1,WATCH
32,False,0.1772,0.0,WATCH,3.63,0.0216,5.7,2026-07-23T11:14:39.952935,1,WATCH
30,False,0.1989,0.0,WATCH,3.58,0.0187,10.3,2026-07-23T11:14:39.960990,1,WATCH
28,False,0.2192,0.0,WATCH,2.89,0.0137,12.9,2026-07-23T11:14:39.969305,1,WATCH
32,False,0.1748,0.0,WATCH,1.81,0.024,12.6,2026-07-23T11:14:39.977439,1,WATCH
33,False,0.1605,0.0,WATCH,3.48,0.0184,19.6,2026-07-23T11:14:39.985554,1,WATCH
32,False,0.1793,0.0,WATCH,3.64,0.0139,14.2,2026-07-23T11:14:39.993617,1,WATCH
22,False,0.2785,0.0,NORMAL,1.97,0.0133,3.8,2026-07-23T11:14:40.001721,1,WATCH
30,False,0.1991,0.0,WATCH,2.93,0.0025,9.3,2026-07-23T11:14:40.009888,1,WATCH
26,False,0.2376,0.0,WATCH,2.36,0.019,10.0,2026-07-23T11:14:40.018029,1,WATCH
27,False,0.2295,0.0,WATCH,1.97,0.0122,12.1,2026-07-23T11:14:40.026138,1,WATCH
37,False,0.1294,0.0,WATCH,4.34,0.0051,14.3,2026-07-23T11:14:40.034288,1,WATCH
30,False,0.1902,0.0,WATCH,2.73,0.0071,15.4,2026-07-23T11:14:40.042418,1,WATCH
33,False,0.1609,0.0,WATCH,4.77,0.0138,9.4,2026-07-23T11:14:40.050495,1,WATCH
31,False,0.184,0.0,WATCH,4.11,0.0093,6.9,2026-07-23T11:14:40.058552,1,WATCH
33,False,0.17,0.0,WATCH,2.29,0.0216,18.4,2026-07-23T11:14:40.066622,1,WATCH
32,False,0.1737,0.0,WATCH,4.22,0.019,10.7,2026-07-23T11:14:40.074689,1,WATCH
29,False,0.201,0.0,WATCH,1.83,0.011,15.4,2026-07-23T11:14:40.082700,1,WATCH
25,False,0.2484,0.0,WATCH,2.54,0.0176,9.1,2026-07-23T11:14:40.090779,1,WATCH
34,False,0.1575,0.0,WATCH,2.86,0.0243,1.3,2026-07-23T11:14:40.098863,1,WATCH
26,False,0.2339,0.0,WATCH,2.75,0.0149,11.4,2026-07-23T11:14:40.107007,1,WATCH
26,False,0.2316,0.0,WATCH,3.34,0.0154,6.9,2026-07-23T11:14:40.115040,1,WATCH
29,False,0.2074,0.0,WATCH,2.64,0.0062,0.2,2026-07-23T11:14:40.123168,1,WATCH
26,False,0.2356,0.0,WATCH,2.34,0.0189,10.3,2026-07-23T11:14:40.131248,1,WATCH
27,False,0.2244,0.0,WATCH,3.5,0.015,7.4,2026-07-23T11:14:40.139338,1,WATCH
32,False,0.1779,0.0,WATCH,3.72,0.0054,9.6,2026-07-23T11:14:40.147411,1,WATCH
33,False,0.1682,0.0,WATCH,3.68,0.0141,17.5,2026-07-23T11:14:40.155513,1,WATCH
31,False,0.1899,0.0,WATCH,3.96,0.0144,9.0,2026-07-23T11:14:40.163604,1,WATCH
34,False,0.1504,0.0,WATCH,4.5,0.0206,15.3,2026-07-23T11:14:40.171735,1,WATCH
28,False,0.2177,0.0,WATCH,2.54,0.0147,0.0,2026-07-23T11:14:40.179895,1,WATCH
31,False,0.1876,0.0,WATCH,3.01,0.0134,16.8,2026-07-23T11:14:40.187989,1,WATCH
34,False,0.1532,0.0,WATCH,4.75,0.0087,9.1,2026-07-23T11:14:40.196045,1,WATCH
29,False,0.2031,0.0,WATCH,3.53,0.0141,11.1,2026-07-23T11:14:40.204109,1,WATCH
30,False,0.1954,0.0,WATCH,3.29,0.0177,12.9,2026-07-23T11:14:40.212212,1,WATCH
33,False,0.1615,0.0,WATCH,2.43,0.0159,22.2,2026-07-23T11:14:40.220278,1,WATCH
33,False,0.1678,0.0,WATCH,1.62,0.0095,19.9,2026-07-23T11:14:40.228355,1,WATCH
33,False,0.1658,0.0,WATCH,4.16,0.0129,12.9,2026-07-23T11:14:40.236506,1,WATCH
34,False,0.1528,0.0,WATCH,4.17,0.019,2.7,2026-07-23T11:14:40.244595,1,WATCH
37,False,0.1222,0.0,WATCH,4.45,0.0217,2.0,2026-07-23T11:14:40.252695,1,WATCH
29,False,0.2007,0.0,WATCH,3.68,0.0161,10.1,2026-07-23T11:14:40.263043,1,WATCH
34,False,0.1549,0.0,WATCH,3.21,0.0262,16.6,2026-07-23T11:14:40.278809,1,WATCH
31,False,0.1824,0.0,WATCH,3.16,0.0169,16.7,2026-07-23T11:14:40.288844,1,WATCH
35,False,0.1435,0.0,WATCH,4.83,0.016,14.9,2026-07-23T11:14:40.297102,1,WATCH
24,False,0.2515,0.0,NORMAL,2.75,0.0147,9.3,2026-07-23T11:14:40.305348,1,WATCH
36,False,0.133,0.0,WATCH,4.46,0.0076,17.8,2026-07-23T11:14:40.313654,1,WATCH
32,False,0.1772,0.0,WATCH,3.72,0.0186,13.0,2026-07-23T11:14:40.321818,1,WATCH
37,False,0.1217,0.0,WATCH,4.32,0.0328,10.3,2026-07-23T11:14:40.330056,1,WATCH
28,False,0.2199,0.0,WATCH,2.52,0.0078,13.0,2026-07-23T11:14:40.338269,1,WATCH
31,False,0.1837,0.0,WATCH,2.39,0.0272,9.1,2026-07-23T11:14:40.346493,1,WATCH
34,False,0.1506,0.0,WATCH,3.11,0.0006,2.5,2026-07-23T11:14:40.354640,1,WATCH
30,False,0.1918,0.0,WATCH,2.86,0.0152,16.8,2026-07-23T11:14:40.362783,1,WATCH
32,False,0.1791,0.0,WATCH,3.59,0.0188,14.1,2026-07-23T11:14:40.370918,1,WATCH
34,False,0.1569,0.0,WATCH,4.31,0.0203,17.2,2026-07-23T11:14:40.379146,1,WATCH
35,False,0.1402,0.0,WATCH,4.86,0.0083,12.1,2026-07-23T11:14:40.387227,1,WATCH
33,False,0.1633,0.0,WATCH,2.21,0.0237,17.7,2026-07-23T11:14:40.395287,1,WATCH
30,False,0.198,0.0,WATCH,2.49,0.0191,14.5,2026-07-23T11:14:40.403379,1,WATCH
29,False,0.2,0.0,WATCH,1.38,0.0152,12.8,2026-07-23T11:14:40.411536,1,WATCH
33,False,0.1615,0.0,WATCH,3.36,0.0242,18.0,2026-07-23T11:14:40.419681,1,WATCH
32,False,0.174,0.0,WATCH,3.08,0.0196,17.8,2026-07-23T11:14:40.427722,1,WATCH
32,False,0.1781,0.0,WATCH,3.43,0.0177,15.8,2026-07-23T11:14:40.435832,1,WATCH
34,False,0.1585,0.0,WATCH,3.95,0.021,3.7,2026-07-23T11:14:40.443979,1,WATCH
36,False,0.1379,0.0,WATCH,4.75,0.0121,16.9,2026-07-23T11:14:40.452173,1,WATCH
38,False,0.1138,0.0,WATCH,3.97,0.0308,3.6,2026-07-23T11:14:40.460280,1,WATCH
34,False,0.1538,0.0,WATCH,3.45,0.0271,17.6,2026-07-23T11:14:40.468404,1,WATCH
30,False,0.1963,0.0,WATCH,2.85,0.0159,15.8,2026-07-23T11:14:40.476474,1,WATCH
30,False,0.197,0.0,WATCH,2.67,0.0227,11.4,2026-07-23T11:14:40.484650,1,WATCH
33,False,0.1614,0.0,WATCH,4.16,0.016,17.2,2026-07-23T11:14:40.492766,1,WATCH
35,False,0.1475,0.0,WATCH,3.21,0.02,24.1,2026-07-23T11:14:40.500878,1,WATCH
34,False,0.1588,0.0,WATCH,2.97,0.0155,21.8,2026-07-23T11:14:40.509012,1,WATCH
36,False,0.138,0.0,WATCH,3.31,0.0183,25.5,2026-07-23T11:14:40.517083,1,WATCH
31,False,0.1818,0.0,WATCH,3.42,0.0148,16.3,2026-07-23T11:14:40.525140,1,WATCH
35,False,0.15,0.0,WATCH,3.85,0.0214,22.5,2026-07-23T11:14:40.533272,1,WATCH
37,False,0.1229,0.0,WATCH,3.89,0.0335,15.0,2026-07-23T11:14:40.541385,1,WATCH
35,False,0.1402,0.0,WATCH,4.1,0.0295,7.0,2026-07-23T11:14:40.549486,1,WATCH
34,False,0.1546,0.0,WATCH,4.53,0.0116,11.4,2026-07-23T11:14:40.557603,1,WATCH
38,False,0.1137,0.0,WATCH,3.25,0.0184,30.0,2026-07-23T11:14:40.565712,1,WATCH
28,False,0.2166,0.0,WATCH,2.97,0.0156,12.4,2026-07-23T11:14:40.573843,1,WATCH
26,False,0.2321,0.0,WATCH,3.09,0.0107,9.9,2026-07-23T11:14:40.581903,1,WATCH
34,False,0.1567,0.0,WATCH,4.29,0.022,10.6,2026-07-23T11:14:40.590186,1,WATCH
27,False,0.2242,0.0,WATCH,3.34,0.017,7.2,2026-07-23T11:14:40.598238,1,WATCH
34,False,0.1569,0.0,WATCH,3.96,0.0256,12.8,2026-07-23T11:14:40.606433,1,WATCH
32,False,0.1712,0.0,WATCH,4.04,0.0079,9.7,2026-07-23T11:14:40.614552,1,WATCH
37,False,0.1207,0.0,WATCH,5.14,0.0315,12.6,2026-07-23T11:14:40.622719,1,WATCH
34,False,0.1524,0.0,WATCH,1.93,0.0257,18.5,2026-07-23T11:14:40.630910,1,WATCH
36,False,0.1396,0.0,WATCH,5.48,0.0191,13.3,2026-07-23T11:14:40.639096,1,WATCH
35,False,0.1483,0.0,WATCH,3.47,0.028,17.8,2026-07-23T11:14:40.647199,1,WATCH
38,False,0.1108,0.0,WATCH,6.35,0.0181,2.7,2026-07-23T11:14:40.655324,1,WATCH
34,False,0.1577,0.0,WATCH,3.44,0.0277,12.9,2026-07-23T11:14:40.663447,1,WATCH
33,False,0.1603,0.0,WATCH,3.35,0.0249,17.8,2026-07-23T11:14:40.671603,1,WATCH
36,False,0.1308,0.0,WATCH,3.64,0.0332,8.8,2026-07-23T11:14:40.679747,1,WATCH
38,False,0.1151,0.0,WATCH,5.58,0.0259,4.7,2026-07-23T11:14:40.687950,1,WATCH
34,False,0.1592,0.0,WATCH,3.6,0.0263,5.4,2026-07-23T11:14:40.696068,1,WATCH
34,False,0.1568,0.0,WATCH,3.12,0.0164,22.0,2026-07-23T11:14:40.704210,1,WATCH
36,False,0.1395,0.0,WATCH,2.73,0.026,22.9,2026-07-23T11:14:40.712409,1,WATCH
36,False,0.1303,0.0,WATCH,5.49,0.0201,4.5,2026-07-23T11:14:40.720619,1,WATCH
32,False,0.177,0.0,WATCH,4.13,0.0196,11.2,2026-07-23T11:14:40.728776,1,WATCH
37,False,0.1291,0.0,WATCH,4.67,0.0212,26.5,2026-07-23T11:14:40.736977,1,WATCH
37,False,0.1267,0.0,WATCH,1.13,0.0191,21.9,2026-07-23T11:14:40.744978,1,WATCH
29,False,0.2065,0.0,WATCH,3.24,0.0207,8.3,2026-07-23T11:14:40.753085,1,WATCH
37,False,0.1274,0.0,WATCH,4.08,0.009,22.5,2026-07-23T11:14:40.761256,1,WATCH
36,False,0.1302,0.0,WATCH,3.81,0.0289,25.5,2026-07-23T11:14:40.769429,1,WATCH
30,False,0.1967,0.0,WATCH,3.79,0.012,10.1,2026-07-23T11:14:40.777592,1,WATCH
35,False,0.1495,0.0,WATCH,4.34,0.0181,20.1,2026-07-23T11:14:40.785732,1,WATCH
34,False,0.1554,0.0,WATCH,3.66,0.0278,5.9,2026-07-23T11:14:40.794070,1,WATCH
36,False,0.1336,0.0,WATCH,4.72,0.0192,24.5,2026-07-23T11:14:40.802278,1,WATCH
38,False,0.1154,0.0,WATCH,5.52,0.0101,20.3,2026-07-23T11:14:40.810449,1,WATCH
36,False,0.1353,0.0,WATCH,4.89,0.0289,23.9,2026-07-23T11:14:40.818572,1,WATCH
36,False,0.1367,0.0,WATCH,5.2,0.0271,24.6,2026-07-23T11:14:40.826699,1,WATCH
37,False,0.1253,0.0,WATCH,1.75,0.0382,9.7,2026-07-23T11:14:40.834916,1,WATCH
34,False,0.1594,0.0,WATCH,4.85,0.0126,9.3,2026-07-23T11:14:40.843096,1,WATCH
36,False,0.134,0.0,WATCH,5.5,0.0279,16.5,2026-07-23T11:14:40.851294,1,WATCH
38,False,0.1126,0.0,WATCH,5.19,0.0127,23.7,2026-07-23T11:14:40.859432,1,WATCH
38,False,0.1181,0.0,WATCH,6.15,0.0172,26.0,2026-07-23T11:14:40.867611,1,WATCH
37,False,0.1202,0.0,WATCH,4.19,0.0078,21.9,2026-07-23T11:14:40.875782,1,WATCH
40,False,0.0972,0.0,WATCH,5.84,0.0367,11.2,2026-07-23T11:14:40.883951,1,WATCH
34,False,0.1549,0.0,WATCH,3.23,0.014,21.7,2026-07-23T11:14:40.892265,1,WATCH
40,False,0.0902,0.0,WATCH,4.11,0.0349,31.3,2026-07-23T11:14:40.900483,1,WATCH
36,False,0.1393,0.0,WATCH,4.87,0.0236,12.8,2026-07-23T11:14:40.908730,1,WATCH
36,False,0.1362,0.0,WATCH,3.46,0.0184,25.5,2026-07-23T11:14:40.916800,1,WATCH
36,False,0.1344,0.0,WATCH,4.29,0.0303,17.8,2026-07-23T11:14:40.924946,1,WATCH
36,False,0.1339,0.0,WATCH,5.56,0.0271,16.5,2026-07-23T11:14:40.932999,1,WATCH
36,False,0.1321,0.0,WATCH,5.97,0.0297,20.2,2026-07-23T11:14:40.941090,1,WATCH
37,False,0.1227,0.0,WATCH,4.84,0.0156,24.9,2026-07-23T11:14:40.949202,1,WATCH
38,False,0.12,0.0,WATCH,6.26,0.0167,13.5,2026-07-23T11:14:40.957428,1,WATCH
33,False,0.1641,0.0,WATCH,3.71,0.0248,12.3,2026-07-23T11:14:40.965581,1,WATCH
35,False,0.141,0.0,WATCH,4.63,0.0228,21.9,2026-07-23T11:14:40.973713,1,WATCH
38,False,0.1161,0.0,WATCH,6.82,0.0223,15.7,2026-07-23T11:14:40.981884,1,WATCH
36,False,0.1364,0.0,WATCH,5.19,0.0149,19.2,2026-07-23T11:14:40.990044,1,WATCH
36,False,0.1315,0.0,WATCH,5.64,0.0305,22.4,2026-07-23T11:14:40.998213,1,WATCH
39,False,0.1073,0.0,WATCH,4.7,0.036,20.6,2026-07-23T11:14:41.006338,1,WATCH
36,False,0.1385,0.0,WATCH,5.2,0.0228,11.5,2026-07-23T11:14:41.014530,1,WATCH
38,False,0.1185,0.0,WATCH,5.74,0.0116,14.0,2026-07-23T11:14:41.022628,1,WATCH
36,False,0.1347,0.0,WATCH,5.74,0.0282,25.0,2026-07-23T11:14:41.030782,1,WATCH
36,False,0.1332,0.0,WATCH,6.14,0.0283,21.0,2026-07-23T11:14:41.038935,1,WATCH
34,False,0.1597,0.0,WATCH,4.1,0.0165,18.7,2026-07-23T11:14:41.047080,1,WATCH
33,False,0.1653,0.0,WATCH,3.49,0.0205,18.5,2026-07-23T11:14:41.055261,1,WATCH
39,False,0.102,0.0,WATCH,3.76,0.0186,31.2,2026-07-23T11:14:41.063392,1,WATCH
38,False,0.1183,0.0,WATCH,4.9,0.0336,18.0,2026-07-23T11:14:41.071566,1,WATCH
41,False,0.0882,0.0,WATCH,3.17,0.0432,15.6,2026-07-23T11:14:41.079647,1,WATCH
45,False,0.042,0.0,WATCH,6.19,0.0356,0.0,2026-07-23T11:14:41.087803,1,WATCH
39,False,0.1099,0.0,WATCH,7.38,0.0314,19.0,2026-07-23T11:14:41.095954,1,WATCH
37,False,0.1223,0.0,WATCH,4.19,0.0143,27.4,2026-07-23T11:14:41.104130,1,WATCH
37,False,0.1299,0.0,WATCH,5.19,0.0251,5.4,2026-07-23T11:14:41.112222,1,WATCH
36,False,0.1371,0.0,WATCH,5.07,0.0235,20.4,2026-07-23T11:14:41.120463,1,WATCH
36,False,0.1356,0.0,WATCH,5.17,0.0296,22.0,2026-07-23T11:14:41.128583,1,WATCH
33,False,0.1687,0.0,WATCH,3.61,0.0257,8.7,2026-07-23T11:14:41.136785,1,WATCH
38,False,0.1142,0.0,WATCH,7.03,0.0255,14.1,2026-07-23T11:14:41.144991,1,WATCH
37,False,0.1246,0.0,WATCH,4.58,0.0292,27.6,2026-07-23T11:14:41.153059,1,WATCH
38,False,0.116,0.0,WATCH,5.64,0.0249,30.5,2026-07-23T11:14:41.161240,1,WATCH
38,False,0.1184,0.0,WATCH,5.72,0.0227,28.8,2026-07-23T11:14:41.169378,1,WATCH
37,False,0.1218,0.0,WATCH,4.92,0.0318,16.1,2026-07-23T11:14:41.177525,1,WATCH
37,False,0.1225,0.0,WATCH,6.43,0.0226,16.1,2026-07-23T11:14:41.185709,1,WATCH
32,False,0.1702,0.0,WATCH,4.46,0.0167,5.7,2026-07-23T11:14:41.193846,1,WATCH
35,False,0.1458,0.0,WATCH,5.27,0.0155,9.5,2026-07-23T11:14:41.202266,1,WATCH
37,False,0.13,0.0,WATCH,4.97,0.0282,26.7,2026-07-23T11:14:41.210393,1,WATCH
41,False,0.0813,0.0,WATCH,5.71,0.042,15.9,2026-07-23T11:14:41.218498,1,WATCH
40,False,0.0984,0.0,WATCH,7.43,0.0371,22.9,2026-07-23T11:14:41.226597,1,WATCH
36,False,0.1359,0.0,WATCH,4.0,0.0207,25.4,2026-07-23T11:14:41.234699,1,WATCH
36,False,0.1324,0.0,WATCH,4.77,0.0294,26.0,2026-07-23T11:14:41.242738,1,WATCH
35,False,0.1426,0.0,WATCH,4.28,0.0168,21.8,2026-07-23T11:14:41.250808,1,WATCH
40,False,0.0964,0.0,WATCH,4.94,0.039,21.3,2026-07-23T11:14:41.258936,1,WATCH
34,False,0.1567,0.0,WATCH,4.31,0.0188,15.9,2026-07-23T11:14:41.267071,1,WATCH
39,False,0.1061,0.0,WATCH,6.11,0.0172,29.2,2026-07-23T11:14:41.275192,1,WATCH
39,False,0.1093,0.0,WATCH,7.31,0.0199,24.4,2026-07-23T11:14:41.283285,1,WATCH
30,False,0.192,0.0,WATCH,2.95,0.0173,15.0,2026-07-23T11:14:41.291359,1,WATCH
40,False,0.0993,0.0,WATCH,7.39,0.0343,17.4,2026-07-23T11:14:41.299460,1,WATCH
41,False,0.089,0.0,WATCH,6.45,0.042,29.8,2026-07-23T11:14:41.307616,1,WATCH
40,False,0.0965,0.0,WATCH,5.49,0.0331,36.3,2026-07-23T11:14:41.315727,1,WATCH
32,False,0.1734,0.0,WATCH,3.54,0.0189,16.3,2026-07-23T11:14:41.323898,1,WATCH
36,False,0.1306,0.0,WATCH,4.37,0.0214,26.5,2026-07-23T11:14:41.331997,1,WATCH
37,False,0.1267,0.0,WATCH,3.94,0.0319,22.5,2026-07-23T11:14:41.340100,1,WATCH
37,False,0.128,0.0,WATCH,5.88,0.0287,16.0,2026-07-23T11:14:41.348190,1,WATCH
35,False,0.1415,0.0,WATCH,5.21,0.0181,19.2,2026-07-23T11:14:41.356349,1,WATCH
36,False,0.1317,0.0,WATCH,5.36,0.0251,9.4,2026-07-23T11:14:41.364444,1,WATCH
38,False,0.116,0.0,WATCH,6.83,0.0275,15.0,2026-07-23T11:14:41.372488,1,WATCH
40,False,0.0985,0.0,WATCH,2.73,0.0353,23.1,2026-07-23T11:14:41.380531,1,WATCH
38,False,0.1134,0.0,WATCH,5.21,0.0259,31.0,2026-07-23T11:14:41.388629,1,WATCH
34,False,0.1509,0.0,WATCH,3.79,0.0264,16.0,2026-07-23T11:14:41.396685,1,WATCH
34,False,0.1538,0.0,WATCH,3.09,0.0269,17.8,2026-07-23T11:14:41.404765,1,WATCH
36,False,0.1331,0.0,WATCH,4.05,0.0317,17.7,2026-07-23T11:14:41.412852,1,WATCH
39,False,0.1073,0.0,WATCH,6.05,0.0366,17.2,2026-07-23T11:14:41.420939,1,WATCH
36,False,0.1317,0.0,WATCH,5.68,0.0211,23.4,2026-07-23T11:14:41.429090,1,WATCH
38,False,0.1195,0.0,WATCH,6.44,0.0217,10.8,2026-07-23T11:14:41.437250,1,WATCH
36,False,0.1368,0.0,WATCH,6.01,0.0249,21.6,2026-07-23T11:14:41.445315,1,WATCH
37,False,0.126,0.0,WATCH,5.1,0.0311,24.4,2026-07-23T11:14:41.453402,1,WATCH
41,False,0.0881,0.0,WATCH,4.02,0.0341,33.7,2026-07-23T11:14:41.461542,1,WATCH
41,False,0.0821,0.0,WATCH,5.03,0.0437,22.9,2026-07-23T11:14:41.469533,1,WATCH
40,False,0.0964,0.0,WATCH,5.31,0.04,21.9,2026-07-23T11:14:41.477650,1,WATCH
36,False,0.1319,0.0,WATCH,5.97,0.0255,24.6,2026-07-23T11:14:41.485754,1,WATCH
38,False,0.1182,0.0,WATCH,6.12,0.0218,28.4,2026-07-23T11:14:41.493895,1,WATCH
36,False,0.1369,0.0,WATCH,5.48,0.0181,15.3,2026-07-23T11:14:41.502247,1,WATCH
38,False,0.1154,0.0,WATCH,6.42,0.0345,23.1,2026-07-23T11:14:41.510362,1,WATCH
42,False,0.0783,0.0,WATCH,4.38,0.0401,31.3,2026-07-23T11:14:41.518396,1,WATCH
42,False,0.0763,0.0,WATCH,8.85,0.0238,16.8,2026-07-23T11:14:41.526464,1,WATCH
42,False,0.0723,0.0,WATCH,6.94,0.041,12.5,2026-07-23T11:14:41.534590,1,WATCH
43,False,0.0657,0.0,WATCH,4.89,0.0258,41.6,2026-07-23T11:14:41.542731,1,WATCH
37,False,0.1289,0.0,WATCH,5.05,0.0288,11.5,2026-07-23T11:14:41.550795,1,WATCH
40,False,0.0958,0.0,WATCH,7.32,0.0372,23.7,2026-07-23T11:14:41.558935,1,WATCH
42,False,0.0791,0.0,WATCH,7.06,0.0126,31.4,2026-07-23T11:14:41.566990,1,WATCH
38,False,0.1158,0.0,WATCH,7.37,0.0264,23.1,2026-07-23T11:14:41.575101,1,WATCH
37,False,0.1253,0.0,WATCH,6.22,0.0301,19.2,2026-07-23T11:14:41.583163,1,WATCH
35,False,0.1464,0.0,WATCH,4.42,0.021,20.6,2026-07-23T11:14:41.591192,1,WATCH
39,False,0.1005,0.0,WATCH,3.84,0.0389,14.7,2026-07-23T11:14:41.599297,1,WATCH
37,False,0.1261,0.0,WATCH,6.17,0.0318,22.6,2026-07-23T11:14:41.607321,1,WATCH
40,False,0.0978,0.0,WATCH,8.01,0.0314,28.5,2026-07-23T11:14:41.615411,1,WATCH
41,False,0.0894,0.0,WATCH,4.46,0.0339,4.2,2026-07-23T11:14:41.623547,1,WATCH
41,False,0.0835,0.0,WATCH,5.3,0.0421,29.1,2026-07-23T11:14:41.631649,1,WATCH
35,False,0.1426,0.0,WATCH,4.23,0.0132,20.3,2026-07-23T11:14:41.639722,1,WATCH
40,False,0.095,0.0,WATCH,6.76,0.038,17.4,2026-07-23T11:14:41.647846,1,WATCH
34,False,0.153,0.0,WATCH,4.22,0.0207,18.7,2026-07-23T11:14:41.655992,1,WATCH
35,False,0.1418,0.0,WATCH,4.62,0.023,19.6,2026-07-23T11:14:41.664060,1,WATCH
42,False,0.0743,0.0,WATCH,2.34,0.035,30.3,2026-07-23T11:14:41.672195,1,WATCH
44,False,0.0522,0.0,WATCH,4.0,0.0515,19.0,2026-07-23T11:14:41.680284,1,WATCH
43,False,0.0687,0.0,WATCH,5.67,0.0261,42.2,2026-07-23T11:14:41.688377,1,WATCH
43,False,0.0623,0.0,WATCH,6.8,0.0498,29.9,2026-07-23T11:14:41.696463,2,WARNING
39,False,0.1049,0.0,WATCH,7.33,0.0313,16.2,2026-07-23T11:14:41.704418,2,WARNING
39,False,0.1002,0.0,WATCH,7.25,0.0331,35.2,2026-07-23T11:14:41.712521,2,WARNING
40,False,0.0926,0.0,WATCH,8.19,0.0314,28.9,2026-07-23T11:14:41.720623,2,WARNING
39,False,0.1018,0.0,WATCH,3.29,0.0361,20.6,2026-07-23T11:14:41.728727,2,WARNING
39,False,0.1007,0.0,WATCH,3.92,0.0311,31.8,2026-07-23T11:14:41.736830,2,WARNING
41,False,0.0855,0.0,WATCH,6.16,0.0223,36.8,2026-07-23T11:14:41.744990,2,WARNING
42,False,0.0711,0.0,WATCH,7.92,0.043,39.4,2026-07-23T11:14:41.753172,2,WARNING
39,False,0.1041,0.0,WATCH,6.9,0.0122,13.4,2026-07-23T11:14:41.761304,2,WARNING
36,False,0.13,0.0,WATCH,5.91,0.0257,25.2,2026-07-23T11:14:41.769363,2,WARNING
38,False,0.1118,0.0,WATCH,7.09,0.031,16.2,2026-07-23T11:14:41.777434,2,WARNING
38,False,0.1111,0.0,WATCH,7.18,0.0312,17.8,2026-07-23T11:14:41.785584,2,WARNING
37,False,0.1293,0.0,WATCH,5.66,0.0261,27.1,2026-07-23T11:14:41.793737,2,WARNING
46,False,0.0326,0.0,WATCH,8.53,0.0566,23.2,2026-07-23T11:14:41.801847,2,WARNING
39,False,0.1076,0.0,WATCH,6.04,0.0334,33.7,2026-07-23T11:14:41.810201,2,WARNING
37,False,0.1214,0.0,WATCH,6.47,0.0311,17.6,2026-07-23T11:14:41.818268,2,WARNING
46,False,0.039,0.0,WATCH,8.96,0.0427,7.4,2026-07-23T11:14:41.826386,2,WARNING
46,False,0.0304,0.0,WATCH,11.33,0.0484,30.6,2026-07-23T11:14:41.834457,2,WARNING
44,False,0.0581,0.0,WATCH,9.13,0.0458,36.0,2026-07-23T11:14:41.842545,2,WARNING
43,False,0.0671,0.0,WATCH,6.12,0.0396,40.8,2026-07-23T11:14:41.850686,2,WARNING
46,False,0.0338,0.0,WATCH,8.53,0.0576,25.3,2026-07-23T11:14:41.858795,2,WARNING
47,False,0.0233,0.0,WATCH,8.59,0.0558,16.2,2026-07-23T11:14:41.866874,2,WARNING
45,False,0.0428,0.0,WATCH,6.78,0.0582,28.6,2026-07-23T11:14:41.874954,2,WARNING
42,False,0.0703,0.0,WATCH,7.26,0.0268,44.0,2026-07-23T11:14:41.882983,2,WARNING
45,False,0.0456,0.0,WATCH,7.94,0.0528,42.6,2026-07-23T11:14:41.891045,2,WARNING
43,False,0.0626,0.0,WATCH,6.95,0.0503,30.9,2026-07-23T11:14:41.899140,2,WARNING
43,False,0.0691,0.0,WATCH,6.43,0.0398,42.5,2026-07-23T11:14:41.907224,2,WARNING
44,False,0.0563,0.0,WATCH,4.25,0.049,27.4,2026-07-23T11:14:41.915306,2,WARNING
46,False,0.0338,0.0,WATCH,11.25,0.015,23.2,2026-07-23T11:14:41.923397,2,WARNING
39,False,0.109,0.0,WATCH,6.72,0.0129,20.7,2026-07-23T11:14:41.931527,2,WARNING
45,False,0.0424,0.0,WATCH,6.08,0.0549,17.6,2026-07-23T11:14:41.939628,2,WARNING
45,False,0.0494,0.0,WATCH,9.21,0.027,45.6,2026-07-23T11:14:41.947738,2,WARNING
47,False,0.0237,0.0,WATCH,10.05,0.0547,21.2,2026-07-23T11:14:41.955843,2,WARNING
44,False,0.0596,0.0,WATCH,7.79,0.0248,46.1,2026-07-23T11:14:41.963919,2,WARNING
39,False,0.1037,0.0,WATCH,7.57,0.0303,32.8,2026-07-23T11:14:41.971991,2,WARNING
45,False,0.0453,0.0,WATCH,9.27,0.0565,48.4,2026-07-23T11:14:41.980031,2,WARNING
45,False,0.0487,0.0,WATCH,9.45,0.0469,39.9,2026-07-23T11:14:41.988126,2,WARNING
45,False,0.042,0.0,WATCH,9.09,0.0554,49.8,2026-07-23T11:14:41.996281,2,WARNING
49,False,0.0062,0.0,WATCH,11.49,0.0675,22.8,2026-07-23T11:14:42.004364,2,WARNING
46,False,0.0371,0.0,WATCH,9.14,0.0668,48.6,2026-07-23T11:14:42.012453,2,WARNING
41,False,0.0874,0.0,WATCH,7.42,0.0232,37.3,2026-07-23T11:14:42.020494,2,WARNING
47,False,0.0289,0.0,WATCH,8.14,0.0729,33.7,2026-07-23T11:14:42.028516,2,WARNING
43,False,0.069,0.0,WATCH,9.46,0.035,29.6,2026-07-23T11:14:42.036647,2,WARNING
41,False,0.0815,0.0,WATCH,5.93,0.0425,34.4,2026-07-23T11:14:42.044763,2,WARNING
46,False,0.0391,0.0,WATCH,10.95,0.0437,29.5,2026-07-23T11:14:42.052875,2,WARNING
45,False,0.0469,0.0,WATCH,7.6,0.0542,30.5,2026-07-23T11:14:42.060926,2,WARNING
45,False,0.043,0.0,WATCH,10.32,0.0485,46.4,2026-07-23T11:14:42.069018,2,WARNING
49,False,0.0087,0.0,WATCH,12.44,0.053,21.4,2026-07-23T11:14:42.077082,2,WARNING
46,False,0.0329,0.0,WATCH,8.07,0.0648,47.2,2026-07-23T11:14:42.085148,2,WARNING
45,False,0.0419,0.0,WATCH,11.99,0.0439,38.5,2026-07-23T11:14:42.093247,2,WARNING
45,False,0.0462,0.0,WATCH,10.4,0.0586,50.2,2026-07-23T11:14:42.101332,2,WARNING
44,False,0.0544,0.0,WATCH,8.9,0.0422,16.8,2026-07-23T11:14:42.109634,2,WARNING
48,False,0.0172,0.0,WATCH,14.76,0.0402,39.8,2026-07-23T11:14:42.117762,2,WARNING
43,False,0.0628,0.0,WATCH,10.09,0.0365,21.8,2026-07-23T11:14:42.125858,2,WARNING
43,False,0.0624,0.0,WATCH,9.96,0.0348,39.0,2026-07-23T11:14:42.133898,2,WARNING
47,False,0.0263,0.0,WATCH,10.05,0.0803,35.6,2026-07-23T11:14:42.141970,2,WARNING
47,False,0.0267,0.0,WATCH,11.54,0.0733,38.9,2026-07-23T11:14:42.150068,2,WARNING
48,False,0.0196,0.0,WATCH,10.03,0.0624,24.9,2026-07-23T11:14:42.158077,2,WARNING
48,False,0.0198,0.0,WATCH,8.45,0.0741,27.5,2026-07-23T11:14:42.166120,2,WARNING
47,False,0.0249,0.0,WATCH,9.99,0.0425,64.1,2026-07-23T11:14:42.174269,2,WARNING
46,False,0.0327,0.0,WATCH,11.44,0.0529,46.7,2026-07-23T11:14:42.182337,2,WARNING
46,False,0.0354,0.0,WATCH,10.35,0.0446,54.4,2026-07-23T11:14:42.190407,2,WARNING
46,False,0.0313,0.0,WATCH,11.56,0.0331,49.2,2026-07-23T11:14:42.198493,2,WARNING
46,False,0.0335,0.0,WATCH,11.62,0.044,40.3,2026-07-23T11:14:42.206618,2,WARNING
47,False,0.0248,0.0,WATCH,7.52,0.0493,58.3,2026-07-23T11:14:42.214725,2,WARNING
47,False,0.0242,0.0,WATCH,12.03,0.0785,66.2,2026-07-23T11:14:42.222865,2,WARNING
47,False,0.0252,0.0,WATCH,14.18,0.0628,42.9,2026-07-23T11:14:42.230970,2,WARNING
49,False,0.0064,0.0,WATCH,9.87,0.0177,65.2,2026-07-23T11:14:42.239105,2,WARNING
48,False,0.0179,0.0,WATCH,15.31,0.0447,59.0,2026-07-23T11:14:42.247250,2,WARNING
46,False,0.0384,0.0,WATCH,8.35,0.0645,42.9,2026-07-23T11:14:42.255419,2,WARNING
44,False,0.0503,0.0,WATCH,9.95,0.0419,47.3,2026-07-23T11:14:42.263530,2,WARNING
50,True,-0.003,0.0,WARNING,12.82,0.0629,81.7,2026-07-23T11:14:42.271657,2,WARNING
43,False,0.0655,0.0,WATCH,8.23,0.0395,41.0,2026-07-23T11:14:42.279835,2,WARNING
47,False,0.0212,0.0,WATCH,9.18,0.085,37.4,2026-07-23T11:14:42.287941,2,WARNING
47,False,0.0248,0.0,WATCH,9.87,0.0612,27.6,2026-07-23T11:14:42.296112,2,WARNING
46,False,0.0356,0.0,WATCH,13.47,0.0417,52.3,2026-07-23T11:14:42.304317,2,WARNING
55,True,-0.054,0.0,WARNING,16.78,0.1088,17.9,2026-07-23T11:14:42.312433,2,WARNING
47,False,0.0213,0.0,WATCH,11.88,0.0651,33.5,2026-07-23T11:14:42.320619,2,WARNING
45,False,0.0408,0.0,WATCH,13.12,0.0686,58.3,2026-07-23T11:14:42.328823,2,WARNING
52,True,-0.0229,0.0,WARNING,10.64,0.0954,19.0,2026-07-23T11:14:42.336994,2,WARNING
47,False,0.0209,0.0,WATCH,11.65,0.0866,42.3,2026-07-23T11:14:42.345059,2,WARNING
46,False,0.0313,0.0,WATCH,9.55,0.0788,48.3,2026-07-23T11:14:42.353199,2,WARNING
50,True,-0.0,0.0,WARNING,11.76,0.0843,29.0,2026-07-23T11:14:42.361362,2,WARNING
46,False,0.0399,0.0,WATCH,12.85,0.0589,48.5,2026-07-23T11:14:42.369488,2,WARNING
47,False,0.0224,0.0,WATCH,12.36,0.0272,49.5,2026-07-23T11:14:42.377638,2,WARNING
48,False,0.0138,0.0,WATCH,6.61,0.0743,54.9,2026-07-23T11:14:42.385778,2,WARNING
47,False,0.0234,0.0,WATCH,10.71,0.0501,62.2,2026-07-23T11:14:42.394000,2,WARNING
51,True,-0.0128,0.0,WARNING,11.69,0.0295,73.8,2026-07-23T11:14:42.402181,2,WARNING
47,False,0.0206,0.0,WATCH,13.43,0.0321,57.8,2026-07-23T11:14:42.410293,2,WARNING
46,False,0.0315,0.0,WATCH,9.64,0.0259,52.5,2026-07-23T11:14:42.418667,2,WARNING
46,False,0.0343,0.0,WATCH,7.41,0.0611,46.3,2026-07-23T11:14:42.426905,2,WARNING
46,False,0.0363,0.0,WATCH,12.05,0.0561,45.0,2026-07-23T11:14:42.434974,2,WARNING
49,False,0.0097,0.0,WATCH,11.35,0.1013,42.5,2026-07-23T11:14:42.443143,2,WARNING
51,True,-0.0134,0.0,WARNING,15.9,0.021,64.6,2026-07-23T11:14:42.451261,2,WARNING
46,False,0.0357,0.0,WATCH,7.17,0.0622,26.8,2026-07-23T11:14:42.459425,2,WARNING
48,False,0.0154,0.0,WATCH,15.76,0.0659,68.1,2026-07-23T11:14:42.467553,2,WARNING
51,True,-0.0117,0.0,WARNING,7.76,0.0824,72.5,2026-07-23T11:14:42.475679,2,WARNING
49,False,0.0067,0.0,WATCH,14.75,0.0833,40.8,2026-07-23T11:14:42.483850,2,WARNING
48,False,0.013,0.0,WATCH,8.14,0.0724,63.2,2026-07-23T11:14:42.491954,2,WARNING
47,False,0.027,0.0,WATCH,8.89,0.0695,57.4,2026-07-23T11:14:42.500063,2,WARNING
47,False,0.0278,0.0,WATCH,11.88,0.0314,49.9,2026-07-23T11:14:42.508254,2,WARNING
48,False,0.0113,0.0,WATCH,16.62,0.1063,60.6,2026-07-23T11:14:42.516338,2,WARNING
48,False,0.0111,0.0,WATCH,12.34,0.0477,67.2,2026-07-23T11:14:42.524451,2,WARNING
50,True,-0.0038,0.0,WARNING,10.11,0.0972,72.0,2026-07-23T11:14:42.532550,2,WARNING
46,False,0.0381,0.0,WATCH,12.97,0.0406,52.2,2026-07-23T11:14:42.540650,2,WARNING
49,False,0.0067,0.0,WATCH,15.37,0.0786,39.6,2026-07-23T11:14:42.548852,2,WARNING
48,False,0.0107,0.0,WATCH,13.69,0.0779,71.3,2026-07-23T11:14:42.557080,2,WARNING
49,False,0.0026,0.0,WATCH,10.66,0.1041,40.5,2026-07-23T11:14:42.565286,2,WARNING
48,False,0.0109,0.0,WATCH,11.34,0.0537,67.5,2026-07-23T11:14:42.573492,2,WARNING
48,False,0.018,0.0,WATCH,13.84,0.1089,65.0,2026-07-23T11:14:42.589493,2,WARNING
48,False,0.0178,0.0,WATCH,10.11,0.1062,54.0,2026-07-23T11:14:42.602197,2,WARNING
53,True,-0.0364,0.0,WARNING,8.12,0.1221,15.3,2026-07-23T11:14:42.610506,2,WARNING
52,True,-0.0221,0.0,WARNING,8.02,0.1434,51.7,2026-07-23T11:14:42.618733,2,WARNING
48,False,0.0128,0.0,WATCH,15.29,0.0415,41.1,2026-07-23T11:14:42.626988,2,WARNING
49,False,0.0063,0.0,WATCH,11.09,0.0165,56.9,2026-07-23T11:14:42.635157,2,WARNING
50,True,-0.0005,0.0,WARNING,17.51,0.0533,62.5,2026-07-23T11:14:42.643405,2,WARNING
51,True,-0.0129,0.0,WARNING,15.29,0.079,29.9,2026-07-23T11:14:42.651637,2,WARNING
50,True,-0.0021,0.0,WARNING,14.04,0.1298,49.1,2026-07-23T11:14:42.659825,2,WARNING
53,True,-0.0367,0.0,WARNING,18.95,0.0641,87.6,2026-07-23T11:14:42.668009,2,WARNING
51,True,-0.0131,0.0,WARNING,14.32,0.1195,82.1,2026-07-23T11:14:42.676190,2,WARNING
51,True,-0.0156,0.0,WARNING,15.64,0.1088,37.6,2026-07-23T11:14:42.684351,3,DANGER
49,False,0.0087,0.0,WATCH,15.46,0.0299,36.9,2026-07-23T11:14:42.692543,3,DANGER
51,True,-0.013,0.0,WARNING,15.13,0.125,46.1,2026-07-23T11:14:42.700699,3,DANGER
47,False,0.0227,0.0,WATCH,13.25,0.1152,63.3,2026-07-23T11:14:42.708882,3,DANGER
49,False,0.0075,0.0,WATCH,14.18,0.1261,53.9,2026-07-23T11:14:42.716984,3,DANGER
48,False,0.0152,0.0,WATCH,13.58,0.0966,69.0,2026-07-23T11:14:42.725048,3,DANGER
47,False,0.0231,0.0,WATCH,15.83,0.0853,58.3,2026-07-23T11:14:42.733357,3,DANGER
45,False,0.0401,0.0,WATCH,13.95,0.0698,57.1,2026-07-23T11:14:42.741530,3,DANGER
49,False,0.0085,0.0,WATCH,15.83,0.0524,65.7,2026-07-23T11:14:42.749574,3,DANGER
47,False,0.0201,0.0,WATCH,15.09,0.0754,48.1,2026-07-23T11:14:42.757757,3,DANGER
50,True,-0.0028,0.0,WARNING,17.85,0.117,64.2,2026-07-23T11:14:42.765893,3,DANGER
51,True,-0.0194,0.0,WARNING,8.41,0.1277,70.7,2026-07-23T11:14:42.774057,3,DANGER
52,True,-0.0287,0.0,WARNING,17.42,0.135,85.5,2026-07-23T11:14:42.782131,3,DANGER
54,True,-0.0423,0.0,WARNING,14.96,0.141,34.0,2026-07-23T11:14:42.790300,3,DANGER
51,True,-0.0127,0.0,WARNING,17.52,0.1532,66.5,2026-07-23T11:14:42.798521,3,DANGER
53,True,-0.035,0.0,WARNING,19.21,0.1398,50.5,2026-07-23T11:14:42.806624,3,DANGER
51,True,-0.0102,0.0,WARNING,17.02,0.1357,73.7,2026-07-23T11:14:42.814739,3,DANGER
51,True,-0.0157,0.0,WARNING,19.61,0.123,64.2,2026-07-23T11:14:42.822827,3,DANGER
50,True,-0.0027,0.0,WARNING,15.09,0.1278,51.1,2026-07-23T11:14:42.830971,3,DANGER
51,True,-0.0178,0.0,WARNING,16.11,0.1597,70.6,2026-07-23T11:14:42.839052,3,DANGER
51,True,-0.0149,0.0,WARNING,15.35,0.1652,68.8,2026-07-23T11:14:42.847212,3,DANGER
53,True,-0.0381,0.0,WARNING,10.23,0.173,81.2,2026-07-23T11:14:42.855416,3,DANGER
49,False,0.0084,0.0,WATCH,13.65,0.1291,64.3,2026-07-23T11:14:42.863573,3,DANGER
54,True,-0.0446,0.0,WARNING,21.41,0.0353,81.4,2026-07-23T11:14:42.871704,3,DANGER
50,True,-0.0064,0.0,WARNING,17.53,0.1294,57.8,2026-07-23T11:14:42.879793,3,DANGER
53,True,-0.0331,0.0,WARNING,21.95,0.0872,70.2,2026-07-23T11:14:42.887946,3,DANGER
53,True,-0.0319,0.0,WARNING,22.35,0.07,58.4,2026-07-23T11:14:42.896083,3,DANGER
52,True,-0.0297,0.0,WARNING,19.5,0.1265,50.3,2026-07-23T11:14:42.904238,3,DANGER
52,True,-0.0266,0.0,WARNING,7.78,0.1443,65.7,2026-07-23T11:14:42.912506,3,DANGER
52,True,-0.0292,0.0,WARNING,20.94,0.1171,59.8,2026-07-23T11:14:42.920756,3,DANGER
50,True,-0.0049,0.0,WARNING,10.42,0.0984,72.6,2026-07-23T11:14:42.928983,3,DANGER
55,True,-0.0545,0.0,WARNING,18.42,0.2256,62.6,2026-07-23T11:14:42.937152,3,DANGER
53,True,-0.038,0.0,WARNING,13.85,0.1463,34.7,2026-07-23T11:14:42.945298,3,DANGER
54,True,-0.0446,0.0,WARNING,23.16,0.1305,83.0,2026-07-23T11:14:42.953408,3,DANGER
51,True,-0.0196,0.0,WARNING,15.13,0.0806,87.2,2026-07-23T11:14:42.961591,3,DANGER
52,True,-0.0281,0.0,WARNING,17.77,0.1805,67.1,2026-07-23T11:14:42.969715,3,DANGER
56,True,-0.0693,0.0,WARNING,28.12,0.1392,62.5,2026-07-23T11:14:42.977809,3,DANGER
52,True,-0.0204,0.0,WARNING,19.53,0.1371,68.4,2026-07-23T11:14:42.985946,3,DANGER
55,True,-0.0587,0.0,WARNING,22.98,0.1863,57.3,2026-07-23T11:14:42.994064,3,DANGER
53,True,-0.0323,0.0,WARNING,15.19,0.0,74.7,2026-07-23T11:14:43.002196,3,DANGER
57,True,-0.0718,0.0,WARNING,28.43,0.1713,70.2,2026-07-23T11:14:43.010338,3,DANGER
54,True,-0.046,0.0,WARNING,21.39,0.0717,84.9,2026-07-23T11:14:43.018472,3,DANGER
54,True,-0.047,0.0,WARNING,24.54,0.1697,62.9,2026-07-23T11:14:43.026578,3,DANGER
52,True,-0.0249,0.0,WARNING,10.58,0.1763,68.9,2026-07-23T11:14:43.034728,3,DANGER
51,True,-0.0174,0.0,WARNING,20.65,0.071,54.6,2026-07-23T11:14:43.043106,3,DANGER
56,True,-0.0646,0.0,WARNING,20.02,0.1932,46.2,2026-07-23T11:14:43.051133,3,DANGER
56,True,-0.0655,0.0,WARNING,26.73,0.1853,69.8,2026-07-23T11:14:43.059293,3,DANGER
50,True,-0.0041,0.0,WARNING,13.36,0.1354,70.9,2026-07-23T11:14:43.067476,3,DANGER
55,True,-0.0509,0.0,WARNING,16.6,0.2207,73.1,2026-07-23T11:14:43.075658,3,DANGER
56,True,-0.0635,0.0,WARNING,25.69,0.1432,56.2,2026-07-23T11:14:43.083781,3,DANGER
52,True,-0.0279,0.0,WARNING,20.72,0.1448,64.3,2026-07-23T11:14:43.091883,3,DANGER
51,True,-0.0142,0.0,WARNING,19.36,0.1075,57.1,2026-07-23T11:14:43.099994,3,DANGER
53,True,-0.0326,0.0,WARNING,18.88,0.158,82.0,2026-07-23T11:14:43.108172,3,DANGER
56,True,-0.0641,0.0,WARNING,22.75,0.2423,81.3,2026-07-23T11:14:43.116309,3,DANGER
53,True,-0.036,0.0,WARNING,22.46,0.0583,68.5,2026-07-23T11:14:43.124486,3,DANGER
52,True,-0.0261,0.0,WARNING,18.89,0.1765,64.4,2026-07-23T11:14:43.132584,3,DANGER
53,True,-0.0318,0.0,WARNING,20.05,0.1633,57.3,2026-07-23T11:14:43.140732,3,DANGER
52,True,-0.0285,0.0,WARNING,16.99,0.1629,78.7,2026-07-23T11:14:43.148833,3,DANGER
56,True,-0.0652,0.0,WARNING,26.17,0.1854,75.0,2026-07-23T11:14:43.156952,3,DANGER
51,True,-0.0184,0.0,WARNING,16.54,0.172,68.8,2026-07-23T11:14:43.165037,3,DANGER
53,True,-0.0375,0.0,WARNING,21.55,0.1228,81.7,2026-07-23T11:14:43.173215,3,DANGER
55,True,-0.058,0.0,WARNING,24.84,0.2131,72.7,2026-07-23T11:14:43.181284,3,DANGER
55,True,-0.0569,0.0,WARNING,26.11,0.1208,62.9,2026-07-23T11:14:43.189438,3,DANGER
54,True,-0.045,0.0,WARNING,16.39,0.1289,94.4,2026-07-23T11:14:43.197513,3,DANGER
57,True,-0.0778,0.0,WARNING,22.67,0.1552,98.5,2026-07-23T11:14:43.205588,3,DANGER
54,True,-0.048,0.0,WARNING,23.27,0.1576,84.7,2026-07-23T11:14:43.213616,3,DANGER
57,True,-0.0725,0.0,WARNING,25.2,0.1396,90.7,2026-07-23T11:14:43.221726,3,DANGER
58,True,-0.0844,0.0,WARNING,18.43,0.2828,78.4,2026-07-23T11:14:43.229857,3,DANGER
59,True,-0.0947,0.0,WARNING,22.61,0.2581,97.1,2026-07-23T11:14:43.237941,3,DANGER
56,True,-0.0619,0.0,WARNING,22.04,0.2125,85.6,2026-07-23T11:14:43.246009,3,DANGER
59,True,-0.0934,0.0,WARNING,19.61,0.2778,88.7,2026-07-23T11:14:43.254061,3,DANGER
53,True,-0.0317,0.0,WARNING,17.32,0.1856,70.3,2026-07-23T11:14:43.262151,3,DANGER
60,True,-0.1014,0.0,WARNING,16.71,0.2912,93.1,2026-07-23T11:14:43.270294,3,DANGER
61,True,-0.1184,0.0,WARNING,18.44,0.3046,97.5,2026-07-23T11:14:43.278360,3,DANGER
58,True,-0.0828,0.0,WARNING,22.96,0.2002,98.4,2026-07-23T11:14:43.286552,3,DANGER
56,True,-0.0601,0.0,WARNING,24.43,0.2115,83.2,2026-07-23T11:14:43.294686,3,DANGER
57,True,-0.0762,0.0,WARNING,22.6,0.1374,100.0,2026-07-23T11:14:43.302805,3,DANGER
56,True,-0.0629,0.0,WARNING,26.65,0.1523,80.8,2026-07-23T11:14:43.310916,3,DANGER
60,True,-0.1032,0.0,WARNING,19.4,0.3281,71.8,2026-07-23T11:14:43.319024,3,DANGER
58,True,-0.082,0.0,WARNING,24.8,0.2349,93.5,2026-07-23T11:14:43.327183,3,DANGER
60,True,-0.1082,0.0,WARNING,25.66,0.3322,83.3,2026-07-23T11:14:43.335304,3,DANGER
55,True,-0.0587,0.0,WARNING,22.32,0.2204,71.4,2026-07-23T11:14:43.343604,3,DANGER
55,True,-0.0561,0.0,WARNING,23.8,0.1402,88.5,2026-07-23T11:14:43.351732,3,DANGER
58,True,-0.0864,0.0,WARNING,28.15,0.2635,80.8,2026-07-23T11:14:43.359767,3,DANGER
57,True,-0.0761,0.0,WARNING,21.96,0.2418,88.4,2026-07-23T11:14:43.367880,3,DANGER
60,True,-0.1068,0.0,WARNING,18.38,0.2846,94.4,2026-07-23T11:14:43.375969,3,DANGER
61,True,-0.1116,0.0,WARNING,15.58,0.2908,100.0,2026-07-23T11:14:43.384103,3,DANGER
53,True,-0.0365,0.0,WARNING,21.51,0.118,77.6,2026-07-23T11:14:43.392202,3,DANGER
62,True,-0.1203,0.0,WARNING,33.22,0.2586,89.3,2026-07-23T11:14:43.400298,3,DANGER
62,True,-0.1264,0.0,WARNING,25.81,0.343,93.9,2026-07-23T11:14:43.408361,3,DANGER
23,False,0.2649,0.0,NORMAL,2.14,0.017,4.7,2026-07-23T11:14:43.416537,0,NORMAL
29,False,0.2073,0.0,WATCH,2.59,0.0024,2.2,2026-07-23T11:14:43.424750,0,NORMAL
23,False,0.2645,0.0,NORMAL,2.18,0.0095,9.4,2026-07-23T11:14:43.432755,0,NORMAL
22,False,0.2713,0.0,NORMAL,2.59,0.0089,4.3,2026-07-23T11:14:43.440842,0,NORMAL
27,False,0.223,0.0,WATCH,1.24,0.0092,1.6,2026-07-23T11:14:43.448948,0,NORMAL
27,False,0.2287,0.0,WATCH,2.16,0.0014,5.0,2026-07-23T11:14:43.457079,0,NORMAL
21,False,0.2815,0.0,NORMAL,2.08,0.0099,4.2,2026-07-23T11:14:43.465197,0,NORMAL
27,False,0.2251,0.0,WATCH,1.28,0.0063,2.3,2026-07-23T11:14:43.473271,0,NORMAL
28,False,0.2137,0.0,WATCH,3.04,0.0103,1.2,2026-07-23T11:14:43.481337,0,NORMAL
26,False,0.2341,0.0,WATCH,2.77,0.0093,1.6,2026-07-23T11:14:43.489410,0,NORMAL
34,False,0.1534,0.0,WATCH,1.92,0.0,0.0,2026-07-23T11:14:43.497516,0,NORMAL
24,False,0.2569,0.0,NORMAL,1.23,0.0142,4.8,2026-07-23T11:14:43.505630,0,NORMAL
21,False,0.2813,0.0,NORMAL,2.37,0.0137,5.2,2026-07-23T11:14:43.513671,0,NORMAL
23,False,0.2675,0.0,NORMAL,2.4,0.0056,4.9,2026-07-23T11:14:43.521801,0,NORMAL
31,False,0.1829,0.0,WATCH,1.92,0.0196,0.0,2026-07-23T11:14:43.529943,0,NORMAL
23,False,0.2635,0.0,NORMAL,2.09,0.0168,7.7,2026-07-23T11:14:43.537989,0,NORMAL
26,False,0.2383,0.0,WATCH,1.58,0.0181,9.4,2026-07-23T11:14:43.546103,0,NORMAL
22,False,0.2701,0.0,NORMAL,2.3,0.0163,4.7,2026-07-23T11:14:43.554186,0,NORMAL
22,False,0.2734,0.0,NORMAL,2.11,0.0117,3.2,2026-07-23T11:14:43.562302,0,NORMAL
26,False,0.24,0.0,WATCH,2.71,0.0038,6.4,2026-07-23T11:14:43.570396,0,NORMAL
23,False,0.263,0.0,NORMAL,2.38,0.0064,3.4,2026-07-23T11:14:43.578501,0,NORMAL
22,False,0.2712,0.0,NORMAL,1.95,0.0162,6.7,2026-07-23T11:14:43.586589,0,NORMAL
21,False,0.2805,0.0,NORMAL,2.04,0.013,4.0,2026-07-23T11:14:43.594735,0,NORMAL
26,False,0.2303,0.0,WATCH,1.99,0.0019,7.5,2026-07-23T11:14:43.602784,0,NORMAL
29,False,0.2095,0.0,WATCH,2.17,0.0,5.4,2026-07-23T11:14:43.610898,0,NORMAL
23,False,0.2628,0.0,NORMAL,1.87,0.0066,7.8,2026-07-23T11:14:43.618969,0,NORMAL
22,False,0.2792,0.0,NORMAL,2.42,0.0124,6.3,2026-07-23T11:14:43.627041,0,NORMAL
21,False,0.2813,0.0,NORMAL,2.22,0.0081,4.9,2026-07-23T11:14:43.635156,0,NORMAL
26,False,0.2353,0.0,WATCH,2.02,0.0118,0.0,2026-07-23T11:14:43.643156,0,NORMAL
26,False,0.2366,0.0,WATCH,1.9,0.0115,0.0,2026-07-23T11:14:43.651431,0,NORMAL
24,False,0.2536,0.0,NORMAL,1.8,0.0062,2.4,2026-07-23T11:14:43.659543,0,NORMAL
24,False,0.2541,0.0,NORMAL,1.42,0.0129,2.9,2026-07-23T11:14:43.667629,0,NORMAL
26,False,0.238,0.0,WATCH,2.02,0.0113,0.0,2026-07-23T11:14:43.675695,0,NORMAL
22,False,0.2728,0.0,NORMAL,2.25,0.0099,2.8,2026-07-23T11:14:43.683759,0,NORMAL
24,False,0.2564,0.0,NORMAL,1.36,0.0102,3.3,2026-07-23T11:14:43.691822,0,NORMAL
22,False,0.2747,0.0,NORMAL,1.61,0.0087,5.6,2026-07-23T11:14:43.699803,0,NORMAL
34,False,0.1506,0.0,WATCH,1.53,0.0,0.5,2026-07-23T11:14:43.707767,0,NORMAL
27,False,0.2265,0.0,WATCH,1.81,0.0116,12.3,2026-07-23T11:14:43.715855,0,NORMAL
22,False,0.2773,0.0,NORMAL,1.88,0.0148,4.6,2026-07-23T11:14:43.723987,0,NORMAL
24,False,0.2589,0.0,NORMAL,2.44,0.0152,2.9,2026-07-23T11:14:43.732091,0,NORMAL
25,False,0.246,0.0,WATCH,1.74,0.014,10.8,2026-07-23T11:14:43.740191,0,NORMAL
24,False,0.2581,0.0,NORMAL,1.61,0.0095,8.6,2026-07-23T11:14:43.748272,0,NORMAL
27,False,0.2289,0.0,WATCH,1.04,0.0158,4.3,2026-07-23T11:14:43.756440,0,NORMAL
21,False,0.2827,0.0,NORMAL,2.04,0.0134,6.5,2026-07-23T11:14:43.764576,0,NORMAL
22,False,0.2725,0.0,NORMAL,2.43,0.0081,6.5,2026-07-23T11:14:43.772649,0,NORMAL
25,False,0.2488,0.0,WATCH,2.36,0.008,1.7,2026-07-23T11:14:43.780826,0,NORMAL
23,False,0.2646,0.0,NORMAL,2.43,0.0084,8.2,2026-07-23T11:14:43.788963,0,NORMAL
21,False,0.2838,0.0,NORMAL,2.04,0.0129,5.3,2026-07-23T11:14:43.797103,0,NORMAL
24,False,0.2574,0.0,NORMAL,2.07,0.0053,8.1,2026-07-23T11:14:43.805214,0,NORMAL
21,False,0.2829,0.0,NORMAL,2.02,0.0131,4.6,2026-07-23T11:14:43.813332,0,NORMAL
27,False,0.2201,0.0,WATCH,0.94,0.014,3.3,2026-07-23T11:14:43.821441,0,NORMAL
21,False,0.2837,0.0,NORMAL,1.82,0.0097,4.9,2026-07-23T11:14:43.829583,0,NORMAL
23,False,0.2618,0.0,NORMAL,2.73,0.009,7.6,2026-07-23T11:14:43.837701,0,NORMAL
27,False,0.2253,0.0,WATCH,3.23,0.0149,3.4,2026-07-23T11:14:43.845811,0,NORMAL
22,False,0.2798,0.0,NORMAL,2.29,0.0081,5.3,2026-07-23T11:14:43.853901,0,NORMAL
25,False,0.2417,0.0,WATCH,1.06,0.012,4.9,2026-07-23T11:14:43.862024,0,NORMAL
29,False,0.2032,0.0,WATCH,1.92,0.0036,0.0,2026-07-23T11:14:43.870156,0,NORMAL
24,False,0.2545,0.0,NORMAL,2.51,0.0059,3.0,2026-07-23T11:14:43.878336,0,NORMAL
27,False,0.2208,0.0,WATCH,3.34,0.0149,3.8,2026-07-23T11:14:43.886498,0,NORMAL
25,False,0.2433,0.0,WATCH,2.28,0.0034,2.8,2026-07-23T11:14:43.894626,0,NORMAL
23,False,0.261,0.0,NORMAL,1.79,0.0092,2.1,2026-07-23T11:14:43.902745,0,NORMAL
28,False,0.213,0.0,WATCH,0.91,0.0166,6.8,2026-07-23T11:14:43.910844,0,NORMAL
24,False,0.2596,0.0,NORMAL,1.66,0.012,2.1,2026-07-23T11:14:43.919036,0,NORMAL
29,False,0.2022,0.0,WATCH,2.38,0.0009,3.4,2026-07-23T11:14:43.927182,0,NORMAL
23,False,0.2653,0.0,NORMAL,2.78,0.0139,4.8,2026-07-23T11:14:43.935348,0,NORMAL
24,False,0.2505,0.0,NORMAL,1.39,0.0115,2.4,2026-07-23T11:14:43.943391,0,NORMAL
26,False,0.2301,0.0,WATCH,2.76,0.0093,1.2,2026-07-23T11:14:43.951721,0,NORMAL
25,False,0.2424,0.0,WATCH,1.3,0.005,6.0,2026-07-23T11:14:43.959855,0,NORMAL
33,False,0.1674,0.0,WATCH,1.29,0.0033,0.0,2026-07-23T11:14:43.967936,0,NORMAL
24,False,0.2583,0.0,NORMAL,2.51,0.0115,2.3,2026-07-23T11:14:43.976042,0,NORMAL
25,False,0.2441,0.0,WATCH,1.79,0.0155,1.6,2026-07-23T11:14:43.984210,0,NORMAL
22,False,0.2796,0.0,NORMAL,2.09,0.0124,7.0,2026-07-23T11:14:43.992339,0,NORMAL
27,False,0.224,0.0,WATCH,2.97,0.0057,3.1,2026-07-23T11:14:44.000439,0,NORMAL
24,False,0.2588,0.0,NORMAL,2.42,0.0107,9.6,2026-07-23T11:14:44.008778,0,NORMAL
23,False,0.2679,0.0,NORMAL,2.56,0.0115,3.3,2026-07-23T11:14:44.017141,0,NORMAL
28,False,0.2146,0.0,WATCH,2.48,0.0159,0.4,2026-07-23T11:14:44.025762,0,NORMAL
22,False,0.2789,0.0,NORMAL,1.92,0.0089,4.1,2026-07-23T11:14:44.034418,0,NORMAL
27,False,0.2225,0.0,WATCH,1.11,0.0057,3.3,2026-07-23T11:14:44.042622,0,NORMAL
22,False,0.2733,0.0,NORMAL,2.18,0.0146,3.4,2026-07-23T11:14:44.050780,0,NORMAL
31,False,0.187,0.0,WATCH,2.53,0.0187,0.0,2026-07-23T11:14:44.058828,0,NORMAL
22,False,0.2706,0.0,NORMAL,1.58,0.0151,4.6,2026-07-23T11:14:44.066954,0,NORMAL
21,False,0.2832,0.0,NORMAL,2.23,0.0104,5.6,2026-07-23T11:14:44.075024,0,NORMAL
23,False,0.2648,0.0,NORMAL,2.75,0.0111,7.1,2026-07-23T11:14:44.083191,0,NORMAL
21,False,0.282,0.0,NORMAL,1.81,0.0095,6.4,2026-07-23T11:14:44.091311,0,NORMAL
28,False,0.218,0.0,WATCH,0.83,0.0087,6.3,2026-07-23T11:14:44.099390,0,NORMAL
24,False,0.251,0.0,NORMAL,1.44,0.0093,8.4,2026-07-23T11:14:44.107515,0,NORMAL
25,False,0.2488,0.0,WATCH,1.47,0.0127,1.9,2026-07-23T11:14:44.115629,0,NORMAL
24,False,0.2549,0.0,NORMAL,1.35,0.0122,3.3,2026-07-23T11:14:44.123723,0,NORMAL
27,False,0.2265,0.0,WATCH,1.06,0.0168,5.0,2026-07-23T11:14:44.131861,0,NORMAL
22,False,0.279,0.0,NORMAL,2.53,0.0124,6.1,2026-07-23T11:14:44.140005,0,NORMAL
22,False,0.2777,0.0,NORMAL,2.48,0.0115,6.4,2026-07-23T11:14:44.148184,0,NORMAL
28,False,0.2112,0.0,WATCH,1.19,0.0156,10.3,2026-07-23T11:14:44.156360,0,NORMAL
22,False,0.2781,0.0,NORMAL,2.55,0.0113,5.4,2026-07-23T11:14:44.164525,0,NORMAL
24,False,0.2592,0.0,NORMAL,1.85,0.0163,3.4,2026-07-23T11:14:44.172658,0,NORMAL
28,False,0.2176,0.0,WATCH,2.36,0.0152,0.0,2026-07-23T11:14:44.180750,0,NORMAL
32,False,0.1793,0.0,WATCH,1.89,0.0018,0.0,2026-07-23T11:14:44.188923,0,NORMAL
23,False,0.2659,0.0,NORMAL,2.47,0.0163,6.6,2026-07-23T11:14:44.197056,0,NORMAL
22,False,0.2726,0.0,NORMAL,2.27,0.0164,5.2,2026-07-23T11:14:44.205226,0,NORMAL
22,False,0.2783,0.0,NORMAL,1.63,0.0128,4.8,2026-07-23T11:14:44.213356,0,NORMAL
26,False,0.2346,0.0,WATCH,1.07,0.0081,4.2,2026-07-23T11:14:44.221527,0,NORMAL
25,False,0.2434,0.0,WATCH,1.21,0.0115,3.1,2026-07-23T11:14:44.229562,0,NORMAL
30,False,0.1945,0.0,WATCH,2.45,0.0031,0.0,2026-07-23T11:14:44.237683,0,NORMAL
25,False,0.242,0.0,WATCH,1.29,0.0074,7.6,2026-07-23T11:14:44.245832,0,NORMAL
22,False,0.2771,0.0,NORMAL,1.87,0.0132,7.3,2026-07-23T11:14:44.253942,0,NORMAL
21,False,0.2816,0.0,NORMAL,1.97,0.0084,5.5,2026-07-23T11:14:44.262231,0,NORMAL
23,False,0.2635,0.0,NORMAL,2.51,0.01,9.3,2026-07-23T11:14:44.270304,0,NORMAL
27,False,0.2243,0.0,WATCH,1.84,0.0211,4.7,2026-07-23T11:14:44.278466,0,NORMAL
24,False,0.2551,0.0,NORMAL,1.55,0.0068,7.7,2026-07-23T11:14:44.286617,0,NORMAL
31,False,0.1861,0.0,WATCH,1.53,0.0,3.0,2026-07-23T11:14:44.294770,0,NORMAL
24,False,0.2547,0.0,NORMAL,2.4,0.0115,10.1,2026-07-23T11:14:44.302849,0,NORMAL
25,False,0.2493,0.0,WATCH,1.74,0.0168,9.4,2026-07-23T11:14:44.310977,0,NORMAL
23,False,0.2665,0.0,NORMAL,1.73,0.0167,5.1,2026-07-23T11:14:44.319040,0,NORMAL
22,False,0.2708,0.0,NORMAL,2.45,0.0094,7.9,2026-07-23T11:14:44.327155,0,NORMAL
26,False,0.2361,0.0,WATCH,3.14,0.0099,8.0,2026-07-23T11:14:44.335266,0,NORMAL
22,False,0.2704,0.0,NORMAL,1.76,0.0152,3.7,2026-07-23T11:14:44.343412,0,NORMAL
22,False,0.2768,0.0,NORMAL,1.72,0.0105,6.9,2026-07-23T11:14:44.351543,0,NORMAL
27,False,0.2237,0.0,WATCH,1.85,0.0029,9.3,2026-07-23T11:14:44.359690,0,NORMAL
23,False,0.2692,0.0,NORMAL,2.18,0.0077,8.2,2026-07-23T11:14:44.367795,0,NORMAL
24,False,0.2527,0.0,NORMAL,1.29,0.0095,3.8,2026-07-23T11:14:44.375981,0,NORMAL
23,False,0.2694,0.0,NORMAL,2.47,0.012,8.2,2026-07-23T11:14:44.384093,0,NORMAL
24,False,0.2509,0.0,NORMAL,1.36,0.007,7.3,2026-07-23T11:14:44.392178,0,NORMAL
24,False,0.2569,0.0,NORMAL,2.72,0.0071,3.7,2026-07-23T11:14:44.400266,0,NORMAL
25,False,0.2436,0.0,WATCH,2.0,0.0075,10.6,2026-07-23T11:14:44.408368,0,NORMAL
21,False,0.2852,0.0,NORMAL,2.28,0.0096,5.3,2026-07-23T11:14:44.416491,0,NORMAL
32,False,0.1712,0.0,WATCH,3.0,0.0176,0.0,2026-07-23T11:14:44.424502,0,NORMAL
24,False,0.2565,0.0,NORMAL,1.62,0.0047,5.4,2026-07-23T11:14:44.432609,0,NORMAL
22,False,0.2733,0.0,NORMAL,1.93,0.0135,8.0,2026-07-23T11:14:44.440846,0,NORMAL
23,False,0.2653,0.0,NORMAL,1.42,0.0132,4.1,2026-07-23T11:14:44.448934,0,NORMAL
22,False,0.2739,0.0,NORMAL,1.69,0.0073,5.0,2026-07-23T11:14:44.457050,0,NORMAL
23,False,0.2646,0.0,NORMAL,1.41,0.011,6.9,2026-07-23T11:14:44.465180,0,NORMAL
21,False,0.2813,0.0,NORMAL,2.3,0.0098,4.3,2026-07-23T11:14:44.473323,0,NORMAL
23,False,0.2638,0.0,NORMAL,1.6,0.0102,3.0,2026-07-23T11:14:44.481473,0,NORMAL
24,False,0.2528,0.0,NORMAL,1.49,0.0155,2.8,2026-07-23T11:14:44.489570,0,NORMAL
23,False,0.2626,0.0,NORMAL,1.56,0.0127,2.4,2026-07-23T11:14:44.497691,0,NORMAL
25,False,0.2419,0.0,WATCH,1.36,0.018,6.9,2026-07-23T11:14:44.505900,0,NORMAL
22,False,0.2737,0.0,NORMAL,2.18,0.0155,7.3,2026-07-23T11:14:44.513966,0,NORMAL
23,False,0.2697,0.0,NORMAL,2.39,0.0065,6.1,2026-07-23T11:14:44.522099,0,NORMAL
22,False,0.276,0.0,NORMAL,2.52,0.0136,6.9,2026-07-23T11:14:44.530319,0,NORMAL
32,False,0.1755,0.0,WATCH,1.08,0.0145,0.1,2026-07-23T11:14:44.538459,0,NORMAL
22,False,0.28,0.0,NORMAL,2.27,0.0084,4.4,2026-07-23T11:14:44.546503,0,NORMAL
26,False,0.2306,0.0,WATCH,2.35,0.0127,12.1,2026-07-23T11:14:44.554618,0,NORMAL
21,False,0.2812,0.0,NORMAL,2.33,0.0124,4.5,2026-07-23T11:14:44.562917,0,NORMAL
21,False,0.2858,0.0,NORMAL,1.98,0.0114,5.9,2026-07-23T11:14:44.571067,0,NORMAL
26,False,0.2373,0.0,WATCH,2.85,0.0123,2.2,2026-07-23T11:14:44.579162,0,NORMAL
30,False,0.1981,0.0,WATCH,1.02,0.0185,3.4,2026-07-23T11:14:44.587243,0,NORMAL
24,False,0.2593,0.0,NORMAL,1.58,0.0097,8.5,2026-07-23T11:14:44.595320,0,NORMAL
25,False,0.2449,0.0,WATCH,2.15,0.0103,11.3,2026-07-23T11:14:44.603426,0,NORMAL
23,False,0.2624,0.0,NORMAL,1.48,0.0128,2.8,2026-07-23T11:14:44.611501,0,NORMAL
24,False,0.2591,0.0,NORMAL,1.7,0.0104,9.0,2026-07-23T11:14:44.619587,0,NORMAL
23,False,0.261,0.0,NORMAL,2.63,0.0111,8.8,2026-07-23T11:14:44.627671,0,NORMAL
24,False,0.2569,0.0,NORMAL,1.64,0.0155,2.9,2026-07-23T11:14:44.635838,0,NORMAL
25,False,0.2488,0.0,WATCH,1.92,0.0193,4.6,2026-07-23T11:14:44.644008,0,NORMAL
22,False,0.2784,0.0,NORMAL,1.53,0.0107,6.0,2026-07-23T11:14:44.652060,0,NORMAL
32,False,0.1714,0.0,WATCH,1.23,0.0275,5.9,2026-07-23T11:14:44.660178,0,NORMAL
24,False,0.2561,0.0,NORMAL,2.74,0.0167,4.9,2026-07-23T11:14:44.668286,0,NORMAL
23,False,0.2692,0.0,NORMAL,2.34,0.0095,8.4,2026-07-23T11:14:44.676321,0,NORMAL
28,False,0.2198,0.0,WATCH,2.53,0.0019,8.5,2026-07-23T11:14:44.684434,0,NORMAL
27,False,0.2262,0.0,WATCH,2.09,0.0165,0.9,2026-07-23T11:14:44.692539,0,NORMAL
23,False,0.2625,0.0,NORMAL,1.79,0.0112,2.1,2026-07-23T11:14:44.700607,0,NORMAL
26,False,0.2321,0.0,WATCH,1.5,0.0199,6.9,2026-07-23T11:14:44.708679,0,NORMAL
24,False,0.2585,0.0,NORMAL,2.63,0.012,8.9,2026-07-23T11:14:44.716734,0,NORMAL
22,False,0.2726,0.0,NORMAL,1.51,0.0107,6.7,2026-07-23T11:14:44.724820,0,NORMAL
25,False,0.2431,0.0,WATCH,1.36,0.0043,4.6,2026-07-23T11:14:44.732833,0,NORMAL
22,False,0.2741,0.0,NORMAL,2.58,0.0109,6.3,2026-07-23T11:14:44.740882,0,NORMAL
24,False,0.2526,0.0,NORMAL,2.34,0.0039,4.0,2026-07-23T11:14:44.748984,0,NORMAL
23,False,0.2687,0.0,NORMAL,2.49,0.0089,7.8,2026-07-23T11:14:44.757128,0,NORMAL
24,False,0.2587,0.0,NORMAL,1.33,0.0076,6.3,2026-07-23T11:14:44.765152,0,NORMAL
24,False,0.2562,0.0,NORMAL,1.66,0.006,2.6,2026-07-23T11:14:44.773200,0,NORMAL
21,False,0.2855,0.0,NORMAL,2.17,0.0099,4.9,2026-07-23T11:14:44.781251,0,NORMAL
24,False,0.2594,0.0,NORMAL,1.66,0.0174,5.4,2026-07-23T11:14:44.789375,0,NORMAL
25,False,0.2484,0.0,WATCH,1.37,0.0048,5.1,2026-07-23T11:14:44.797454,0,NORMAL
23,False,0.2694,0.0,NORMAL,2.49,0.0104,8.2,2026-07-23T11:14:44.805591,0,NORMAL
21,False,0.2836,0.0,NORMAL,2.1,0.0116,4.9,2026-07-23T11:14:44.813702,0,NORMAL
21,False,0.2816,0.0,NORMAL,2.24,0.0138,5.7,2026-07-23T11:14:44.821777,0,NORMAL
24,False,0.2546,0.0,NORMAL,1.88,0.0173,3.7,2026-07-23T11:14:44.829823,0,NORMAL
27,False,0.2226,0.0,WATCH,3.44,0.0107,4.2,2026-07-23T11:14:44.837922,0,NORMAL
32,False,0.1728,0.0,WATCH,0.99,0.0057,11.2,2026-07-23T11:14:44.845976,0,NORMAL
27,False,0.2265,0.0,WATCH,3.08,0.0063,7.7,2026-07-23T11:14:44.854050,0,NORMAL
33,False,0.1674,0.0,WATCH,1.01,0.0073,0.0,2026-07-23T11:14:44.862172,0,NORMAL
23,False,0.2666,0.0,NORMAL,2.1,0.0123,8.8,2026-07-23T11:14:44.870435,0,NORMAL
27,False,0.2241,0.0,WATCH,1.31,0.0163,9.7,2026-07-23T11:14:44.878462,0,NORMAL
22,False,0.277,0.0,NORMAL,2.56,0.011,6.0,2026-07-23T11:14:44.886600,0,NORMAL
27,False,0.2296,0.0,WATCH,2.27,0.008,0.0,2026-07-23T11:14:44.897106,0,NORMAL
23,False,0.2624,0.0,NORMAL,1.8,0.005,5.6,2026-07-23T11:14:44.909908,0,NORMAL
22,False,0.2712,0.0,NORMAL,2.45,0.0091,3.3,2026-07-23T11:14:44.921202,0,NORMAL
32,False,0.174,0.0,WATCH,1.71,0.0,10.5,2026-07-23T11:14:44.929496,0,NORMAL
22,False,0.274,0.0,NORMAL,2.22,0.0115,3.2,2026-07-23T11:14:44.937766,0,NORMAL
22,False,0.2748,0.0,NORMAL,1.67,0.012,4.0,2026-07-23T11:14:44.945998,0,NORMAL
22,False,0.2723,0.0,NORMAL,2.65,0.0112,4.7,2026-07-23T11:14:44.954224,0,NORMAL
25,False,0.2479,0.0,WATCH,2.09,0.0131,11.0,2026-07-23T11:14:44.962421,0,NORMAL
23,False,0.268,0.0,NORMAL,1.62,0.0144,3.5,2026-07-23T11:14:44.970646,0,NORMAL
27,False,0.228,0.0,WATCH,2.28,0.0063,11.9,2026-07-23T11:14:44.978848,0,NORMAL
28,False,0.2186,0.0,WATCH,2.26,0.0023,10.3,2026-07-23T11:14:44.987070,0,NORMAL
23,False,0.2632,0.0,NORMAL,2.08,0.0178,6.6,2026-07-23T11:14:44.995150,0,NORMAL
21,False,0.2837,0.0,NORMAL,1.82,0.0097,5.4,2026-07-23T11:14:45.003309,0,NORMAL
30,False,0.1995,0.0,WATCH,1.58,0.0168,0.0,2026-07-23T11:14:45.011535,0,NORMAL
26,False,0.2337,0.0,WATCH,2.58,0.0118,0.8,2026-07-23T11:14:45.019732,0,NORMAL
28,False,0.2189,0.0,WATCH,2.21,0.0221,6.1,2026-07-23T11:14:45.027899,0,NORMAL
25,False,0.2433,0.0,WATCH,1.09,0.008,6.0,2026-07-23T11:14:45.036040,0,NORMAL
26,False,0.2313,0.0,WATCH,2.42,0.002,6.0,2026-07-23T11:14:45.044178,0,NORMAL
23,False,0.2677,0.0,NORMAL,1.74,0.0166,5.3,2026-07-23T11:14:45.052293,0,NORMAL
28,False,0.2121,0.0,WATCH,3.18,0.008,10.6,2026-07-23T11:14:45.060535,0,NORMAL
22,False,0.2734,0.0,NORMAL,1.92,0.013,3.2,2026-07-23T11:14:45.068657,0,NORMAL
26,False,0.2387,0.0,WATCH,1.65,0.0165,10.6,2026-07-23T11:14:45.076861,0,NORMAL
22,False,0.2712,0.0,NORMAL,1.87,0.0128,3.1,2026-07-23T11:14:45.084961,0,NORMAL
31,False,0.185,0.0,WATCH,2.26,0.0022,0.0,2026-07-23T11:14:45.093137,0,NORMAL
23,False,0.2637,0.0,NORMAL,1.81,0.0074,3.0,2026-07-23T11:14:45.101241,0,NORMAL
22,False,0.2704,0.0,NORMAL,2.22,0.0081,3.2,2026-07-23T11:14:45.109398,0,NORMAL
24,False,0.2548,0.0,NORMAL,2.17,0.0177,8.5,2026-07-23T11:14:45.117530,0,NORMAL
23,False,0.2604,0.0,NORMAL,1.28,0.0113,6.3,2026-07-23T11:14:45.125735,0,NORMAL
25,False,0.2466,0.0,WATCH,2.41,0.0054,9.1,2026-07-23T11:14:45.133841,0,NORMAL
24,False,0.2563,0.0,NORMAL,1.59,0.0066,7.8,2026-07-23T11:14:45.142032,0,NORMAL
28,False,0.2185,0.0,WATCH,1.23,0.0146,10.3,2026-07-23T11:14:45.150171,0,NORMAL
24,False,0.253,0.0,NORMAL,2.44,0.012,10.3,2026-07-23T11:14:45.158356,0,NORMAL
22,False,0.2757,0.0,NORMAL,1.95,0.0158,4.9,2026-07-23T11:14:45.166470,0,NORMAL
25,False,0.2433,0.0,WATCH,1.3,0.0055,4.2,2026-07-23T11:14:45.174557,0,NORMAL
24,False,0.2586,0.0,NORMAL,2.57,0.0125,9.6,2026-07-23T11:14:45.182879,0,NORMAL
28,False,0.2139,0.0,WATCH,1.84,0.0024,2.2,2026-07-23T11:14:45.191024,0,NORMAL
29,False,0.2092,0.0,WATCH,1.37,0.0075,0.2,2026-07-23T11:14:45.199191,0,NORMAL
24,False,0.2562,0.0,NORMAL,1.74,0.0053,3.2,2026-07-23T11:14:45.207314,0,NORMAL
23,False,0.2649,0.0,NORMAL,1.36,0.0119,5.1,2026-07-23T11:14:45.215395,0,NORMAL
26,False,0.236,0.0,WATCH,1.75,0.0105,0.0,2026-07-23T11:14:45.223500,0,NORMAL
31,False,0.1894,0.0,WATCH,1.81,0.0266,7.5,2026-07-23T11:14:45.231663,0,NORMAL
23,False,0.2695,0.0,NORMAL,1.91,0.0082,3.1,2026-07-23T11:14:45.239769,0,NORMAL
28,False,0.2191,0.0,WATCH,1.03,0.0143,2.7,2026-07-23T11:14:45.247921,0,NORMAL
24,False,0.2562,0.0,NORMAL,2.76,0.0059,5.9,2026-07-23T11:14:45.256123,0,NORMAL
25,False,0.249,0.0,WATCH,2.43,0.0106,10.5,2026-07-23T11:14:45.264252,0,NORMAL
25,False,0.2496,0.0,WATCH,1.83,0.0189,7.1,2026-07-23T11:14:45.272440,0,NORMAL
29,False,0.2081,0.0,WATCH,2.22,0.0025,11.1,2026-07-23T11:14:45.280547,0,NORMAL
23,False,0.2618,0.0,NORMAL,2.03,0.0152,2.5,2026-07-23T11:14:45.288652,0,NORMAL
21,False,0.2859,0.0,NORMAL,2.17,0.0097,4.9,2026-07-23T11:14:45.296803,0,NORMAL
31,False,0.1874,0.0,WATCH,1.3,0.0191,1.8,2026-07-23T11:14:45.304946,0,NORMAL
28,False,0.2111,0.0,WATCH,2.07,0.003,1.0,2026-07-23T11:14:45.313089,0,NORMAL
25,False,0.2417,0.0,WATCH,2.26,0.0023,4.6,2026-07-23T11:14:45.321247,0,NORMAL
33,False,0.1634,0.0,WATCH,1.1,0.0004,7.6,2026-07-23T11:14:45.329393,0,NORMAL
28,False,0.2165,0.0,WATCH,2.43,0.0063,0.0,2026-07-23T11:14:45.337573,0,NORMAL
22,False,0.2738,0.0,NORMAL,1.92,0.0063,4.6,2026-07-23T11:14:45.345677,0,NORMAL
27,False,0.2208,0.0,WATCH,0.95,0.0121,3.3,2026-07-23T11:14:45.353769,0,NORMAL
28,False,0.2113,0.0,WATCH,1.78,0.0223,6.9,2026-07-23T11:14:45.361895,0,NORMAL
22,False,0.2737,0.0,NORMAL,1.9,0.0071,6.7,2026-07-23T11:14:45.370058,0,NORMAL
21,False,0.2816,0.0,NORMAL,2.07,0.0106,5.7,2026-07-23T11:14:45.378160,0,NORMAL
27,False,0.2233,0.0,WATCH,3.05,0.0045,4.9,2026-07-23T11:14:45.386215,0,NORMAL
22,False,0.2732,0.0,NORMAL,2.37,0.01,7.1,2026-07-23T11:14:45.394302,0,NORMAL
27,False,0.2237,0.0,WATCH,1.78,0.0146,0.0,2026-07-23T11:14:45.402526,0,NORMAL
25,False,0.2485,0.0,WATCH,2.8,0.0143,9.9,2026-07-23T11:14:45.410737,0,NORMAL
24,False,0.2595,0.0,NORMAL,2.2,0.0179,4.2,2026-07-23T11:14:45.418891,0,NORMAL
23,False,0.2669,0.0,NORMAL,1.58,0.0124,2.7,2026-07-23T11:14:45.427027,0,NORMAL
26,False,0.2366,0.0,WATCH,2.3,0.0027,4.1,2026-07-23T11:14:45.435240,0,NORMAL
32,False,0.1751,0.0,WATCH,2.84,0.0022,1.6,2026-07-23T11:14:45.443401,0,NORMAL
23,False,0.2643,0.0,NORMAL,2.07,0.0121,2.2,2026-07-23T11:14:45.451518,0,NORMAL
28,False,0.2195,0.0,WATCH,3.14,0.0084,2.4,2026-07-23T11:14:45.459652,0,NORMAL
22,False,0.2798,0.0,NORMAL,2.13,0.0106,3.6,2026-07-23T11:14:45.467831,0,NORMAL
25,False,0.2416,0.0,WATCH,2.3,0.0122,0.6,2026-07-23T11:14:45.475967,0,NORMAL
24,False,0.2578,0.0,NORMAL,2.34,0.009,9.7,2026-07-23T11:14:45.484093,0,NORMAL
25,False,0.2428,0.0,WATCH,1.06,0.0117,5.2,2026-07-23T11:14:45.492412,0,NORMAL
24,False,0.2501,0.0,NORMAL,2.57,0.014,10.4,2026-07-23T11:14:45.500585,0,NORMAL
24,False,0.2592,0.0,NORMAL,2.36,0.0175,5.5,2026-07-23T11:14:45.508718,0,NORMAL
28,False,0.2156,0.0,WATCH,0.78,0.0139,5.2,2026-07-23T11:14:45.516775,0,NORMAL
22,False,0.2727,0.0,NORMAL,1.54,0.0073,4.8,2026-07-23T11:14:45.524955,0,NORMAL
24,False,0.2578,0.0,NORMAL,2.09,0.0052,2.9,2026-07-23T11:14:45.533071,0,NORMAL
29,False,0.2056,0.0,WATCH,2.91,0.0112,0.0,2026-07-23T11:14:45.541219,0,NORMAL
24,False,0.2505,0.0,NORMAL,2.03,0.0079,1.3,2026-07-23T11:14:45.549356,0,NORMAL
23,False,0.2675,0.0,NORMAL,2.06,0.0158,3.5,2026-07-23T11:14:45.557585,0,NORMAL
27,False,0.2239,0.0,WATCH,2.49,0.0022,8.4,2026-07-23T11:14:45.565734,0,NORMAL
26,False,0.2395,0.0,WATCH,1.76,0.0091,0.5,2026-07-23T11:14:45.573875,0,NORMAL
24,False,0.2537,0.0,NORMAL,1.8,0.0043,3.4,2026-07-23T11:14:45.582021,0,NORMAL
22,False,0.2727,0.0,NORMAL,1.94,0.0064,4.3,2026-07-23T11:14:45.590199,0,NORMAL
21,False,0.2839,0.0,NORMAL,2.06,0.0105,4.9,2026-07-23T11:14:45.598272,0,NORMAL
24,False,0.2556,0.0,NORMAL,1.82,0.0038,6.7,2026-07-23T11:14:45.606429,0,NORMAL
29,False,0.2009,0.0,WATCH,3.54,0.006,4.2,2026-07-23T11:14:45.614601,0,NORMAL
26,False,0.2321,0.0,WATCH,3.0,0.0055,4.6,2026-07-23T11:14:45.622765,0,NORMAL
21,False,0.28,0.0,NORMAL,1.84,0.0087,5.6,2026-07-23T11:14:45.630892,0,NORMAL
24,False,0.2537,0.0,NORMAL,2.06,0.0033,5.9,2026-07-23T11:14:45.639050,0,NORMAL
23,False,0.2668,0.0,NORMAL,1.7,0.0084,7.5,2026-07-23T11:14:45.647168,0,NORMAL
31,False,0.1853,0.0,WATCH,1.65,0.0,2.7,2026-07-23T11:14:45.655312,0,NORMAL
27,False,0.2243,0.0,WATCH,1.49,0.0082,0.4,2026-07-23T11:14:45.663453,0,NORMAL
23,False,0.2689,0.0,NORMAL,1.86,0.0167,5.2,2026-07-23T11:14:45.671599,0,NORMAL
26,False,0.236,0.0,WATCH,2.34,0.0145,0.8,2026-07-23T11:14:45.679708,0,NORMAL
27,False,0.2243,0.0,WATCH,1.58,0.0025,3.8,2026-07-23T11:14:45.687887,0,NORMAL
28,False,0.2188,0.0,WATCH,2.35,0.0013,4.1,2026-07-23T11:14:45.696016,0,NORMAL
23,False,0.2623,0.0,NORMAL,1.56,0.0135,8.2,2026-07-23T11:14:45.704201,0,NORMAL
23,False,0.268,0.0,NORMAL,2.54,0.016,6.4,2026-07-23T11:14:45.712334,0,NORMAL
31,False,0.1893,0.0,WATCH,1.2,0.009,0.0,2026-07-23T11:14:45.720474,0,NORMAL
24,False,0.2579,0.0,NORMAL,2.08,0.0144,10.0,2026-07-23T11:14:45.728594,0,NORMAL
23,False,0.2634,0.0,NORMAL,2.15,0.0091,2.3,2026-07-23T11:14:45.736757,0,NORMAL
29,False,0.2003,0.0,WATCH,2.15,0.0,8.3,2026-07-23T11:14:45.744859,0,NORMAL
32,False,0.1724,0.0,WATCH,1.47,0.0,9.0,2026-07-23T11:14:45.753027,0,NORMAL
21,False,0.2806,0.0,NORMAL,2.25,0.0118,6.5,2026-07-23T11:14:45.761225,0,NORMAL
23,False,0.2683,0.0,NORMAL,1.87,0.0119,8.3,2026-07-23T11:14:45.769373,0,NORMAL
22,False,0.275,0.0,NORMAL,2.26,0.0154,6.6,2026-07-23T11:14:45.777502,0,NORMAL
21,False,0.2819,0.0,NORMAL,1.81,0.0124,5.1,2026-07-23T11:14:45.785630,0,NORMAL
26,False,0.2315,0.0,WATCH,1.37,0.0094,9.8,2026-07-23T11:14:45.793956,0,NORMAL
22,False,0.2747,0.0,NORMAL,2.27,0.0078,4.0,2026-07-23T11:14:45.802122,0,NORMAL
22,False,0.2774,0.0,NORMAL,2.3,0.0078,5.1,2026-07-23T11:14:45.810263,0,NORMAL
26,False,0.2336,0.0,WATCH,1.11,0.0057,5.0,2026-07-23T11:14:45.818485,0,NORMAL
22,False,0.2744,0.0,NORMAL,2.29,0.0091,7.8,2026-07-23T11:14:45.826640,0,NORMAL
24,False,0.2587,0.0,NORMAL,1.81,0.0129,1.8,2026-07-23T11:14:45.834796,0,NORMAL
25,False,0.2496,0.0,WATCH,1.92,0.0193,6.1,2026-07-23T11:14:45.842917,0,NORMAL
23,False,0.2657,0.0,NORMAL,2.2,0.0101,2.1,2026-07-23T11:14:45.851139,0,NORMAL
22,False,0.2723,0.0,NORMAL,2.45,0.01,3.4,2026-07-23T11:14:45.859408,0,NORMAL
25,False,0.2408,0.0,WATCH,2.0,0.0168,2.0,2026-07-23T11:14:45.867606,0,NORMAL
26,False,0.2346,0.0,WATCH,1.83,0.0119,0.0,2026-07-23T11:14:45.875761,0,NORMAL
21,False,0.2832,0.0,NORMAL,1.82,0.0103,4.8,2026-07-23T11:14:45.884014,0,NORMAL
25,False,0.2411,0.0,WATCH,1.36,0.017,3.8,2026-07-23T11:14:45.892132,0,NORMAL
21,False,0.2815,0.0,NORMAL,2.24,0.0111,4.0,2026-07-23T11:14:45.900299,0,NORMAL
21,False,0.2819,0.0,NORMAL,1.76,0.0129,6.1,2026-07-23T11:14:45.908437,0,NORMAL
26,False,0.2337,0.0,WATCH,1.73,0.0026,5.6,2026-07-23T11:14:45.916533,0,NORMAL
23,False,0.2603,0.0,NORMAL,2.28,0.0068,2.5,2026-07-23T11:14:45.924703,0,NORMAL
24,False,0.2598,0.0,NORMAL,2.14,0.0134,1.7,2026-07-23T11:14:45.932796,0,NORMAL
27,False,0.2289,0.0,WATCH,1.66,0.002,6.3,2026-07-23T11:14:45.941002,0,NORMAL
23,False,0.266,0.0,NORMAL,2.33,0.0163,7.2,2026-07-23T11:14:45.949205,0,NORMAL
26,False,0.2325,0.0,WATCH,1.91,0.0029,2.8,2026-07-23T11:14:45.957362,0,NORMAL
27,False,0.2214,0.0,WATCH,1.39,0.0081,0.9,2026-07-23T11:14:45.965540,0,NORMAL
26,False,0.2345,0.0,WATCH,1.6,0.0194,8.3,2026-07-23T11:14:45.973695,0,NORMAL
22,False,0.2753,0.0,NORMAL,2.03,0.0128,3.2,2026-07-23T11:14:45.981838,0,NORMAL
23,False,0.2614,0.0,NORMAL,1.6,0.0076,7.6,2026-07-23T11:14:45.990006,0,NORMAL
23,False,0.2698,0.0,NORMAL,2.07,0.0163,6.9,2026-07-23T11:14:45.998201,0,NORMAL
25,False,0.2476,0.0,WATCH,2.2,0.0059,10.0,2026-07-23T11:14:46.006404,0,NORMAL
23,False,0.261,0.0,NORMAL,2.11,0.0096,9.7,2026-07-23T11:14:46.014626,0,NORMAL
31,False,0.1815,0.0,WATCH,2.08,0.0018,0.0,2026-07-23T11:14:46.022835,0,NORMAL
24,False,0.2578,0.0,NORMAL,2.01,0.018,7.0,2026-07-23T11:14:46.030957,0,NORMAL
24,False,0.259,0.0,NORMAL,2.22,0.0043,7.1,2026-07-23T11:14:46.039238,0,NORMAL
26,False,0.2315,0.0,WATCH,3.07,0.0094,2.8,2026-07-23T11:14:46.047362,0,NORMAL
25,False,0.2407,0.0,WATCH,2.29,0.0059,1.3,2026-07-23T11:14:46.055516,0,NORMAL
23,False,0.2653,0.0,NORMAL,2.11,0.0096,9.1,2026-07-23T11:14:46.063709,0,NORMAL
22,False,0.2779,0.0,NORMAL,2.05,0.0128,3.8,2026-07-23T11:14:46.071849,0,NORMAL
24,False,0.2584,0.0,NORMAL,2.22,0.0038,5.7,2026-07-23T11:14:46.080004,0,NORMAL
23,False,0.2662,0.0,NORMAL,2.57,0.0071,5.1,2026-07-23T11:14:46.088126,0,NORMAL
22,False,0.2785,0.0,NORMAL,1.89,0.0084,5.6,2026-07-23T11:14:46.096332,0,NORMAL
27,False,0.2204,0.0,WATCH,1.88,0.0152,0.0,2026-07-23T11:14:46.104800,0,NORMAL
21,False,0.283,0.0,NORMAL,1.8,0.011,4.6,2026-07-23T11:14:46.112991,0,NORMAL
22,False,0.2731,0.0,NORMAL,2.44,0.0108,7.8,2026-07-23T11:14:46.121185,0,NORMAL
25,False,0.2479,0.0,WATCH,2.94,0.0078,6.7,2026-07-23T11:14:46.129299,0,NORMAL
23,False,0.2621,0.0,NORMAL,1.87,0.0132,9.3,2026-07-23T11:14:46.137436,0,NORMAL
22,False,0.2735,0.0,NORMAL,2.05,0.0135,3.2,2026-07-23T11:14:46.145584,0,NORMAL
23,False,0.266,0.0,NORMAL,1.42,0.0114,4.4,2026-07-23T11:14:46.153781,0,NORMAL
22,False,0.2733,0.0,NORMAL,2.03,0.0066,5.4,2026-07-23T11:14:46.161866,0,NORMAL
29,False,0.2022,0.0,WATCH,1.06,0.0051,2.4,2026-07-23T11:14:46.169972,0,NORMAL
22,False,0.2703,0.0,NORMAL,2.11,0.0067,3.6,2026-07-23T11:14:46.178126,0,NORMAL
22,False,0.275,0.0,NORMAL,1.57,0.0098,4.8,2026-07-23T11:14:46.186291,0,NORMAL
25,False,0.2497,0.0,WATCH,2.55,0.0046,4.0,2026-07-23T11:14:46.194375,0,NORMAL
24,False,0.2548,0.0,NORMAL,1.76,0.0044,3.5,2026-07-23T11:14:46.202487,0,NORMAL
21,False,0.2804,0.0,NORMAL,1.79,0.0114,6.8,2026-07-23T11:14:46.210662,0,NORMAL
25,False,0.2419,0.0,WATCH,2.55,0.0083,1.8,2026-07-23T11:14:46.218867,0,NORMAL
27,False,0.2243,0.0,WATCH,1.94,0.0047,0.8,2026-07-23T11:14:46.227032,0,NORMAL
24,False,0.2562,0.0,NORMAL,2.29,0.0183,7.0,2026-07-23T11:14:46.235151,0,NORMAL
31,False,0.1804,0.0,WATCH,2.8,0.0009,8.8,2026-07-23T11:14:46.243292,0,NORMAL
25,False,0.2447,0.0,WATCH,2.57,0.0051,3.0,2026-07-23T11:14:46.251466,0,NORMAL
31,False,0.1851,0.0,WATCH,1.1,0.0036,9.3,2026-07-23T11:14:46.259513,0,NORMAL
24,False,0.258,0.0,NORMAL,2.56,0.0176,6.4,2026-07-23T11:14:46.267598,0,NORMAL
26,False,0.2346,0.0,WATCH,3.05,0.0104,2.8,2026-07-23T11:14:46.275731,0,NORMAL
25,False,0.2436,0.0,WATCH,1.97,0.0079,0.7,2026-07-23T11:14:46.283884,0,NORMAL
21,False,0.2822,0.0,NORMAL,2.34,0.0106,5.3,2026-07-23T11:14:46.292041,0,NORMAL
28,False,0.2156,0.0,WATCH,1.7,0.0035,1.3,2026-07-23T11:14:46.300192,0,NORMAL
23,False,0.2654,0.0,NORMAL,2.32,0.0051,4.7,2026-07-23T11:14:46.308320,0,NORMAL
22,False,0.2702,0.0,NORMAL,2.12,0.0082,3.1,2026-07-23T11:14:46.316445,0,NORMAL
23,False,0.2649,0.0,NORMAL,1.8,0.0077,3.0,2026-07-23T11:14:46.324533,0,NORMAL
23,False,0.2628,0.0,NORMAL,1.45,0.0067,6.0,2026-07-23T11:14:46.332672,0,NORMAL
24,False,0.2539,0.0,NORMAL,2.88,0.0078,4.3,2026-07-23T11:14:46.340860,0,NORMAL
23,False,0.2696,0.0,NORMAL,1.96,0.0057,5.7,2026-07-23T11:14:46.348968,0,NORMAL
24,False,0.2599,0.0,NORMAL,2.66,0.0125,9.2,2026-07-23T11:14:46.357045,0,NORMAL
22,False,0.273,0.0,NORMAL,2.65,0.0097,4.9,2026-07-23T11:14:46.365151,0,NORMAL
24,False,0.2597,0.0,NORMAL,2.4,0.0137,2.1,2026-07-23T11:14:46.373306,0,NORMAL
22,False,0.2765,0.0,NORMAL,1.84,0.0138,7.3,2026-07-23T11:14:46.381424,0,NORMAL
22,False,0.2713,0.0,NORMAL,2.18,0.0069,3.5,2026-07-23T11:14:46.389599,0,NORMAL
23,False,0.2671,0.0,NORMAL,1.89,0.0121,8.5,2026-07-23T11:14:46.397741,0,NORMAL
24,False,0.2521,0.0,NORMAL,1.78,0.0066,2.0,2026-07-23T11:14:46.406045,0,NORMAL
21,False,0.2801,0.0,NORMAL,2.19,0.0146,5.7,2026-07-23T11:14:46.414168,0,NORMAL
21,False,0.282,0.0,NORMAL,2.17,0.0139,6.6,2026-07-23T11:14:46.422311,0,NORMAL
24,False,0.2566,0.0,NORMAL,2.49,0.0068,3.0,2026-07-23T11:14:46.430429,0,NORMAL
22,False,0.2772,0.0,NORMAL,1.89,0.0125,7.2,2026-07-23T11:14:46.438558,0,NORMAL
23,False,0.2641,0.0,NORMAL,2.25,0.0046,5.1,2026-07-23T11:14:46.446729,0,NORMAL
22,False,0.2732,0.0,NORMAL,2.01,0.0124,2.7,2026-07-23T11:14:46.454856,0,NORMAL
24,False,0.257,0.0,NORMAL,2.15,0.0087,1.7,2026-07-23T11:14:46.462935,0,NORMAL
22,False,0.2716,0.0,NORMAL,1.59,0.0134,7.4,2026-07-23T11:14:46.471058,0,NORMAL
27,False,0.2278,0.0,WATCH,2.7,0.0039,9.6,2026-07-23T11:14:46.479175,0,NORMAL
23,False,0.2661,0.0,NORMAL,2.6,0.0117,3.5,2026-07-23T11:14:46.487376,0,NORMAL
25,False,0.2463,0.0,WATCH,2.63,0.0089,10.4,2026-07-23T11:14:46.495432,0,NORMAL
24,False,0.2526,0.0,NORMAL,2.4,0.0053,7.6,2026-07-23T11:14:46.503579,0,NORMAL
28,False,0.2144,0.0,WATCH,2.21,0.0009,4.6,2026-07-23T11:14:46.511701,0,NORMAL
26,False,0.2397,0.0,WATCH,1.73,0.0108,11.3,2026-07-23T11:14:46.519865,0,NORMAL
22,False,0.2725,0.0,NORMAL,1.65,0.01,3.7,2026-07-23T11:14:46.527980,0,NORMAL
23,False,0.2621,0.0,NORMAL,2.04,0.0179,6.2,2026-07-23T11:14:46.536067,0,NORMAL
23,False,0.2608,0.0,NORMAL,1.98,0.0132,9.8,2026-07-23T11:14:46.544259,0,NORMAL
22,False,0.2755,0.0,NORMAL,2.1,0.007,4.4,2026-07-23T11:14:46.552364,0,NORMAL
21,False,0.2822,0.0,NORMAL,2.31,0.0141,5.3,2026-07-23T11:14:46.560483,0,NORMAL
21,False,0.2845,0.0,NORMAL,1.96,0.0122,4.9,2026-07-23T11:14:46.568632,0,NORMAL
25,False,0.2495,0.0,WATCH,2.79,0.0103,2.7,2026-07-23T11:14:46.576732,0,NORMAL
21,False,0.2823,0.0,NORMAL,2.05,0.0133,6.7,2026-07-23T11:14:46.584845,0,NORMAL
23,False,0.2686,0.0,NORMAL,2.03,0.0066,3.5,2026-07-23T11:14:46.593009,0,NORMAL
24,False,0.2521,0.0,NORMAL,1.85,0.0049,2.6,2026-07-23T11:14:46.601253,0,NORMAL
22,False,0.2795,0.0,NORMAL,1.83,0.0147,6.0,2026-07-23T11:14:46.609404,0,NORMAL
23,False,0.2667,0.0,NORMAL,2.3,0.0166,5.4,2026-07-23T11:14:46.617485,0,NORMAL
24,False,0.2539,0.0,NORMAL,2.01,0.0079,1.4,2026-07-23T11:14:46.625577,0,NORMAL
22,False,0.2773,0.0,NORMAL,2.55,0.0116,4.9,2026-07-23T11:14:46.633752,0,NORMAL
31,False,0.1892,0.0,WATCH,1.51,0.0,3.4,2026-07-23T11:14:46.641831,0,NORMAL
23,False,0.2639,0.0,NORMAL,2.05,0.0142,9.2,2026-07-23T11:14:46.649996,0,NORMAL
22,False,0.2763,0.0,NORMAL,2.32,0.0088,4.0,2026-07-23T11:14:46.658125,0,NORMAL
23,False,0.269,0.0,NORMAL,1.92,0.016,4.2,2026-07-23T11:14:46.666252,0,NORMAL
22,False,0.2795,0.0,NORMAL,2.18,0.0075,6.1,2026-07-23T11:14:46.674341,0,NORMAL
24,False,0.2547,0.0,NORMAL,1.52,0.006,7.4,2026-07-23T11:14:46.682461,0,NORMAL
21,False,0.2803,0.0,NORMAL,2.18,0.0123,7.2,2026-07-23T11:14:46.690539,0,NORMAL
27,False,0.2271,0.0,WATCH,1.67,0.0135,0.0,2026-07-23T11:14:46.698688,0,NORMAL
25,False,0.2461,0.0,WATCH,1.65,0.0055,2.1,2026-07-23T11:14:46.706792,0,NORMAL
26,False,0.2319,0.0,WATCH,1.1,0.0057,6.3,2026-07-23T11:14:46.715078,0,NORMAL
21,False,0.2823,0.0,NORMAL,2.2,0.0104,4.1,2026-07-23T11:14:46.723174,0,NORMAL
23,False,0.2678,0.0,NORMAL,1.99,0.0059,4.0,2026-07-23T11:14:46.731279,0,NORMAL
24,False,0.2558,0.0,NORMAL,1.84,0.006,8.3,2026-07-23T11:14:46.739420,0,NORMAL
28,False,0.2136,0.0,WATCH,2.68,0.0213,4.0,2026-07-23T11:14:46.747529,0,NORMAL
30,False,0.1914,0.0,WATCH,1.59,0.0,7.5,2026-07-23T11:14:46.755621,0,NORMAL
22,False,0.2749,0.0,NORMAL,2.11,0.0095,7.9,2026-07-23T11:14:46.763715,0,NORMAL
25,False,0.2432,0.0,WATCH,2.54,0.0132,11.1,2026-07-23T11:14:46.771902,0,NORMAL
26,False,0.24,0.0,WATCH,2.59,0.0081,1.6,2026-07-23T11:14:46.779983,0,NORMAL
29,False,0.2065,0.0,WATCH,2.94,0.0057,1.8,2026-07-23T11:14:46.788084,0,NORMAL
22,False,0.2786,0.0,NORMAL,2.48,0.0102,5.4,2026-07-23T11:14:46.796247,0,NORMAL
30,False,0.1967,0.0,WATCH,1.18,0.0019,6.8,2026-07-23T11:14:46.804360,0,NORMAL
27,False,0.225,0.0,WATCH,1.3,0.0169,2.6,2026-07-23T11:14:46.812501,0,NORMAL
24,False,0.2589,0.0,NORMAL,2.08,0.0181,7.0,2026-07-23T11:14:46.820579,0,NORMAL
22,False,0.2726,0.0,NORMAL,1.58,0.0109,7.2,2026-07-23T11:14:46.828633,0,NORMAL
28,False,0.2163,0.0,WATCH,2.16,0.0158,0.0,2026-07-23T11:14:46.836736,0,NORMAL
22,False,0.2722,0.0,NORMAL,2.26,0.0094,3.1,2026-07-23T11:14:46.844880,0,NORMAL
31,False,0.1819,0.0,WATCH,2.55,0.0,2.6,2026-07-23T11:14:46.852946,0,NORMAL
21,False,0.2829,0.0,NORMAL,1.82,0.0116,5.0,2026-07-23T11:14:46.861099,0,NORMAL
26,False,0.2334,0.0,WATCH,1.71,0.0026,5.7,2026-07-23T11:14:46.869273,0,NORMAL
22,False,0.2748,0.0,NORMAL,2.53,0.0077,4.8,2026-07-23T11:14:46.877429,0,NORMAL
26,False,0.2308,0.0,WATCH,2.7,0.003,6.2,2026-07-23T11:14:46.885635,0,NORMAL
21,False,0.2835,0.0,NORMAL,1.99,0.0103,5.4,2026-07-23T11:14:46.893729,0,NORMAL
27,False,0.2212,0.0,WATCH,1.51,0.0163,1.2,2026-07-23T11:14:46.901899,0,NORMAL
27,False,0.2248,0.0,WATCH,2.6,0.0104,0.0,2026-07-23T11:14:46.910052,0,NORMAL
21,False,0.2817,0.0,NORMAL,2.09,0.0104,4.2,2026-07-23T11:14:46.918203,0,NORMAL
26,False,0.2339,0.0,WATCH,1.99,0.0081,0.0,2026-07-23T11:14:46.926326,0,NORMAL
30,False,0.1985,0.0,WATCH,1.23,0.0106,0.0,2026-07-23T11:14:46.934419,0,NORMAL
22,False,0.2714,0.0,NORMAL,2.62,0.012,4.7,2026-07-23T11:14:46.942532,0,NORMAL
23,False,0.2672,0.0,NORMAL,2.1,0.0052,4.3,2026-07-23T11:14:46.950620,0,NORMAL
24,False,0.258,0.0,NORMAL,2.62,0.0073,3.2,2026-07-23T11:14:46.958748,0,NORMAL
26,False,0.2321,0.0,WATCH,2.17,0.0082,0.0,2026-07-23T11:14:46.966835,0,NORMAL
23,False,0.2628,0.0,NORMAL,1.45,0.016,5.3,2026-07-23T11:14:46.974995,0,NORMAL
27,False,0.2256,0.0,WATCH,1.18,0.0074,2.5,2026-07-23T11:14:46.983117,0,NORMAL
26,False,0.2386,0.0,WATCH,1.82,0.0127,0.3,2026-07-23T11:14:46.991191,0,NORMAL
24,False,0.2542,0.0,NORMAL,2.02,0.0117,1.2,2026-07-23T11:14:46.999259,0,NORMAL
23,False,0.2601,0.0,NORMAL,1.95,0.0101,1.7,2026-07-23T11:14:47.007394,0,NORMAL
28,False,0.2104,0.0,WATCH,1.21,0.0023,4.7,2026-07-23T11:14:47.015732,0,NORMAL
31,False,0.1887,0.0,WATCH,1.78,0.0,9.1,2026-07-23T11:14:47.023931,0,NORMAL
24,False,0.2573,0.0,NORMAL,2.66,0.0164,8.3,2026-07-23T11:14:47.032068,0,NORMAL
22,False,0.2755,0.0,NORMAL,2.36,0.0077,5.4,2026-07-23T11:14:47.040340,0,NORMAL
25,False,0.2461,0.0,WATCH,2.33,0.0191,4.2,2026-07-23T11:14:47.048475,0,NORMAL
24,False,0.2513,0.0,NORMAL,2.17,0.0031,5.9,2026-07-23T11:14:47.056605,0,NORMAL
23,False,0.2622,0.0,NORMAL,1.53,0.0068,3.6,2026-07-23T11:14:47.064791,0,NORMAL
28,False,0.2195,0.0,WATCH,1.68,0.006,0.0,2026-07-23T11:14:47.072911,0,NORMAL
24,False,0.2572,0.0,NORMAL,2.83,0.0147,4.2,2026-07-23T11:14:47.081060,0,NORMAL
24,False,0.2595,0.0,NORMAL,1.95,0.0137,1.6,2026-07-23T11:14:47.089202,0,NORMAL
26,False,0.2394,0.0,WATCH,1.89,0.015,0.7,2026-07-23T11:14:47.097313,0,NORMAL
25,False,0.2443,0.0,WATCH,2.84,0.0139,3.0,2026-07-23T11:14:47.105474,0,NORMAL
21,False,0.2847,0.0,NORMAL,2.24,0.0129,5.5,2026-07-23T11:14:47.113586,0,NORMAL
26,False,0.2372,0.0,WATCH,1.81,0.0037,8.8,2026-07-23T11:14:47.121733,0,NORMAL
29,False,0.2004,0.0,WATCH,2.27,0.0257,5.1,2026-07-23T11:14:47.129945,0,NORMAL
29,False,0.2024,0.0,WATCH,1.89,0.0005,3.5,2026-07-23T11:14:47.138021,0,NORMAL
26,False,0.2304,0.0,WATCH,1.12,0.0171,6.0,2026-07-23T11:14:47.146184,0,NORMAL
35,False,0.145,0.0,WATCH,1.58,0.0,0.0,2026-07-23T11:14:47.154333,0,NORMAL
24,False,0.2501,0.0,NORMAL,2.72,0.0057,7.2,2026-07-23T11:14:47.162504,0,NORMAL
24,False,0.2503,0.0,NORMAL,2.69,0.0067,7.7,2026-07-23T11:14:47.170643,0,NORMAL
23,False,0.2693,0.0,NORMAL,1.87,0.0156,4.3,2026-07-23T11:14:47.178784,0,NORMAL
27,False,0.2257,0.0,WATCH,2.18,0.0043,1.0,2026-07-23T11:14:47.186911,0,NORMAL
25,False,0.2478,0.0,WATCH,1.16,0.0094,5.7,2026-07-23T11:14:47.195025,0,NORMAL
26,False,0.2305,0.0,WATCH,2.4,0.0129,0.2,2026-07-23T11:14:47.203219,0,NORMAL
23,False,0.2636,0.0,NORMAL,1.82,0.0139,8.8,2026-07-23T11:14:47.211403,0,NORMAL
24,False,0.2507,0.0,NORMAL,1.27,0.007,4.4,2026-07-23T11:14:47.219507,0,NORMAL
25,False,0.2448,0.0,WATCH,1.47,0.0049,3.4,2026-07-23T11:14:47.227630,0,NORMAL
22,False,0.2734,0.0,NORMAL,2.02,0.0134,7.9,2026-07-23T11:14:47.235747,0,NORMAL
27,False,0.2289,0.0,WATCH,2.41,0.0162,1.3,2026-07-23T11:14:47.243885,0,NORMAL
24,False,0.2596,0.0,NORMAL,2.14,0.004,4.4,2026-07-23T11:14:47.252074,0,NORMAL
22,False,0.2709,0.0,NORMAL,1.94,0.0092,8.2,2026-07-23T11:14:47.260258,0,NORMAL
22,False,0.2717,0.0,NORMAL,2.27,0.0072,3.8,2026-07-23T11:14:47.271616,0,NORMAL
24,False,0.2576,0.0,NORMAL,2.22,0.0184,6.3,2026-07-23T11:14:47.288794,0,NORMAL
24,False,0.257,0.0,NORMAL,1.79,0.0051,3.4,2026-07-23T11:14:47.297562,0,NORMAL
26,False,0.2392,0.0,WATCH,2.27,0.0033,9.1,2026-07-23T11:14:47.305814,0,NORMAL
23,False,0.2655,0.0,NORMAL,1.8,0.007,7.5,2026-07-23T11:14:47.314018,0,NORMAL
22,False,0.2775,0.0,NORMAL,1.84,0.0108,7.1,2026-07-23T11:14:47.322269,0,NORMAL
28,False,0.2128,0.0,WATCH,1.18,0.0037,7.1,2026-07-23T11:14:47.330487,0,NORMAL
22,False,0.2708,0.0,NORMAL,1.91,0.0142,3.1,2026-07-23T11:14:47.338883,0,NORMAL
32,False,0.1787,0.0,WATCH,3.29,0.0021,5.6,2026-07-23T11:14:47.347120,0,NORMAL
23,False,0.2678,0.0,NORMAL,2.21,0.0147,3.0,2026-07-23T11:14:47.355338,0,NORMAL
29,False,0.2076,0.0,WATCH,0.54,0.0107,6.0,2026-07-23T11:14:47.363542,0,NORMAL
24,False,0.2531,0.0,NORMAL,2.99,0.0122,4.0,2026-07-23T11:14:47.371674,0,NORMAL
22,False,0.2704,0.0,NORMAL,2.54,0.0134,8.0,2026-07-23T11:14:47.379904,0,NORMAL
22,False,0.2783,0.0,NORMAL,2.03,0.008,4.2,2026-07-23T11:14:47.388052,0,NORMAL
23,False,0.2619,0.0,NORMAL,2.06,0.0108,1.8,2026-07-23T11:14:47.396247,0,NORMAL
22,False,0.2741,0.0,NORMAL,2.25,0.0071,5.7,2026-07-23T11:14:47.404431,0,NORMAL
22,False,0.2712,0.0,NORMAL,1.88,0.0063,5.9,2026-07-23T11:14:47.412613,0,NORMAL
22,False,0.2737,0.0,NORMAL,2.32,0.0086,3.6,2026-07-23T11:14:47.420732,0,NORMAL
30,False,0.1978,0.0,WATCH,2.47,0.0,6.3,2026-07-23T11:14:47.428919,0,NORMAL
22,False,0.2784,0.0,NORMAL,2.22,0.0152,5.1,2026-07-23T11:14:47.437072,0,NORMAL
25,False,0.2435,0.0,WATCH,1.74,0.0187,3.8,2026-07-23T11:14:47.445190,0,NORMAL
21,False,0.2815,0.0,NORMAL,2.13,0.0146,5.3,2026-07-23T11:14:47.453340,0,NORMAL
22,False,0.2717,0.0,NORMAL,1.7,0.0074,6.7,2026-07-23T11:14:47.461780,0,NORMAL
25,False,0.242,0.0,WATCH,2.12,0.0037,9.2,2026-07-23T11:14:47.469977,0,NORMAL
22,False,0.2717,0.0,NORMAL,1.92,0.0076,7.4,2026-07-23T11:14:47.478123,0,NORMAL
24,False,0.2599,0.0,NORMAL,2.24,0.0148,2.2,2026-07-23T11:14:47.486285,0,NORMAL
25,False,0.2417,0.0,WATCH,2.11,0.0036,2.5,2026-07-23T11:14:47.494458,0,NORMAL
26,False,0.2364,0.0,WATCH,2.33,0.0169,11.0,2026-07-23T11:14:47.502683,0,NORMAL
23,False,0.2604,0.0,NORMAL,1.48,0.0072,7.0,2026-07-23T11:14:47.510839,0,NORMAL
30,False,0.1969,0.0,WATCH,1.71,0.0172,0.0,2026-07-23T11:14:47.519023,0,NORMAL
26,False,0.2308,0.0,WATCH,3.03,0.0062,4.0,2026-07-23T11:14:47.527155,0,NORMAL
23,False,0.2651,0.0,NORMAL,2.39,0.0077,3.1,2026-07-23T11:14:47.535321,0,NORMAL
25,False,0.2473,0.0,WATCH,2.8,0.0075,8.5,2026-07-23T11:14:47.543406,0,NORMAL
25,False,0.2433,0.0,WATCH,1.06,0.013,4.6,2026-07-23T11:14:47.551620,0,NORMAL
23,False,0.2621,0.0,NORMAL,1.67,0.0143,8.5,2026-07-23T11:14:47.559736,0,NORMAL
23,False,0.269,0.0,NORMAL,2.75,0.0115,5.7,2026-07-23T11:14:47.567859,0,NORMAL
24,False,0.2599,0.0,NORMAL,2.21,0.0083,9.5,2026-07-23T11:14:47.576018,0,NORMAL
27,False,0.2266,0.0,WATCH,2.19,0.0021,3.1,2026-07-23T11:14:47.584176,0,NORMAL
22,False,0.2723,0.0,NORMAL,1.81,0.0153,4.0,2026-07-23T11:14:47.592352,0,NORMAL
22,False,0.2714,0.0,NORMAL,2.49,0.0133,7.8,2026-07-23T11:14:47.600504,0,NORMAL
27,False,0.2282,0.0,WATCH,2.24,0.0173,1.7,2026-07-23T11:14:47.608680,0,NORMAL
22,False,0.2706,0.0,NORMAL,1.46,0.011,4.3,2026-07-23T11:14:47.616765,0,NORMAL
22,False,0.2784,0.0,NORMAL,1.76,0.0098,6.8,2026-07-23T11:14:47.624890,0,NORMAL
26,False,0.2317,0.0,WATCH,2.97,0.017,3.8,2026-07-23T11:14:47.632982,0,NORMAL
23,False,0.261,0.0,NORMAL,2.46,0.0171,6.4,2026-07-23T11:14:47.641332,0,NORMAL
22,False,0.2793,0.0,NORMAL,1.91,0.0081,4.6,2026-07-23T11:14:47.649423,0,NORMAL
25,False,0.2497,0.0,WATCH,2.19,0.0066,9.8,2026-07-23T11:14:47.657602,0,NORMAL
26,False,0.2328,0.0,WATCH,2.09,0.0177,1.9,2026-07-23T11:14:47.665774,0,NORMAL
24,False,0.2588,0.0,NORMAL,1.71,0.0041,4.7,2026-07-23T11:14:47.673884,0,NORMAL
23,False,0.2677,0.0,NORMAL,1.52,0.0099,3.7,2026-07-23T11:14:47.682058,0,NORMAL
24,False,0.254,0.0,NORMAL,2.95,0.0103,4.9,2026-07-23T11:14:47.690179,0,NORMAL
24,False,0.2519,0.0,NORMAL,1.54,0.0097,8.9,2026-07-23T11:14:47.698310,0,NORMAL
29,False,0.209,0.0,WATCH,2.46,0.0015,9.4,2026-07-23T11:14:47.706442,0,NORMAL
22,False,0.2731,0.0,NORMAL,2.19,0.0061,6.3,2026-07-23T11:14:47.714535,0,NORMAL
22,False,0.2799,0.0,NORMAL,1.96,0.0103,6.9,2026-07-23T11:14:47.722682,0,NORMAL
23,False,0.2691,0.0,NORMAL,1.8,0.0065,6.6,2026-07-23T11:14:47.730803,0,NORMAL
26,False,0.2399,0.0,WATCH,1.78,0.0028,6.2,2026-07-23T11:14:47.738934,0,NORMAL
24,False,0.2574,0.0,NORMAL,1.84,0.0038,6.3,2026-07-23T11:14:47.747052,0,NORMAL
21,False,0.2804,0.0,NORMAL,1.86,0.0139,6.5,2026-07-23T11:14:47.755216,0,NORMAL
24,False,0.2598,0.0,NORMAL,2.08,0.0185,5.1,2026-07-23T11:14:47.763364,0,NORMAL
23,False,0.2664,0.0,NORMAL,1.39,0.0129,5.7,2026-07-23T11:14:47.771501,0,NORMAL
27,False,0.2291,0.0,WATCH,2.2,0.0076,0.0,2026-07-23T11:14:47.779613,0,NORMAL
21,False,0.2836,0.0,NORMAL,1.77,0.0105,5.9,2026-07-23T11:14:47.787732,0,NORMAL
25,False,0.2417,0.0,WATCH,1.44,0.0071,2.3,2026-07-23T11:14:47.795825,0,NORMAL
26,False,0.2349,0.0,WATCH,2.61,0.009,1.1,2026-07-23T11:14:47.803915,0,NORMAL
23,False,0.2638,0.0,NORMAL,2.26,0.0176,5.8,2026-07-23T11:14:47.811999,0,NORMAL
27,False,0.2275,0.0,WATCH,0.89,0.0097,5.2,2026-07-23T11:14:47.820112,0,NORMAL
28,False,0.2193,0.0,WATCH,3.17,0.0176,4.7,2026-07-23T11:14:47.828201,0,NORMAL
22,False,0.2781,0.0,NORMAL,1.85,0.0153,4.9,2026-07-23T11:14:47.836293,0,NORMAL
25,False,0.2408,0.0,WATCH,2.39,0.0098,0.8,2026-07-23T11:14:47.844356,0,NORMAL
24,False,0.2566,0.0,NORMAL,2.56,0.0061,7.9,2026-07-23T11:14:47.852458,0,NORMAL
28,False,0.216,0.0,WATCH,1.6,0.018,1.4,2026-07-23T11:14:47.860603,0,NORMAL
25,False,0.2461,0.0,WATCH,2.03,0.0109,0.6,2026-07-23T11:14:47.868782,0,NORMAL
25,False,0.2404,0.0,WATCH,1.28,0.0054,4.0,2026-07-23T11:14:47.876908,0,NORMAL
27,False,0.2258,0.0,WATCH,3.17,0.0158,4.0,2026-07-23T11:14:47.884994,0,NORMAL
22,False,0.2706,0.0,NORMAL,2.15,0.0069,3.6,2026-07-23T11:14:47.893151,0,NORMAL
22,False,0.2738,0.0,NORMAL,1.84,0.0103,7.5,2026-07-23T11:14:47.901332,0,NORMAL
27,False,0.2253,0.0,WATCH,3.27,0.0104,8.2,2026-07-23T11:14:47.909509,0,NORMAL
27,False,0.2206,0.0,WATCH,2.67,0.0071,11.8,2026-07-23T11:14:47.917637,0,NORMAL
25,False,0.2499,0.0,WATCH,2.28,0.0037,3.2,2026-07-23T11:14:47.925724,0,NORMAL
26,False,0.2327,0.0,WATCH,1.74,0.0117,0.1,2026-07-23T11:14:47.933867,0,NORMAL
24,False,0.2539,0.0,NORMAL,2.06,0.0035,4.1,2026-07-23T11:14:47.942021,0,NORMAL
26,False,0.2336,0.0,WATCH,1.75,0.0118,0.0,2026-07-23T11:14:47.950301,0,NORMAL
26,False,0.2399,0.0,WATCH,1.92,0.0022,5.1,2026-07-23T11:14:47.958429,0,NORMAL
30,False,0.1954,0.0,WATCH,0.68,0.0057,5.9,2026-07-23T11:14:47.966491,0,NORMAL
22,False,0.2737,0.0,NORMAL,1.83,0.0068,5.8,2026-07-23T11:14:47.974544,0,NORMAL
23,False,0.2666,0.0,NORMAL,2.31,0.0055,4.3,2026-07-23T11:14:47.982662,0,NORMAL
25,False,0.2463,0.0,WATCH,1.79,0.0038,8.1,2026-07-23T11:14:47.990798,0,NORMAL
25,False,0.2406,0.0,WATCH,1.34,0.0175,7.2,2026-07-23T11:14:47.998904,0,NORMAL
23,False,0.2663,0.0,NORMAL,1.39,0.0139,6.1,2026-07-23T11:14:48.006955,0,NORMAL
23,False,0.2677,0.0,NORMAL,2.32,0.01,2.5,2026-07-23T11:14:48.015084,0,NORMAL
22,False,0.2744,0.0,NORMAL,1.78,0.0142,3.6,2026-07-23T11:14:48.023200,0,NORMAL
25,False,0.2422,0.0,WATCH,1.74,0.0066,1.2,2026-07-23T11:14:48.031293,0,NORMAL
22,False,0.2769,0.0,NORMAL,1.9,0.0107,3.8,2026-07-23T11:14:48.039438,0,NORMAL
27,False,0.222,0.0,WATCH,2.03,0.0064,0.0,2026-07-23T11:14:48.047545,0,NORMAL
21,False,0.2807,0.0,NORMAL,2.37,0.0115,5.0,2026-07-23T11:14:48.055620,0,NORMAL
26,False,0.2354,0.0,WATCH,3.01,0.006,6.5,2026-07-23T11:14:48.063738,0,NORMAL
26,False,0.2348,0.0,WATCH,2.32,0.0029,8.6,2026-07-23T11:14:48.071883,0,NORMAL
24,False,0.2515,0.0,NORMAL,2.65,0.0053,4.1,2026-07-23T11:14:48.079943,0,NORMAL
27,False,0.2266,0.0,WATCH,1.58,0.0087,0.0,2026-07-23T11:14:48.088078,0,NORMAL
30,False,0.1904,0.0,WATCH,1.77,0.0,3.0,2026-07-23T11:14:48.096180,0,NORMAL
28,False,0.2127,0.0,WATCH,2.76,0.0069,0.9,2026-07-23T11:14:48.104277,0,NORMAL
23,False,0.2638,0.0,NORMAL,1.82,0.0077,2.5,2026-07-23T11:14:48.112353,0,NORMAL
23,False,0.2676,0.0,NORMAL,2.74,0.0139,5.1,2026-07-23T11:14:48.120442,0,NORMAL
26,False,0.2392,0.0,WATCH,2.79,0.0055,7.9,2026-07-23T11:14:48.128565,0,NORMAL
28,False,0.2199,0.0,WATCH,0.96,0.0123,3.2,2026-07-23T11:14:48.136653,0,NORMAL
22,False,0.2718,0.0,NORMAL,2.18,0.0055,4.6,2026-07-23T11:14:48.144799,0,NORMAL
31,False,0.1878,0.0,WATCH,2.4,0.0011,1.9,2026-07-23T11:14:48.152871,0,NORMAL
23,False,0.2648,0.0,NORMAL,1.97,0.0137,2.3,2026-07-23T11:14:48.161054,0,NORMAL
22,False,0.2715,0.0,NORMAL,1.7,0.0145,4.4,2026-07-23T11:14:48.169198,0,NORMAL
29,False,0.2073,0.0,WATCH,1.21,0.0053,9.1,2026-07-23T11:14:48.177302,0,NORMAL
21,False,0.2831,0.0,NORMAL,1.72,0.0106,5.3,2026-07-23T11:14:48.185368,0,NORMAL
23,False,0.263,0.0,NORMAL,2.52,0.015,8.6,2026-07-23T11:14:48.193504,0,NORMAL
22,False,0.2787,0.0,NORMAL,2.2,0.0078,6.3,2026-07-23T11:14:48.201527,0,NORMAL
28,False,0.2142,0.0,WATCH,3.08,0.0104,1.4,2026-07-23T11:14:48.209614,0,NORMAL
27,False,0.2249,0.0,WATCH,1.74,0.0033,9.6,2026-07-23T11:14:48.217699,0,NORMAL
23,False,0.2662,0.0,NORMAL,2.2,0.0122,2.2,2026-07-23T11:14:48.225723,0,NORMAL
23,False,0.2645,0.0,NORMAL,1.59,0.0095,2.7,2026-07-23T11:14:48.233800,0,NORMAL
23,False,0.2659,0.0,NORMAL,1.86,0.0151,8.1,2026-07-23T11:14:48.241928,0,NORMAL
21,False,0.2819,0.0,NORMAL,2.33,0.01,5.4,2026-07-23T11:14:48.250220,0,NORMAL
29,False,0.2058,0.0,WATCH,1.52,0.0221,3.9,2026-07-23T11:14:48.258346,0,NORMAL
24,False,0.2515,0.0,NORMAL,2.98,0.0115,7.0,2026-07-23T11:14:48.266444,0,NORMAL
22,False,0.2719,0.0,NORMAL,2.18,0.0129,8.5,2026-07-23T11:14:48.274533,0,NORMAL
22,False,0.2709,0.0,NORMAL,2.05,0.0153,4.0,2026-07-23T11:14:48.282649,0,NORMAL
23,False,0.2645,0.0,NORMAL,1.49,0.0065,5.3,2026-07-23T11:14:48.290730,0,NORMAL
25,False,0.2493,0.0,WATCH,1.54,0.0172,3.6,2026-07-23T11:14:48.298797,0,NORMAL
23,False,0.2698,0.0,NORMAL,2.34,0.0059,5.2,2026-07-23T11:14:48.306939,0,NORMAL
25,False,0.241,0.0,WATCH,3.0,0.0069,5.6,2026-07-23T11:14:48.315015,0,NORMAL
23,False,0.2609,0.0,NORMAL,1.86,0.0145,2.5,2026-07-23T11:14:48.323104,0,NORMAL
22,False,0.273,0.0,NORMAL,2.48,0.0073,4.7,2026-07-23T11:14:48.331168,0,NORMAL
25,False,0.2438,0.0,WATCH,2.08,0.0157,11.3,2026-07-23T11:14:48.339225,0,NORMAL
22,False,0.2731,0.0,NORMAL,1.75,0.0132,7.8,2026-07-23T11:14:48.347298,0,NORMAL
24,False,0.2577,0.0,NORMAL,1.77,0.0041,5.9,2026-07-23T11:14:48.355385,0,NORMAL
23,False,0.2654,0.0,NORMAL,2.67,0.0137,3.4,2026-07-23T11:14:48.363441,0,NORMAL
32,False,0.1791,0.0,WATCH,0.98,0.0129,0.2,2026-07-23T11:14:48.371627,0,NORMAL
24,False,0.2571,0.0,NORMAL,1.44,0.0056,5.1,2026-07-23T11:14:48.379737,0,NORMAL
28,False,0.2164,0.0,WATCH,1.17,0.0147,9.7,2026-07-23T11:14:48.387888,0,NORMAL
23,False,0.261,0.0,NORMAL,1.65,0.0077,2.6,2026-07-23T11:14:48.396028,0,NORMAL
22,False,0.2733,0.0,NORMAL,2.41,0.0079,6.6,2026-07-23T11:14:48.404168,0,NORMAL
26,False,0.2358,0.0,WATCH,1.68,0.0057,10.3,2026-07-23T11:14:48.412307,0,NORMAL
21,False,0.2836,0.0,NORMAL,1.72,0.011,6.1,2026-07-23T11:14:48.420423,0,NORMAL
26,False,0.2304,0.0,WATCH,1.34,0.0057,8.4,2026-07-23T11:14:48.428558,0,NORMAL
21,False,0.2805,0.0,NORMAL,2.2,0.0078,5.0,2026-07-23T11:14:48.436691,0,NORMAL
24,False,0.2582,0.0,NORMAL,1.42,0.0087,3.8,2026-07-23T11:14:48.444848,0,NORMAL
27,False,0.2272,0.0,WATCH,2.11,0.0069,11.9,2026-07-23T11:14:48.452996,0,NORMAL
27,False,0.2268,0.0,WATCH,1.52,0.011,0.0,2026-07-23T11:14:48.461112,0,NORMAL
22,False,0.2732,0.0,NORMAL,2.17,0.0065,5.6,2026-07-23T11:14:48.469229,0,NORMAL
22,False,0.2702,0.0,NORMAL,2.73,0.0142,5.4,2026-07-23T11:14:48.477370,0,NORMAL
22,False,0.2725,0.0,NORMAL,1.89,0.0133,3.2,2026-07-23T11:14:48.485503,0,NORMAL
24,False,0.259,0.0,NORMAL,2.35,0.0156,9.2,2026-07-23T11:14:48.493634,0,NORMAL
28,False,0.2122,0.0,WATCH,1.39,0.0062,0.7,2026-07-23T11:14:48.501704,0,NORMAL
22,False,0.2761,0.0,NORMAL,1.61,0.0098,6.2,2026-07-23T11:14:48.509810,0,NORMAL
26,False,0.2316,0.0,WATCH,1.83,0.0081,0.0,2026-07-23T11:14:48.517912,0,NORMAL
24,False,0.2537,0.0,NORMAL,1.32,0.0104,3.5,2026-07-23T11:14:48.526027,0,NORMAL
24,False,0.2559,0.0,NORMAL,2.41,0.013,1.9,2026-07-23T11:14:48.534136,0,NORMAL
22,False,0.2786,0.0,NORMAL,2.21,0.0139,7.4,2026-07-23T11:14:48.542265,0,NORMAL
32,False,0.1763,0.0,WATCH,1.71,0.0204,0.0,2026-07-23T11:14:48.550368,0,NORMAL
27,False,0.2209,0.0,WATCH,3.27,0.0133,3.0,2026-07-23T11:14:48.558707,0,NORMAL
23,False,0.2637,0.0,NORMAL,1.71,0.012,2.5,2026-07-23T11:14:48.566775,0,NORMAL
23,False,0.2613,0.0,NORMAL,1.99,0.0048,4.0,2026-07-23T11:14:48.574875,0,NORMAL
21,False,0.2812,0.0,NORMAL,2.02,0.0134,6.3,2026-07-23T11:14:48.582935,0,NORMAL
30,False,0.1991,0.0,WATCH,1.34,0.0008,5.5,2026-07-23T11:14:48.591047,0,NORMAL
23,False,0.2698,0.0,NORMAL,1.9,0.0158,4.3,2026-07-23T11:14:48.599132,0,NORMAL
27,False,0.225,0.0,WATCH,1.77,0.021,6.4,2026-07-23T11:14:48.607304,0,NORMAL
22,False,0.2715,0.0,NORMAL,1.52,0.0077,5.1,2026-07-23T11:14:48.615424,0,NORMAL
32,False,0.1734,0.0,WATCH,2.57,0.0,2.1,2026-07-23T11:14:48.623570,0,NORMAL
23,False,0.2625,0.0,NORMAL,1.96,0.0064,3.1,2026-07-23T11:14:48.631726,0,NORMAL
23,False,0.2644,0.0,NORMAL,1.86,0.0048,5.0,2026-07-23T11:14:48.639869,0,NORMAL
25,False,0.2422,0.0,WATCH,2.99,0.0144,8.8,2026-07-23T11:14:48.648072,0,NORMAL
24,False,0.2563,0.0,NORMAL,1.74,0.0171,3.7,2026-07-23T11:14:48.656231,0,NORMAL
21,False,0.2838,0.0,NORMAL,1.96,0.0126,5.5,2026-07-23T11:14:48.664343,0,NORMAL
29,False,0.2087,0.0,WATCH,2.42,0.0005,4.5,2026-07-23T11:14:48.672443,0,NORMAL
27,False,0.2276,0.0,WATCH,1.85,0.0114,12.1,2026-07-23T11:14:48.680586,0,NORMAL
26,False,0.2375,0.0,WATCH,2.46,0.0151,1.2,2026-07-23T11:14:48.688689,0,NORMAL
32,False,0.175,0.0,WATCH,2.08,0.0209,0.0,2026-07-23T11:14:48.696875,0,NORMAL
25,False,0.243,0.0,WATCH,2.72,0.0041,5.7,2026-07-23T11:14:48.705099,0,NORMAL
24,False,0.2519,0.0,NORMAL,2.53,0.0178,8.2,2026-07-23T11:14:48.713255,0,NORMAL
23,False,0.27,0.0,NORMAL,2.24,0.0134,2.5,2026-07-23T11:14:48.721465,0,NORMAL
26,False,0.2334,0.0,WATCH,1.55,0.0044,8.9,2026-07-23T11:14:48.729573,0,NORMAL
31,False,0.1828,0.0,WATCH,0.95,0.009,0.8,2026-07-23T11:14:48.737789,0,NORMAL
22,False,0.2731,0.0,NORMAL,1.58,0.0083,5.9,2026-07-23T11:14:48.745873,0,NORMAL
31,False,0.1865,0.0,WATCH,1.39,0.0002,3.8,2026-07-23T11:14:48.754066,0,NORMAL
24,False,0.2545,0.0,NORMAL,1.68,0.0043,4.1,2026-07-23T11:14:48.762175,0,NORMAL
25,False,0.2494,0.0,WATCH,2.98,0.0095,6.8,2026-07-23T11:14:48.770290,0,NORMAL
21,False,0.2829,0.0,NORMAL,2.0,0.012,5.3,2026-07-23T11:14:48.778349,0,NORMAL
24,False,0.2599,0.0,NORMAL,2.36,0.0173,5.7,2026-07-23T11:14:48.786447,0,NORMAL
22,False,0.2716,0.0,NORMAL,2.62,0.0103,5.7,2026-07-23T11:14:48.794593,0,NORMAL
25,False,0.2486,0.0,WATCH,1.92,0.0084,10.1,2026-07-23T11:14:48.802709,0,NORMAL
23,False,0.2609,0.0,NORMAL,2.05,0.017,4.2,2026-07-23T11:14:48.810863,0,NORMAL
25,False,0.2489,0.0,WATCH,1.62,0.0042,3.4,2026-07-23T11:14:48.819045,0,NORMAL
30,False,0.1992,0.0,WATCH,2.53,0.0,5.8,2026-07-23T11:14:48.827226,0,NORMAL
27,False,0.2218,0.0,WATCH,1.75,0.0024,3.1,2026-07-23T11:14:48.835443,0,NORMAL
30,False,0.1918,0.0,WATCH,2.63,0.0001,7.9,2026-07-23T11:14:48.843525,0,NORMAL
30,False,0.1938,0.0,WATCH,2.32,0.0019,1.0,2026-07-23T11:14:48.851668,0,NORMAL
21,False,0.2817,0.0,NORMAL,1.76,0.0099,5.0,2026-07-23T11:14:48.860020,0,NORMAL
25,False,0.244,0.0,WATCH,1.87,0.0053,1.9,2026-07-23T11:14:48.868044,0,NORMAL
23,False,0.2686,0.0,NORMAL,1.91,0.0054,5.1,2026-07-23T11:14:48.876180,0,NORMAL
24,False,0.2556,0.0,NORMAL,2.24,0.0046,7.9,2026-07-23T11:14:48.884335,0,NORMAL
29,False,0.2061,0.0,WATCH,2.31,0.0,5.6,2026-07-23T11:14:48.892505,0,NORMAL
28,False,0.2183,0.0,WATCH,3.23,0.0185,6.2,2026-07-23T11:14:48.900697,0,NORMAL
26,False,0.2354,0.0,WATCH,1.87,0.0123,0.0,2026-07-23T11:14:48.908853,0,NORMAL
23,False,0.2632,0.0,NORMAL,2.31,0.0087,9.2,2026-07-23T11:14:48.916944,0,NORMAL
24,False,0.26,0.0,NORMAL,2.39,0.0135,2.1,2026-07-23T11:14:48.925115,0,NORMAL
23,False,0.2664,0.0,NORMAL,1.93,0.0145,8.3,2026-07-23T11:14:48.933247,0,NORMAL
23,False,0.2694,0.0,NORMAL,2.37,0.0069,6.5,2026-07-23T11:14:48.941347,0,NORMAL
22,False,0.2708,0.0,NORMAL,1.76,0.0126,2.9,2026-07-23T11:14:48.949456,0,NORMAL
31,False,0.1829,0.0,WATCH,2.94,0.001,4.4,2026-07-23T11:14:48.957602,0,NORMAL
22,False,0.2761,0.0,NORMAL,2.06,0.0146,4.2,2026-07-23T11:14:48.965926,0,NORMAL
26,False,0.2366,0.0,WATCH,2.83,0.0188,5.5,2026-07-23T11:14:48.974388,0,NORMAL
22,False,0.2783,0.0,NORMAL,2.07,0.0116,4.0,2026-07-23T11:14:48.982937,0,NORMAL
26,False,0.2317,0.0,WATCH,1.68,0.0042,10.0,2026-07-23T11:14:48.991534,0,NORMAL
24,False,0.2566,0.0,NORMAL,2.37,0.0184,5.0,2026-07-23T11:14:48.999957,0,NORMAL
24,False,0.2576,0.0,NORMAL,2.36,0.0054,7.0,2026-07-23T11:14:49.008143,0,NORMAL
23,False,0.2698,0.0,NORMAL,1.73,0.0123,3.2,2026-07-23T11:14:49.016326,0,NORMAL
26,False,0.2313,0.0,WATCH,1.3,0.0113,1.8,2026-07-23T11:14:49.024522,0,NORMAL
28,False,0.2188,0.0,WATCH,1.54,0.0071,0.0,2026-07-23T11:14:49.032704,0,NORMAL
21,False,0.2837,0.0,NORMAL,2.04,0.0127,5.2,2026-07-23T11:14:49.040897,0,NORMAL
33,False,0.1673,0.0,WATCH,0.69,0.0129,0.9,2026-07-23T11:14:49.049068,0,NORMAL
22,False,0.2745,0.0,NORMAL,1.53,0.0096,5.5,2026-07-23T11:14:49.057267,0,NORMAL
29,False,0.2063,0.0,WATCH,2.16,0.0237,5.1,2026-07-23T11:14:49.065400,0,NORMAL
25,False,0.2459,0.0,WATCH,2.83,0.0077,8.3,2026-07-23T11:14:49.073594,0,NORMAL
28,False,0.216,0.0,WATCH,2.29,0.0006,4.7,2026-07-23T11:14:49.081805,0,NORMAL
23,False,0.2697,0.0,NORMAL,1.97,0.0052,4.6,2026-07-23T11:14:49.089945,0,NORMAL
26,False,0.232,0.0,WATCH,0.95,0.01,6.6,2026-07-23T11:14:49.098113,0,NORMAL
25,False,0.2455,0.0,WATCH,2.44,0.003,5.2,2026-07-23T11:14:49.106298,0,NORMAL
27,False,0.2279,0.0,WATCH,1.51,0.0047,9.4,2026-07-23T11:14:49.114421,0,NORMAL
26,False,0.2349,0.0,WATCH,2.32,0.0106,0.0,2026-07-23T11:14:49.122677,0,NORMAL
25,False,0.2476,0.0,WATCH,1.39,0.0097,2.4,2026-07-23T11:14:49.130873,0,NORMAL
23,False,0.2683,0.0,NORMAL,2.01,0.0075,3.1,2026-07-23T11:14:49.139055,0,NORMAL
21,False,0.2837,0.0,NORMAL,1.92,0.0099,5.1,2026-07-23T11:14:49.147230,0,NORMAL
22,False,0.2751,0.0,NORMAL,2.14,0.0067,5.8,2026-07-23T11:14:49.155379,0,NORMAL
24,False,0.2516,0.0,NORMAL,2.65,0.0185,6.0,2026-07-23T11:14:49.163592,0,NORMAL
25,False,0.2494,0.0,WATCH,2.41,0.0091,10.6,2026-07-23T11:14:49.171934,0,NORMAL
23,False,0.2603,0.0,NORMAL,1.88,0.0091,2.0,2026-07-23T11:14:49.180117,0,NORMAL
22,False,0.2799,0.0,NORMAL,2.39,0.012,4.9,2026-07-23T11:14:49.188357,0,NORMAL
23,False,0.2637,0.0,NORMAL,1.43,0.0104,3.8,2026-07-23T11:14:49.196625,0,NORMAL
25,False,0.2463,0.0,WATCH,2.23,0.0188,8.4,2026-07-23T11:14:49.204841,0,NORMAL
30,False,0.1964,0.0,WATCH,2.94,0.0144,0.0,2026-07-23T11:14:49.213034,0,NORMAL
23,False,0.2677,0.0,NORMAL,2.11,0.0076,2.8,2026-07-23T11:14:49.221223,0,NORMAL
25,False,0.2431,0.0,WATCH,1.17,0.0133,3.4,2026-07-23T11:14:49.229368,0,NORMAL
22,False,0.2718,0.0,NORMAL,2.62,0.0102,5.5,2026-07-23T11:14:49.237555,0,NORMAL
26,False,0.2394,0.0,WATCH,2.06,0.0107,0.1,2026-07-23T11:14:49.245733,0,NORMAL
24,False,0.2533,0.0,NORMAL,1.68,0.0048,7.1,2026-07-23T11:14:49.253909,0,NORMAL
27,False,0.2218,0.0,WATCH,1.76,0.0046,11.1,2026-07-23T11:14:49.262109,0,NORMAL
33,False,0.1628,0.0,WATCH,1.71,0.0218,0.0,2026-07-23T11:14:49.270330,0,NORMAL
28,False,0.2166,0.0,WATCH,1.89,0.0054,11.9,2026-07-23T11:14:49.278536,0,NORMAL
24,False,0.2543,0.0,NORMAL,2.24,0.0132,1.2,2026-07-23T11:14:49.286608,0,NORMAL
26,False,0.23,0.0,WATCH,2.42,0.0177,2.1,2026-07-23T11:14:49.294764,0,NORMAL
